root,opt_useAddressPrecalc,opt_vectorize,simd_avoidUnaligned,data_alignFieldPointers,opt_unroll_interleave,no_explorationId,explorationId,poly_tileSize_x,poly_tileSize_y,poly_tileSize_z,performance
1.0,0.0,0.0,0.0,0.0,0.0,1.0,0.0,0.0,0.0,0.0,0.29327671427401086
1.0,0.0,0.0,0.0,0.0,0.0,0.0,1.0,0.0,0.0,0.0,0.22006335508888836
1.0,0.0,0.0,0.0,0.0,0.0,0.0,2.0,0.0,0.0,0.0,0.2218930063628171
1.0,0.0,0.0,0.0,0.0,0.0,0.0,3.0,0.0,0.0,0.0,0.20630000819246846
1.0,0.0,0.0,0.0,0.0,0.0,0.0,4.0,0.0,0.0,0.0,0.20769272781889186
1.0,0.0,0.0,0.0,0.0,0.0,0.0,1.0,8.0,0.0,0.0,0.37638930609792737
1.0,0.0,0.0,0.0,0.0,0.0,0.0,2.0,8.0,0.0,0.0,0.38164613998197666
1.0,0.0,0.0,0.0,0.0,0.0,0.0,3.0,8.0,0.0,0.0,0.2702831863240395
1.0,0.0,0.0,0.0,0.0,0.0,0.0,4.0,8.0,0.0,0.0,0.26613233567273825
1.0,0.0,0.0,0.0,0.0,0.0,0.0,1.0,10.0,0.0,0.0,0.34129823315765045
1.0,0.0,0.0,0.0,0.0,0.0,0.0,2.0,10.0,0.0,0.0,0.3483027936317213
1.0,0.0,0.0,0.0,0.0,0.0,0.0,3.0,10.0,0.0,0.0,0.23349900324967915
1.0,0.0,0.0,0.0,0.0,0.0,0.0,4.0,10.0,0.0,0.0,0.22937546082634702
1.0,0.0,0.0,0.0,0.0,0.0,0.0,1.0,16.0,0.0,0.0,0.29193861110352554
1.0,0.0,0.0,0.0,0.0,0.0,0.0,2.0,16.0,0.0,0.0,0.2944782763046507
1.0,0.0,0.0,0.0,0.0,0.0,0.0,3.0,16.0,0.0,0.0,0.16794560200988567
1.0,0.0,0.0,0.0,0.0,0.0,0.0,4.0,16.0,0.0,0.0,0.16563805674649773
1.0,0.0,0.0,0.0,0.0,0.0,0.0,1.0,20.0,0.0,0.0,0.27728774679811025
1.0,0.0,0.0,0.0,0.0,0.0,0.0,2.0,20.0,0.0,0.0,0.2787896993364101
1.0,0.0,0.0,0.0,0.0,0.0,0.0,3.0,20.0,0.0,0.0,0.1476419345148694
1.0,0.0,0.0,0.0,0.0,0.0,0.0,4.0,20.0,0.0,0.0,0.14481553292006888
1.0,0.0,0.0,0.0,0.0,0.0,0.0,1.0,32.0,0.0,0.0,0.25822660367568756
1.0,0.0,0.0,0.0,0.0,0.0,0.0,2.0,32.0,0.0,0.0,0.2583904530435021
1.0,0.0,0.0,0.0,0.0,0.0,0.0,3.0,32.0,0.0,0.0,0.1235151151041809
1.0,0.0,0.0,0.0,0.0,0.0,0.0,4.0,32.0,0.0,0.0,0.12316010814058281
1.0,0.0,0.0,0.0,0.0,0.0,0.0,1.0,64.0,0.0,0.0,0.2969769791638222
1.0,0.0,0.0,0.0,0.0,0.0,0.0,2.0,64.0,0.0,0.0,0.3440154018405747
1.0,0.0,0.0,0.0,0.0,0.0,0.0,3.0,64.0,0.0,0.0,0.15833310576476695
1.0,0.0,0.0,0.0,0.0,0.0,0.0,4.0,64.0,0.0,0.0,0.2325978317266994
1.0,0.0,0.0,0.0,0.0,0.0,0.0,1.0,128.0,0.0,0.0,0.2979054589147711
1.0,0.0,0.0,0.0,0.0,0.0,0.0,2.0,128.0,0.0,0.0,0.33735219421611745
1.0,0.0,0.0,0.0,0.0,0.0,0.0,3.0,128.0,0.0,0.0,0.2503072175646523
1.0,0.0,0.0,0.0,0.0,0.0,0.0,4.0,128.0,0.0,0.0,0.28501597531336204
1.0,0.0,0.0,0.0,0.0,0.0,0.0,1.0,0.0,8.0,0.0,0.08696305196755788
1.0,0.0,0.0,0.0,0.0,0.0,0.0,2.0,0.0,8.0,0.0,0.09269777984106614
1.0,0.0,0.0,0.0,0.0,0.0,0.0,3.0,0.0,8.0,0.0,0.05863076544963003
1.0,0.0,0.0,0.0,0.0,0.0,0.0,4.0,0.0,8.0,0.0,0.06171659521013684
1.0,0.0,0.0,0.0,0.0,0.0,0.0,1.0,8.0,8.0,0.0,0.8185641333733855
1.0,0.0,0.0,0.0,0.0,0.0,0.0,2.0,8.0,8.0,0.0,0.8009503263333244
1.0,0.0,0.0,0.0,0.0,0.0,0.0,3.0,8.0,8.0,0.0,0.6999235369616865
1.0,0.0,0.0,0.0,0.0,0.0,0.0,4.0,8.0,8.0,0.0,0.6973292553046233
1.0,0.0,0.0,0.0,0.0,0.0,0.0,1.0,10.0,8.0,0.0,0.7038559217892353
1.0,0.0,0.0,0.0,0.0,0.0,0.0,2.0,10.0,8.0,0.0,0.6662661459897867
1.0,0.0,0.0,0.0,0.0,0.0,0.0,3.0,10.0,8.0,0.0,0.5971217127720583
1.0,0.0,0.0,0.0,0.0,0.0,0.0,4.0,10.0,8.0,0.0,0.5815423687156942
1.0,0.0,0.0,0.0,0.0,0.0,0.0,1.0,16.0,8.0,0.0,0.5251372238455447
1.0,0.0,0.0,0.0,0.0,0.0,0.0,2.0,16.0,8.0,0.0,0.5000136541139848
1.0,0.0,0.0,0.0,0.0,0.0,0.0,3.0,16.0,8.0,0.0,0.42237636199787004
1.0,0.0,0.0,0.0,0.0,0.0,0.0,4.0,16.0,8.0,0.0,0.4158906578552119
1.0,0.0,0.0,0.0,0.0,0.0,0.0,1.0,20.0,8.0,0.0,0.47955979136513843
1.0,0.0,0.0,0.0,0.0,0.0,0.0,2.0,20.0,8.0,0.0,0.45566509189218724
1.0,0.0,0.0,0.0,0.0,0.0,0.0,3.0,20.0,8.0,0.0,0.3760889155902674
1.0,0.0,0.0,0.0,0.0,0.0,0.0,4.0,20.0,8.0,0.0,0.3654523607963081
1.0,0.0,0.0,0.0,0.0,0.0,0.0,1.0,32.0,8.0,0.0,0.4127229034107978
1.0,0.0,0.0,0.0,0.0,0.0,0.0,2.0,32.0,8.0,0.0,0.39717086758240266
1.0,0.0,0.0,0.0,0.0,0.0,0.0,3.0,32.0,8.0,0.0,0.2958983041590432
1.0,0.0,0.0,0.0,0.0,0.0,0.0,4.0,32.0,8.0,0.0,0.2871596712089353
1.0,0.0,0.0,0.0,0.0,0.0,0.0,1.0,64.0,8.0,0.0,0.3491356945847785
1.0,0.0,0.0,0.0,0.0,0.0,0.0,2.0,64.0,8.0,0.0,0.3452852344411372
1.0,0.0,0.0,0.0,0.0,0.0,0.0,3.0,64.0,8.0,0.0,0.22949834785220785
1.0,0.0,0.0,0.0,0.0,0.0,0.0,4.0,64.0,8.0,0.0,0.22249378737813713
1.0,0.0,0.0,0.0,0.0,0.0,0.0,1.0,128.0,8.0,0.0,0.2286381386711817
1.0,0.0,0.0,0.0,0.0,0.0,0.0,2.0,128.0,8.0,0.0,0.23079548868073957
1.0,0.0,0.0,0.0,0.0,0.0,0.0,3.0,128.0,8.0,0.0,0.16050410988830938
1.0,0.0,0.0,0.0,0.0,0.0,0.0,4.0,128.0,8.0,0.0,0.15778694120538522
1.0,0.0,0.0,0.0,0.0,0.0,0.0,1.0,0.0,10.0,0.0,0.12042928534367409
1.0,0.0,0.0,0.0,0.0,0.0,0.0,2.0,0.0,10.0,0.0,0.12725634233594585
1.0,0.0,0.0,0.0,0.0,0.0,0.0,3.0,0.0,10.0,0.0,0.07438761298779328
1.0,0.0,0.0,0.0,0.0,0.0,0.0,4.0,0.0,10.0,0.0,0.08496955132581452
1.0,0.0,0.0,0.0,0.0,0.0,0.0,1.0,8.0,10.0,0.0,0.7724405363335973
1.0,0.0,0.0,0.0,0.0,0.0,0.0,2.0,8.0,10.0,0.0,0.731287036784183
1.0,0.0,0.0,0.0,0.0,0.0,0.0,3.0,8.0,10.0,0.0,0.6307927578579426
1.0,0.0,0.0,0.0,0.0,0.0,0.0,4.0,8.0,10.0,0.0,0.616305742920342
1.0,0.0,0.0,0.0,0.0,0.0,0.0,1.0,10.0,10.0,0.0,0.6645730358557034
1.0,0.0,0.0,0.0,0.0,0.0,0.0,2.0,10.0,10.0,0.0,0.6244982113110682
1.0,0.0,0.0,0.0,0.0,0.0,0.0,3.0,10.0,10.0,0.0,0.5371528441519431
1.0,0.0,0.0,0.0,0.0,0.0,0.0,4.0,10.0,10.0,0.0,0.5228842950380952
1.0,0.0,0.0,0.0,0.0,0.0,0.0,1.0,16.0,10.0,0.0,0.5280318960102681
1.0,0.0,0.0,0.0,0.0,0.0,0.0,2.0,16.0,10.0,0.0,0.49046942843878866
1.0,0.0,0.0,0.0,0.0,0.0,0.0,3.0,16.0,10.0,0.0,0.40336983533138543
1.0,0.0,0.0,0.0,0.0,0.0,0.0,4.0,16.0,10.0,0.0,0.38518255550397346
1.0,0.0,0.0,0.0,0.0,0.0,0.0,1.0,20.0,10.0,0.0,0.49512548130751804
1.0,0.0,0.0,0.0,0.0,0.0,0.0,2.0,20.0,10.0,0.0,0.4617821349572628
1.0,0.0,0.0,0.0,0.0,0.0,0.0,3.0,20.0,10.0,0.0,0.3642371446516836
1.0,0.0,0.0,0.0,0.0,0.0,0.0,4.0,20.0,10.0,0.0,0.3462137141920862
1.0,0.0,0.0,0.0,0.0,0.0,0.0,1.0,32.0,10.0,0.0,0.4376962778885279
1.0,0.0,0.0,0.0,0.0,0.0,0.0,2.0,32.0,10.0,0.0,0.4205467107239413
1.0,0.0,0.0,0.0,0.0,0.0,0.0,3.0,32.0,10.0,0.0,0.2950790573199706
1.0,0.0,0.0,0.0,0.0,0.0,0.0,4.0,32.0,10.0,0.0,0.2791720145279773
1.0,0.0,0.0,0.0,0.0,0.0,0.0,1.0,64.0,10.0,0.0,0.3874354843114232
1.0,0.0,0.0,0.0,0.0,0.0,0.0,2.0,64.0,10.0,0.0,0.3830661678363692
1.0,0.0,0.0,0.0,0.0,0.0,0.0,3.0,64.0,10.0,0.0,0.23225647887708584
1.0,0.0,0.0,0.0,0.0,0.0,0.0,4.0,64.0,10.0,0.0,0.22684944973920645
1.0,0.0,0.0,0.0,0.0,0.0,0.0,1.0,128.0,10.0,0.0,0.24838198749283164
1.0,0.0,0.0,0.0,0.0,0.0,0.0,2.0,128.0,10.0,0.0,0.24981566946120876
1.0,0.0,0.0,0.0,0.0,0.0,0.0,3.0,128.0,10.0,0.0,0.16266145989786734
1.0,0.0,0.0,0.0,0.0,0.0,0.0,4.0,128.0,10.0,0.0,0.16057238045823213
1.0,0.0,0.0,0.0,0.0,0.0,0.0,1.0,0.0,16.0,0.0,0.07684535350501115
1.0,0.0,0.0,0.0,0.0,0.0,0.0,2.0,0.0,16.0,0.0,0.08215680384499857
1.0,0.0,0.0,0.0,0.0,0.0,0.0,3.0,0.0,16.0,0.0,0.03741227231764932
1.0,0.0,0.0,0.0,0.0,0.0,0.0,4.0,0.0,16.0,0.0,0.0385865261203201
1.0,0.0,0.0,0.0,0.0,0.0,0.0,1.0,8.0,16.0,0.0,0.5575930527868047
1.0,0.0,0.0,0.0,0.0,0.0,0.0,2.0,8.0,16.0,0.0,0.5178049646358449
1.0,0.0,0.0,0.0,0.0,0.0,0.0,3.0,8.0,16.0,0.0,0.43627625003413545
1.0,0.0,0.0,0.0,0.0,0.0,0.0,4.0,8.0,16.0,0.0,0.4312242278598543
1.0,0.0,0.0,0.0,0.0,0.0,0.0,1.0,10.0,16.0,0.0,0.4987847838553758
1.0,0.0,0.0,0.0,0.0,0.0,0.0,2.0,10.0,16.0,0.0,0.4497255523089108
1.0,0.0,0.0,0.0,0.0,0.0,0.0,3.0,10.0,16.0,0.0,0.38742183019743853
1.0,0.0,0.0,0.0,0.0,0.0,0.0,4.0,10.0,16.0,0.0,0.36453753515934356
1.0,0.0,0.0,0.0,0.0,0.0,0.0,1.0,16.0,16.0,0.0,0.3987410906906251
1.0,0.0,0.0,0.0,0.0,0.0,0.0,2.0,16.0,16.0,0.0,0.37273000355006963
1.0,0.0,0.0,0.0,0.0,0.0,0.0,3.0,16.0,16.0,0.0,0.289084901280756
1.0,0.0,0.0,0.0,0.0,0.0,0.0,4.0,16.0,16.0,0.0,0.26976432999262684
1.0,0.0,0.0,0.0,0.0,0.0,0.0,1.0,20.0,16.0,0.0,0.3789835877549907
1.0,0.0,0.0,0.0,0.0,0.0,0.0,2.0,20.0,16.0,0.0,0.3480979819219531
1.0,0.0,0.0,0.0,0.0,0.0,0.0,3.0,20.0,16.0,0.0,0.2633742046478605
1.0,0.0,0.0,0.0,0.0,0.0,0.0,4.0,20.0,16.0,0.0,0.24115896119500818
1.0,0.0,0.0,0.0,0.0,0.0,0.0,1.0,32.0,16.0,0.0,0.3284906742401486
1.0,0.0,0.0,0.0,0.0,0.0,0.0,2.0,32.0,16.0,0.0,0.3202572435074689
1.0,0.0,0.0,0.0,0.0,0.0,0.0,3.0,32.0,16.0,0.0,0.20468882274229233
1.0,0.0,0.0,0.0,0.0,0.0,0.0,4.0,32.0,16.0,0.0,0.19495343947131277
1.0,0.0,0.0,0.0,0.0,0.0,0.0,1.0,64.0,16.0,0.0,0.2867090854474454
1.0,0.0,0.0,0.0,0.0,0.0,0.0,2.0,64.0,16.0,0.0,0.28441519429804213
1.0,0.0,0.0,0.0,0.0,0.0,0.0,3.0,64.0,16.0,0.0,0.15980775007509768
1.0,0.0,0.0,0.0,0.0,0.0,0.0,4.0,64.0,16.0,0.0,0.15801906114312253
1.0,0.0,0.0,0.0,0.0,0.0,0.0,1.0,128.0,16.0,0.0,0.1835522542942189
1.0,0.0,0.0,0.0,0.0,0.0,0.0,2.0,128.0,16.0,0.0,0.18347032961031168
1.0,0.0,0.0,0.0,0.0,0.0,0.0,3.0,128.0,16.0,0.0,0.10400338622026822
1.0,0.0,0.0,0.0,0.0,0.0,0.0,4.0,128.0,16.0,0.0,0.10297932767142748
1.0,0.0,0.0,0.0,0.0,0.0,0.0,1.0,0.0,20.0,0.0,0.07179333133073001
1.0,0.0,0.0,0.0,0.0,0.0,0.0,2.0,0.0,20.0,0.0,0.076818045277042
1.0,0.0,0.0,0.0,0.0,0.0,0.0,3.0,0.0,20.0,0.0,0.030612523553346704
1.0,0.0,0.0,0.0,0.0,0.0,0.0,4.0,0.0,20.0,0.0,0.03230563368743006
1.0,0.0,0.0,0.0,0.0,0.0,0.0,1.0,8.0,20.0,0.0,0.5342991343291734
1.0,0.0,0.0,0.0,0.0,0.0,0.0,2.0,8.0,20.0,0.0,0.4792594008574785
1.0,0.0,0.0,0.0,0.0,0.0,0.0,3.0,8.0,20.0,0.0,0.40679701794150586
1.0,0.0,0.0,0.0,0.0,0.0,0.0,4.0,8.0,20.0,0.0,0.38783145361697485
1.0,0.0,0.0,0.0,0.0,0.0,0.0,1.0,10.0,20.0,0.0,0.4802834594063193
1.0,0.0,0.0,0.0,0.0,0.0,0.0,2.0,10.0,20.0,0.0,0.4277424287937957
1.0,0.0,0.0,0.0,0.0,0.0,0.0,3.0,10.0,20.0,0.0,0.35937628007318617
1.0,0.0,0.0,0.0,0.0,0.0,0.0,4.0,10.0,20.0,0.0,0.3315082334307327
1.0,0.0,0.0,0.0,0.0,0.0,0.0,1.0,16.0,20.0,0.0,0.38992053305661006
1.0,0.0,0.0,0.0,0.0,0.0,0.0,2.0,16.0,20.0,0.0,0.35538927878969934
1.0,0.0,0.0,0.0,0.0,0.0,0.0,3.0,16.0,20.0,0.0,0.2728638138671183
1.0,0.0,0.0,0.0,0.0,0.0,0.0,4.0,16.0,20.0,0.0,0.24722138780414543
1.0,0.0,0.0,0.0,0.0,0.0,0.0,1.0,20.0,20.0,0.0,0.3624621098336929
1.0,0.0,0.0,0.0,0.0,0.0,0.0,2.0,20.0,20.0,0.0,0.33841721510691186
1.0,0.0,0.0,0.0,0.0,0.0,0.0,3.0,20.0,20.0,0.0,0.240175864988121
1.0,0.0,0.0,0.0,0.0,0.0,0.0,4.0,20.0,20.0,0.0,0.219803926923182
1.0,0.0,0.0,0.0,0.0,0.0,0.0,1.0,32.0,20.0,0.0,0.3161337010841367
1.0,0.0,0.0,0.0,0.0,0.0,0.0,2.0,32.0,20.0,0.0,0.3037221114721867
1.0,0.0,0.0,0.0,0.0,0.0,0.0,3.0,32.0,20.0,0.0,0.18741636855184468
1.0,0.0,0.0,0.0,0.0,0.0,0.0,4.0,32.0,20.0,0.0,0.1773669406592207
1.0,0.0,0.0,0.0,0.0,0.0,0.0,1.0,64.0,20.0,0.0,0.27691908572052765
1.0,0.0,0.0,0.0,0.0,0.0,0.0,2.0,64.0,20.0,0.0,0.2754854037521505
1.0,0.0,0.0,0.0,0.0,0.0,0.0,3.0,64.0,20.0,0.0,0.14439225538654804
1.0,0.0,0.0,0.0,0.0,0.0,0.0,4.0,64.0,20.0,0.0,0.14085583986455125
1.0,0.0,0.0,0.0,0.0,0.0,0.0,1.0,128.0,20.0,0.0,0.16704443048690581
1.0,0.0,0.0,0.0,0.0,0.0,0.0,2.0,128.0,20.0,0.0,0.1651874709850079
1.0,0.0,0.0,0.0,0.0,0.0,0.0,3.0,128.0,20.0,0.0,0.09148256369644175
1.0,0.0,0.0,0.0,0.0,0.0,0.0,4.0,128.0,20.0,0.0,0.09062235451541556
1.0,0.0,0.0,0.0,0.0,0.0,0.0,1.0,0.0,32.0,0.0,0.06447472623501466
1.0,0.0,0.0,0.0,0.0,0.0,0.0,2.0,0.0,32.0,0.0,0.0678472923891969
1.0,0.0,0.0,0.0,0.0,0.0,0.0,3.0,0.0,32.0,0.0,0.021546191867609754
1.0,0.0,0.0,0.0,0.0,0.0,0.0,4.0,0.0,32.0,0.0,0.022092356426991533
1.0,0.0,0.0,0.0,0.0,0.0,0.0,1.0,8.0,32.0,0.0,0.48969114394166974
1.0,0.0,0.0,0.0,0.0,0.0,0.0,2.0,8.0,32.0,0.0,0.4394986209344876
1.0,0.0,0.0,0.0,0.0,0.0,0.0,3.0,8.0,32.0,0.0,0.3716240203173217
1.0,0.0,0.0,0.0,0.0,0.0,0.0,4.0,8.0,32.0,0.0,0.34162593189327956
1.0,0.0,0.0,0.0,0.0,0.0,0.0,1.0,10.0,32.0,0.0,0.438802261121276
1.0,0.0,0.0,0.0,0.0,0.0,0.0,2.0,10.0,32.0,0.0,0.39531390808050476
1.0,0.0,0.0,0.0,0.0,0.0,0.0,3.0,10.0,32.0,0.0,0.32376635080149657
1.0,0.0,0.0,0.0,0.0,0.0,0.0,4.0,10.0,32.0,0.0,0.2941915399109752
1.0,0.0,0.0,0.0,0.0,0.0,0.0,1.0,16.0,32.0,0.0,0.354146754417106
1.0,0.0,0.0,0.0,0.0,0.0,0.0,2.0,16.0,32.0,0.0,0.3324094049537127
1.0,0.0,0.0,0.0,0.0,0.0,0.0,3.0,16.0,32.0,0.0,0.23218820830716308
1.0,0.0,0.0,0.0,0.0,0.0,0.0,4.0,16.0,32.0,0.0,0.21480652120483906
1.0,0.0,0.0,0.0,0.0,0.0,0.0,1.0,20.0,32.0,0.0,0.3310576476692428
1.0,0.0,0.0,0.0,0.0,0.0,0.0,2.0,20.0,32.0,0.0,0.3125017067642482
1.0,0.0,0.0,0.0,0.0,0.0,0.0,3.0,20.0,32.0,0.0,0.20235396925093535
1.0,0.0,0.0,0.0,0.0,0.0,0.0,4.0,20.0,32.0,0.0,0.1895464103334335
1.0,0.0,0.0,0.0,0.0,0.0,0.0,1.0,32.0,32.0,0.0,0.2899997269177204
1.0,0.0,0.0,0.0,0.0,0.0,0.0,2.0,32.0,32.0,0.0,0.2818618749829324
1.0,0.0,0.0,0.0,0.0,0.0,0.0,3.0,32.0,32.0,0.0,0.15614844752723994
1.0,0.0,0.0,0.0,0.0,0.0,0.0,4.0,32.0,32.0,0.0,0.14700019115759583
1.0,0.0,0.0,0.0,0.0,0.0,0.0,1.0,64.0,32.0,0.0,0.2559327125262843
1.0,0.0,0.0,0.0,0.0,0.0,0.0,2.0,64.0,32.0,0.0,0.2533793932111746
1.0,0.0,0.0,0.0,0.0,0.0,0.0,3.0,64.0,32.0,0.0,0.11855867172779166
1.0,0.0,0.0,0.0,0.0,0.0,0.0,4.0,64.0,32.0,0.0,0.11323356727381967
1.0,0.0,0.0,0.0,0.0,0.0,0.0,1.0,128.0,32.0,0.0,0.14581228324094053
1.0,0.0,0.0,0.0,0.0,0.0,0.0,2.0,128.0,32.0,0.0,0.14186624429940747
1.0,0.0,0.0,0.0,0.0,0.0,0.0,3.0,128.0,32.0,0.0,0.08320817062180841
1.0,0.0,0.0,0.0,0.0,0.0,0.0,4.0,128.0,32.0,0.0,0.08066850542068332
1.0,0.0,0.0,0.0,0.0,0.0,0.0,1.0,0.0,64.0,0.0,0.06466588383079824
1.0,0.0,0.0,0.0,0.0,0.0,0.0,2.0,0.0,64.0,0.0,0.06560801769573177
1.0,0.0,0.0,0.0,0.0,0.0,0.0,3.0,0.0,64.0,0.0,0.02560146372101918
1.0,0.0,0.0,0.0,0.0,0.0,0.0,4.0,0.0,64.0,0.0,0.025956470684617317
1.0,0.0,0.0,0.0,0.0,0.0,0.0,1.0,8.0,64.0,0.0,0.43682241459351717
1.0,0.0,0.0,0.0,0.0,0.0,0.0,2.0,8.0,64.0,0.0,0.42009612496245136
1.0,0.0,0.0,0.0,0.0,0.0,0.0,3.0,8.0,64.0,0.0,0.32289248750648575
1.0,0.0,0.0,0.0,0.0,0.0,0.0,4.0,8.0,64.0,0.0,0.3003358912040199
1.0,0.0,0.0,0.0,0.0,0.0,0.0,1.0,10.0,64.0,0.0,0.3931702121849315
1.0,0.0,0.0,0.0,0.0,0.0,0.0,2.0,10.0,64.0,0.0,0.3755290969169011
1.0,0.0,0.0,0.0,0.0,0.0,0.0,3.0,10.0,64.0,0.0,0.27645484584505325
1.0,0.0,0.0,0.0,0.0,0.0,0.0,4.0,10.0,64.0,0.0,0.25905950462874466
1.0,0.0,0.0,0.0,0.0,0.0,0.0,1.0,16.0,64.0,0.0,0.3218547748436605
1.0,0.0,0.0,0.0,0.0,0.0,0.0,2.0,16.0,64.0,0.0,0.31457713208989874
1.0,0.0,0.0,0.0,0.0,0.0,0.0,3.0,16.0,64.0,0.0,0.19190857205275952
1.0,0.0,0.0,0.0,0.0,0.0,0.0,4.0,16.0,64.0,0.0,0.18224145935170272
1.0,0.0,0.0,0.0,0.0,0.0,0.0,1.0,20.0,64.0,0.0,0.2989704798055655
1.0,0.0,0.0,0.0,0.0,0.0,0.0,2.0,20.0,64.0,0.0,0.29049127502116395
1.0,0.0,0.0,0.0,0.0,0.0,0.0,3.0,20.0,64.0,0.0,0.16604768016603405
1.0,0.0,0.0,0.0,0.0,0.0,0.0,4.0,20.0,64.0,0.0,0.15685846145443633
1.0,0.0,0.0,0.0,0.0,0.0,0.0,1.0,32.0,64.0,0.0,0.26771621289494535
1.0,0.0,0.0,0.0,0.0,0.0,0.0,2.0,32.0,64.0,0.0,0.2611349299543954
1.0,0.0,0.0,0.0,0.0,0.0,0.0,3.0,32.0,64.0,0.0,0.12927715120565836
1.0,0.0,0.0,0.0,0.0,0.0,0.0,4.0,32.0,64.0,0.0,0.12040197711570505
1.0,0.0,0.0,0.0,0.0,0.0,0.0,1.0,64.0,64.0,0.0,0.2549632704333816
1.0,0.0,0.0,0.0,0.0,0.0,0.0,2.0,64.0,64.0,0.0,0.24135011879079177
1.0,0.0,0.0,0.0,0.0,0.0,0.0,3.0,64.0,64.0,0.0,0.10383953685245367
1.0,0.0,0.0,0.0,0.0,0.0,0.0,4.0,64.0,64.0,0.0,0.09249296813129804
1.0,0.0,0.0,0.0,0.0,0.0,0.0,1.0,128.0,64.0,0.0,0.13659575630137366
1.0,0.0,0.0,0.0,0.0,0.0,0.0,2.0,128.0,64.0,0.0,0.12320107048253648
1.0,0.0,0.0,0.0,0.0,0.0,0.0,3.0,128.0,64.0,0.0,0.07582129495617035
1.0,0.0,0.0,0.0,0.0,0.0,0.0,4.0,128.0,64.0,0.0,0.06783363827521238
1.0,0.0,0.0,0.0,0.0,0.0,0.0,1.0,0.0,128.0,0.0,0.1744449602665284
1.0,0.0,0.0,0.0,0.0,0.0,0.0,2.0,0.0,128.0,0.0,0.1713727846200061
1.0,0.0,0.0,0.0,0.0,0.0,0.0,3.0,0.0,128.0,0.0,0.1488571506594938
1.0,0.0,0.0,0.0,0.0,0.0,0.0,4.0,0.0,128.0,0.0,0.14960812692864367
1.0,0.0,0.0,0.0,0.0,0.0,0.0,1.0,8.0,128.0,0.0,0.4275649253119966
1.0,0.0,0.0,0.0,0.0,0.0,0.0,2.0,8.0,128.0,0.0,0.3946994729512003
1.0,0.0,0.0,0.0,0.0,0.0,0.0,3.0,8.0,128.0,0.0,0.2923345804090774
1.0,0.0,0.0,0.0,0.0,0.0,0.0,4.0,8.0,128.0,0.0,0.2794587509216528
1.0,0.0,0.0,0.0,0.0,0.0,0.0,1.0,10.0,128.0,0.0,0.3620661405281413
1.0,0.0,0.0,0.0,0.0,0.0,0.0,2.0,10.0,128.0,0.0,0.354474453152735
1.0,0.0,0.0,0.0,0.0,0.0,0.0,3.0,10.0,128.0,0.0,0.2504437587044978
1.0,0.0,0.0,0.0,0.0,0.0,0.0,4.0,10.0,128.0,0.0,0.2408722248013327
1.0,0.0,0.0,0.0,0.0,0.0,0.0,1.0,16.0,128.0,0.0,0.30183784374231964
1.0,0.0,0.0,0.0,0.0,0.0,0.0,2.0,16.0,128.0,0.0,0.29899778803353455
1.0,0.0,0.0,0.0,0.0,0.0,0.0,3.0,16.0,128.0,0.0,0.17449957672246658
1.0,0.0,0.0,0.0,0.0,0.0,0.0,4.0,16.0,128.0,0.0,0.16748136213441117
1.0,0.0,0.0,0.0,0.0,0.0,0.0,1.0,20.0,128.0,0.0,0.28401922499249027
1.0,0.0,0.0,0.0,0.0,0.0,0.0,2.0,20.0,128.0,0.0,0.28124743985362793
1.0,0.0,0.0,0.0,0.0,0.0,0.0,3.0,20.0,128.0,0.0,0.15087795952920618
1.0,0.0,0.0,0.0,0.0,0.0,0.0,4.0,20.0,128.0,0.0,0.1434774297495836
1.0,0.0,0.0,0.0,0.0,0.0,0.0,1.0,32.0,128.0,0.0,0.2625276495808188
1.0,0.0,0.0,0.0,0.0,0.0,0.0,2.0,32.0,128.0,0.0,0.25636964417378966
1.0,0.0,0.0,0.0,0.0,0.0,0.0,3.0,32.0,128.0,0.0,0.11956907616264789
1.0,0.0,0.0,0.0,0.0,0.0,0.0,4.0,32.0,128.0,0.0,0.11215489226904074
1.0,0.0,0.0,0.0,0.0,0.0,0.0,1.0,64.0,128.0,0.0,0.2502116387667605
1.0,0.0,0.0,0.0,0.0,0.0,0.0,2.0,64.0,128.0,0.0,0.23392228078320004
1.0,0.0,0.0,0.0,0.0,0.0,0.0,3.0,64.0,128.0,0.0,0.10706190775280594
1.0,0.0,0.0,0.0,0.0,0.0,0.0,4.0,64.0,128.0,0.0,0.10661132199131607
1.0,0.0,0.0,0.0,0.0,0.0,0.0,1.0,128.0,128.0,0.0,0.17490920014200279
1.0,0.0,0.0,0.0,0.0,0.0,0.0,2.0,128.0,128.0,0.0,0.1454845845053115
1.0,0.0,0.0,0.0,0.0,0.0,0.0,3.0,128.0,128.0,0.0,0.09070427919932283
1.0,0.0,0.0,0.0,0.0,0.0,0.0,4.0,128.0,128.0,0.0,0.07904366585652262
1.0,0.0,0.0,0.0,0.0,0.0,0.0,1.0,0.0,0.0,8.0,0.219626423441383
1.0,0.0,0.0,0.0,0.0,0.0,0.0,2.0,0.0,0.0,8.0,0.2224118626942298
1.0,0.0,0.0,0.0,0.0,0.0,0.0,3.0,0.0,0.0,8.0,0.20589038477293214
1.0,0.0,0.0,0.0,0.0,0.0,0.0,4.0,0.0,0.0,8.0,0.20796581009858278
1.0,0.0,0.0,0.0,0.0,0.0,0.0,1.0,8.0,0.0,8.0,0.2160900079193862
1.0,0.0,0.0,0.0,0.0,0.0,0.0,2.0,8.0,0.0,8.0,0.23878314536169748
1.0,0.0,0.0,0.0,0.0,0.0,0.0,3.0,8.0,0.0,8.0,0.12471667713482076
1.0,0.0,0.0,0.0,0.0,0.0,0.0,4.0,8.0,0.0,8.0,0.14402359430896539
1.0,0.0,0.0,0.0,0.0,0.0,0.0,1.0,10.0,0.0,8.0,0.20266801387257988
1.0,0.0,0.0,0.0,0.0,0.0,0.0,2.0,10.0,0.0,8.0,0.23419536306289096
1.0,0.0,0.0,0.0,0.0,0.0,0.0,3.0,10.0,0.0,8.0,0.12111199104290127
1.0,0.0,0.0,0.0,0.0,0.0,0.0,4.0,10.0,0.0,8.0,0.1473415440072094
1.0,0.0,0.0,0.0,0.0,0.0,0.0,1.0,16.0,0.0,8.0,0.2022856986810126
1.0,0.0,0.0,0.0,0.0,0.0,0.0,2.0,16.0,0.0,8.0,0.24424479095551493
1.0,0.0,0.0,0.0,0.0,0.0,0.0,3.0,16.0,0.0,8.0,0.12245009421338654
1.0,0.0,0.0,0.0,0.0,0.0,0.0,4.0,16.0,0.0,8.0,0.15265299434719687
1.0,0.0,0.0,0.0,0.0,0.0,0.0,1.0,20.0,0.0,8.0,0.2197629645812284
1.0,0.0,0.0,0.0,0.0,0.0,0.0,2.0,20.0,0.0,8.0,0.2638794068652886
1.0,0.0,0.0,0.0,0.0,0.0,0.0,3.0,20.0,0.0,8.0,0.1303012097544991
1.0,0.0,0.0,0.0,0.0,0.0,0.0,4.0,20.0,0.0,8.0,0.15696769436631258
1.0,0.0,0.0,0.0,0.0,0.0,0.0,1.0,32.0,0.0,8.0,0.2498429776891778
1.0,0.0,0.0,0.0,0.0,0.0,0.0,2.0,32.0,0.0,8.0,0.27915836041399283
1.0,0.0,0.0,0.0,0.0,0.0,0.0,3.0,32.0,0.0,8.0,0.13983178131571045
1.0,0.0,0.0,0.0,0.0,0.0,0.0,4.0,32.0,0.0,8.0,0.16148720609519657
1.0,0.0,0.0,0.0,0.0,0.0,0.0,1.0,64.0,0.0,8.0,0.31560119063873954
1.0,0.0,0.0,0.0,0.0,0.0,0.0,2.0,64.0,0.0,8.0,0.36919358802807295
1.0,0.0,0.0,0.0,0.0,0.0,0.0,3.0,64.0,0.0,8.0,0.18054834921761936
1.0,0.0,0.0,0.0,0.0,0.0,0.0,4.0,64.0,0.0,8.0,0.2623091837570661
1.0,0.0,0.0,0.0,0.0,0.0,0.0,1.0,128.0,0.0,8.0,0.3276031568311532
1.0,0.0,0.0,0.0,0.0,0.0,0.0,2.0,128.0,0.0,8.0,0.35291788415849706
1.0,0.0,0.0,0.0,0.0,0.0,0.0,3.0,128.0,0.0,8.0,0.2829268958737268
1.0,0.0,0.0,0.0,0.0,0.0,0.0,4.0,128.0,0.0,8.0,0.31247439853627906
1.0,0.0,0.0,0.0,0.0,0.0,0.0,1.0,0.0,8.0,8.0,0.10824981566946129
1.0,0.0,0.0,0.0,0.0,0.0,0.0,2.0,0.0,8.0,8.0,0.1065020890794397
1.0,0.0,0.0,0.0,0.0,0.0,0.0,3.0,0.0,8.0,8.0,0.05491684644583422
1.0,0.0,0.0,0.0,0.0,0.0,0.0,4.0,0.0,8.0,8.0,0.0582484502580628
1.0,0.0,0.0,0.0,0.0,0.0,0.0,1.0,8.0,8.0,8.0,0.7833774816352168
1.0,0.0,0.0,0.0,0.0,0.0,0.0,2.0,8.0,8.0,8.0,0.7746115404571399
1.0,0.0,0.0,0.0,0.0,0.0,0.0,3.0,8.0,8.0,8.0,0.6518337475081244
1.0,0.0,0.0,0.0,0.0,0.0,0.0,4.0,8.0,8.0,8.0,0.6401458259373549
1.0,0.0,0.0,0.0,0.0,0.0,0.0,1.0,10.0,8.0,8.0,0.658155602282968
1.0,0.0,0.0,0.0,0.0,0.0,0.0,2.0,10.0,8.0,8.0,0.6577732870914008
1.0,0.0,0.0,0.0,0.0,0.0,0.0,3.0,10.0,8.0,8.0,0.5402796362544036
1.0,0.0,0.0,0.0,0.0,0.0,0.0,4.0,10.0,8.0,8.0,0.5253283814413283
1.0,0.0,0.0,0.0,0.0,0.0,0.0,1.0,16.0,8.0,8.0,0.45820475709331226
1.0,0.0,0.0,0.0,0.0,0.0,0.0,2.0,16.0,8.0,8.0,0.4563751058193835
1.0,0.0,0.0,0.0,0.0,0.0,0.0,3.0,16.0,8.0,8.0,0.36389579180207005
1.0,0.0,0.0,0.0,0.0,0.0,0.0,4.0,16.0,8.0,8.0,0.36132881837297587
1.0,0.0,0.0,0.0,0.0,0.0,0.0,1.0,20.0,8.0,8.0,0.42256751959365363
1.0,0.0,0.0,0.0,0.0,0.0,0.0,2.0,20.0,8.0,8.0,0.42117479996723023
1.0,0.0,0.0,0.0,0.0,0.0,0.0,3.0,20.0,8.0,8.0,0.31815450995384914
1.0,0.0,0.0,0.0,0.0,0.0,0.0,4.0,20.0,8.0,8.0,0.3097572298533549
1.0,0.0,0.0,0.0,0.0,0.0,0.0,1.0,32.0,8.0,8.0,0.34914934869876296
1.0,0.0,0.0,0.0,0.0,0.0,0.0,2.0,32.0,8.0,8.0,0.3510472705426146
1.0,0.0,0.0,0.0,0.0,0.0,0.0,3.0,32.0,8.0,8.0,0.23183320134356494
1.0,0.0,0.0,0.0,0.0,0.0,0.0,4.0,32.0,8.0,8.0,0.23098664627652327
1.0,0.0,0.0,0.0,0.0,0.0,0.0,1.0,64.0,8.0,8.0,0.2823261148584069
1.0,0.0,0.0,0.0,0.0,0.0,0.0,2.0,64.0,8.0,8.0,0.28296785821568043
1.0,0.0,0.0,0.0,0.0,0.0,0.0,3.0,64.0,8.0,8.0,0.1621699117944237
1.0,0.0,0.0,0.0,0.0,0.0,0.0,4.0,64.0,8.0,8.0,0.16125508615745926
1.0,0.0,0.0,0.0,0.0,0.0,0.0,1.0,128.0,8.0,8.0,0.1762063409705345
1.0,0.0,0.0,0.0,0.0,0.0,0.0,2.0,128.0,8.0,8.0,0.1764794232502253
1.0,0.0,0.0,0.0,0.0,0.0,0.0,3.0,128.0,8.0,8.0,0.10072639886397777
1.0,0.0,0.0,0.0,0.0,0.0,0.0,4.0,128.0,8.0,8.0,0.10046697069827143
1.0,0.0,0.0,0.0,0.0,0.0,0.0,1.0,0.0,10.0,8.0,0.13566727655042465
1.0,0.0,0.0,0.0,0.0,0.0,0.0,2.0,0.0,10.0,8.0,0.13528496135885748
1.0,0.0,0.0,0.0,0.0,0.0,0.0,3.0,0.0,10.0,8.0,0.07279008165160167
1.0,0.0,0.0,0.0,0.0,0.0,0.0,4.0,0.0,10.0,8.0,0.07568475381632495
1.0,0.0,0.0,0.0,0.0,0.0,0.0,1.0,8.0,10.0,8.0,0.7198312351511511
1.0,0.0,0.0,0.0,0.0,0.0,0.0,2.0,8.0,10.0,8.0,0.6977661869521288
1.0,0.0,0.0,0.0,0.0,0.0,0.0,3.0,8.0,10.0,8.0,0.5785248095251101
1.0,0.0,0.0,0.0,0.0,0.0,0.0,4.0,8.0,10.0,8.0,0.5611567765367707
1.0,0.0,0.0,0.0,0.0,0.0,0.0,1.0,10.0,10.0,8.0,0.6099838881454984
1.0,0.0,0.0,0.0,0.0,0.0,0.0,2.0,10.0,10.0,8.0,0.6068844042710071
1.0,0.0,0.0,0.0,0.0,0.0,0.0,3.0,10.0,10.0,8.0,0.4822633059340781
1.0,0.0,0.0,0.0,0.0,0.0,0.0,4.0,10.0,10.0,8.0,0.47002921980392703
1.0,0.0,0.0,0.0,0.0,0.0,0.0,1.0,16.0,10.0,8.0,0.4495343947131271
1.0,0.0,0.0,0.0,0.0,0.0,0.0,2.0,16.0,10.0,8.0,0.43979901144214767
1.0,0.0,0.0,0.0,0.0,0.0,0.0,3.0,16.0,10.0,8.0,0.34102515087795954
1.0,0.0,0.0,0.0,0.0,0.0,0.0,4.0,16.0,10.0,8.0,0.33228651792785174
1.0,0.0,0.0,0.0,0.0,0.0,0.0,1.0,20.0,10.0,8.0,0.4188126382479041
1.0,0.0,0.0,0.0,0.0,0.0,0.0,2.0,20.0,10.0,8.0,0.42506622245282516
1.0,0.0,0.0,0.0,0.0,0.0,0.0,3.0,20.0,10.0,8.0,0.3031213304568668
1.0,0.0,0.0,0.0,0.0,0.0,0.0,4.0,20.0,10.0,8.0,0.2959119582730278
1.0,0.0,0.0,0.0,0.0,0.0,0.0,1.0,32.0,10.0,8.0,0.36877031049455206
1.0,0.0,0.0,0.0,0.0,0.0,0.0,2.0,32.0,10.0,8.0,0.3713919003795845
1.0,0.0,0.0,0.0,0.0,0.0,0.0,3.0,32.0,10.0,8.0,0.23187416368551855
1.0,0.0,0.0,0.0,0.0,0.0,0.0,4.0,32.0,10.0,8.0,0.22876102569704254
1.0,0.0,0.0,0.0,0.0,0.0,0.0,1.0,64.0,10.0,8.0,0.3014828367787215
1.0,0.0,0.0,0.0,0.0,0.0,0.0,2.0,64.0,10.0,8.0,0.30597504027963635
1.0,0.0,0.0,0.0,0.0,0.0,0.0,3.0,64.0,10.0,8.0,0.1719326032933724
1.0,0.0,0.0,0.0,0.0,0.0,0.0,4.0,64.0,10.0,8.0,0.17029410961522712
1.0,0.0,0.0,0.0,0.0,0.0,0.0,1.0,128.0,10.0,8.0,0.18845408121467006
1.0,0.0,0.0,0.0,0.0,0.0,0.0,2.0,128.0,10.0,8.0,0.18869985526639182
1.0,0.0,0.0,0.0,0.0,0.0,0.0,3.0,128.0,10.0,8.0,0.10870040143095117
1.0,0.0,0.0,0.0,0.0,0.0,0.0,4.0,128.0,10.0,8.0,0.10809962041563131
1.0,0.0,0.0,0.0,0.0,0.0,0.0,1.0,0.0,16.0,8.0,0.101108714055545
1.0,0.0,0.0,0.0,0.0,0.0,0.0,2.0,0.0,16.0,8.0,0.10090390234577684
1.0,0.0,0.0,0.0,0.0,0.0,0.0,3.0,0.0,16.0,8.0,0.04982386192959942
1.0,0.0,0.0,0.0,0.0,0.0,0.0,4.0,0.0,16.0,8.0,0.05196755782517276
1.0,0.0,0.0,0.0,0.0,0.0,0.0,1.0,8.0,16.0,8.0,0.4736612141238156
1.0,0.0,0.0,0.0,0.0,0.0,0.0,2.0,8.0,16.0,8.0,0.4681859144160137
1.0,0.0,0.0,0.0,0.0,0.0,0.0,3.0,8.0,16.0,8.0,0.3697670608154237
1.0,0.0,0.0,0.0,0.0,0.0,0.0,4.0,8.0,16.0,8.0,0.3628034626833066
1.0,0.0,0.0,0.0,0.0,0.0,0.0,1.0,10.0,16.0,8.0,0.41154864960812704
1.0,0.0,0.0,0.0,0.0,0.0,0.0,2.0,10.0,16.0,8.0,0.3994647587318059
1.0,0.0,0.0,0.0,0.0,0.0,0.0,3.0,10.0,16.0,8.0,0.31165515169720653
1.0,0.0,0.0,0.0,0.0,0.0,0.0,4.0,10.0,16.0,8.0,0.301619377918567
1.0,0.0,0.0,0.0,0.0,0.0,0.0,1.0,16.0,16.0,8.0,0.3032442174827276
1.0,0.0,0.0,0.0,0.0,0.0,0.0,2.0,16.0,16.0,8.0,0.3051967557825174
1.0,0.0,0.0,0.0,0.0,0.0,0.0,3.0,16.0,16.0,8.0,0.22351784592697793
1.0,0.0,0.0,0.0,0.0,0.0,0.0,4.0,16.0,16.0,8.0,0.21925776236380018
1.0,0.0,0.0,0.0,0.0,0.0,0.0,1.0,20.0,16.0,8.0,0.29282612851252093
1.0,0.0,0.0,0.0,0.0,0.0,0.0,2.0,20.0,16.0,8.0,0.2968814003659303
1.0,0.0,0.0,0.0,0.0,0.0,0.0,3.0,20.0,16.0,8.0,0.2038695759032197
1.0,0.0,0.0,0.0,0.0,0.0,0.0,4.0,20.0,16.0,8.0,0.19827138916955683
1.0,0.0,0.0,0.0,0.0,0.0,0.0,1.0,32.0,16.0,8.0,0.26990087113247235
1.0,0.0,0.0,0.0,0.0,0.0,0.0,2.0,32.0,16.0,8.0,0.2726590021573501
1.0,0.0,0.0,0.0,0.0,0.0,0.0,3.0,32.0,16.0,8.0,0.16135066495535116
1.0,0.0,0.0,0.0,0.0,0.0,0.0,4.0,32.0,16.0,8.0,0.15935716431360775
1.0,0.0,0.0,0.0,0.0,0.0,0.0,1.0,64.0,16.0,8.0,0.2353423086375926
1.0,0.0,0.0,0.0,0.0,0.0,0.0,2.0,64.0,16.0,8.0,0.23820967257434672
1.0,0.0,0.0,0.0,0.0,0.0,0.0,3.0,64.0,16.0,8.0,0.12488052650263526
1.0,0.0,0.0,0.0,0.0,0.0,0.0,4.0,64.0,16.0,8.0,0.12295529643081465
1.0,0.0,0.0,0.0,0.0,0.0,0.0,1.0,128.0,16.0,8.0,0.14761462628690025
1.0,0.0,0.0,0.0,0.0,0.0,0.0,2.0,128.0,16.0,8.0,0.14488380348999158
1.0,0.0,0.0,0.0,0.0,0.0,0.0,3.0,128.0,16.0,8.0,0.08043638548294602
1.0,0.0,0.0,0.0,0.0,0.0,0.0,4.0,128.0,16.0,8.0,0.07862038832300178
1.0,0.0,0.0,0.0,0.0,0.0,0.0,1.0,0.0,20.0,8.0,0.09888309347606444
1.0,0.0,0.0,0.0,0.0,0.0,0.0,2.0,0.0,20.0,8.0,0.09919713809770886
1.0,0.0,0.0,0.0,0.0,0.0,0.0,3.0,0.0,20.0,8.0,0.04892269040661956
1.0,0.0,0.0,0.0,0.0,0.0,0.0,4.0,0.0,20.0,8.0,0.050015019525383064
1.0,0.0,0.0,0.0,0.0,0.0,0.0,1.0,8.0,20.0,8.0,0.42110652939730747
1.0,0.0,0.0,0.0,0.0,0.0,0.0,2.0,8.0,20.0,8.0,0.4083126245937902
1.0,0.0,0.0,0.0,0.0,0.0,0.0,3.0,8.0,20.0,8.0,0.3167890985553948
1.0,0.0,0.0,0.0,0.0,0.0,0.0,4.0,8.0,20.0,8.0,0.30110052158715434
1.0,0.0,0.0,0.0,0.0,0.0,0.0,1.0,10.0,20.0,8.0,0.36375925066222464
1.0,0.0,0.0,0.0,0.0,0.0,0.0,2.0,10.0,20.0,8.0,0.35380540156749235
1.0,0.0,0.0,0.0,0.0,0.0,0.0,3.0,10.0,20.0,8.0,0.26707446953767183
1.0,0.0,0.0,0.0,0.0,0.0,0.0,4.0,10.0,20.0,8.0,0.25520904448510345
1.0,0.0,0.0,0.0,0.0,0.0,0.0,1.0,16.0,20.0,8.0,0.27980010377126635
1.0,0.0,0.0,0.0,0.0,0.0,0.0,2.0,16.0,20.0,8.0,0.2725770774734428
1.0,0.0,0.0,0.0,0.0,0.0,0.0,3.0,16.0,20.0,8.0,0.19715175182282424
1.0,0.0,0.0,0.0,0.0,0.0,0.0,4.0,16.0,20.0,8.0,0.191089325213687
1.0,0.0,0.0,0.0,0.0,0.0,0.0,1.0,20.0,20.0,8.0,0.2717305224064011
1.0,0.0,0.0,0.0,0.0,0.0,0.0,2.0,20.0,20.0,8.0,0.27156667303858656
1.0,0.0,0.0,0.0,0.0,0.0,0.0,3.0,20.0,20.0,8.0,0.18114913023293927
1.0,0.0,0.0,0.0,0.0,0.0,0.0,4.0,20.0,20.0,8.0,0.17535978590349283
1.0,0.0,0.0,0.0,0.0,0.0,0.0,1.0,32.0,20.0,8.0,0.2585679565253011
1.0,0.0,0.0,0.0,0.0,0.0,0.0,2.0,32.0,20.0,8.0,0.25656080176957324
1.0,0.0,0.0,0.0,0.0,0.0,0.0,3.0,32.0,20.0,8.0,0.14923946585106096
1.0,0.0,0.0,0.0,0.0,0.0,0.0,4.0,32.0,20.0,8.0,0.1447336082361616
1.0,0.0,0.0,0.0,0.0,0.0,0.0,1.0,64.0,20.0,8.0,0.2287337174690735
1.0,0.0,0.0,0.0,0.0,0.0,0.0,2.0,64.0,20.0,8.0,0.22764138835031006
1.0,0.0,0.0,0.0,0.0,0.0,0.0,3.0,64.0,20.0,8.0,0.11899560337529702
1.0,0.0,0.0,0.0,0.0,0.0,0.0,4.0,64.0,20.0,8.0,0.1159643900707284
1.0,0.0,0.0,0.0,0.0,0.0,0.0,1.0,128.0,20.0,8.0,0.13677325978317273
1.0,0.0,0.0,0.0,0.0,0.0,0.0,2.0,128.0,20.0,8.0,0.1346432180015839
1.0,0.0,0.0,0.0,0.0,0.0,0.0,3.0,128.0,20.0,8.0,0.07594418198203123
1.0,0.0,0.0,0.0,0.0,0.0,0.0,4.0,128.0,20.0,8.0,0.07459242469756144
1.0,0.0,0.0,0.0,0.0,0.0,0.0,1.0,0.0,32.0,8.0,0.09262950927114344
1.0,0.0,0.0,0.0,0.0,0.0,0.0,2.0,0.0,32.0,8.0,0.09564706846172755
1.0,0.0,0.0,0.0,0.0,0.0,0.0,3.0,0.0,32.0,8.0,0.048704224582866884
1.0,0.0,0.0,0.0,0.0,0.0,0.0,4.0,0.0,32.0,8.0,0.05006963598132125
1.0,0.0,0.0,0.0,0.0,0.0,0.0,1.0,8.0,32.0,8.0,0.323752696687512
1.0,0.0,0.0,0.0,0.0,0.0,0.0,2.0,8.0,32.0,8.0,0.31456347797591416
1.0,0.0,0.0,0.0,0.0,0.0,0.0,3.0,8.0,32.0,8.0,0.22837871050547537
1.0,0.0,0.0,0.0,0.0,0.0,0.0,4.0,8.0,32.0,8.0,0.2189300636281712
1.0,0.0,0.0,0.0,0.0,0.0,0.0,1.0,10.0,32.0,8.0,0.285493869302821
1.0,0.0,0.0,0.0,0.0,0.0,0.0,2.0,10.0,32.0,8.0,0.272153799939922
1.0,0.0,0.0,0.0,0.0,0.0,0.0,3.0,10.0,32.0,8.0,0.2027089762145335
1.0,0.0,0.0,0.0,0.0,0.0,0.0,4.0,10.0,32.0,8.0,0.18740271443786022
1.0,0.0,0.0,0.0,0.0,0.0,0.0,1.0,16.0,32.0,8.0,0.22611212758404114
1.0,0.0,0.0,0.0,0.0,0.0,0.0,2.0,16.0,32.0,8.0,0.22331303421720977
1.0,0.0,0.0,0.0,0.0,0.0,0.0,3.0,16.0,32.0,8.0,0.1526666484611814
1.0,0.0,0.0,0.0,0.0,0.0,0.0,4.0,16.0,32.0,8.0,0.1472732734372867
1.0,0.0,0.0,0.0,0.0,0.0,0.0,1.0,20.0,32.0,8.0,0.2294300772822852
1.0,0.0,0.0,0.0,0.0,0.0,0.0,2.0,20.0,32.0,8.0,0.22702695322100558
1.0,0.0,0.0,0.0,0.0,0.0,0.0,3.0,20.0,32.0,8.0,0.14762828040088488
1.0,0.0,0.0,0.0,0.0,0.0,0.0,4.0,20.0,32.0,8.0,0.1416477784756548
1.0,0.0,0.0,0.0,0.0,0.0,0.0,1.0,32.0,32.0,8.0,0.23577924028509795
1.0,0.0,0.0,0.0,0.0,0.0,0.0,2.0,32.0,32.0,8.0,0.2291160326606408
1.0,0.0,0.0,0.0,0.0,0.0,0.0,3.0,32.0,32.0,8.0,0.1287446407602611
1.0,0.0,0.0,0.0,0.0,0.0,0.0,4.0,32.0,32.0,8.0,0.12309183757066011
1.0,0.0,0.0,0.0,0.0,0.0,0.0,1.0,64.0,32.0,8.0,0.2175373440017478
1.0,0.0,0.0,0.0,0.0,0.0,0.0,2.0,64.0,32.0,8.0,0.21150222562057958
1.0,0.0,0.0,0.0,0.0,0.0,0.0,3.0,64.0,32.0,8.0,0.11134929954395262
1.0,0.0,0.0,0.0,0.0,0.0,0.0,4.0,64.0,32.0,8.0,0.10648843496545513
1.0,0.0,0.0,0.0,0.0,0.0,0.0,1.0,128.0,32.0,8.0,0.12711980119610045
1.0,0.0,0.0,0.0,0.0,0.0,0.0,2.0,128.0,32.0,8.0,0.1231874163685519
1.0,0.0,0.0,0.0,0.0,0.0,0.0,3.0,128.0,32.0,8.0,0.07270815696769439
1.0,0.0,0.0,0.0,0.0,0.0,0.0,4.0,128.0,32.0,8.0,0.07030503290641477
1.0,0.0,0.0,0.0,0.0,0.0,0.0,1.0,0.0,64.0,8.0,0.09545591086594396
1.0,0.0,0.0,0.0,0.0,0.0,0.0,2.0,0.0,64.0,8.0,0.09658920232666107
1.0,0.0,0.0,0.0,0.0,0.0,0.0,3.0,0.0,64.0,8.0,0.059572899314563554
1.0,0.0,0.0,0.0,0.0,0.0,0.0,4.0,0.0,64.0,8.0,0.058535186651738236
1.0,0.0,0.0,0.0,0.0,0.0,0.0,1.0,8.0,64.0,8.0,0.25010240585488414
1.0,0.0,0.0,0.0,0.0,0.0,0.0,2.0,8.0,64.0,8.0,0.23778639504082594
1.0,0.0,0.0,0.0,0.0,0.0,0.0,3.0,8.0,64.0,8.0,0.16182855894481013
1.0,0.0,0.0,0.0,0.0,0.0,0.0,4.0,8.0,64.0,8.0,0.15053660667959262
1.0,0.0,0.0,0.0,0.0,0.0,0.0,1.0,10.0,64.0,8.0,0.22527922663098404
1.0,0.0,0.0,0.0,0.0,0.0,0.0,2.0,10.0,64.0,8.0,0.20914006390125356
1.0,0.0,0.0,0.0,0.0,0.0,0.0,3.0,10.0,64.0,8.0,0.14383243671318174
1.0,0.0,0.0,0.0,0.0,0.0,0.0,4.0,10.0,64.0,8.0,0.1321854774843661
1.0,0.0,0.0,0.0,0.0,0.0,0.0,1.0,16.0,64.0,8.0,0.1911302875556406
1.0,0.0,0.0,0.0,0.0,0.0,0.0,2.0,16.0,64.0,8.0,0.18412572708156977
1.0,0.0,0.0,0.0,0.0,0.0,0.0,3.0,16.0,64.0,8.0,0.11955542204866332
1.0,0.0,0.0,0.0,0.0,0.0,0.0,4.0,16.0,64.0,8.0,0.11159507359567444
1.0,0.0,0.0,0.0,0.0,0.0,0.0,1.0,20.0,64.0,8.0,0.20097490373849652
1.0,0.0,0.0,0.0,0.0,0.0,0.0,2.0,20.0,64.0,8.0,0.19472131953357547
1.0,0.0,0.0,0.0,0.0,0.0,0.0,3.0,20.0,64.0,8.0,0.12051121002758136
1.0,0.0,0.0,0.0,0.0,0.0,0.0,4.0,20.0,64.0,8.0,0.11222316283896344
1.0,0.0,0.0,0.0,0.0,0.0,0.0,1.0,32.0,64.0,8.0,0.2149703705726536
1.0,0.0,0.0,0.0,0.0,0.0,0.0,2.0,32.0,64.0,8.0,0.20898986864742347
1.0,0.0,0.0,0.0,0.0,0.0,0.0,3.0,32.0,64.0,8.0,0.11166334416559714
1.0,0.0,0.0,0.0,0.0,0.0,0.0,4.0,32.0,64.0,8.0,0.10474070837543353
1.0,0.0,0.0,0.0,0.0,0.0,0.0,1.0,64.0,64.0,8.0,0.21610366203337078
1.0,0.0,0.0,0.0,0.0,0.0,0.0,2.0,64.0,64.0,8.0,0.19896774898276864
1.0,0.0,0.0,0.0,0.0,0.0,0.0,3.0,64.0,64.0,8.0,0.10995657991752922
1.0,0.0,0.0,0.0,0.0,0.0,0.0,4.0,64.0,64.0,8.0,0.09699882574619739
1.0,0.0,0.0,0.0,0.0,0.0,0.0,1.0,128.0,64.0,8.0,0.1358720882601928
1.0,0.0,0.0,0.0,0.0,0.0,0.0,2.0,128.0,64.0,8.0,0.12339222807832007
1.0,0.0,0.0,0.0,0.0,0.0,0.0,3.0,128.0,64.0,8.0,0.08282585543024118
1.0,0.0,0.0,0.0,0.0,0.0,0.0,4.0,128.0,64.0,8.0,0.07620361014773752
1.0,0.0,0.0,0.0,0.0,0.0,0.0,1.0,0.0,128.0,8.0,0.17870504382970592
1.0,0.0,0.0,0.0,0.0,0.0,0.0,2.0,0.0,128.0,8.0,0.18046642453371214
1.0,0.0,0.0,0.0,0.0,0.0,0.0,3.0,0.0,128.0,8.0,0.16201971654059372
1.0,0.0,0.0,0.0,0.0,0.0,0.0,4.0,0.0,128.0,8.0,0.16386302192850705
1.0,0.0,0.0,0.0,0.0,0.0,0.0,1.0,8.0,128.0,8.0,0.21815177913105227
1.0,0.0,0.0,0.0,0.0,0.0,0.0,2.0,8.0,128.0,8.0,0.2053988366694886
1.0,0.0,0.0,0.0,0.0,0.0,0.0,3.0,8.0,128.0,8.0,0.12908599360987472
1.0,0.0,0.0,0.0,0.0,0.0,0.0,4.0,8.0,128.0,8.0,0.1198148502143696
1.0,0.0,0.0,0.0,0.0,0.0,0.0,1.0,10.0,128.0,8.0,0.2002375815833311
1.0,0.0,0.0,0.0,0.0,0.0,0.0,2.0,10.0,128.0,8.0,0.18669270051066394
1.0,0.0,0.0,0.0,0.0,0.0,0.0,3.0,10.0,128.0,8.0,0.11724787678527548
1.0,0.0,0.0,0.0,0.0,0.0,0.0,4.0,10.0,128.0,8.0,0.10875501788688935
1.0,0.0,0.0,0.0,0.0,0.0,0.0,1.0,16.0,128.0,8.0,0.17731232420328252
1.0,0.0,0.0,0.0,0.0,0.0,0.0,2.0,16.0,128.0,8.0,0.17010295201944353
1.0,0.0,0.0,0.0,0.0,0.0,0.0,3.0,16.0,128.0,8.0,0.10383953685245367
1.0,0.0,0.0,0.0,0.0,0.0,0.0,4.0,16.0,128.0,8.0,0.0964799694147847
1.0,0.0,0.0,0.0,0.0,0.0,0.0,1.0,20.0,128.0,8.0,0.18935525273764992
1.0,0.0,0.0,0.0,0.0,0.0,0.0,2.0,20.0,128.0,8.0,0.18315628498866715
1.0,0.0,0.0,0.0,0.0,0.0,0.0,3.0,20.0,128.0,8.0,0.10785384636390949
1.0,0.0,0.0,0.0,0.0,0.0,0.0,4.0,20.0,128.0,8.0,0.09996176848084332
1.0,0.0,0.0,0.0,0.0,0.0,0.0,1.0,32.0,128.0,8.0,0.21107894808705868
1.0,0.0,0.0,0.0,0.0,0.0,0.0,2.0,32.0,128.0,8.0,0.20276359267047167
1.0,0.0,0.0,0.0,0.0,0.0,0.0,3.0,32.0,128.0,8.0,0.1058739998361507
1.0,0.0,0.0,0.0,0.0,0.0,0.0,4.0,32.0,128.0,8.0,0.09840519948660537
1.0,0.0,0.0,0.0,0.0,0.0,0.0,1.0,64.0,128.0,8.0,0.21996777629099656
1.0,0.0,0.0,0.0,0.0,0.0,0.0,2.0,64.0,128.0,8.0,0.2033097572298534
1.0,0.0,0.0,0.0,0.0,0.0,0.0,3.0,64.0,128.0,8.0,0.11384800240312415
1.0,0.0,0.0,0.0,0.0,0.0,0.0,4.0,64.0,128.0,8.0,0.10087659411780775
1.0,0.0,0.0,0.0,0.0,0.0,0.0,1.0,128.0,128.0,8.0,0.1756055599552146
1.0,0.0,0.0,0.0,0.0,0.0,0.0,2.0,128.0,128.0,8.0,0.15620306398317813
1.0,0.0,0.0,0.0,0.0,0.0,0.0,3.0,128.0,128.0,8.0,0.1167290204538628
1.0,0.0,0.0,0.0,0.0,0.0,0.0,4.0,128.0,128.0,8.0,0.10927387421830204
1.0,0.0,0.0,0.0,0.0,0.0,0.0,1.0,0.0,0.0,10.0,0.21996777629099656
1.0,0.0,0.0,0.0,0.0,0.0,0.0,2.0,0.0,0.0,10.0,0.2355334662333763
1.0,0.0,0.0,0.0,0.0,0.0,0.0,3.0,0.0,0.0,10.0,0.2063273164204375
1.0,0.0,0.0,0.0,0.0,0.0,0.0,4.0,0.0,0.0,10.0,0.20806138889647458
1.0,0.0,0.0,0.0,0.0,0.0,0.0,1.0,8.0,0.0,10.0,0.22123760889155902
1.0,0.0,0.0,0.0,0.0,0.0,0.0,2.0,8.0,0.0,10.0,0.2656817499112483
1.0,0.0,0.0,0.0,0.0,0.0,0.0,3.0,8.0,0.0,10.0,0.12946830880144194
1.0,0.0,0.0,0.0,0.0,0.0,0.0,4.0,8.0,0.0,10.0,0.16861465359512823
1.0,0.0,0.0,0.0,0.0,0.0,0.0,1.0,10.0,0.0,10.0,0.21132472213878056
1.0,0.0,0.0,0.0,0.0,0.0,0.0,2.0,10.0,0.0,10.0,0.26390671509325764
1.0,0.0,0.0,0.0,0.0,0.0,0.0,3.0,10.0,0.0,10.0,0.12694229771430138
1.0,0.0,0.0,0.0,0.0,0.0,0.0,4.0,10.0,0.0,10.0,0.169788907397799
1.0,0.0,0.0,0.0,0.0,0.0,0.0,1.0,16.0,0.0,10.0,0.21248532182746666
1.0,0.0,0.0,0.0,0.0,0.0,0.0,2.0,16.0,0.0,10.0,0.27069280974357585
1.0,0.0,0.0,0.0,0.0,0.0,0.0,3.0,16.0,0.0,10.0,0.1285125208225239
1.0,0.0,0.0,0.0,0.0,0.0,0.0,4.0,16.0,0.0,10.0,0.16991179442365995
1.0,0.0,0.0,0.0,0.0,0.0,0.0,1.0,20.0,0.0,10.0,0.23145088615199766
1.0,0.0,0.0,0.0,0.0,0.0,0.0,2.0,20.0,0.0,10.0,0.28132936453753526
1.0,0.0,0.0,0.0,0.0,0.0,0.0,3.0,20.0,0.0,10.0,0.13420628635407855
1.0,0.0,0.0,0.0,0.0,0.0,0.0,4.0,20.0,0.0,10.0,0.16615691307791042
1.0,0.0,0.0,0.0,0.0,0.0,0.0,1.0,32.0,0.0,10.0,0.25470384226767534
1.0,0.0,0.0,0.0,0.0,0.0,0.0,2.0,32.0,0.0,10.0,0.2807968540921381
1.0,0.0,0.0,0.0,0.0,0.0,0.0,3.0,32.0,0.0,10.0,0.13964062371992692
1.0,0.0,0.0,0.0,0.0,0.0,0.0,4.0,32.0,0.0,10.0,0.15902946557797876
1.0,0.0,0.0,0.0,0.0,0.0,0.0,1.0,64.0,0.0,10.0,0.3114503399874384
1.0,0.0,0.0,0.0,0.0,0.0,0.0,2.0,64.0,0.0,10.0,0.3669270051066387
1.0,0.0,0.0,0.0,0.0,0.0,0.0,3.0,64.0,0.0,10.0,0.17612441628662717
1.0,0.0,0.0,0.0,0.0,0.0,0.0,4.0,64.0,0.0,10.0,0.25916873754062103
1.0,0.0,0.0,0.0,0.0,0.0,0.0,1.0,128.0,0.0,10.0,0.32298806630437765
1.0,0.0,0.0,0.0,0.0,0.0,0.0,2.0,128.0,0.0,10.0,0.3518801714956717
1.0,0.0,0.0,0.0,0.0,0.0,0.0,3.0,128.0,0.0,10.0,0.27988202845517357
1.0,0.0,0.0,0.0,0.0,0.0,0.0,4.0,128.0,0.0,10.0,0.31020781561484484
1.0,0.0,0.0,0.0,0.0,0.0,0.0,1.0,0.0,8.0,10.0,0.10348452988885559
1.0,0.0,0.0,0.0,0.0,0.0,0.0,2.0,0.0,8.0,10.0,0.10198257735055577
1.0,0.0,0.0,0.0,0.0,0.0,0.0,3.0,0.0,8.0,10.0,0.04869057046888231
1.0,0.0,0.0,0.0,0.0,0.0,0.0,4.0,0.0,8.0,10.0,0.05234987301673999
1.0,0.0,0.0,0.0,0.0,0.0,0.0,1.0,8.0,8.0,10.0,0.7783527676889048
1.0,0.0,0.0,0.0,0.0,0.0,0.0,2.0,8.0,8.0,10.0,0.7661186815587537
1.0,0.0,0.0,0.0,0.0,0.0,0.0,3.0,8.0,8.0,10.0,0.6467407629918895
1.0,0.0,0.0,0.0,0.0,0.0,0.0,4.0,8.0,8.0,10.0,0.6354215024987031
1.0,0.0,0.0,0.0,0.0,0.0,0.0,1.0,10.0,8.0,10.0,0.6526120320052433
1.0,0.0,0.0,0.0,0.0,0.0,0.0,2.0,10.0,8.0,10.0,0.648761571861602
1.0,0.0,0.0,0.0,0.0,0.0,0.0,3.0,10.0,8.0,10.0,0.535541658701767
1.0,0.0,0.0,0.0,0.0,0.0,0.0,4.0,10.0,8.0,10.0,0.5213277260438571
1.0,0.0,0.0,0.0,0.0,0.0,0.0,1.0,16.0,8.0,10.0,0.450285370982277
1.0,0.0,0.0,0.0,0.0,0.0,0.0,2.0,16.0,8.0,10.0,0.4475408940713838
1.0,0.0,0.0,0.0,0.0,0.0,0.0,3.0,16.0,8.0,10.0,0.3601545645703052
1.0,0.0,0.0,0.0,0.0,0.0,0.0,4.0,16.0,8.0,10.0,0.35776509462301004
1.0,0.0,0.0,0.0,0.0,0.0,0.0,1.0,20.0,8.0,10.0,0.4142658182910512
1.0,0.0,0.0,0.0,0.0,0.0,0.0,2.0,20.0,8.0,10.0,0.41605450722302634
1.0,0.0,0.0,0.0,0.0,0.0,0.0,3.0,20.0,8.0,10.0,0.31442693683606876
1.0,0.0,0.0,0.0,0.0,0.0,0.0,4.0,20.0,8.0,10.0,0.3073131434501217
1.0,0.0,0.0,0.0,0.0,0.0,0.0,1.0,32.0,8.0,10.0,0.34529888855512175
1.0,0.0,0.0,0.0,0.0,0.0,0.0,2.0,32.0,8.0,10.0,0.34557197083481267
1.0,0.0,0.0,0.0,0.0,0.0,0.0,3.0,32.0,8.0,10.0,0.2291160326606408
1.0,0.0,0.0,0.0,0.0,0.0,0.0,4.0,32.0,8.0,10.0,0.22699964499303654
1.0,0.0,0.0,0.0,0.0,0.0,0.0,1.0,64.0,8.0,10.0,0.2774925585078784
1.0,0.0,0.0,0.0,0.0,0.0,0.0,2.0,64.0,8.0,10.0,0.27960894617548265
1.0,0.0,0.0,0.0,0.0,0.0,0.0,3.0,64.0,8.0,10.0,0.15781424943335437
1.0,0.0,0.0,0.0,0.0,0.0,0.0,4.0,64.0,8.0,10.0,0.15666730385865263
1.0,0.0,0.0,0.0,0.0,0.0,0.0,1.0,128.0,8.0,10.0,0.17231491848493957
1.0,0.0,0.0,0.0,0.0,0.0,0.0,2.0,128.0,8.0,10.0,0.17264261722056867
1.0,0.0,0.0,0.0,0.0,0.0,0.0,3.0,128.0,8.0,10.0,0.09620688713509384
1.0,0.0,0.0,0.0,0.0,0.0,0.0,4.0,128.0,8.0,10.0,0.10390780742237643
1.0,0.0,0.0,0.0,0.0,0.0,0.0,1.0,0.0,10.0,10.0,0.13057429203418996
1.0,0.0,0.0,0.0,0.0,0.0,0.0,2.0,0.0,10.0,10.0,0.13101122368169532
1.0,0.0,0.0,0.0,0.0,0.0,0.0,3.0,0.0,10.0,10.0,0.06679592561238706
1.0,0.0,0.0,0.0,0.0,0.0,0.0,4.0,0.0,10.0,10.0,0.06999098828477024
1.0,0.0,0.0,0.0,0.0,0.0,0.0,1.0,8.0,10.0,10.0,0.7121576230918376
1.0,0.0,0.0,0.0,0.0,0.0,0.0,2.0,8.0,10.0,10.0,0.6945438160517765
1.0,0.0,0.0,0.0,0.0,0.0,0.0,3.0,8.0,10.0,10.0,0.5738141402004426
1.0,0.0,0.0,0.0,0.0,0.0,0.0,4.0,8.0,10.0,10.0,0.5588082689314291
1.0,0.0,0.0,0.0,0.0,0.0,0.0,1.0,10.0,10.0,10.0,0.6032114476091648
1.0,0.0,0.0,0.0,0.0,0.0,0.0,2.0,10.0,10.0,10.0,0.6000573472787352
1.0,0.0,0.0,0.0,0.0,0.0,0.0,3.0,10.0,10.0,10.0,0.4797099866189684
1.0,0.0,0.0,0.0,0.0,0.0,0.0,4.0,10.0,10.0,10.0,0.46732570523498734
1.0,0.0,0.0,0.0,0.0,0.0,0.0,1.0,16.0,10.0,10.0,0.4391845763128432
1.0,0.0,0.0,0.0,0.0,0.0,0.0,2.0,16.0,10.0,10.0,0.4352658455992791
1.0,0.0,0.0,0.0,0.0,0.0,0.0,3.0,16.0,10.0,10.0,0.336437368579153
1.0,0.0,0.0,0.0,0.0,0.0,0.0,4.0,16.0,10.0,10.0,0.330811873617521
1.0,0.0,0.0,0.0,0.0,0.0,0.0,1.0,20.0,10.0,10.0,0.4117534613178952
1.0,0.0,0.0,0.0,0.0,0.0,0.0,2.0,20.0,10.0,10.0,0.41868975122204327
1.0,0.0,0.0,0.0,0.0,0.0,0.0,3.0,20.0,10.0,10.0,0.29812392473852384
1.0,0.0,0.0,0.0,0.0,0.0,0.0,4.0,20.0,10.0,10.0,0.29248477566290726
1.0,0.0,0.0,0.0,0.0,0.0,0.0,1.0,32.0,10.0,10.0,0.36324039433081196
1.0,0.0,0.0,0.0,0.0,0.0,0.0,2.0,32.0,10.0,10.0,0.3658756383298289
1.0,0.0,0.0,0.0,0.0,0.0,0.0,3.0,32.0,10.0,10.0,0.22765504246429452
1.0,0.0,0.0,0.0,0.0,0.0,0.0,4.0,32.0,10.0,10.0,0.2240367022583905
1.0,0.0,0.0,0.0,0.0,0.0,0.0,1.0,64.0,10.0,10.0,0.29797372948469375
1.0,0.0,0.0,0.0,0.0,0.0,0.0,2.0,64.0,10.0,10.0,0.2981921953084465
1.0,0.0,0.0,0.0,0.0,0.0,0.0,3.0,64.0,10.0,10.0,0.1679319478959011
1.0,0.0,0.0,0.0,0.0,0.0,0.0,4.0,64.0,10.0,10.0,0.16648461181353952
1.0,0.0,0.0,0.0,0.0,0.0,0.0,1.0,128.0,10.0,10.0,0.18510882328845685
1.0,0.0,0.0,0.0,0.0,0.0,0.0,2.0,128.0,10.0,10.0,0.18501324449056505
1.0,0.0,0.0,0.0,0.0,0.0,0.0,3.0,128.0,10.0,10.0,0.10498648242715536
1.0,0.0,0.0,0.0,0.0,0.0,0.0,4.0,128.0,10.0,10.0,0.10482263305934086
1.0,0.0,0.0,0.0,0.0,0.0,0.0,1.0,0.0,16.0,10.0,0.0968349763783829
1.0,0.0,0.0,0.0,0.0,0.0,0.0,2.0,0.0,16.0,10.0,0.09679401403642923
1.0,0.0,0.0,0.0,0.0,0.0,0.0,3.0,0.0,16.0,10.0,0.043884322346323
1.0,0.0,0.0,0.0,0.0,0.0,0.0,4.0,0.0,16.0,10.0,0.046232829951664445
1.0,0.0,0.0,0.0,0.0,0.0,0.0,1.0,8.0,16.0,10.0,0.46639722548403845
1.0,0.0,0.0,0.0,0.0,0.0,0.0,2.0,8.0,16.0,10.0,0.4679537944782764
1.0,0.0,0.0,0.0,0.0,0.0,0.0,3.0,8.0,16.0,10.0,0.36496081269286446
1.0,0.0,0.0,0.0,0.0,0.0,0.0,4.0,8.0,16.0,10.0,0.3599634069745215
1.0,0.0,0.0,0.0,0.0,0.0,0.0,1.0,10.0,16.0,10.0,0.40660586034572227
1.0,0.0,0.0,0.0,0.0,0.0,0.0,2.0,10.0,16.0,10.0,0.39512275048472106
1.0,0.0,0.0,0.0,0.0,0.0,0.0,3.0,10.0,16.0,10.0,0.30800950326333326
1.0,0.0,0.0,0.0,0.0,0.0,0.0,4.0,10.0,16.0,10.0,0.29770064720500294
1.0,0.0,0.0,0.0,0.0,0.0,0.0,1.0,16.0,16.0,10.0,0.2971681367596058
1.0,0.0,0.0,0.0,0.0,0.0,0.0,2.0,16.0,16.0,10.0,0.30100494278926254
1.0,0.0,0.0,0.0,0.0,0.0,0.0,3.0,16.0,16.0,10.0,0.21831562849886682
1.0,0.0,0.0,0.0,0.0,0.0,0.0,4.0,16.0,16.0,10.0,0.2173461864059641
1.0,0.0,0.0,0.0,0.0,0.0,0.0,1.0,20.0,16.0,10.0,0.2879652639340235
1.0,0.0,0.0,0.0,0.0,0.0,0.0,2.0,20.0,16.0,10.0,0.29054589147710214
1.0,0.0,0.0,0.0,0.0,0.0,0.0,3.0,20.0,16.0,10.0,0.20007373221551666
1.0,0.0,0.0,0.0,0.0,0.0,0.0,4.0,20.0,16.0,10.0,0.19496709358529735
1.0,0.0,0.0,0.0,0.0,0.0,0.0,1.0,32.0,16.0,10.0,0.264917119528114
1.0,0.0,0.0,0.0,0.0,0.0,0.0,2.0,32.0,16.0,10.0,0.26882219612769326
1.0,0.0,0.0,0.0,0.0,0.0,0.0,3.0,32.0,16.0,10.0,0.1570496190502199
1.0,0.0,0.0,0.0,0.0,0.0,0.0,4.0,32.0,16.0,10.0,0.15493323138261567
1.0,0.0,0.0,0.0,0.0,0.0,0.0,1.0,64.0,16.0,10.0,0.23044048171714143
1.0,0.0,0.0,0.0,0.0,0.0,0.0,2.0,64.0,16.0,10.0,0.2338540102132774
1.0,0.0,0.0,0.0,0.0,0.0,0.0,3.0,64.0,16.0,10.0,0.1208389087632104
1.0,0.0,0.0,0.0,0.0,0.0,0.0,4.0,64.0,16.0,10.0,0.11973292553046239
1.0,0.0,0.0,0.0,0.0,0.0,0.0,1.0,128.0,16.0,10.0,0.14492476583194525
1.0,0.0,0.0,0.0,0.0,0.0,0.0,2.0,128.0,16.0,10.0,0.14200278543925288
1.0,0.0,0.0,0.0,0.0,0.0,0.0,3.0,128.0,16.0,10.0,0.07606706900789212
1.0,0.0,0.0,0.0,0.0,0.0,0.0,4.0,128.0,16.0,10.0,0.07460607881154596
1.0,0.0,0.0,0.0,0.0,0.0,0.0,1.0,0.0,20.0,10.0,0.09275239629700432
1.0,0.0,0.0,0.0,0.0,0.0,0.0,2.0,0.0,20.0,10.0,0.09445916054507231
1.0,0.0,0.0,0.0,0.0,0.0,0.0,3.0,0.0,20.0,10.0,0.043147000191157636
1.0,0.0,0.0,0.0,0.0,0.0,0.0,4.0,0.0,20.0,10.0,0.044143750512029345
1.0,0.0,0.0,0.0,0.0,0.0,0.0,1.0,8.0,20.0,10.0,0.41559026734755194
1.0,0.0,0.0,0.0,0.0,0.0,0.0,2.0,8.0,20.0,10.0,0.4034654141292772
1.0,0.0,0.0,0.0,0.0,0.0,0.0,3.0,8.0,20.0,10.0,0.31179169283705194
1.0,0.0,0.0,0.0,0.0,0.0,0.0,4.0,8.0,20.0,10.0,0.2991752915153337
1.0,0.0,0.0,0.0,0.0,0.0,0.0,1.0,10.0,20.0,10.0,0.3579289439908245
1.0,0.0,0.0,0.0,0.0,0.0,0.0,2.0,10.0,20.0,10.0,0.3485349135694586
1.0,0.0,0.0,0.0,0.0,0.0,0.0,3.0,10.0,20.0,10.0,0.2621726426172207
1.0,0.0,0.0,0.0,0.0,0.0,0.0,4.0,10.0,20.0,10.0,0.25223244763647285
1.0,0.0,0.0,0.0,0.0,0.0,0.0,1.0,16.0,20.0,10.0,0.2739151806439281
1.0,0.0,0.0,0.0,0.0,0.0,0.0,2.0,16.0,20.0,10.0,0.2674158223872854
1.0,0.0,0.0,0.0,0.0,0.0,0.0,3.0,16.0,20.0,10.0,0.19465304896365282
1.0,0.0,0.0,0.0,0.0,0.0,0.0,4.0,16.0,20.0,10.0,0.18837215653076272
1.0,0.0,0.0,0.0,0.0,0.0,0.0,1.0,20.0,20.0,10.0,0.2668150413719654
1.0,0.0,0.0,0.0,0.0,0.0,0.0,2.0,20.0,20.0,10.0,0.26697889073977993
1.0,0.0,0.0,0.0,0.0,0.0,0.0,3.0,20.0,20.0,10.0,0.17684808432780802
1.0,0.0,0.0,0.0,0.0,0.0,0.0,4.0,20.0,20.0,10.0,0.17307954886807403
1.0,0.0,0.0,0.0,0.0,0.0,0.0,1.0,32.0,20.0,10.0,0.26800294928862073
1.0,0.0,0.0,0.0,0.0,0.0,0.0,2.0,32.0,20.0,10.0,0.2526830333979629
1.0,0.0,0.0,0.0,0.0,0.0,0.0,3.0,32.0,20.0,10.0,0.14489745760397615
1.0,0.0,0.0,0.0,0.0,0.0,0.0,4.0,32.0,20.0,10.0,0.1411289221442421
1.0,0.0,0.0,0.0,0.0,0.0,0.0,1.0,64.0,20.0,10.0,0.22504710669324673
1.0,0.0,0.0,0.0,0.0,0.0,0.0,2.0,64.0,20.0,10.0,0.22312187662142607
1.0,0.0,0.0,0.0,0.0,0.0,0.0,3.0,64.0,20.0,10.0,0.11545918785330023
1.0,0.0,0.0,0.0,0.0,0.0,0.0,4.0,64.0,20.0,10.0,0.11275567328436065
1.0,0.0,0.0,0.0,0.0,0.0,0.0,1.0,128.0,20.0,10.0,0.13412436167017128
1.0,0.0,0.0,0.0,0.0,0.0,0.0,2.0,128.0,20.0,10.0,0.13157104235506162
1.0,0.0,0.0,0.0,0.0,0.0,0.0,3.0,128.0,20.0,10.0,0.07227122532018904
1.0,0.0,0.0,0.0,0.0,0.0,0.0,4.0,128.0,20.0,10.0,0.07052349873016744
1.0,0.0,0.0,0.0,0.0,0.0,0.0,1.0,0.0,32.0,10.0,0.08775499057866143
1.0,0.0,0.0,0.0,0.0,0.0,0.0,2.0,0.0,32.0,10.0,0.09029465577978651
1.0,0.0,0.0,0.0,0.0,0.0,0.0,3.0,0.0,32.0,10.0,0.044143750512029345
1.0,0.0,0.0,0.0,0.0,0.0,0.0,4.0,0.0,32.0,10.0,0.04482645621125653
1.0,0.0,0.0,0.0,0.0,0.0,0.0,1.0,8.0,32.0,10.0,0.320134356481608
1.0,0.0,0.0,0.0,0.0,0.0,0.0,2.0,8.0,32.0,10.0,0.3133346077173053
1.0,0.0,0.0,0.0,0.0,0.0,0.0,3.0,8.0,32.0,10.0,0.22349053769900878
1.0,0.0,0.0,0.0,0.0,0.0,0.0,4.0,8.0,32.0,10.0,0.2151615281684372
1.0,0.0,0.0,0.0,0.0,0.0,0.0,1.0,10.0,32.0,10.0,0.28123378573964347
1.0,0.0,0.0,0.0,0.0,0.0,0.0,2.0,10.0,32.0,10.0,0.2675523635271308
1.0,0.0,0.0,0.0,0.0,0.0,0.0,3.0,10.0,32.0,10.0,0.1929462847155849
1.0,0.0,0.0,0.0,0.0,0.0,0.0,4.0,10.0,32.0,10.0,0.18385264480187885
1.0,0.0,0.0,0.0,0.0,0.0,0.0,1.0,16.0,32.0,10.0,0.2205002867363937
1.0,0.0,0.0,0.0,0.0,0.0,0.0,2.0,16.0,32.0,10.0,0.22121030066359
1.0,0.0,0.0,0.0,0.0,0.0,0.0,3.0,16.0,32.0,10.0,0.14870695540566375
1.0,0.0,0.0,0.0,0.0,0.0,0.0,4.0,16.0,32.0,10.0,0.14552554684726515
1.0,0.0,0.0,0.0,0.0,0.0,0.0,1.0,20.0,32.0,10.0,0.22530653485895308
1.0,0.0,0.0,0.0,0.0,0.0,0.0,2.0,20.0,32.0,10.0,0.2238045823206533
1.0,0.0,0.0,0.0,0.0,0.0,0.0,3.0,20.0,32.0,10.0,0.14443321772850165
1.0,0.0,0.0,0.0,0.0,0.0,0.0,4.0,20.0,32.0,10.0,0.13947677435211236
1.0,0.0,0.0,0.0,0.0,0.0,0.0,1.0,32.0,32.0,10.0,0.23004451241158969
1.0,0.0,0.0,0.0,0.0,0.0,0.0,2.0,32.0,32.0,10.0,0.22635790163576291
1.0,0.0,0.0,0.0,0.0,0.0,0.0,3.0,32.0,32.0,10.0,0.12441628662716087
1.0,0.0,0.0,0.0,0.0,0.0,0.0,4.0,32.0,32.0,10.0,0.11917310685709609
1.0,0.0,0.0,0.0,0.0,0.0,0.0,1.0,64.0,32.0,10.0,0.21468363417897812
1.0,0.0,0.0,0.0,0.0,0.0,0.0,2.0,64.0,32.0,10.0,0.2075834949070156
1.0,0.0,0.0,0.0,0.0,0.0,0.0,3.0,64.0,32.0,10.0,0.10785384636390949
1.0,0.0,0.0,0.0,0.0,0.0,0.0,4.0,64.0,32.0,10.0,0.1030339441273656
1.0,0.0,0.0,0.0,0.0,0.0,0.0,1.0,128.0,32.0,10.0,0.1255359239738934
1.0,0.0,0.0,0.0,0.0,0.0,0.0,2.0,128.0,32.0,10.0,0.12120756984079312
1.0,0.0,0.0,0.0,0.0,0.0,0.0,3.0,128.0,32.0,10.0,0.06988175537289393
1.0,0.0,0.0,0.0,0.0,0.0,0.0,4.0,128.0,32.0,10.0,0.06710997023403154
1.0,0.0,0.0,0.0,0.0,0.0,0.0,1.0,0.0,64.0,10.0,0.08836942570796591
1.0,0.0,0.0,0.0,0.0,0.0,0.0,2.0,0.0,64.0,10.0,0.09047215926158553
1.0,0.0,0.0,0.0,0.0,0.0,0.0,3.0,0.0,64.0,10.0,0.05206313662306461
1.0,0.0,0.0,0.0,0.0,0.0,0.0,4.0,0.0,64.0,10.0,0.05273218820830722
1.0,0.0,0.0,0.0,0.0,0.0,0.0,1.0,8.0,64.0,10.0,0.2451459624784948
1.0,0.0,0.0,0.0,0.0,0.0,0.0,2.0,8.0,64.0,10.0,0.23338977033780278
1.0,0.0,0.0,0.0,0.0,0.0,0.0,3.0,8.0,64.0,10.0,0.15638056746497725
1.0,0.0,0.0,0.0,0.0,0.0,0.0,4.0,8.0,64.0,10.0,0.1458805538108633
1.0,0.0,0.0,0.0,0.0,0.0,0.0,1.0,10.0,64.0,10.0,0.22164723231109534
1.0,0.0,0.0,0.0,0.0,0.0,0.0,2.0,10.0,64.0,10.0,0.20597230945683936
1.0,0.0,0.0,0.0,0.0,0.0,0.0,3.0,10.0,64.0,10.0,0.13785193478795166
1.0,0.0,0.0,0.0,0.0,0.0,0.0,4.0,10.0,64.0,10.0,0.12766596575548217
1.0,0.0,0.0,0.0,0.0,0.0,0.0,1.0,16.0,64.0,10.0,0.18804445779513373
1.0,0.0,0.0,0.0,0.0,0.0,0.0,2.0,16.0,64.0,10.0,0.18098528086512472
1.0,0.0,0.0,0.0,0.0,0.0,0.0,3.0,16.0,64.0,10.0,0.11438051284852135
1.0,0.0,0.0,0.0,0.0,0.0,0.0,4.0,16.0,64.0,10.0,0.10758076408421863
1.0,0.0,0.0,0.0,0.0,0.0,0.0,1.0,20.0,64.0,10.0,0.19713809770883978
1.0,0.0,0.0,0.0,0.0,0.0,0.0,2.0,20.0,64.0,10.0,0.1916901062290069
1.0,0.0,0.0,0.0,0.0,0.0,0.0,3.0,20.0,64.0,10.0,0.11529533848548573
1.0,0.0,0.0,0.0,0.0,0.0,0.0,4.0,20.0,64.0,10.0,0.10785384636390949
1.0,0.0,0.0,0.0,0.0,0.0,0.0,1.0,32.0,64.0,10.0,0.21215762309183767
1.0,0.0,0.0,0.0,0.0,0.0,0.0,2.0,32.0,64.0,10.0,0.20508479204784408
1.0,0.0,0.0,0.0,0.0,0.0,0.0,3.0,32.0,64.0,10.0,0.10602419508998068
1.0,0.0,0.0,0.0,0.0,0.0,0.0,4.0,32.0,64.0,10.0,0.09830962068871357
1.0,0.0,0.0,0.0,0.0,0.0,0.0,1.0,64.0,64.0,10.0,0.21464267183702462
1.0,0.0,0.0,0.0,0.0,0.0,0.0,2.0,64.0,64.0,10.0,0.1968923236571179
1.0,0.0,0.0,0.0,0.0,0.0,0.0,3.0,64.0,64.0,10.0,0.10411261913214453
1.0,0.0,0.0,0.0,0.0,0.0,0.0,4.0,64.0,64.0,10.0,0.09178295420410176
1.0,0.0,0.0,0.0,0.0,0.0,0.0,1.0,128.0,64.0,10.0,0.1367869138971573
1.0,0.0,0.0,0.0,0.0,0.0,0.0,2.0,128.0,64.0,10.0,0.12485321827466622
1.0,0.0,0.0,0.0,0.0,0.0,0.0,3.0,128.0,64.0,10.0,0.08253911903656574
1.0,0.0,0.0,0.0,0.0,0.0,0.0,4.0,128.0,64.0,10.0,0.07605341489390754
1.0,0.0,0.0,0.0,0.0,0.0,0.0,1.0,0.0,128.0,10.0,0.17697097135366885
1.0,0.0,0.0,0.0,0.0,0.0,0.0,2.0,0.0,128.0,10.0,0.17828176629618514
1.0,0.0,0.0,0.0,0.0,0.0,0.0,3.0,0.0,128.0,10.0,0.15795079057319977
1.0,0.0,0.0,0.0,0.0,0.0,0.0,4.0,0.0,128.0,10.0,0.15920696905977777
1.0,0.0,0.0,0.0,0.0,0.0,0.0,1.0,8.0,128.0,10.0,0.21281302056309576
1.0,0.0,0.0,0.0,0.0,0.0,0.0,2.0,8.0,128.0,10.0,0.2022310822250744
1.0,0.0,0.0,0.0,0.0,0.0,0.0,3.0,8.0,128.0,10.0,0.12382915972582542
1.0,0.0,0.0,0.0,0.0,0.0,0.0,4.0,8.0,128.0,10.0,0.1148720609519649
1.0,0.0,0.0,0.0,0.0,0.0,0.0,1.0,10.0,128.0,10.0,0.1952265217510037
1.0,0.0,0.0,0.0,0.0,0.0,0.0,2.0,10.0,128.0,10.0,0.18202299352794998
1.0,0.0,0.0,0.0,0.0,0.0,0.0,3.0,10.0,128.0,10.0,0.11134929954395262
1.0,0.0,0.0,0.0,0.0,0.0,0.0,4.0,10.0,128.0,10.0,0.103621071028701
1.0,0.0,0.0,0.0,0.0,0.0,0.0,1.0,16.0,128.0,10.0,0.17060815423687165
1.0,0.0,0.0,0.0,0.0,0.0,0.0,2.0,16.0,128.0,10.0,0.1647778475654716
1.0,0.0,0.0,0.0,0.0,0.0,0.0,3.0,16.0,128.0,10.0,0.0981594254348836
1.0,0.0,0.0,0.0,0.0,0.0,0.0,4.0,16.0,128.0,10.0,0.09235642699145258
1.0,0.0,0.0,0.0,0.0,0.0,0.0,1.0,20.0,128.0,10.0,0.18483574100876604
1.0,0.0,0.0,0.0,0.0,0.0,0.0,2.0,20.0,128.0,10.0,0.17975641060651576
1.0,0.0,0.0,0.0,0.0,0.0,0.0,3.0,20.0,128.0,10.0,0.10224200551626211
1.0,0.0,0.0,0.0,0.0,0.0,0.0,4.0,20.0,128.0,10.0,0.09559245200578936
1.0,0.0,0.0,0.0,0.0,0.0,0.0,1.0,32.0,128.0,10.0,0.2071738714874793
1.0,0.0,0.0,0.0,0.0,0.0,0.0,2.0,32.0,128.0,10.0,0.19887217018487674
1.0,0.0,0.0,0.0,0.0,0.0,0.0,3.0,32.0,128.0,10.0,0.09964772385919884
1.0,0.0,0.0,0.0,0.0,0.0,0.0,4.0,32.0,128.0,10.0,0.09288893743684978
1.0,0.0,0.0,0.0,0.0,0.0,0.0,1.0,64.0,128.0,10.0,0.22286244845571984
1.0,0.0,0.0,0.0,0.0,0.0,0.0,2.0,64.0,128.0,10.0,0.20796581009858278
1.0,0.0,0.0,0.0,0.0,0.0,0.0,3.0,64.0,128.0,10.0,0.11047543624894185
1.0,0.0,0.0,0.0,0.0,0.0,0.0,4.0,64.0,128.0,10.0,0.09672574346650653
1.0,0.0,0.0,0.0,0.0,0.0,0.0,1.0,128.0,128.0,10.0,0.17529151533357007
1.0,0.0,0.0,0.0,0.0,0.0,0.0,2.0,128.0,128.0,10.0,0.15460553264698657
1.0,0.0,0.0,0.0,0.0,0.0,0.0,3.0,128.0,128.0,10.0,0.11517245145962485
1.0,0.0,0.0,0.0,0.0,0.0,0.0,4.0,128.0,128.0,10.0,0.1054780305305989
1.0,0.0,0.0,0.0,0.0,0.0,0.0,1.0,0.0,0.0,16.0,0.21996777629099656
1.0,0.0,0.0,0.0,0.0,0.0,0.0,2.0,0.0,0.0,16.0,0.2221797427564926
1.0,0.0,0.0,0.0,0.0,0.0,0.0,3.0,0.0,0.0,16.0,0.20662770692809757
1.0,0.0,0.0,0.0,0.0,0.0,0.0,4.0,0.0,0.0,16.0,0.20774734427483005
1.0,0.0,0.0,0.0,0.0,0.0,0.0,1.0,8.0,0.0,16.0,0.2689041208116006
1.0,0.0,0.0,0.0,0.0,0.0,0.0,2.0,8.0,0.0,16.0,0.36644911111717965
1.0,0.0,0.0,0.0,0.0,0.0,0.0,3.0,8.0,0.0,16.0,0.1716458668996969
1.0,0.0,0.0,0.0,0.0,0.0,0.0,4.0,8.0,0.0,16.0,0.2478358229334499
1.0,0.0,0.0,0.0,0.0,0.0,0.0,1.0,10.0,0.0,16.0,0.25743466506458407
1.0,0.0,0.0,0.0,0.0,0.0,0.0,2.0,10.0,0.0,16.0,0.34473906988175546
1.0,0.0,0.0,0.0,0.0,0.0,0.0,3.0,10.0,0.0,16.0,0.164914388705317
1.0,0.0,0.0,0.0,0.0,0.0,0.0,4.0,10.0,0.0,16.0,0.232461290586854
1.0,0.0,0.0,0.0,0.0,0.0,0.0,1.0,16.0,0.0,16.0,0.2510581938338022
1.0,0.0,0.0,0.0,0.0,0.0,0.0,2.0,16.0,0.0,16.0,0.3109178295420411
1.0,0.0,0.0,0.0,0.0,0.0,0.0,3.0,16.0,0.0,16.0,0.15143777820257248
1.0,0.0,0.0,0.0,0.0,0.0,0.0,4.0,16.0,0.0,16.0,0.19078893470602704
1.0,0.0,0.0,0.0,0.0,0.0,0.0,1.0,20.0,0.0,16.0,0.2570113875310632
1.0,0.0,0.0,0.0,0.0,0.0,0.0,2.0,20.0,0.0,16.0,0.2974821813812503
1.0,0.0,0.0,0.0,0.0,0.0,0.0,3.0,20.0,0.0,16.0,0.14777847565471486
1.0,0.0,0.0,0.0,0.0,0.0,0.0,4.0,20.0,0.0,16.0,0.17152297987383608
1.0,0.0,0.0,0.0,0.0,0.0,0.0,1.0,32.0,0.0,16.0,0.2622409131871433
1.0,0.0,0.0,0.0,0.0,0.0,0.0,2.0,32.0,0.0,16.0,0.2761954176793468
1.0,0.0,0.0,0.0,0.0,0.0,0.0,3.0,32.0,0.0,16.0,0.14025505884923134
1.0,0.0,0.0,0.0,0.0,0.0,0.0,4.0,32.0,0.0,16.0,0.14818809907425112
1.0,0.0,0.0,0.0,0.0,0.0,0.0,1.0,64.0,0.0,16.0,0.30698544471449246
1.0,0.0,0.0,0.0,0.0,0.0,0.0,2.0,64.0,0.0,16.0,0.3584751085502063
1.0,0.0,0.0,0.0,0.0,0.0,0.0,3.0,64.0,0.0,16.0,0.167099046942844
1.0,0.0,0.0,0.0,0.0,0.0,0.0,4.0,64.0,0.0,16.0,0.24474999317294316
1.0,0.0,0.0,0.0,0.0,0.0,0.0,1.0,128.0,0.0,16.0,0.3133755700592589
1.0,0.0,0.0,0.0,0.0,0.0,0.0,2.0,128.0,0.0,16.0,0.34939512275048484
1.0,0.0,0.0,0.0,0.0,0.0,0.0,3.0,128.0,0.0,16.0,0.2697370217646578
1.0,0.0,0.0,0.0,0.0,0.0,0.0,4.0,128.0,0.0,16.0,0.3045959747671974
1.0,0.0,0.0,0.0,0.0,0.0,0.0,1.0,0.0,8.0,16.0,0.09541494852399035
1.0,0.0,0.0,0.0,0.0,0.0,0.0,2.0,0.0,8.0,16.0,0.09477320516671678
1.0,0.0,0.0,0.0,0.0,0.0,0.0,3.0,0.0,8.0,16.0,0.03970616346705269
1.0,0.0,0.0,0.0,0.0,0.0,0.0,4.0,0.0,8.0,16.0,0.04350200715475577
1.0,0.0,0.0,0.0,0.0,0.0,0.0,1.0,8.0,8.0,16.0,0.7712116660749886
1.0,0.0,0.0,0.0,0.0,0.0,0.0,2.0,8.0,8.0,16.0,0.7624047625549579
1.0,0.0,0.0,0.0,0.0,0.0,0.0,3.0,8.0,8.0,16.0,0.6392310003003907
1.0,0.0,0.0,0.0,0.0,0.0,0.0,4.0,8.0,8.0,16.0,0.6291679182937819
1.0,0.0,0.0,0.0,0.0,0.0,0.0,1.0,10.0,8.0,16.0,0.6489254212294164
1.0,0.0,0.0,0.0,0.0,0.0,0.0,2.0,10.0,8.0,16.0,0.6409650727764276
1.0,0.0,0.0,0.0,0.0,0.0,0.0,3.0,10.0,8.0,16.0,0.5290696086730933
1.0,0.0,0.0,0.0,0.0,0.0,0.0,4.0,10.0,8.0,16.0,0.515046833610967
1.0,0.0,0.0,0.0,0.0,0.0,0.0,1.0,16.0,8.0,16.0,0.44384062918157247
1.0,0.0,0.0,0.0,0.0,0.0,0.0,2.0,16.0,8.0,16.0,0.44054998771129755
1.0,0.0,0.0,0.0,0.0,0.0,0.0,3.0,16.0,8.0,16.0,0.3547065730904722
1.0,0.0,0.0,0.0,0.0,0.0,0.0,4.0,16.0,8.0,16.0,0.3536415521996779
1.0,0.0,0.0,0.0,0.0,0.0,0.0,1.0,20.0,8.0,16.0,0.40657855211775323
1.0,0.0,0.0,0.0,0.0,0.0,0.0,2.0,20.0,8.0,16.0,0.4084901280755893
1.0,0.0,0.0,0.0,0.0,0.0,0.0,3.0,20.0,8.0,16.0,0.3099347333351539
1.0,0.0,0.0,0.0,0.0,0.0,0.0,4.0,20.0,8.0,16.0,0.3038586526120321
1.0,0.0,0.0,0.0,0.0,0.0,0.0,1.0,32.0,8.0,16.0,0.33957781479559807
1.0,0.0,0.0,0.0,0.0,0.0,0.0,2.0,32.0,8.0,16.0,0.341134383789836
1.0,0.0,0.0,0.0,0.0,0.0,0.0,3.0,32.0,8.0,16.0,0.22295802725361163
1.0,0.0,0.0,0.0,0.0,0.0,0.0,4.0,32.0,8.0,16.0,0.22448728801988044
1.0,0.0,0.0,0.0,0.0,0.0,0.0,1.0,64.0,8.0,16.0,0.27054261448974587
1.0,0.0,0.0,0.0,0.0,0.0,0.0,2.0,64.0,8.0,16.0,0.2730003550069637
1.0,0.0,0.0,0.0,0.0,0.0,0.0,3.0,64.0,8.0,16.0,0.15288511428493412
1.0,0.0,0.0,0.0,0.0,0.0,0.0,4.0,64.0,8.0,16.0,0.15213413801578424
1.0,0.0,0.0,0.0,0.0,0.0,0.0,1.0,128.0,8.0,16.0,0.1678363690980093
1.0,0.0,0.0,0.0,0.0,0.0,0.0,2.0,128.0,8.0,16.0,0.1680275266937929
1.0,0.0,0.0,0.0,0.0,0.0,0.0,3.0,128.0,8.0,16.0,0.09026734755181737
1.0,0.0,0.0,0.0,0.0,0.0,0.0,4.0,128.0,8.0,16.0,0.0903492722357247
1.0,0.0,0.0,0.0,0.0,0.0,0.0,1.0,0.0,10.0,16.0,0.12393839263770184
1.0,0.0,0.0,0.0,0.0,0.0,0.0,2.0,0.0,10.0,16.0,0.12610939676124422
1.0,0.0,0.0,0.0,0.0,0.0,0.0,3.0,0.0,10.0,16.0,0.05828941260001641
1.0,0.0,0.0,0.0,0.0,0.0,0.0,4.0,0.0,10.0,16.0,0.06170294109615232
1.0,0.0,0.0,0.0,0.0,0.0,0.0,1.0,8.0,10.0,16.0,0.7056992271771485
1.0,0.0,0.0,0.0,0.0,0.0,0.0,2.0,8.0,10.0,16.0,0.6841257270815697
1.0,0.0,0.0,0.0,0.0,0.0,0.0,3.0,8.0,10.0,16.0,0.5676834430213824
1.0,0.0,0.0,0.0,0.0,0.0,0.0,4.0,8.0,10.0,16.0,0.5515988967475902
1.0,0.0,0.0,0.0,0.0,0.0,0.0,1.0,10.0,10.0,16.0,0.5955924520057896
1.0,0.0,0.0,0.0,0.0,0.0,0.0,2.0,10.0,10.0,16.0,0.591660067178241
1.0,0.0,0.0,0.0,0.0,0.0,0.0,3.0,10.0,10.0,16.0,0.4732652448182639
1.0,0.0,0.0,0.0,0.0,0.0,0.0,4.0,10.0,10.0,16.0,0.4612223162838965
1.0,0.0,0.0,0.0,0.0,0.0,0.0,1.0,16.0,10.0,16.0,0.43376389306097934
1.0,0.0,0.0,0.0,0.0,0.0,0.0,2.0,16.0,10.0,16.0,0.4283432098091156
1.0,0.0,0.0,0.0,0.0,0.0,0.0,3.0,16.0,10.0,16.0,0.3309484147573664
1.0,0.0,0.0,0.0,0.0,0.0,0.0,4.0,16.0,10.0,16.0,0.3253911903656573
1.0,0.0,0.0,0.0,0.0,0.0,0.0,1.0,20.0,10.0,16.0,0.4070427919932276
1.0,0.0,0.0,0.0,0.0,0.0,0.0,2.0,20.0,10.0,16.0,0.4113848002403125
1.0,0.0,0.0,0.0,0.0,0.0,0.0,3.0,20.0,10.0,16.0,0.2948332832682487
1.0,0.0,0.0,0.0,0.0,0.0,0.0,4.0,20.0,10.0,16.0,0.2897676069799832
1.0,0.0,0.0,0.0,0.0,0.0,0.0,1.0,32.0,10.0,16.0,0.3574920123433191
1.0,0.0,0.0,0.0,0.0,0.0,0.0,2.0,32.0,10.0,16.0,0.360755345585625
1.0,0.0,0.0,0.0,0.0,0.0,0.0,3.0,32.0,10.0,16.0,0.22425516808214324
1.0,0.0,0.0,0.0,0.0,0.0,0.0,4.0,32.0,10.0,16.0,0.2217564652229717
1.0,0.0,0.0,0.0,0.0,0.0,0.0,1.0,64.0,10.0,16.0,0.28822469209972973
1.0,0.0,0.0,0.0,0.0,0.0,0.0,2.0,64.0,10.0,16.0,0.2887435484311424
1.0,0.0,0.0,0.0,0.0,0.0,0.0,3.0,64.0,10.0,16.0,0.16580190611431228
1.0,0.0,0.0,0.0,0.0,0.0,0.0,4.0,64.0,10.0,16.0,0.16380840547256897
1.0,0.0,0.0,0.0,0.0,0.0,0.0,1.0,128.0,10.0,16.0,0.18032988339386663
1.0,0.0,0.0,0.0,0.0,0.0,0.0,2.0,128.0,10.0,16.0,0.1814222125126302
1.0,0.0,0.0,0.0,0.0,0.0,0.0,3.0,128.0,10.0,16.0,0.0996204156312297
1.0,0.0,0.0,0.0,0.0,0.0,0.0,4.0,128.0,10.0,16.0,0.0988284770201262
1.0,0.0,0.0,0.0,0.0,0.0,0.0,1.0,0.0,16.0,16.0,0.08854692918976492
1.0,0.0,0.0,0.0,0.0,0.0,0.0,2.0,0.0,16.0,16.0,0.09193314945793174
1.0,0.0,0.0,0.0,0.0,0.0,0.0,3.0,0.0,16.0,16.0,0.03771266282530933
1.0,0.0,0.0,0.0,0.0,0.0,0.0,4.0,0.0,16.0,16.0,0.040648297331986216
1.0,0.0,0.0,0.0,0.0,0.0,0.0,1.0,8.0,16.0,16.0,0.462369261858598
1.0,0.0,0.0,0.0,0.0,0.0,0.0,2.0,8.0,16.0,16.0,0.458273027663235
1.0,0.0,0.0,0.0,0.0,0.0,0.0,3.0,8.0,16.0,16.0,0.3599770610885061
1.0,0.0,0.0,0.0,0.0,0.0,0.0,4.0,8.0,16.0,16.0,0.35556678227149846
1.0,0.0,0.0,0.0,0.0,0.0,0.0,1.0,10.0,16.0,16.0,0.4059914252164178
1.0,0.0,0.0,0.0,0.0,0.0,0.0,2.0,10.0,16.0,16.0,0.3889101286217537
1.0,0.0,0.0,0.0,0.0,0.0,0.0,3.0,10.0,16.0,16.0,0.3042682760315684
1.0,0.0,0.0,0.0,0.0,0.0,0.0,4.0,10.0,16.0,16.0,0.2950790573199706
1.0,0.0,0.0,0.0,0.0,0.0,0.0,1.0,16.0,16.0,16.0,0.2935771047816708
1.0,0.0,0.0,0.0,0.0,0.0,0.0,2.0,16.0,16.0,16.0,0.2975914142931267
1.0,0.0,0.0,0.0,0.0,0.0,0.0,3.0,16.0,16.0,16.0,0.2156257680439117
1.0,0.0,0.0,0.0,0.0,0.0,0.0,4.0,16.0,16.0,16.0,0.21557115158797352
1.0,0.0,0.0,0.0,0.0,0.0,0.0,1.0,20.0,16.0,16.0,0.28300882055763416
1.0,0.0,0.0,0.0,0.0,0.0,0.0,2.0,20.0,16.0,16.0,0.2847565471476557
1.0,0.0,0.0,0.0,0.0,0.0,0.0,3.0,20.0,16.0,16.0,0.19914525246456766
1.0,0.0,0.0,0.0,0.0,0.0,0.0,4.0,20.0,16.0,16.0,0.1945165078238073
1.0,0.0,0.0,0.0,0.0,0.0,0.0,1.0,32.0,16.0,16.0,0.26185859799557615
1.0,0.0,0.0,0.0,0.0,0.0,0.0,2.0,32.0,16.0,16.0,0.2654496299735111
1.0,0.0,0.0,0.0,0.0,0.0,0.0,3.0,32.0,16.0,16.0,0.15441437505120298
1.0,0.0,0.0,0.0,0.0,0.0,0.0,4.0,32.0,16.0,16.0,0.15396378928971305
1.0,0.0,0.0,0.0,0.0,0.0,0.0,1.0,64.0,16.0,16.0,0.2281329364537535
1.0,0.0,0.0,0.0,0.0,0.0,0.0,2.0,64.0,16.0,16.0,0.22805101176984638
1.0,0.0,0.0,0.0,0.0,0.0,0.0,3.0,64.0,16.0,16.0,0.12019716540593689
1.0,0.0,0.0,0.0,0.0,0.0,0.0,4.0,64.0,16.0,16.0,0.12019716540593689
1.0,0.0,0.0,0.0,0.0,0.0,0.0,1.0,128.0,16.0,16.0,0.14201643955323745
1.0,0.0,0.0,0.0,0.0,0.0,0.0,2.0,128.0,16.0,16.0,0.13991370599961778
1.0,0.0,0.0,0.0,0.0,0.0,0.0,3.0,128.0,16.0,16.0,0.07385510254239608
1.0,0.0,0.0,0.0,0.0,0.0,0.0,4.0,128.0,16.0,16.0,0.07064638575602833
1.0,0.0,0.0,0.0,0.0,0.0,0.0,1.0,0.0,20.0,16.0,0.08533821240339717
1.0,0.0,0.0,0.0,0.0,0.0,0.0,2.0,0.0,20.0,16.0,0.08902482317922394
1.0,0.0,0.0,0.0,0.0,0.0,0.0,3.0,0.0,20.0,16.0,0.038777683716103684
1.0,0.0,0.0,0.0,0.0,0.0,0.0,4.0,0.0,20.0,16.0,0.03991097517682085
1.0,0.0,0.0,0.0,0.0,0.0,0.0,1.0,8.0,20.0,16.0,0.41373330784565393
1.0,0.0,0.0,0.0,0.0,0.0,0.0,2.0,8.0,20.0,16.0,0.4027690543160655
1.0,0.0,0.0,0.0,0.0,0.0,0.0,3.0,8.0,20.0,16.0,0.30815969851716335
1.0,0.0,0.0,0.0,0.0,0.0,0.0,4.0,8.0,20.0,16.0,0.29738660258335853
1.0,0.0,0.0,0.0,0.0,0.0,0.0,1.0,10.0,20.0,16.0,0.3563996832245557
1.0,0.0,0.0,0.0,0.0,0.0,0.0,2.0,10.0,20.0,16.0,0.342895764493842
1.0,0.0,0.0,0.0,0.0,0.0,0.0,3.0,10.0,20.0,16.0,0.2590458505147602
1.0,0.0,0.0,0.0,0.0,0.0,0.0,4.0,10.0,20.0,16.0,0.25018433053879136
1.0,0.0,0.0,0.0,0.0,0.0,0.0,1.0,16.0,20.0,16.0,0.2728091974111801
1.0,0.0,0.0,0.0,0.0,0.0,0.0,2.0,16.0,20.0,16.0,0.2666648461181355
1.0,0.0,0.0,0.0,0.0,0.0,0.0,3.0,16.0,20.0,16.0,0.19147164040525416
1.0,0.0,0.0,0.0,0.0,0.0,0.0,4.0,16.0,20.0,16.0,0.1870886698162157
1.0,0.0,0.0,0.0,0.0,0.0,0.0,1.0,20.0,20.0,16.0,0.26432999262677853
1.0,0.0,0.0,0.0,0.0,0.0,0.0,2.0,20.0,20.0,16.0,0.26226822141511236
1.0,0.0,0.0,0.0,0.0,0.0,0.0,3.0,20.0,20.0,16.0,0.17505939539583276
1.0,0.0,0.0,0.0,0.0,0.0,0.0,4.0,20.0,20.0,16.0,0.17168682924165052
1.0,0.0,0.0,0.0,0.0,0.0,0.0,1.0,32.0,20.0,16.0,0.2523553346623339
1.0,0.0,0.0,0.0,0.0,0.0,0.0,2.0,32.0,20.0,16.0,0.2501297140828533
1.0,0.0,0.0,0.0,0.0,0.0,0.0,3.0,32.0,20.0,16.0,0.14254894999863466
1.0,0.0,0.0,0.0,0.0,0.0,0.0,4.0,32.0,20.0,16.0,0.13950408258008146
1.0,0.0,0.0,0.0,0.0,0.0,0.0,1.0,64.0,20.0,16.0,0.22344957535705517
1.0,0.0,0.0,0.0,0.0,0.0,0.0,2.0,64.0,20.0,16.0,0.22044567028045564
1.0,0.0,0.0,0.0,0.0,0.0,0.0,3.0,64.0,20.0,16.0,0.1155684207651766
1.0,0.0,0.0,0.0,0.0,0.0,0.0,4.0,64.0,20.0,16.0,0.11356126600944871
1.0,0.0,0.0,0.0,0.0,0.0,0.0,1.0,128.0,20.0,16.0,0.13259510090390236
1.0,0.0,0.0,0.0,0.0,0.0,0.0,2.0,128.0,20.0,16.0,0.12968677462519462
1.0,0.0,0.0,0.0,0.0,0.0,0.0,3.0,128.0,20.0,16.0,0.06982713891695574
1.0,0.0,0.0,0.0,0.0,0.0,0.0,4.0,128.0,20.0,16.0,0.067546901881537
1.0,0.0,0.0,0.0,0.0,0.0,0.0,1.0,0.0,32.0,16.0,0.07938501870613623
1.0,0.0,0.0,0.0,0.0,0.0,0.0,2.0,0.0,32.0,16.0,0.08203391681913769
1.0,0.0,0.0,0.0,0.0,0.0,0.0,3.0,0.0,32.0,16.0,0.03782189573718564
1.0,0.0,0.0,0.0,0.0,0.0,0.0,4.0,0.0,32.0,16.0,0.038490947322428304
1.0,0.0,0.0,0.0,0.0,0.0,0.0,1.0,8.0,32.0,16.0,0.31569676943663133
1.0,0.0,0.0,0.0,0.0,0.0,0.0,2.0,8.0,32.0,16.0,0.3062344684453426
1.0,0.0,0.0,0.0,0.0,0.0,0.0,3.0,8.0,32.0,16.0,0.2207324066741309
1.0,0.0,0.0,0.0,0.0,0.0,0.0,4.0,8.0,32.0,16.0,0.2118572325841777
1.0,0.0,0.0,0.0,0.0,0.0,0.0,1.0,10.0,32.0,16.0,0.2790900898440702
1.0,0.0,0.0,0.0,0.0,0.0,0.0,2.0,10.0,32.0,16.0,0.26189956033752976
1.0,0.0,0.0,0.0,0.0,0.0,0.0,3.0,10.0,32.0,16.0,0.1894098691935881
1.0,0.0,0.0,0.0,0.0,0.0,0.0,4.0,10.0,32.0,16.0,0.1805756574455884
1.0,0.0,0.0,0.0,0.0,0.0,0.0,1.0,16.0,32.0,16.0,0.21786504273737678
1.0,0.0,0.0,0.0,0.0,0.0,0.0,2.0,16.0,32.0,16.0,0.21789235096534593
1.0,0.0,0.0,0.0,0.0,0.0,0.0,3.0,16.0,32.0,16.0,0.14623556077446137
1.0,0.0,0.0,0.0,0.0,0.0,0.0,4.0,16.0,32.0,16.0,0.14151123733580934
1.0,0.0,0.0,0.0,0.0,0.0,0.0,1.0,20.0,32.0,16.0,0.22254840383407531
1.0,0.0,0.0,0.0,0.0,0.0,0.0,2.0,20.0,32.0,16.0,0.21831562849886682
1.0,0.0,0.0,0.0,0.0,0.0,0.0,3.0,20.0,32.0,16.0,0.14104699746033483
1.0,0.0,0.0,0.0,0.0,0.0,0.0,4.0,20.0,32.0,16.0,0.13658210218738914
1.0,0.0,0.0,0.0,0.0,0.0,0.0,1.0,32.0,32.0,16.0,0.22616674403997933
1.0,0.0,0.0,0.0,0.0,0.0,0.0,2.0,32.0,32.0,16.0,0.2217155028810181
1.0,0.0,0.0,0.0,0.0,0.0,0.0,3.0,32.0,32.0,16.0,0.12025178186187507
1.0,0.0,0.0,0.0,0.0,0.0,0.0,4.0,32.0,32.0,16.0,0.11466724924219673
1.0,0.0,0.0,0.0,0.0,0.0,0.0,1.0,64.0,32.0,16.0,0.21084682814932149
1.0,0.0,0.0,0.0,0.0,0.0,0.0,2.0,64.0,32.0,16.0,0.2036784183074361
1.0,0.0,0.0,0.0,0.0,0.0,0.0,3.0,64.0,32.0,16.0,0.10411261913214453
1.0,0.0,0.0,0.0,0.0,0.0,0.0,4.0,64.0,32.0,16.0,0.09897867227395618
1.0,0.0,0.0,0.0,0.0,0.0,0.0,1.0,128.0,32.0,16.0,0.12758404107157495
1.0,0.0,0.0,0.0,0.0,0.0,0.0,2.0,128.0,32.0,16.0,0.12249105655534015
1.0,0.0,0.0,0.0,0.0,0.0,0.0,3.0,128.0,32.0,16.0,0.06969059777711029
1.0,0.0,0.0,0.0,0.0,0.0,0.0,4.0,128.0,32.0,16.0,0.06657745978863433
1.0,0.0,0.0,0.0,0.0,0.0,0.0,1.0,0.0,64.0,16.0,0.07993118326551796
1.0,0.0,0.0,0.0,0.0,0.0,0.0,2.0,0.0,64.0,16.0,0.08171987219749316
1.0,0.0,0.0,0.0,0.0,0.0,0.0,3.0,0.0,64.0,16.0,0.041972746388486915
1.0,0.0,0.0,0.0,0.0,0.0,0.0,4.0,0.0,64.0,16.0,0.04372047297850851
1.0,0.0,0.0,0.0,0.0,0.0,0.0,1.0,8.0,64.0,16.0,0.24264725961932337
1.0,0.0,0.0,0.0,0.0,0.0,0.0,2.0,8.0,64.0,16.0,0.23074087222480139
1.0,0.0,0.0,0.0,0.0,0.0,0.0,3.0,8.0,64.0,16.0,0.15026352439990176
1.0,0.0,0.0,0.0,0.0,0.0,0.0,4.0,8.0,64.0,16.0,0.1405008329009531
1.0,0.0,0.0,0.0,0.0,0.0,0.0,1.0,10.0,64.0,16.0,0.21875256014637218
1.0,0.0,0.0,0.0,0.0,0.0,0.0,2.0,10.0,64.0,16.0,0.20180780469155363
1.0,0.0,0.0,0.0,0.0,0.0,0.0,3.0,10.0,64.0,16.0,0.1315164258991235
1.0,0.0,0.0,0.0,0.0,0.0,0.0,4.0,10.0,64.0,16.0,0.12254567301127833
1.0,0.0,0.0,0.0,0.0,0.0,0.0,1.0,16.0,64.0,16.0,0.18265108277123904
1.0,0.0,0.0,0.0,0.0,0.0,0.0,2.0,16.0,64.0,16.0,0.17631557388241087
1.0,0.0,0.0,0.0,0.0,0.0,0.0,3.0,16.0,64.0,16.0,0.10830443212539947
1.0,0.0,0.0,0.0,0.0,0.0,0.0,4.0,16.0,64.0,16.0,0.1013135257653131
1.0,0.0,0.0,0.0,0.0,0.0,0.0,1.0,20.0,64.0,16.0,0.19162183565908414
1.0,0.0,0.0,0.0,0.0,0.0,0.0,2.0,20.0,64.0,16.0,0.18499959037658048
1.0,0.0,0.0,0.0,0.0,0.0,0.0,3.0,20.0,64.0,16.0,0.10867309320298213
1.0,0.0,0.0,0.0,0.0,0.0,0.0,4.0,20.0,64.0,16.0,0.10165487861492672
1.0,0.0,0.0,0.0,0.0,0.0,0.0,1.0,32.0,64.0,16.0,0.20568557306316398
1.0,0.0,0.0,0.0,0.0,0.0,0.0,2.0,32.0,64.0,16.0,0.1990769818946449
1.0,0.0,0.0,0.0,0.0,0.0,0.0,3.0,32.0,64.0,16.0,0.09761326087550182
1.0,0.0,0.0,0.0,0.0,0.0,0.0,4.0,32.0,64.0,16.0,0.09044485103361649
1.0,0.0,0.0,0.0,0.0,0.0,0.0,1.0,64.0,64.0,16.0,0.2173871487479178
1.0,0.0,0.0,0.0,0.0,0.0,0.0,2.0,64.0,64.0,16.0,0.20092028728255834
1.0,0.0,0.0,0.0,0.0,0.0,0.0,3.0,64.0,64.0,16.0,0.0975996067615173
1.0,0.0,0.0,0.0,0.0,0.0,0.0,4.0,64.0,64.0,16.0,0.08490128075589182
1.0,0.0,0.0,0.0,0.0,0.0,0.0,1.0,128.0,64.0,16.0,0.14332723449575363
1.0,0.0,0.0,0.0,0.0,0.0,0.0,2.0,128.0,64.0,16.0,0.1310658401376335
1.0,0.0,0.0,0.0,0.0,0.0,0.0,3.0,128.0,64.0,16.0,0.08701766842349606
1.0,0.0,0.0,0.0,0.0,0.0,0.0,4.0,128.0,64.0,16.0,0.07978098801168798
1.0,0.0,0.0,0.0,0.0,0.0,0.0,1.0,0.0,128.0,16.0,0.17843196155001512
1.0,0.0,0.0,0.0,0.0,0.0,0.0,2.0,0.0,128.0,16.0,0.17609710805865814
1.0,0.0,0.0,0.0,0.0,0.0,0.0,3.0,0.0,128.0,16.0,0.1577596329774162
1.0,0.0,0.0,0.0,0.0,0.0,0.0,4.0,0.0,128.0,16.0,0.15771867063546247
1.0,0.0,0.0,0.0,0.0,0.0,0.0,1.0,8.0,128.0,16.0,0.2061498129386385
1.0,0.0,0.0,0.0,0.0,0.0,0.0,2.0,8.0,128.0,16.0,0.1964690461235971
1.0,0.0,0.0,0.0,0.0,0.0,0.0,3.0,8.0,128.0,16.0,0.11607362298260471
1.0,0.0,0.0,0.0,0.0,0.0,0.0,4.0,8.0,128.0,16.0,0.1070345995248369
1.0,0.0,0.0,0.0,0.0,0.0,0.0,1.0,10.0,128.0,16.0,0.1884813894426391
1.0,0.0,0.0,0.0,0.0,0.0,0.0,2.0,10.0,128.0,16.0,0.17600152926076634
1.0,0.0,0.0,0.0,0.0,0.0,0.0,3.0,10.0,128.0,16.0,0.10329337229307195
1.0,0.0,0.0,0.0,0.0,0.0,0.0,4.0,10.0,128.0,16.0,0.09665747289658377
1.0,0.0,0.0,0.0,0.0,0.0,0.0,1.0,16.0,128.0,16.0,0.1650509298451624
1.0,0.0,0.0,0.0,0.0,0.0,0.0,2.0,16.0,128.0,16.0,0.1578005953193698
1.0,0.0,0.0,0.0,0.0,0.0,0.0,3.0,16.0,128.0,16.0,0.09105928616292092
1.0,0.0,0.0,0.0,0.0,0.0,0.0,4.0,16.0,128.0,16.0,0.0864441956361452
1.0,0.0,0.0,0.0,0.0,0.0,0.0,1.0,20.0,128.0,16.0,0.17957890712471675
1.0,0.0,0.0,0.0,0.0,0.0,0.0,2.0,20.0,128.0,16.0,0.1743903438105902
1.0,0.0,0.0,0.0,0.0,0.0,0.0,3.0,20.0,128.0,16.0,0.0957153390316503
1.0,0.0,0.0,0.0,0.0,0.0,0.0,4.0,20.0,128.0,16.0,0.08939348425680665
1.0,0.0,0.0,0.0,0.0,0.0,0.0,1.0,32.0,128.0,16.0,0.20550806958136486
1.0,0.0,0.0,0.0,0.0,0.0,0.0,2.0,32.0,128.0,16.0,0.19588191922226167
1.0,0.0,0.0,0.0,0.0,0.0,0.0,3.0,32.0,128.0,16.0,0.09297086212075706
1.0,0.0,0.0,0.0,0.0,0.0,0.0,4.0,32.0,128.0,16.0,0.08730440481717144
1.0,0.0,0.0,0.0,0.0,0.0,0.0,1.0,64.0,128.0,16.0,0.23883776181763577
1.0,0.0,0.0,0.0,0.0,0.0,0.0,2.0,64.0,128.0,16.0,0.22476037029957135
1.0,0.0,0.0,0.0,0.0,0.0,0.0,3.0,64.0,128.0,16.0,0.10738960648843499
1.0,0.0,0.0,0.0,0.0,0.0,0.0,4.0,64.0,128.0,16.0,0.09536033206805217
1.0,0.0,0.0,0.0,0.0,0.0,0.0,1.0,128.0,128.0,16.0,0.17344820994565674
1.0,0.0,0.0,0.0,0.0,0.0,0.0,2.0,128.0,128.0,16.0,0.14956716458669
1.0,0.0,0.0,0.0,0.0,0.0,0.0,3.0,128.0,128.0,16.0,0.10819519921352311
1.0,0.0,0.0,0.0,0.0,0.0,0.0,4.0,128.0,128.0,16.0,0.09800923018105362
1.0,0.0,0.0,0.0,0.0,0.0,0.0,1.0,0.0,0.0,20.0,0.22080067724405367
1.0,0.0,0.0,0.0,0.0,0.0,0.0,2.0,0.0,0.0,20.0,0.2216199240831263
1.0,0.0,0.0,0.0,0.0,0.0,0.0,3.0,0.0,0.0,20.0,0.2060542341407467
1.0,0.0,0.0,0.0,0.0,0.0,0.0,4.0,0.0,0.0,20.0,0.20713290914552557
1.0,0.0,0.0,0.0,0.0,0.0,0.0,1.0,8.0,0.0,20.0,0.2995439525929163
1.0,0.0,0.0,0.0,0.0,0.0,0.0,2.0,8.0,0.0,20.0,0.3903165023621618
1.0,0.0,0.0,0.0,0.0,0.0,0.0,3.0,8.0,0.0,20.0,0.1980119610038506
1.0,0.0,0.0,0.0,0.0,0.0,0.0,4.0,8.0,0.0,20.0,0.27431114994947986
1.0,0.0,0.0,0.0,0.0,0.0,0.0,1.0,10.0,0.0,20.0,0.28351402277506216
1.0,0.0,0.0,0.0,0.0,0.0,0.0,2.0,10.0,0.0,20.0,0.3616428629946204
1.0,0.0,0.0,0.0,0.0,0.0,0.0,3.0,10.0,0.0,20.0,0.18651519702886482
1.0,0.0,0.0,0.0,0.0,0.0,0.0,4.0,10.0,0.0,20.0,0.2472896583740682
1.0,0.0,0.0,0.0,0.0,0.0,0.0,1.0,16.0,0.0,20.0,0.26692427428384174
1.0,0.0,0.0,0.0,0.0,0.0,0.0,2.0,16.0,0.0,20.0,0.31184630929299
1.0,0.0,0.0,0.0,0.0,0.0,0.0,3.0,16.0,0.0,20.0,0.16053141811627852
1.0,0.0,0.0,0.0,0.0,0.0,0.0,4.0,16.0,0.0,20.0,0.18919140336983536
1.0,0.0,0.0,0.0,0.0,0.0,0.0,1.0,20.0,0.0,20.0,0.26558617111335653
1.0,0.0,0.0,0.0,0.0,0.0,0.0,2.0,20.0,0.0,20.0,0.29514732788989323
1.0,0.0,0.0,0.0,0.0,0.0,0.0,3.0,20.0,0.0,20.0,0.15147874054452615
1.0,0.0,0.0,0.0,0.0,0.0,0.0,4.0,20.0,0.0,20.0,0.16800021846582386
1.0,0.0,0.0,0.0,0.0,0.0,0.0,1.0,32.0,0.0,20.0,0.2635517081296596
1.0,0.0,0.0,0.0,0.0,0.0,0.0,2.0,32.0,0.0,20.0,0.2735874819082991
1.0,0.0,0.0,0.0,0.0,0.0,0.0,3.0,32.0,0.0,20.0,0.1381796335235807
1.0,0.0,0.0,0.0,0.0,0.0,0.0,4.0,32.0,0.0,20.0,0.14328627215380002
1.0,0.0,0.0,0.0,0.0,0.0,0.0,1.0,64.0,0.0,20.0,0.3064529342690953
1.0,0.0,0.0,0.0,0.0,0.0,0.0,2.0,64.0,0.0,20.0,0.35649526202244747
1.0,0.0,0.0,0.0,0.0,0.0,0.0,3.0,64.0,0.0,20.0,0.16432726180398155
1.0,0.0,0.0,0.0,0.0,0.0,0.0,4.0,64.0,0.0,20.0,0.24287937955706057
1.0,0.0,0.0,0.0,0.0,0.0,0.0,1.0,128.0,0.0,20.0,0.3087331713045141
1.0,0.0,0.0,0.0,0.0,0.0,0.0,2.0,128.0,0.0,20.0,0.346486796471777
1.0,0.0,0.0,0.0,0.0,0.0,0.0,3.0,128.0,0.0,20.0,0.2648488489581912
1.0,0.0,0.0,0.0,0.0,0.0,0.0,4.0,128.0,0.0,20.0,0.3021791965919332
1.0,0.0,0.0,0.0,0.0,0.0,0.0,1.0,0.0,8.0,20.0,0.09257489281520526
1.0,0.0,0.0,0.0,0.0,0.0,0.0,2.0,0.0,8.0,20.0,0.0927660504109889
1.0,0.0,0.0,0.0,0.0,0.0,0.0,3.0,0.0,8.0,20.0,0.0369343783281903
1.0,0.0,0.0,0.0,0.0,0.0,0.0,4.0,0.0,8.0,20.0,0.04145389005707423
1.0,0.0,0.0,0.0,0.0,0.0,0.0,1.0,8.0,8.0,20.0,0.7729047762090719
1.0,0.0,0.0,0.0,0.0,0.0,0.0,2.0,8.0,8.0,20.0,0.7578306343701358
1.0,0.0,0.0,0.0,0.0,0.0,0.0,3.0,8.0,8.0,20.0,0.638712143968978
1.0,0.0,0.0,0.0,0.0,0.0,0.0,4.0,8.0,8.0,20.0,0.6284169420246322
1.0,0.0,0.0,0.0,0.0,0.0,0.0,1.0,10.0,8.0,20.0,0.6460170949507087
1.0,0.0,0.0,0.0,0.0,0.0,0.0,2.0,10.0,8.0,20.0,0.6410606515743196
1.0,0.0,0.0,0.0,0.0,0.0,0.0,3.0,10.0,8.0,20.0,0.528004587782299
1.0,0.0,0.0,0.0,0.0,0.0,0.0,4.0,10.0,8.0,20.0,0.5155656899423797
1.0,0.0,0.0,0.0,0.0,0.0,0.0,1.0,16.0,8.0,20.0,0.44412736557524796
1.0,0.0,0.0,0.0,0.0,0.0,0.0,2.0,16.0,8.0,20.0,0.4373276168109453
1.0,0.0,0.0,0.0,0.0,0.0,0.0,3.0,16.0,8.0,20.0,0.3539829050492915
1.0,0.0,0.0,0.0,0.0,0.0,0.0,4.0,16.0,8.0,20.0,0.35384636390944607
1.0,0.0,0.0,0.0,0.0,0.0,0.0,1.0,20.0,8.0,20.0,0.4045440891340561
1.0,0.0,0.0,0.0,0.0,0.0,0.0,2.0,20.0,8.0,20.0,0.40745241541276395
1.0,0.0,0.0,0.0,0.0,0.0,0.0,3.0,20.0,8.0,20.0,0.3099893497910921
1.0,0.0,0.0,0.0,0.0,0.0,0.0,4.0,20.0,8.0,20.0,0.3041453890057076
1.0,0.0,0.0,0.0,0.0,0.0,0.0,1.0,32.0,8.0,20.0,0.3378437423195609
1.0,0.0,0.0,0.0,0.0,0.0,0.0,2.0,32.0,8.0,20.0,0.33791201288948364
1.0,0.0,0.0,0.0,0.0,0.0,0.0,3.0,32.0,8.0,20.0,0.22433709276605057
1.0,0.0,0.0,0.0,0.0,0.0,0.0,4.0,32.0,8.0,20.0,0.2228761025697043
1.0,0.0,0.0,0.0,0.0,0.0,0.0,1.0,64.0,8.0,20.0,0.2692727818891833
1.0,0.0,0.0,0.0,0.0,0.0,0.0,2.0,64.0,8.0,20.0,0.27054261448974587
1.0,0.0,0.0,0.0,0.0,0.0,0.0,3.0,64.0,8.0,20.0,0.15388186460580577
1.0,0.0,0.0,0.0,0.0,0.0,0.0,4.0,64.0,8.0,20.0,0.1525710696632896
1.0,0.0,0.0,0.0,0.0,0.0,0.0,1.0,128.0,8.0,20.0,0.16645730358557037
1.0,0.0,0.0,0.0,0.0,0.0,0.0,2.0,128.0,8.0,20.0,0.1666757694093231
1.0,0.0,0.0,0.0,0.0,0.0,0.0,3.0,128.0,8.0,20.0,0.08940713837079117
1.0,0.0,0.0,0.0,0.0,0.0,0.0,4.0,128.0,8.0,20.0,0.08880635735547127
1.0,0.0,0.0,0.0,0.0,0.0,0.0,1.0,0.0,10.0,20.0,0.12239547775744836
1.0,0.0,0.0,0.0,0.0,0.0,0.0,2.0,0.0,10.0,20.0,0.12492148884458892
1.0,0.0,0.0,0.0,0.0,0.0,0.0,3.0,0.0,10.0,20.0,0.057197083481252964
1.0,0.0,0.0,0.0,0.0,0.0,0.0,4.0,0.0,10.0,20.0,0.06152543761435325
1.0,0.0,0.0,0.0,0.0,0.0,0.0,1.0,8.0,10.0,20.0,0.7069144433217729
1.0,0.0,0.0,0.0,0.0,0.0,0.0,2.0,8.0,10.0,20.0,0.685313634998225
1.0,0.0,0.0,0.0,0.0,0.0,0.0,3.0,8.0,10.0,20.0,0.5674240148556762
1.0,0.0,0.0,0.0,0.0,0.0,0.0,4.0,8.0,10.0,20.0,0.5534285480215191
1.0,0.0,0.0,0.0,0.0,0.0,0.0,1.0,10.0,10.0,20.0,0.5957836096015732
1.0,0.0,0.0,0.0,0.0,0.0,0.0,2.0,10.0,10.0,20.0,0.5890248231792241
1.0,0.0,0.0,0.0,0.0,0.0,0.0,3.0,10.0,10.0,20.0,0.4729238919686502
1.0,0.0,0.0,0.0,0.0,0.0,0.0,4.0,10.0,10.0,20.0,0.4600617165952103
1.0,0.0,0.0,0.0,0.0,0.0,0.0,1.0,16.0,10.0,20.0,0.43101941615008615
1.0,0.0,0.0,0.0,0.0,0.0,0.0,2.0,16.0,10.0,20.0,0.42660913733307854
1.0,0.0,0.0,0.0,0.0,0.0,0.0,3.0,16.0,10.0,20.0,0.3319315109642537
1.0,0.0,0.0,0.0,0.0,0.0,0.0,4.0,16.0,10.0,20.0,0.32799912613670507
1.0,0.0,0.0,0.0,0.0,0.0,0.0,1.0,20.0,10.0,20.0,0.4059777711024332
1.0,0.0,0.0,0.0,0.0,0.0,0.0,2.0,20.0,10.0,20.0,0.4107840192249927
1.0,0.0,0.0,0.0,0.0,0.0,0.0,3.0,20.0,10.0,20.0,0.2962669652366258
1.0,0.0,0.0,0.0,0.0,0.0,0.0,4.0,20.0,10.0,20.0,0.2914880253420356
1.0,0.0,0.0,0.0,0.0,0.0,0.0,1.0,32.0,10.0,20.0,0.3572735465195664
1.0,0.0,0.0,0.0,0.0,0.0,0.0,2.0,32.0,10.0,20.0,0.360755345585625
1.0,0.0,0.0,0.0,0.0,0.0,0.0,3.0,32.0,10.0,20.0,0.22557961713864388
1.0,0.0,0.0,0.0,0.0,0.0,0.0,4.0,32.0,10.0,20.0,0.2221797427564926
1.0,0.0,0.0,0.0,0.0,0.0,0.0,1.0,64.0,10.0,20.0,0.28747371583057985
1.0,0.0,0.0,0.0,0.0,0.0,0.0,2.0,64.0,10.0,20.0,0.28608099620415645
1.0,0.0,0.0,0.0,0.0,0.0,0.0,3.0,64.0,10.0,20.0,0.16787733143996292
1.0,0.0,0.0,0.0,0.0,0.0,0.0,4.0,64.0,10.0,20.0,0.16729020453862758
1.0,0.0,0.0,0.0,0.0,0.0,0.0,1.0,128.0,10.0,20.0,0.18009776345612943
1.0,0.0,0.0,0.0,0.0,0.0,0.0,2.0,128.0,10.0,20.0,0.18054834921761936
1.0,0.0,0.0,0.0,0.0,0.0,0.0,3.0,128.0,10.0,20.0,0.09855539474043534
1.0,0.0,0.0,0.0,0.0,0.0,0.0,4.0,128.0,10.0,20.0,0.09830962068871357
1.0,0.0,0.0,0.0,0.0,0.0,0.0,1.0,0.0,16.0,20.0,0.08643054152216068
1.0,0.0,0.0,0.0,0.0,0.0,0.0,2.0,0.0,16.0,20.0,0.08983041590431201
1.0,0.0,0.0,0.0,0.0,0.0,0.0,3.0,0.0,16.0,20.0,0.03817690270078378
1.0,0.0,0.0,0.0,0.0,0.0,0.0,4.0,0.0,16.0,20.0,0.040525410306125276
1.0,0.0,0.0,0.0,0.0,0.0,0.0,1.0,8.0,16.0,20.0,0.4638029438269751
1.0,0.0,0.0,0.0,0.0,0.0,0.0,2.0,8.0,16.0,20.0,0.45950189792184387
1.0,0.0,0.0,0.0,0.0,0.0,0.0,3.0,8.0,16.0,20.0,0.3600999481143669
1.0,0.0,0.0,0.0,0.0,0.0,0.0,4.0,8.0,16.0,20.0,0.3581474098145773
1.0,0.0,0.0,0.0,0.0,0.0,0.0,1.0,10.0,16.0,20.0,0.4038477293208445
1.0,0.0,0.0,0.0,0.0,0.0,0.0,2.0,10.0,16.0,20.0,0.3851962096179579
1.0,0.0,0.0,0.0,0.0,0.0,0.0,3.0,10.0,16.0,20.0,0.3050602146426719
1.0,0.0,0.0,0.0,0.0,0.0,0.0,4.0,10.0,16.0,20.0,0.29746852726726564
1.0,0.0,0.0,0.0,0.0,0.0,0.0,1.0,16.0,16.0,20.0,0.2961304240967804
1.0,0.0,0.0,0.0,0.0,0.0,0.0,2.0,16.0,16.0,20.0,0.2999126136704991
1.0,0.0,0.0,0.0,0.0,0.0,0.0,3.0,16.0,16.0,20.0,0.21726426172205698
1.0,0.0,0.0,0.0,0.0,0.0,0.0,4.0,16.0,16.0,20.0,0.21835659084082043
1.0,0.0,0.0,0.0,0.0,0.0,0.0,1.0,20.0,16.0,20.0,0.2851798246811765
1.0,0.0,0.0,0.0,0.0,0.0,0.0,2.0,20.0,16.0,20.0,0.2840055708785058
1.0,0.0,0.0,0.0,0.0,0.0,0.0,3.0,20.0,16.0,20.0,0.19985526639176393
1.0,0.0,0.0,0.0,0.0,0.0,0.0,4.0,20.0,16.0,20.0,0.19686501542914886
1.0,0.0,0.0,0.0,0.0,0.0,0.0,1.0,32.0,16.0,20.0,0.262432070782927
1.0,0.0,0.0,0.0,0.0,0.0,0.0,2.0,32.0,16.0,20.0,0.2674567847292389
1.0,0.0,0.0,0.0,0.0,0.0,0.0,3.0,32.0,16.0,20.0,0.1560255605013791
1.0,0.0,0.0,0.0,0.0,0.0,0.0,4.0,32.0,16.0,20.0,0.15638056746497725
1.0,0.0,0.0,0.0,0.0,0.0,0.0,1.0,64.0,16.0,20.0,0.2272454190447582
1.0,0.0,0.0,0.0,0.0,0.0,0.0,2.0,64.0,16.0,20.0,0.2289248750648571
1.0,0.0,0.0,0.0,0.0,0.0,0.0,3.0,64.0,16.0,20.0,0.12208143313580383
1.0,0.0,0.0,0.0,0.0,0.0,0.0,4.0,64.0,16.0,20.0,0.12216335781971116
1.0,0.0,0.0,0.0,0.0,0.0,0.0,1.0,128.0,16.0,20.0,0.14313607689997004
1.0,0.0,0.0,0.0,0.0,0.0,0.0,2.0,128.0,16.0,20.0,0.14092411043447395
1.0,0.0,0.0,0.0,0.0,0.0,0.0,3.0,128.0,16.0,20.0,0.07313143450121523
1.0,0.0,0.0,0.0,0.0,0.0,0.0,4.0,128.0,16.0,20.0,0.0713563996832246
1.0,0.0,0.0,0.0,0.0,0.0,0.0,1.0,0.0,20.0,20.0,0.08341298233157657
1.0,0.0,0.0,0.0,0.0,0.0,0.0,2.0,0.0,20.0,20.0,0.08668996968786702
1.0,0.0,0.0,0.0,0.0,0.0,0.0,3.0,0.0,20.0,20.0,0.03854556377836649
1.0,0.0,0.0,0.0,0.0,0.0,0.0,4.0,0.0,20.0,20.0,0.04019771157049623
1.0,0.0,0.0,0.0,0.0,0.0,0.0,1.0,8.0,20.0,20.0,0.41460717114066487
1.0,0.0,0.0,0.0,0.0,0.0,0.0,2.0,8.0,20.0,20.0,0.40267347551817373
1.0,0.0,0.0,0.0,0.0,0.0,0.0,3.0,8.0,20.0,20.0,0.3093885687757722
1.0,0.0,0.0,0.0,0.0,0.0,0.0,4.0,8.0,20.0,20.0,0.3004178158879271
1.0,0.0,0.0,0.0,0.0,0.0,0.0,1.0,10.0,20.0,20.0,0.35821568038449997
1.0,0.0,0.0,0.0,0.0,0.0,0.0,2.0,10.0,20.0,20.0,0.3407111062563151
1.0,0.0,0.0,0.0,0.0,0.0,0.0,3.0,10.0,20.0,20.0,0.26065703596493633
1.0,0.0,0.0,0.0,0.0,0.0,0.0,4.0,10.0,20.0,20.0,0.25292880744968466
1.0,0.0,0.0,0.0,0.0,0.0,0.0,1.0,16.0,20.0,20.0,0.27376498539009814
1.0,0.0,0.0,0.0,0.0,0.0,0.0,2.0,16.0,20.0,20.0,0.26696523662579547
1.0,0.0,0.0,0.0,0.0,0.0,0.0,3.0,16.0,20.0,20.0,0.19351975750293576
1.0,0.0,0.0,0.0,0.0,0.0,0.0,4.0,16.0,20.0,20.0,0.1888910128621754
1.0,0.0,0.0,0.0,0.0,0.0,0.0,1.0,20.0,20.0,20.0,0.2652857806056966
1.0,0.0,0.0,0.0,0.0,0.0,0.0,2.0,20.0,20.0,20.0,0.26236380021300426
1.0,0.0,0.0,0.0,0.0,0.0,0.0,3.0,20.0,20.0,20.0,0.17671154318796262
1.0,0.0,0.0,0.0,0.0,0.0,0.0,4.0,20.0,20.0,20.0,0.17426745678472927
1.0,0.0,0.0,0.0,0.0,0.0,0.0,1.0,32.0,20.0,20.0,0.2532018897293756
1.0,0.0,0.0,0.0,0.0,0.0,0.0,2.0,32.0,20.0,20.0,0.25041645047652866
1.0,0.0,0.0,0.0,0.0,0.0,0.0,3.0,32.0,20.0,20.0,0.14336819683770724
1.0,0.0,0.0,0.0,0.0,0.0,0.0,4.0,32.0,20.0,20.0,0.14073295283869036
1.0,0.0,0.0,0.0,0.0,0.0,0.0,1.0,64.0,20.0,20.0,0.2228761025697043
1.0,0.0,0.0,0.0,0.0,0.0,0.0,2.0,64.0,20.0,20.0,0.22077336901608463
1.0,0.0,0.0,0.0,0.0,0.0,0.0,3.0,64.0,20.0,20.0,0.1173571096971518
1.0,0.0,0.0,0.0,0.0,0.0,0.0,4.0,64.0,20.0,20.0,0.11519975968759394
1.0,0.0,0.0,0.0,0.0,0.0,0.0,1.0,128.0,20.0,20.0,0.13349627242688228
1.0,0.0,0.0,0.0,0.0,0.0,0.0,2.0,128.0,20.0,20.0,0.1309975695677108
1.0,0.0,0.0,0.0,0.0,0.0,0.0,3.0,128.0,20.0,20.0,0.07048253638821383
1.0,0.0,0.0,0.0,0.0,0.0,0.0,4.0,128.0,20.0,20.0,0.0676834430213824
1.0,0.0,0.0,0.0,0.0,0.0,0.0,1.0,0.0,32.0,20.0,0.07691362407493385
1.0,0.0,0.0,0.0,0.0,0.0,0.0,2.0,0.0,32.0,20.0,0.07871596712089357
1.0,0.0,0.0,0.0,0.0,0.0,0.0,3.0,0.0,32.0,20.0,0.03451760015292615
1.0,0.0,0.0,0.0,0.0,0.0,0.0,4.0,0.0,32.0,20.0,0.03496818591441603
1.0,0.0,0.0,0.0,0.0,0.0,0.0,1.0,8.0,32.0,20.0,0.31546464949889413
1.0,0.0,0.0,0.0,0.0,0.0,0.0,2.0,8.0,32.0,20.0,0.30471886179305835
1.0,0.0,0.0,0.0,0.0,0.0,0.0,3.0,8.0,32.0,20.0,0.21894371774215587
1.0,0.0,0.0,0.0,0.0,0.0,0.0,4.0,8.0,32.0,20.0,0.2107512493514297
1.0,0.0,0.0,0.0,0.0,0.0,0.0,1.0,10.0,32.0,20.0,0.2780523771812448
1.0,0.0,0.0,0.0,0.0,0.0,0.0,2.0,10.0,32.0,20.0,0.25961932330211096
1.0,0.0,0.0,0.0,0.0,0.0,0.0,3.0,10.0,32.0,20.0,0.18833119418880911
1.0,0.0,0.0,0.0,0.0,0.0,0.0,4.0,10.0,32.0,20.0,0.17945602009885592
1.0,0.0,0.0,0.0,0.0,0.0,0.0,1.0,16.0,32.0,20.0,0.21731887817799506
1.0,0.0,0.0,0.0,0.0,0.0,0.0,2.0,16.0,32.0,20.0,0.21587154209563358
1.0,0.0,0.0,0.0,0.0,0.0,0.0,3.0,16.0,32.0,20.0,0.14447418007045526
1.0,0.0,0.0,0.0,0.0,0.0,0.0,4.0,16.0,32.0,20.0,0.14069199049673675
1.0,0.0,0.0,0.0,0.0,0.0,0.0,1.0,20.0,32.0,20.0,0.22252109560610617
1.0,0.0,0.0,0.0,0.0,0.0,0.0,2.0,20.0,32.0,20.0,0.2171140664682269
1.0,0.0,0.0,0.0,0.0,0.0,0.0,3.0,20.0,32.0,20.0,0.14033698353313862
1.0,0.0,0.0,0.0,0.0,0.0,0.0,4.0,20.0,32.0,20.0,0.13473879679947576
1.0,0.0,0.0,0.0,0.0,0.0,0.0,1.0,32.0,32.0,20.0,0.2252519184030149
1.0,0.0,0.0,0.0,0.0,0.0,0.0,2.0,32.0,32.0,20.0,0.22106010540976012
1.0,0.0,0.0,0.0,0.0,0.0,0.0,3.0,32.0,32.0,20.0,0.1182855894481008
1.0,0.0,0.0,0.0,0.0,0.0,0.0,4.0,32.0,32.0,20.0,0.11263278625849976
1.0,0.0,0.0,0.0,0.0,0.0,0.0,1.0,64.0,32.0,20.0,0.20923564269914535
1.0,0.0,0.0,0.0,0.0,0.0,0.0,2.0,64.0,32.0,20.0,0.2040061170430651
1.0,0.0,0.0,0.0,0.0,0.0,0.0,3.0,64.0,32.0,20.0,0.1018323820967258
1.0,0.0,0.0,0.0,0.0,0.0,0.0,4.0,64.0,32.0,20.0,0.09635708238892388
1.0,0.0,0.0,0.0,0.0,0.0,0.0,1.0,128.0,32.0,20.0,0.1314481553292008
1.0,0.0,0.0,0.0,0.0,0.0,0.0,2.0,128.0,32.0,20.0,0.12608208853327513
1.0,0.0,0.0,0.0,0.0,0.0,0.0,3.0,128.0,32.0,20.0,0.07150659493705463
1.0,0.0,0.0,0.0,0.0,0.0,0.0,4.0,128.0,32.0,20.0,0.06877577214014591
1.0,0.0,0.0,0.0,0.0,0.0,0.0,1.0,0.0,64.0,20.0,0.07643573008547483
1.0,0.0,0.0,0.0,0.0,0.0,0.0,2.0,0.0,64.0,20.0,0.07821076490346546
1.0,0.0,0.0,0.0,0.0,0.0,0.0,3.0,0.0,64.0,20.0,0.03892787896993366
1.0,0.0,0.0,0.0,0.0,0.0,0.0,4.0,0.0,64.0,20.0,0.039842704606898094
1.0,0.0,0.0,0.0,0.0,0.0,0.0,1.0,8.0,64.0,20.0,0.24312515360878234
1.0,0.0,0.0,0.0,0.0,0.0,0.0,2.0,8.0,64.0,20.0,0.2300854747535433
1.0,0.0,0.0,0.0,0.0,0.0,0.0,3.0,8.0,64.0,20.0,0.14882984243152464
1.0,0.0,0.0,0.0,0.0,0.0,0.0,4.0,8.0,64.0,20.0,0.13913542150249875
1.0,0.0,0.0,0.0,0.0,0.0,0.0,1.0,10.0,64.0,20.0,0.217441765203856
1.0,0.0,0.0,0.0,0.0,0.0,0.0,2.0,10.0,64.0,20.0,0.2018624211474918
1.0,0.0,0.0,0.0,0.0,0.0,0.0,3.0,10.0,64.0,20.0,0.12940003823151924
1.0,0.0,0.0,0.0,0.0,0.0,0.0,4.0,10.0,64.0,20.0,0.12074332996531861
1.0,0.0,0.0,0.0,0.0,0.0,0.0,1.0,16.0,64.0,20.0,0.18072585269941838
1.0,0.0,0.0,0.0,0.0,0.0,0.0,2.0,16.0,64.0,20.0,0.17443130615254382
1.0,0.0,0.0,0.0,0.0,0.0,0.0,3.0,16.0,64.0,20.0,0.10558726344247527
1.0,0.0,0.0,0.0,0.0,0.0,0.0,4.0,16.0,64.0,20.0,0.09952483683333796
1.0,0.0,0.0,0.0,0.0,0.0,0.0,1.0,20.0,64.0,20.0,0.19050219831235166
1.0,0.0,0.0,0.0,0.0,0.0,0.0,2.0,20.0,64.0,20.0,0.18501324449056505
1.0,0.0,0.0,0.0,0.0,0.0,0.0,3.0,20.0,64.0,20.0,0.10687075015702241
1.0,0.0,0.0,0.0,0.0,0.0,0.0,4.0,20.0,64.0,20.0,0.09921079221169343
1.0,0.0,0.0,0.0,0.0,0.0,0.0,1.0,32.0,64.0,20.0,0.20347360659766794
1.0,0.0,0.0,0.0,0.0,0.0,0.0,2.0,32.0,64.0,20.0,0.19694694011305608
1.0,0.0,0.0,0.0,0.0,0.0,0.0,3.0,32.0,64.0,20.0,0.0946912804828095
1.0,0.0,0.0,0.0,0.0,0.0,0.0,4.0,32.0,64.0,20.0,0.08809634342827499
1.0,0.0,0.0,0.0,0.0,0.0,0.0,1.0,64.0,64.0,20.0,0.21988585160708923
1.0,0.0,0.0,0.0,0.0,0.0,0.0,2.0,64.0,64.0,20.0,0.20520767907370502
1.0,0.0,0.0,0.0,0.0,0.0,0.0,3.0,64.0,64.0,20.0,0.0957426472596194
1.0,0.0,0.0,0.0,0.0,0.0,0.0,4.0,64.0,64.0,20.0,0.08380895163712831
1.0,0.0,0.0,0.0,0.0,0.0,0.0,1.0,128.0,64.0,20.0,0.14384609082716626
1.0,0.0,0.0,0.0,0.0,0.0,0.0,2.0,128.0,64.0,20.0,0.13060160026215906
1.0,0.0,0.0,0.0,0.0,0.0,0.0,3.0,128.0,64.0,20.0,0.08726344247521783
1.0,0.0,0.0,0.0,0.0,0.0,0.0,4.0,128.0,64.0,20.0,0.07967175509981161
1.0,0.0,0.0,0.0,0.0,0.0,0.0,1.0,0.0,128.0,20.0,0.17510035773778648
1.0,0.0,0.0,0.0,0.0,0.0,0.0,2.0,0.0,128.0,20.0,0.179360441300964
1.0,0.0,0.0,0.0,0.0,0.0,0.0,3.0,0.0,128.0,20.0,0.1553838171441056
1.0,0.0,0.0,0.0,0.0,0.0,0.0,4.0,0.0,128.0,20.0,0.1563669133509928
1.0,0.0,0.0,0.0,0.0,0.0,0.0,1.0,8.0,128.0,20.0,0.20404707938501881
1.0,0.0,0.0,0.0,0.0,0.0,0.0,2.0,8.0,128.0,20.0,0.19241377427018774
1.0,0.0,0.0,0.0,0.0,0.0,0.0,3.0,8.0,128.0,20.0,0.11369780714929417
1.0,0.0,0.0,0.0,0.0,0.0,0.0,4.0,8.0,128.0,20.0,0.10535514350473801
1.0,0.0,0.0,0.0,0.0,0.0,0.0,1.0,10.0,128.0,20.0,0.18520440208634864
1.0,0.0,0.0,0.0,0.0,0.0,0.0,2.0,10.0,128.0,20.0,0.1728064665883831
1.0,0.0,0.0,0.0,0.0,0.0,0.0,3.0,10.0,128.0,20.0,0.10161391627297311
1.0,0.0,0.0,0.0,0.0,0.0,0.0,4.0,10.0,128.0,20.0,0.0953193697260985
1.0,0.0,0.0,0.0,0.0,0.0,0.0,1.0,16.0,128.0,20.0,0.1643545700319507
1.0,0.0,0.0,0.0,0.0,0.0,0.0,2.0,16.0,128.0,20.0,0.15735000955787987
1.0,0.0,0.0,0.0,0.0,0.0,0.0,3.0,16.0,128.0,20.0,0.08966656653649752
1.0,0.0,0.0,0.0,0.0,0.0,0.0,4.0,16.0,128.0,20.0,0.0861847674704389
1.0,0.0,0.0,0.0,0.0,0.0,0.0,1.0,20.0,128.0,20.0,0.18091701029520196
1.0,0.0,0.0,0.0,0.0,0.0,0.0,2.0,20.0,128.0,20.0,0.17422649444277566
1.0,0.0,0.0,0.0,0.0,0.0,0.0,3.0,20.0,128.0,20.0,0.09450012288702586
1.0,0.0,0.0,0.0,0.0,0.0,0.0,4.0,20.0,128.0,20.0,0.08886097381140945
1.0,0.0,0.0,0.0,0.0,0.0,0.0,1.0,32.0,128.0,20.0,0.2075834949070156
1.0,0.0,0.0,0.0,0.0,0.0,0.0,2.0,32.0,128.0,20.0,0.1985171632212786
1.0,0.0,0.0,0.0,0.0,0.0,0.0,3.0,32.0,128.0,20.0,0.09340779376826241
1.0,0.0,0.0,0.0,0.0,0.0,0.0,4.0,32.0,128.0,20.0,0.0880007646303832
1.0,0.0,0.0,0.0,0.0,0.0,0.0,1.0,64.0,128.0,20.0,0.2446817226030204
1.0,0.0,0.0,0.0,0.0,0.0,0.0,2.0,64.0,128.0,20.0,0.23116414975832228
1.0,0.0,0.0,0.0,0.0,0.0,0.0,3.0,64.0,128.0,20.0,0.10816789098555402
1.0,0.0,0.0,0.0,0.0,0.0,0.0,4.0,64.0,128.0,20.0,0.09613861656517109
1.0,0.0,0.0,0.0,0.0,0.0,0.0,1.0,128.0,128.0,20.0,0.16927005106638643
1.0,0.0,0.0,0.0,0.0,0.0,0.0,2.0,128.0,128.0,20.0,0.14700019115759583
1.0,0.0,0.0,0.0,0.0,0.0,0.0,3.0,128.0,128.0,20.0,0.10528687293481531
1.0,0.0,0.0,0.0,0.0,0.0,0.0,4.0,128.0,128.0,20.0,0.09477320516671678
1.0,0.0,0.0,0.0,0.0,0.0,0.0,1.0,0.0,0.0,32.0,0.2195308446434911
1.0,0.0,0.0,0.0,0.0,0.0,0.0,2.0,0.0,0.0,32.0,0.22232993801032258
1.0,0.0,0.0,0.0,0.0,0.0,0.0,3.0,0.0,0.0,32.0,0.20658674458614384
1.0,0.0,0.0,0.0,0.0,0.0,0.0,4.0,0.0,0.0,32.0,0.2077746525027992
1.0,0.0,0.0,0.0,0.0,0.0,0.0,1.0,8.0,0.0,32.0,0.3491766569267321
1.0,0.0,0.0,0.0,0.0,0.0,0.0,2.0,8.0,0.0,32.0,0.3987274365766406
1.0,0.0,0.0,0.0,0.0,0.0,0.0,3.0,8.0,0.0,32.0,0.24569212703787663
1.0,0.0,0.0,0.0,0.0,0.0,0.0,4.0,8.0,0.0,32.0,0.28250361834020604
1.0,0.0,0.0,0.0,0.0,0.0,0.0,1.0,10.0,0.0,32.0,0.32215516535132044
1.0,0.0,0.0,0.0,0.0,0.0,0.0,2.0,10.0,0.0,32.0,0.3619159452743112
1.0,0.0,0.0,0.0,0.0,0.0,0.0,3.0,10.0,0.0,32.0,0.21983123515115116
1.0,0.0,0.0,0.0,0.0,0.0,0.0,4.0,10.0,0.0,32.0,0.24683907261257815
1.0,0.0,0.0,0.0,0.0,0.0,0.0,1.0,16.0,0.0,32.0,0.2855075234168056
1.0,0.0,0.0,0.0,0.0,0.0,0.0,2.0,16.0,0.0,32.0,0.30635735547120363
1.0,0.0,0.0,0.0,0.0,0.0,0.0,3.0,16.0,0.0,32.0,0.1703896884131189
1.0,0.0,0.0,0.0,0.0,0.0,0.0,4.0,16.0,0.0,32.0,0.18116278434692384
1.0,0.0,0.0,0.0,0.0,0.0,0.0,1.0,20.0,0.0,32.0,0.2766050410988831
1.0,0.0,0.0,0.0,0.0,0.0,0.0,2.0,20.0,0.0,32.0,0.2895764493841995
1.0,0.0,0.0,0.0,0.0,0.0,0.0,3.0,20.0,0.0,32.0,0.15453726207706392
1.0,0.0,0.0,0.0,0.0,0.0,0.0,4.0,20.0,0.0,32.0,0.15897484912204057
1.0,0.0,0.0,0.0,0.0,0.0,0.0,1.0,32.0,0.0,32.0,0.2643982631967013
1.0,0.0,0.0,0.0,0.0,0.0,0.0,2.0,32.0,0.0,32.0,0.26697889073977993
1.0,0.0,0.0,0.0,0.0,0.0,0.0,3.0,32.0,0.0,32.0,0.13438378983587762
1.0,0.0,0.0,0.0,0.0,0.0,0.0,4.0,32.0,0.0,32.0,0.13520303667495026
1.0,0.0,0.0,0.0,0.0,0.0,0.0,1.0,64.0,0.0,32.0,0.3029301728610831
1.0,0.0,0.0,0.0,0.0,0.0,0.0,2.0,64.0,0.0,32.0,0.3507195718069855
1.0,0.0,0.0,0.0,0.0,0.0,0.0,3.0,64.0,0.0,32.0,0.16135066495535116
1.0,0.0,0.0,0.0,0.0,0.0,0.0,4.0,64.0,0.0,32.0,0.23688522351784597
1.0,0.0,0.0,0.0,0.0,0.0,0.0,1.0,128.0,0.0,32.0,0.30439116305742925
1.0,0.0,0.0,0.0,0.0,0.0,0.0,2.0,128.0,0.0,32.0,0.3448209945656627
1.0,0.0,0.0,0.0,0.0,0.0,0.0,3.0,128.0,0.0,32.0,0.25851334006936294
1.0,0.0,0.0,0.0,0.0,0.0,0.0,4.0,128.0,0.0,32.0,0.29569349244927506
1.0,0.0,0.0,0.0,0.0,0.0,0.0,1.0,0.0,8.0,32.0,0.09067697097135369
1.0,0.0,0.0,0.0,0.0,0.0,0.0,2.0,0.0,8.0,32.0,0.09332586908435514
1.0,0.0,0.0,0.0,0.0,0.0,0.0,3.0,0.0,8.0,32.0,0.03948769764330001
1.0,0.0,0.0,0.0,0.0,0.0,0.0,4.0,0.0,8.0,32.0,0.04423932930992114
1.0,0.0,0.0,0.0,0.0,0.0,0.0,1.0,8.0,8.0,32.0,0.7770419727463886
1.0,0.0,0.0,0.0,0.0,0.0,0.0,2.0,8.0,8.0,32.0,0.76712908599361
1.0,0.0,0.0,0.0,0.0,0.0,0.0,3.0,8.0,8.0,32.0,0.6449384199459298
1.0,0.0,0.0,0.0,0.0,0.0,0.0,4.0,8.0,8.0,32.0,0.6373330784565392
1.0,0.0,0.0,0.0,0.0,0.0,0.0,1.0,10.0,8.0,32.0,0.6473415440072094
1.0,0.0,0.0,0.0,0.0,0.0,0.0,2.0,10.0,8.0,32.0,0.6387940686528852
1.0,0.0,0.0,0.0,0.0,0.0,0.0,3.0,10.0,8.0,32.0,0.5353095387640299
1.0,0.0,0.0,0.0,0.0,0.0,0.0,4.0,10.0,8.0,32.0,0.5271443786012726
1.0,0.0,0.0,0.0,0.0,0.0,0.0,1.0,16.0,8.0,32.0,0.45197848111636046
1.0,0.0,0.0,0.0,0.0,0.0,0.0,2.0,16.0,8.0,32.0,0.4505721073759525
1.0,0.0,0.0,0.0,0.0,0.0,0.0,3.0,16.0,8.0,32.0,0.36403233294191545
1.0,0.0,0.0,0.0,0.0,0.0,0.0,4.0,16.0,8.0,32.0,0.36664026871296335
1.0,0.0,0.0,0.0,0.0,0.0,0.0,1.0,20.0,8.0,32.0,0.41265463284087506
1.0,0.0,0.0,0.0,0.0,0.0,0.0,2.0,20.0,8.0,32.0,0.41441601354488117
1.0,0.0,0.0,0.0,0.0,0.0,0.0,3.0,20.0,8.0,32.0,0.3190556814768291
1.0,0.0,0.0,0.0,0.0,0.0,0.0,4.0,20.0,8.0,32.0,0.3177039241923592
1.0,0.0,0.0,0.0,0.0,0.0,0.0,1.0,32.0,8.0,32.0,0.34636390944591616
1.0,0.0,0.0,0.0,0.0,0.0,0.0,2.0,32.0,8.0,32.0,0.34716950217100423
1.0,0.0,0.0,0.0,0.0,0.0,0.0,3.0,32.0,8.0,32.0,0.23741773396324312
1.0,0.0,0.0,0.0,0.0,0.0,0.0,4.0,32.0,8.0,32.0,0.23665310358010877
1.0,0.0,0.0,0.0,0.0,0.0,0.0,1.0,64.0,8.0,32.0,0.27017395341216316
1.0,0.0,0.0,0.0,0.0,0.0,0.0,2.0,64.0,8.0,32.0,0.27463884868510885
1.0,0.0,0.0,0.0,0.0,0.0,0.0,3.0,64.0,8.0,32.0,0.1661159507359568
1.0,0.0,0.0,0.0,0.0,0.0,0.0,4.0,64.0,8.0,32.0,0.16535132035282235
1.0,0.0,0.0,0.0,0.0,0.0,0.0,1.0,128.0,8.0,32.0,0.1683961877713756
1.0,0.0,0.0,0.0,0.0,0.0,0.0,2.0,128.0,8.0,32.0,0.16944755454818544
1.0,0.0,0.0,0.0,0.0,0.0,0.0,3.0,128.0,8.0,32.0,0.09085447445315281
1.0,0.0,0.0,0.0,0.0,0.0,0.0,4.0,128.0,8.0,32.0,0.09130506021464274
1.0,0.0,0.0,0.0,0.0,0.0,0.0,1.0,0.0,10.0,32.0,0.12262759769518561
1.0,0.0,0.0,0.0,0.0,0.0,0.0,2.0,0.0,10.0,32.0,0.1285807913924466
1.0,0.0,0.0,0.0,0.0,0.0,0.0,3.0,0.0,10.0,32.0,0.0659220623173763
1.0,0.0,0.0,0.0,0.0,0.0,0.0,4.0,0.0,10.0,32.0,0.0687075015702232
1.0,0.0,0.0,0.0,0.0,0.0,0.0,1.0,8.0,10.0,32.0,0.7120074278380077
1.0,0.0,0.0,0.0,0.0,0.0,0.0,2.0,8.0,10.0,32.0,0.693751877440673
1.0,0.0,0.0,0.0,0.0,0.0,0.0,3.0,8.0,10.0,32.0,0.574455883557716
1.0,0.0,0.0,0.0,0.0,0.0,0.0,4.0,8.0,10.0,32.0,0.5620579480597505
1.0,0.0,0.0,0.0,0.0,0.0,0.0,1.0,10.0,10.0,32.0,0.6025970124798603
1.0,0.0,0.0,0.0,0.0,0.0,0.0,2.0,10.0,10.0,32.0,0.5889565526093012
1.0,0.0,0.0,0.0,0.0,0.0,0.0,3.0,10.0,10.0,32.0,0.4793822878833393
1.0,0.0,0.0,0.0,0.0,0.0,0.0,4.0,10.0,10.0,32.0,0.4699063327780662
1.0,0.0,0.0,0.0,0.0,0.0,0.0,1.0,16.0,10.0,32.0,0.44441410196892334
1.0,0.0,0.0,0.0,0.0,0.0,0.0,2.0,16.0,10.0,32.0,0.43753242852071345
1.0,0.0,0.0,0.0,0.0,0.0,0.0,3.0,16.0,10.0,32.0,0.34297768917774935
1.0,0.0,0.0,0.0,0.0,0.0,0.0,4.0,16.0,10.0,32.0,0.3393730030858299
1.0,0.0,0.0,0.0,0.0,0.0,0.0,1.0,20.0,10.0,32.0,0.4142521641770666
1.0,0.0,0.0,0.0,0.0,0.0,0.0,2.0,20.0,10.0,32.0,0.4123952046751687
1.0,0.0,0.0,0.0,0.0,0.0,0.0,3.0,20.0,10.0,32.0,0.30769545864168885
1.0,0.0,0.0,0.0,0.0,0.0,0.0,4.0,20.0,10.0,32.0,0.30456866653922837
1.0,0.0,0.0,0.0,0.0,0.0,0.0,1.0,32.0,10.0,32.0,0.3677735601736805
1.0,0.0,0.0,0.0,0.0,0.0,0.0,2.0,32.0,10.0,32.0,0.37155574974739897
1.0,0.0,0.0,0.0,0.0,0.0,0.0,3.0,32.0,10.0,32.0,0.24104972828313181
1.0,0.0,0.0,0.0,0.0,0.0,0.0,4.0,32.0,10.0,32.0,0.2369671482017533
1.0,0.0,0.0,0.0,0.0,0.0,0.0,1.0,64.0,10.0,32.0,0.2947513585843416
1.0,0.0,0.0,0.0,0.0,0.0,0.0,2.0,64.0,10.0,32.0,0.29690870859389945
1.0,0.0,0.0,0.0,0.0,0.0,0.0,3.0,64.0,10.0,32.0,0.1815997159944292
1.0,0.0,0.0,0.0,0.0,0.0,0.0,4.0,64.0,10.0,32.0,0.18138125017067647
1.0,0.0,0.0,0.0,0.0,0.0,0.0,1.0,128.0,10.0,32.0,0.18334744258445074
1.0,0.0,0.0,0.0,0.0,0.0,0.0,2.0,128.0,10.0,32.0,0.18404380239766244
1.0,0.0,0.0,0.0,0.0,0.0,0.0,3.0,128.0,10.0,32.0,0.10403069444823732
1.0,0.0,0.0,0.0,0.0,0.0,0.0,4.0,128.0,10.0,32.0,0.10385319096643819
1.0,0.0,0.0,0.0,0.0,0.0,0.0,1.0,0.0,16.0,32.0,0.08464185259018547
1.0,0.0,0.0,0.0,0.0,0.0,0.0,2.0,0.0,16.0,32.0,0.08802807285835229
1.0,0.0,0.0,0.0,0.0,0.0,0.0,3.0,0.0,16.0,32.0,0.042218520440208684
1.0,0.0,0.0,0.0,0.0,0.0,0.0,4.0,0.0,16.0,32.0,0.04428029165187475
1.0,0.0,0.0,0.0,0.0,0.0,0.0,1.0,8.0,16.0,32.0,0.4663153008001312
1.0,0.0,0.0,0.0,0.0,0.0,0.0,2.0,8.0,16.0,32.0,0.4635435156612689
1.0,0.0,0.0,0.0,0.0,0.0,0.0,3.0,8.0,16.0,32.0,0.3642507987656682
1.0,0.0,0.0,0.0,0.0,0.0,0.0,4.0,8.0,16.0,32.0,0.3627488462273684
1.0,0.0,0.0,0.0,0.0,0.0,0.0,1.0,10.0,16.0,32.0,0.4101832382096727
1.0,0.0,0.0,0.0,0.0,0.0,0.0,2.0,10.0,16.0,32.0,0.3847046615145145
1.0,0.0,0.0,0.0,0.0,0.0,0.0,3.0,10.0,16.0,32.0,0.3103716649826594
1.0,0.0,0.0,0.0,0.0,0.0,0.0,4.0,10.0,16.0,32.0,0.303681149130233
1.0,0.0,0.0,0.0,0.0,0.0,0.0,1.0,16.0,16.0,32.0,0.30369480324421755
1.0,0.0,0.0,0.0,0.0,0.0,0.0,2.0,16.0,16.0,32.0,0.30684890357464706
1.0,0.0,0.0,0.0,0.0,0.0,0.0,3.0,16.0,16.0,32.0,0.22212512630055442
1.0,0.0,0.0,0.0,0.0,0.0,0.0,4.0,16.0,16.0,32.0,0.22596193233021117
1.0,0.0,0.0,0.0,0.0,0.0,0.0,1.0,20.0,16.0,32.0,0.29124225129031395
1.0,0.0,0.0,0.0,0.0,0.0,0.0,2.0,20.0,16.0,32.0,0.2871596712089353
1.0,0.0,0.0,0.0,0.0,0.0,0.0,3.0,20.0,16.0,32.0,0.20527594964362766
1.0,0.0,0.0,0.0,0.0,0.0,0.0,4.0,20.0,16.0,32.0,0.20268166798656445
1.0,0.0,0.0,0.0,0.0,0.0,0.0,1.0,32.0,16.0,32.0,0.2648078866162375
1.0,0.0,0.0,0.0,0.0,0.0,0.0,2.0,32.0,16.0,32.0,0.2704743439198231
1.0,0.0,0.0,0.0,0.0,0.0,0.0,3.0,32.0,16.0,32.0,0.16136431906933563
1.0,0.0,0.0,0.0,0.0,0.0,0.0,4.0,32.0,16.0,32.0,0.16171932603293376
1.0,0.0,0.0,0.0,0.0,0.0,0.0,1.0,64.0,16.0,32.0,0.2305906769709714
1.0,0.0,0.0,0.0,0.0,0.0,0.0,2.0,64.0,16.0,32.0,0.23179223900161122
1.0,0.0,0.0,0.0,0.0,0.0,0.0,3.0,64.0,16.0,32.0,0.1285807913924466
1.0,0.0,0.0,0.0,0.0,0.0,0.0,4.0,64.0,16.0,32.0,0.1284442502526012
1.0,0.0,0.0,0.0,0.0,0.0,0.0,1.0,128.0,16.0,32.0,0.1531035801086868
1.0,0.0,0.0,0.0,0.0,0.0,0.0,2.0,128.0,16.0,32.0,0.14932139053496823
1.0,0.0,0.0,0.0,0.0,0.0,0.0,3.0,128.0,16.0,32.0,0.0797946421256725
1.0,0.0,0.0,0.0,0.0,0.0,0.0,4.0,128.0,16.0,32.0,0.07774652502799101
1.0,0.0,0.0,0.0,0.0,0.0,0.0,1.0,0.0,20.0,32.0,0.07989022092356429
1.0,0.0,0.0,0.0,0.0,0.0,0.0,2.0,0.0,20.0,32.0,0.08375433518119013
1.0,0.0,0.0,0.0,0.0,0.0,0.0,3.0,0.0,20.0,32.0,0.03764439225538663
1.0,0.0,0.0,0.0,0.0,0.0,0.0,4.0,0.0,20.0,32.0,0.03885960840001096
1.0,0.0,0.0,0.0,0.0,0.0,0.0,1.0,8.0,20.0,32.0,0.4168600999481145
1.0,0.0,0.0,0.0,0.0,0.0,0.0,2.0,8.0,20.0,32.0,0.404489472678118
1.0,0.0,0.0,0.0,0.0,0.0,0.0,3.0,8.0,20.0,32.0,0.3096206887135094
1.0,0.0,0.0,0.0,0.0,0.0,0.0,4.0,8.0,20.0,32.0,0.3002676206340971
1.0,0.0,0.0,0.0,0.0,0.0,0.0,1.0,10.0,20.0,32.0,0.3598405199486607
1.0,0.0,0.0,0.0,0.0,0.0,0.0,2.0,10.0,20.0,32.0,0.34064283568639236
1.0,0.0,0.0,0.0,0.0,0.0,0.0,3.0,10.0,20.0,32.0,0.26274611540457143
1.0,0.0,0.0,0.0,0.0,0.0,0.0,4.0,10.0,20.0,32.0,0.2544853764439226
1.0,0.0,0.0,0.0,0.0,0.0,0.0,1.0,16.0,20.0,32.0,0.2774515961659249
1.0,0.0,0.0,0.0,0.0,0.0,0.0,2.0,16.0,20.0,32.0,0.2702012616401322
1.0,0.0,0.0,0.0,0.0,0.0,0.0,3.0,16.0,20.0,32.0,0.19667385783336527
1.0,0.0,0.0,0.0,0.0,0.0,0.0,4.0,16.0,20.0,32.0,0.19095278407384148
1.0,0.0,0.0,0.0,0.0,0.0,0.0,1.0,20.0,20.0,32.0,0.2682077609983889
1.0,0.0,0.0,0.0,0.0,0.0,0.0,2.0,20.0,20.0,32.0,0.2621999508451897
1.0,0.0,0.0,0.0,0.0,0.0,0.0,3.0,20.0,20.0,32.0,0.17809060870040155
1.0,0.0,0.0,0.0,0.0,0.0,0.0,4.0,20.0,20.0,32.0,0.17598787514678177
1.0,0.0,0.0,0.0,0.0,0.0,0.0,1.0,32.0,20.0,32.0,0.25354324257898914
1.0,0.0,0.0,0.0,0.0,0.0,0.0,2.0,32.0,20.0,32.0,0.25000682705699234
1.0,0.0,0.0,0.0,0.0,0.0,0.0,3.0,32.0,20.0,32.0,0.1446653376662389
1.0,0.0,0.0,0.0,0.0,0.0,0.0,4.0,32.0,20.0,32.0,0.14211201835112924
1.0,0.0,0.0,0.0,0.0,0.0,0.0,1.0,64.0,20.0,32.0,0.2258936617602884
1.0,0.0,0.0,0.0,0.0,0.0,0.0,2.0,64.0,20.0,32.0,0.22332668833119423
1.0,0.0,0.0,0.0,0.0,0.0,0.0,3.0,64.0,20.0,32.0,0.11902291160326617
1.0,0.0,0.0,0.0,0.0,0.0,0.0,4.0,64.0,20.0,32.0,0.11723422267129091
1.0,0.0,0.0,0.0,0.0,0.0,0.0,1.0,128.0,20.0,32.0,0.14380512848521265
1.0,0.0,0.0,0.0,0.0,0.0,0.0,2.0,128.0,20.0,32.0,0.13968158606188047
1.0,0.0,0.0,0.0,0.0,0.0,0.0,3.0,128.0,20.0,32.0,0.07617630191976849
1.0,0.0,0.0,0.0,0.0,0.0,0.0,4.0,128.0,20.0,32.0,0.07339086266692157
1.0,0.0,0.0,0.0,0.0,0.0,0.0,1.0,0.0,32.0,32.0,0.07183429367268362
1.0,0.0,0.0,0.0,0.0,0.0,0.0,2.0,0.0,32.0,32.0,0.07587591141210853
1.0,0.0,0.0,0.0,0.0,0.0,0.0,3.0,0.0,32.0,32.0,0.030530598869439374
1.0,0.0,0.0,0.0,0.0,0.0,0.0,4.0,0.0,32.0,32.0,0.030994838744913877
1.0,0.0,0.0,0.0,0.0,0.0,0.0,1.0,8.0,32.0,32.0,0.3164477457057812
1.0,0.0,0.0,0.0,0.0,0.0,0.0,2.0,8.0,32.0,32.0,0.30626177667331184
1.0,0.0,0.0,0.0,0.0,0.0,0.0,3.0,8.0,32.0,32.0,0.21865698134848038
1.0,0.0,0.0,0.0,0.0,0.0,0.0,4.0,8.0,32.0,32.0,0.20971353668860432
1.0,0.0,0.0,0.0,0.0,0.0,0.0,1.0,10.0,32.0,32.0,0.2797864496572818
1.0,0.0,0.0,0.0,0.0,0.0,0.0,2.0,10.0,32.0,32.0,0.2611895464103335
1.0,0.0,0.0,0.0,0.0,0.0,0.0,3.0,10.0,32.0,32.0,0.1873617520959066
1.0,0.0,0.0,0.0,0.0,0.0,0.0,4.0,10.0,32.0,32.0,0.1786777356017369
1.0,0.0,0.0,0.0,0.0,0.0,0.0,1.0,16.0,32.0,32.0,0.21838389906878947
1.0,0.0,0.0,0.0,0.0,0.0,0.0,2.0,16.0,32.0,32.0,0.21663617247876793
1.0,0.0,0.0,0.0,0.0,0.0,0.0,3.0,16.0,32.0,32.0,0.14398263196701172
1.0,0.0,0.0,0.0,0.0,0.0,0.0,4.0,16.0,32.0,32.0,0.13988639777164863
1.0,0.0,0.0,0.0,0.0,0.0,0.0,1.0,20.0,32.0,32.0,0.2219066604768018
1.0,0.0,0.0,0.0,0.0,0.0,0.0,2.0,20.0,32.0,32.0,0.21680002184658237
1.0,0.0,0.0,0.0,0.0,0.0,0.0,3.0,20.0,32.0,32.0,0.13843906168928705
1.0,0.0,0.0,0.0,0.0,0.0,0.0,4.0,20.0,32.0,32.0,0.13320953603320684
1.0,0.0,0.0,0.0,0.0,0.0,0.0,1.0,32.0,32.0,32.0,0.22387285289057596
1.0,0.0,0.0,0.0,0.0,0.0,0.0,2.0,32.0,32.0,32.0,0.22035009148256374
1.0,0.0,0.0,0.0,0.0,0.0,0.0,3.0,32.0,32.0,32.0,0.11592342772877473
1.0,0.0,0.0,0.0,0.0,0.0,0.0,4.0,32.0,32.0,32.0,0.11055736093284912
1.0,0.0,0.0,0.0,0.0,0.0,0.0,1.0,64.0,32.0,32.0,0.21578961741172625
1.0,0.0,0.0,0.0,0.0,0.0,0.0,2.0,64.0,32.0,32.0,0.20867582402577906
1.0,0.0,0.0,0.0,0.0,0.0,0.0,3.0,64.0,32.0,32.0,0.10101313525765321
1.0,0.0,0.0,0.0,0.0,0.0,0.0,4.0,64.0,32.0,32.0,0.09593380485540298
1.0,0.0,0.0,0.0,0.0,0.0,0.0,1.0,128.0,32.0,32.0,0.1423168300608974
1.0,0.0,0.0,0.0,0.0,0.0,0.0,2.0,128.0,32.0,32.0,0.1364592151615282
1.0,0.0,0.0,0.0,0.0,0.0,0.0,3.0,128.0,32.0,32.0,0.08208853327507587
1.0,0.0,0.0,0.0,0.0,0.0,0.0,4.0,128.0,32.0,32.0,0.07878423769081627
1.0,0.0,0.0,0.0,0.0,0.0,0.0,1.0,0.0,64.0,32.0,0.07216199240831267
1.0,0.0,0.0,0.0,0.0,0.0,0.0,2.0,0.0,64.0,32.0,0.0743329965318551
1.0,0.0,0.0,0.0,0.0,0.0,0.0,3.0,0.0,64.0,32.0,0.033316038122286284
1.0,0.0,0.0,0.0,0.0,0.0,0.0,4.0,0.0,64.0,32.0,0.03373931565580712
1.0,0.0,0.0,0.0,0.0,0.0,0.0,1.0,8.0,64.0,32.0,0.23871487479177483
1.0,0.0,0.0,0.0,0.0,0.0,0.0,2.0,8.0,64.0,32.0,0.2284060187334444
1.0,0.0,0.0,0.0,0.0,0.0,0.0,3.0,8.0,64.0,32.0,0.14656325951009047
1.0,0.0,0.0,0.0,0.0,0.0,0.0,4.0,8.0,64.0,32.0,0.13723749965864718
1.0,0.0,0.0,0.0,0.0,0.0,0.0,1.0,10.0,64.0,32.0,0.21501133291460722
1.0,0.0,0.0,0.0,0.0,0.0,0.0,2.0,10.0,64.0,32.0,0.20105682842240374
1.0,0.0,0.0,0.0,0.0,0.0,0.0,3.0,10.0,64.0,32.0,0.12707883885414684
1.0,0.0,0.0,0.0,0.0,0.0,0.0,4.0,10.0,64.0,32.0,0.11940522679483334
1.0,0.0,0.0,0.0,0.0,0.0,0.0,1.0,16.0,64.0,32.0,0.179182937819165
1.0,0.0,0.0,0.0,0.0,0.0,0.0,2.0,16.0,64.0,32.0,0.17307954886807403
1.0,0.0,0.0,0.0,0.0,0.0,0.0,3.0,16.0,64.0,32.0,0.1040170403342528
1.0,0.0,0.0,0.0,0.0,0.0,0.0,4.0,16.0,64.0,32.0,0.09951118271935339
1.0,0.0,0.0,0.0,0.0,0.0,0.0,1.0,20.0,64.0,32.0,0.18975122204320166
1.0,0.0,0.0,0.0,0.0,0.0,0.0,2.0,20.0,64.0,32.0,0.1833610966984353
1.0,0.0,0.0,0.0,0.0,0.0,0.0,3.0,20.0,64.0,32.0,0.10392146153636095
1.0,0.0,0.0,0.0,0.0,0.0,0.0,4.0,20.0,64.0,32.0,0.09881482290614169
1.0,0.0,0.0,0.0,0.0,0.0,0.0,1.0,32.0,64.0,32.0,0.20468882274229233
1.0,0.0,0.0,0.0,0.0,0.0,0.0,2.0,32.0,64.0,32.0,0.1980529233458041
1.0,0.0,0.0,0.0,0.0,0.0,0.0,3.0,32.0,64.0,32.0,0.0939266500996751
1.0,0.0,0.0,0.0,0.0,0.0,0.0,4.0,32.0,64.0,32.0,0.08712690133537238
1.0,0.0,0.0,0.0,0.0,0.0,0.0,1.0,64.0,64.0,32.0,0.2392473852371721
1.0,0.0,0.0,0.0,0.0,0.0,0.0,2.0,64.0,64.0,32.0,0.2237636199786996
1.0,0.0,0.0,0.0,0.0,0.0,0.0,3.0,64.0,64.0,32.0,0.0993200251235698
1.0,0.0,0.0,0.0,0.0,0.0,0.0,4.0,64.0,64.0,32.0,0.08791883994647592
1.0,0.0,0.0,0.0,0.0,0.0,0.0,1.0,128.0,64.0,32.0,0.14279472405035643
1.0,0.0,0.0,0.0,0.0,0.0,0.0,2.0,128.0,64.0,32.0,0.13101122368169532
1.0,0.0,0.0,0.0,0.0,0.0,0.0,3.0,128.0,64.0,32.0,0.08499685955378361
1.0,0.0,0.0,0.0,0.0,0.0,0.0,4.0,128.0,64.0,32.0,0.07781479559791371
1.0,0.0,0.0,0.0,0.0,0.0,0.0,1.0,0.0,128.0,32.0,0.17348917228761035
1.0,0.0,0.0,0.0,0.0,0.0,0.0,2.0,0.0,128.0,32.0,0.18058931155957297
1.0,0.0,0.0,0.0,0.0,0.0,0.0,3.0,0.0,128.0,32.0,0.1530762718807177
1.0,0.0,0.0,0.0,0.0,0.0,0.0,4.0,0.0,128.0,32.0,0.15456457030503296
1.0,0.0,0.0,0.0,0.0,0.0,0.0,1.0,8.0,128.0,32.0,0.20733772085529373
1.0,0.0,0.0,0.0,0.0,0.0,0.0,2.0,8.0,128.0,32.0,0.1976842622682215
1.0,0.0,0.0,0.0,0.0,0.0,0.0,3.0,8.0,128.0,32.0,0.11846309292989982
1.0,0.0,0.0,0.0,0.0,0.0,0.0,4.0,8.0,128.0,32.0,0.11937791856686425
1.0,0.0,0.0,0.0,0.0,0.0,0.0,1.0,10.0,128.0,32.0,0.1924274283841722
1.0,0.0,0.0,0.0,0.0,0.0,0.0,2.0,10.0,128.0,32.0,0.180616619787542
1.0,0.0,0.0,0.0,0.0,0.0,0.0,3.0,10.0,128.0,32.0,0.10721210300663597
1.0,0.0,0.0,0.0,0.0,0.0,0.0,4.0,10.0,128.0,32.0,0.10939676124416292
1.0,0.0,0.0,0.0,0.0,0.0,0.0,1.0,16.0,128.0,32.0,0.18016603402605208
1.0,0.0,0.0,0.0,0.0,0.0,0.0,2.0,16.0,128.0,32.0,0.17705289603757618
1.0,0.0,0.0,0.0,0.0,0.0,0.0,3.0,16.0,128.0,32.0,0.10042600835631782
1.0,0.0,0.0,0.0,0.0,0.0,0.0,4.0,16.0,128.0,32.0,0.09952483683333796
1.0,0.0,0.0,0.0,0.0,0.0,0.0,1.0,20.0,128.0,32.0,0.1984215844233868
1.0,0.0,0.0,0.0,0.0,0.0,0.0,2.0,20.0,128.0,32.0,0.1947622818755292
1.0,0.0,0.0,0.0,0.0,0.0,0.0,3.0,20.0,128.0,32.0,0.10370299571260827
1.0,0.0,0.0,0.0,0.0,0.0,0.0,4.0,20.0,128.0,32.0,0.10033042955842603
1.0,0.0,0.0,0.0,0.0,0.0,0.0,1.0,32.0,128.0,32.0,0.23024932412135773
1.0,0.0,0.0,0.0,0.0,0.0,0.0,2.0,32.0,128.0,32.0,0.2237226576367461
1.0,0.0,0.0,0.0,0.0,0.0,0.0,3.0,32.0,128.0,32.0,0.10453589666566537
1.0,0.0,0.0,0.0,0.0,0.0,0.0,4.0,32.0,128.0,32.0,0.10168218684289582
1.0,0.0,0.0,0.0,0.0,0.0,0.0,1.0,64.0,128.0,32.0,0.2509626150359105
1.0,0.0,0.0,0.0,0.0,0.0,0.0,2.0,64.0,128.0,32.0,0.237335809279336
1.0,0.0,0.0,0.0,0.0,0.0,0.0,3.0,64.0,128.0,32.0,0.1105710150468337
1.0,0.0,0.0,0.0,0.0,0.0,0.0,4.0,64.0,128.0,32.0,0.0974630656216719
1.0,0.0,0.0,0.0,0.0,0.0,0.0,1.0,128.0,128.0,32.0,0.1656107485185287
1.0,0.0,0.0,0.0,0.0,0.0,0.0,2.0,128.0,128.0,32.0,0.14309511455801638
1.0,0.0,0.0,0.0,0.0,0.0,0.0,3.0,128.0,128.0,32.0,0.09934733335153884
1.0,0.0,0.0,0.0,0.0,0.0,0.0,4.0,128.0,128.0,32.0,0.08895655260930124
1.0,0.0,0.0,0.0,0.0,0.0,0.0,1.0,0.0,0.0,64.0,0.21979027280919755
1.0,0.0,0.0,0.0,0.0,0.0,0.0,2.0,0.0,0.0,64.0,0.2220432016166472
1.0,0.0,0.0,0.0,0.0,0.0,0.0,3.0,0.0,0.0,64.0,0.2066550151560666
1.0,0.0,0.0,0.0,0.0,0.0,0.0,4.0,0.0,0.0,64.0,0.20792484775662917
1.0,0.0,0.0,0.0,0.0,0.0,0.0,1.0,8.0,0.0,64.0,0.37357655861711153
1.0,0.0,0.0,0.0,0.0,0.0,0.0,2.0,8.0,0.0,64.0,0.3888828203937847
1.0,0.0,0.0,0.0,0.0,0.0,0.0,3.0,8.0,0.0,64.0,0.26833064802424983
1.0,0.0,0.0,0.0,0.0,0.0,0.0,4.0,8.0,0.0,64.0,0.2739561429858817
1.0,0.0,0.0,0.0,0.0,0.0,0.0,1.0,10.0,0.0,64.0,0.34009667112701064
1.0,0.0,0.0,0.0,0.0,0.0,0.0,2.0,10.0,0.0,64.0,0.3540648297331987
1.0,0.0,0.0,0.0,0.0,0.0,0.0,3.0,10.0,0.0,64.0,0.2337993937573391
1.0,0.0,0.0,0.0,0.0,0.0,0.0,4.0,10.0,0.0,64.0,0.23724023048144421
1.0,0.0,0.0,0.0,0.0,0.0,0.0,1.0,16.0,0.0,64.0,0.29319478959010353
1.0,0.0,0.0,0.0,0.0,0.0,0.0,2.0,16.0,0.0,64.0,0.3004178158879271
1.0,0.0,0.0,0.0,0.0,0.0,0.0,3.0,16.0,0.0,64.0,0.17144105518992875
1.0,0.0,0.0,0.0,0.0,0.0,0.0,4.0,16.0,0.0,64.0,0.1727655042464295
1.0,0.0,0.0,0.0,0.0,0.0,0.0,1.0,20.0,0.0,64.0,0.27885796990633277
1.0,0.0,0.0,0.0,0.0,0.0,0.0,2.0,20.0,0.0,64.0,0.28333651929326314
1.0,0.0,0.0,0.0,0.0,0.0,0.0,3.0,20.0,0.0,64.0,0.15274857314508872
1.0,0.0,0.0,0.0,0.0,0.0,0.0,4.0,20.0,0.0,64.0,0.15126027472077347
1.0,0.0,0.0,0.0,0.0,0.0,0.0,1.0,32.0,0.0,64.0,0.26222725907315886
1.0,0.0,0.0,0.0,0.0,0.0,0.0,2.0,32.0,0.0,64.0,0.2622409131871433
1.0,0.0,0.0,0.0,0.0,0.0,0.0,3.0,32.0,0.0,64.0,0.12972773696714823
1.0,0.0,0.0,0.0,0.0,0.0,0.0,4.0,32.0,0.0,64.0,0.129645812283241
1.0,0.0,0.0,0.0,0.0,0.0,0.0,1.0,64.0,0.0,64.0,0.2989704798055655
1.0,0.0,0.0,0.0,0.0,0.0,0.0,2.0,64.0,0.0,64.0,0.3449575357055082
1.0,0.0,0.0,0.0,0.0,0.0,0.0,3.0,64.0,0.0,64.0,0.1565853791747454
1.0,0.0,0.0,0.0,0.0,0.0,0.0,4.0,64.0,0.0,64.0,0.23550615800540703
1.0,0.0,0.0,0.0,0.0,0.0,0.0,1.0,128.0,0.0,64.0,0.3002676206340971
1.0,0.0,0.0,0.0,0.0,0.0,0.0,2.0,128.0,0.0,64.0,0.3369152625686121
1.0,0.0,0.0,0.0,0.0,0.0,0.0,3.0,128.0,0.0,64.0,0.25377536251672633
1.0,0.0,0.0,0.0,0.0,0.0,0.0,4.0,128.0,0.0,64.0,0.28821103798574516
1.0,0.0,0.0,0.0,0.0,0.0,0.0,1.0,0.0,8.0,64.0,0.09075889565526102
1.0,0.0,0.0,0.0,0.0,0.0,0.0,2.0,0.0,8.0,64.0,0.09452743111499501
1.0,0.0,0.0,0.0,0.0,0.0,0.0,3.0,0.0,8.0,64.0,0.05843960785384639
1.0,0.0,0.0,0.0,0.0,0.0,0.0,4.0,0.0,8.0,64.0,0.062344684453425836
1.0,0.0,0.0,0.0,0.0,0.0,0.0,1.0,8.0,8.0,64.0,0.7913378300882057
1.0,0.0,0.0,0.0,0.0,0.0,0.0,2.0,8.0,8.0,64.0,0.7793085556678228
1.0,0.0,0.0,0.0,0.0,0.0,0.0,3.0,8.0,8.0,64.0,0.6651874709850079
1.0,0.0,0.0,0.0,0.0,0.0,0.0,4.0,8.0,8.0,64.0,0.6679182937819166
1.0,0.0,0.0,0.0,0.0,0.0,0.0,1.0,10.0,8.0,64.0,0.6651601627570389
1.0,0.0,0.0,0.0,0.0,0.0,0.0,2.0,10.0,8.0,64.0,0.6408558398645514
1.0,0.0,0.0,0.0,0.0,0.0,0.0,3.0,10.0,8.0,64.0,0.5603102214697289
1.0,0.0,0.0,0.0,0.0,0.0,0.0,4.0,10.0,8.0,64.0,0.5515579344056365
1.0,0.0,0.0,0.0,0.0,0.0,0.0,1.0,16.0,8.0,64.0,0.4789863185777877
1.0,0.0,0.0,0.0,0.0,0.0,0.0,2.0,16.0,8.0,64.0,0.4726098473470057
1.0,0.0,0.0,0.0,0.0,0.0,0.0,3.0,16.0,8.0,64.0,0.3888008957098776
1.0,0.0,0.0,0.0,0.0,0.0,0.0,4.0,16.0,8.0,64.0,0.3905076599579455
1.0,0.0,0.0,0.0,0.0,0.0,0.0,1.0,20.0,8.0,64.0,0.4343373658483302
1.0,0.0,0.0,0.0,0.0,0.0,0.0,2.0,20.0,8.0,64.0,0.4266364455610476
1.0,0.0,0.0,0.0,0.0,0.0,0.0,3.0,20.0,8.0,64.0,0.342540757530244
1.0,0.0,0.0,0.0,0.0,0.0,0.0,4.0,20.0,8.0,64.0,0.3428138398099348
1.0,0.0,0.0,0.0,0.0,0.0,0.0,1.0,32.0,8.0,64.0,0.3625167262896312
1.0,0.0,0.0,0.0,0.0,0.0,0.0,2.0,32.0,8.0,64.0,0.3665173816871024
1.0,0.0,0.0,0.0,0.0,0.0,0.0,3.0,32.0,8.0,64.0,0.2594281657063275
1.0,0.0,0.0,0.0,0.0,0.0,0.0,4.0,32.0,8.0,64.0,0.2608208853327509
1.0,0.0,0.0,0.0,0.0,0.0,0.0,1.0,64.0,8.0,64.0,0.2845790436658567
1.0,0.0,0.0,0.0,0.0,0.0,0.0,2.0,64.0,8.0,64.0,0.28524809525109923
1.0,0.0,0.0,0.0,0.0,0.0,0.0,3.0,64.0,8.0,64.0,0.1880581119091183
1.0,0.0,0.0,0.0,0.0,0.0,0.0,4.0,64.0,8.0,64.0,0.1888910128621754
1.0,0.0,0.0,0.0,0.0,0.0,0.0,1.0,128.0,8.0,64.0,0.18696578279035486
1.0,0.0,0.0,0.0,0.0,0.0,0.0,2.0,128.0,8.0,64.0,0.1879761872252111
1.0,0.0,0.0,0.0,0.0,0.0,0.0,3.0,128.0,8.0,64.0,0.11416204702476862
1.0,0.0,0.0,0.0,0.0,0.0,0.0,4.0,128.0,8.0,64.0,0.11401185177093864
1.0,0.0,0.0,0.0,0.0,0.0,0.0,1.0,0.0,10.0,64.0,0.12169911794423666
1.0,0.0,0.0,0.0,0.0,0.0,0.0,2.0,0.0,10.0,64.0,0.12989158633496278
1.0,0.0,0.0,0.0,0.0,0.0,0.0,3.0,0.0,10.0,64.0,0.07605341489390754
1.0,0.0,0.0,0.0,0.0,0.0,0.0,4.0,0.0,10.0,64.0,0.0784019224992491
1.0,0.0,0.0,0.0,0.0,0.0,0.0,1.0,8.0,10.0,64.0,0.7206914443321775
1.0,0.0,0.0,0.0,0.0,0.0,0.0,2.0,8.0,10.0,64.0,0.7095633414347744
1.0,0.0,0.0,0.0,0.0,0.0,0.0,3.0,8.0,10.0,64.0,0.5867582402577898
1.0,0.0,0.0,0.0,0.0,0.0,0.0,4.0,8.0,10.0,64.0,0.576790737049073
1.0,0.0,0.0,0.0,0.0,0.0,0.0,1.0,10.0,10.0,64.0,0.6129058685381907
1.0,0.0,0.0,0.0,0.0,0.0,0.0,2.0,10.0,10.0,64.0,0.5908954367951065
1.0,0.0,0.0,0.0,0.0,0.0,0.0,3.0,10.0,10.0,64.0,0.4912477129359077
1.0,0.0,0.0,0.0,0.0,0.0,0.0,4.0,10.0,10.0,64.0,0.4855812556323221
1.0,0.0,0.0,0.0,0.0,0.0,0.0,1.0,16.0,10.0,64.0,0.46220541249078356
1.0,0.0,0.0,0.0,0.0,0.0,0.0,2.0,16.0,10.0,64.0,0.4530298478931703
1.0,0.0,0.0,0.0,0.0,0.0,0.0,3.0,16.0,10.0,64.0,0.3557442857532976
1.0,0.0,0.0,0.0,0.0,0.0,0.0,4.0,16.0,10.0,64.0,0.3517845926977799
1.0,0.0,0.0,0.0,0.0,0.0,0.0,1.0,20.0,10.0,64.0,0.4309921079221171
1.0,0.0,0.0,0.0,0.0,0.0,0.0,2.0,20.0,10.0,64.0,0.42252655725170013
1.0,0.0,0.0,0.0,0.0,0.0,0.0,3.0,20.0,10.0,64.0,0.32141784319615513
1.0,0.0,0.0,0.0,0.0,0.0,0.0,4.0,20.0,10.0,64.0,0.3187416368551846
1.0,0.0,0.0,0.0,0.0,0.0,0.0,1.0,32.0,10.0,64.0,0.37914743712280513
1.0,0.0,0.0,0.0,0.0,0.0,0.0,2.0,32.0,10.0,64.0,0.38170075643791485
1.0,0.0,0.0,0.0,0.0,0.0,0.0,3.0,32.0,10.0,64.0,0.2520139818127202
1.0,0.0,0.0,0.0,0.0,0.0,0.0,4.0,32.0,10.0,64.0,0.2510445397198176
1.0,0.0,0.0,0.0,0.0,0.0,0.0,1.0,64.0,10.0,64.0,0.31513695076326514
1.0,0.0,0.0,0.0,0.0,0.0,0.0,2.0,64.0,10.0,64.0,0.3152461836751414
1.0,0.0,0.0,0.0,0.0,0.0,0.0,3.0,64.0,10.0,64.0,0.19597749802015357
1.0,0.0,0.0,0.0,0.0,0.0,0.0,4.0,64.0,10.0,64.0,0.19560883694257086
1.0,0.0,0.0,0.0,0.0,0.0,0.0,1.0,128.0,10.0,64.0,0.20541249078347318
1.0,0.0,0.0,0.0,0.0,0.0,0.0,2.0,128.0,10.0,64.0,0.20537152844151946
1.0,0.0,0.0,0.0,0.0,0.0,0.0,3.0,128.0,10.0,64.0,0.12998716513285458
1.0,0.0,0.0,0.0,0.0,0.0,0.0,4.0,128.0,10.0,64.0,0.12908599360987472
1.0,0.0,0.0,0.0,0.0,0.0,0.0,1.0,0.0,16.0,64.0,0.07969906332778076
1.0,0.0,0.0,0.0,0.0,0.0,0.0,2.0,0.0,16.0,64.0,0.08509243835167546
1.0,0.0,0.0,0.0,0.0,0.0,0.0,3.0,0.0,16.0,64.0,0.039883666948851704
1.0,0.0,0.0,0.0,0.0,0.0,0.0,4.0,0.0,16.0,64.0,0.04165870176684239
1.0,0.0,0.0,0.0,0.0,0.0,0.0,1.0,8.0,16.0,64.0,0.47053442202135515
1.0,0.0,0.0,0.0,0.0,0.0,0.0,2.0,8.0,16.0,64.0,0.46593298560856394
1.0,0.0,0.0,0.0,0.0,0.0,0.0,3.0,8.0,16.0,64.0,0.36631256997733425
1.0,0.0,0.0,0.0,0.0,0.0,0.0,4.0,8.0,16.0,64.0,0.36552063136623075
1.0,0.0,0.0,0.0,0.0,0.0,0.0,1.0,10.0,16.0,64.0,0.41066113219913164
1.0,0.0,0.0,0.0,0.0,0.0,0.0,2.0,10.0,16.0,64.0,0.38717605614571676
1.0,0.0,0.0,0.0,0.0,0.0,0.0,3.0,10.0,16.0,64.0,0.31150495644337645
1.0,0.0,0.0,0.0,0.0,0.0,0.0,4.0,10.0,16.0,64.0,0.30537425926431644
1.0,0.0,0.0,0.0,0.0,0.0,0.0,1.0,16.0,16.0,64.0,0.3048827111608729
1.0,0.0,0.0,0.0,0.0,0.0,0.0,2.0,16.0,16.0,64.0,0.30675332477675527
1.0,0.0,0.0,0.0,0.0,0.0,0.0,3.0,16.0,16.0,64.0,0.22344957535705517
1.0,0.0,0.0,0.0,0.0,0.0,0.0,4.0,16.0,16.0,64.0,0.22593462410224213
1.0,0.0,0.0,0.0,0.0,0.0,0.0,1.0,20.0,16.0,64.0,0.29518829023184695
1.0,0.0,0.0,0.0,0.0,0.0,0.0,2.0,20.0,16.0,64.0,0.28658619842158456
1.0,0.0,0.0,0.0,0.0,0.0,0.0,3.0,20.0,16.0,64.0,0.20492094268002953
1.0,0.0,0.0,0.0,0.0,0.0,0.0,4.0,20.0,16.0,64.0,0.2030776372921162
1.0,0.0,0.0,0.0,0.0,0.0,0.0,1.0,32.0,16.0,64.0,0.2660640651028155
1.0,0.0,0.0,0.0,0.0,0.0,0.0,2.0,32.0,16.0,64.0,0.27040607334990036
1.0,0.0,0.0,0.0,0.0,0.0,0.0,3.0,32.0,16.0,64.0,0.1613370108413666
1.0,0.0,0.0,0.0,0.0,0.0,0.0,4.0,32.0,16.0,64.0,0.16368551844670803
1.0,0.0,0.0,0.0,0.0,0.0,0.0,1.0,64.0,16.0,64.0,0.2426745678472924
1.0,0.0,0.0,0.0,0.0,0.0,0.0,2.0,64.0,16.0,64.0,0.24427209918348408
1.0,0.0,0.0,0.0,0.0,0.0,0.0,3.0,64.0,16.0,64.0,0.13364646768071226
1.0,0.0,0.0,0.0,0.0,0.0,0.0,4.0,64.0,16.0,64.0,0.13372839236461953
1.0,0.0,0.0,0.0,0.0,0.0,0.0,1.0,128.0,16.0,64.0,0.1727655042464295
1.0,0.0,0.0,0.0,0.0,0.0,0.0,2.0,128.0,16.0,64.0,0.16921543461044825
1.0,0.0,0.0,0.0,0.0,0.0,0.0,3.0,128.0,16.0,64.0,0.09536033206805217
1.0,0.0,0.0,0.0,0.0,0.0,0.0,4.0,128.0,16.0,64.0,0.09257489281520526
1.0,0.0,0.0,0.0,0.0,0.0,0.0,1.0,0.0,20.0,64.0,0.07694093230290289
1.0,0.0,0.0,0.0,0.0,0.0,0.0,2.0,0.0,20.0,64.0,0.07941232693410527
1.0,0.0,0.0,0.0,0.0,0.0,0.0,3.0,0.0,20.0,64.0,0.03473606597667883
1.0,0.0,0.0,0.0,0.0,0.0,0.0,4.0,0.0,20.0,64.0,0.03544607990387505
1.0,0.0,0.0,0.0,0.0,0.0,0.0,1.0,8.0,20.0,64.0,0.41892187115978047
1.0,0.0,0.0,0.0,0.0,0.0,0.0,2.0,8.0,20.0,64.0,0.40526775717523694
1.0,0.0,0.0,0.0,0.0,0.0,0.0,3.0,8.0,20.0,64.0,0.30972992162538576
1.0,0.0,0.0,0.0,0.0,0.0,0.0,4.0,8.0,20.0,64.0,0.30189246019825783
1.0,0.0,0.0,0.0,0.0,0.0,0.0,1.0,10.0,20.0,64.0,0.36244845571970846
1.0,0.0,0.0,0.0,0.0,0.0,0.0,2.0,10.0,20.0,64.0,0.34168054834921774
1.0,0.0,0.0,0.0,0.0,0.0,0.0,3.0,10.0,20.0,64.0,0.2632786258499687
1.0,0.0,0.0,0.0,0.0,0.0,0.0,4.0,10.0,20.0,64.0,0.25501788688931987
1.0,0.0,0.0,0.0,0.0,0.0,0.0,1.0,16.0,20.0,64.0,0.2785575793986729
1.0,0.0,0.0,0.0,0.0,0.0,0.0,2.0,16.0,20.0,64.0,0.2716759059504629
1.0,0.0,0.0,0.0,0.0,0.0,0.0,3.0,16.0,20.0,64.0,0.1948442065594364
1.0,0.0,0.0,0.0,0.0,0.0,0.0,4.0,16.0,20.0,64.0,0.19231819547229584
1.0,0.0,0.0,0.0,0.0,0.0,0.0,1.0,20.0,20.0,64.0,0.2683033397962808
1.0,0.0,0.0,0.0,0.0,0.0,0.0,2.0,20.0,20.0,64.0,0.26226822141511236
1.0,0.0,0.0,0.0,0.0,0.0,0.0,3.0,20.0,20.0,64.0,0.17735328654523613
1.0,0.0,0.0,0.0,0.0,0.0,0.0,4.0,20.0,20.0,64.0,0.17553728938529184
1.0,0.0,0.0,0.0,0.0,0.0,0.0,1.0,32.0,20.0,64.0,0.2546765340397063
1.0,0.0,0.0,0.0,0.0,0.0,0.0,2.0,32.0,20.0,64.0,0.250348179906606
1.0,0.0,0.0,0.0,0.0,0.0,0.0,3.0,32.0,20.0,64.0,0.14496572817389886
1.0,0.0,0.0,0.0,0.0,0.0,0.0,4.0,32.0,20.0,64.0,0.14192086075534566
1.0,0.0,0.0,0.0,0.0,0.0,0.0,1.0,64.0,20.0,64.0,0.23995739916436826
1.0,0.0,0.0,0.0,0.0,0.0,0.0,2.0,64.0,20.0,64.0,0.23680329883393864
1.0,0.0,0.0,0.0,0.0,0.0,0.0,3.0,64.0,20.0,64.0,0.12320107048253648
1.0,0.0,0.0,0.0,0.0,0.0,0.0,4.0,64.0,20.0,64.0,0.12119391572680854
1.0,0.0,0.0,0.0,0.0,0.0,0.0,1.0,128.0,20.0,64.0,0.16245664818809918
1.0,0.0,0.0,0.0,0.0,0.0,0.0,2.0,128.0,20.0,64.0,0.16046314754635577
1.0,0.0,0.0,0.0,0.0,0.0,0.0,3.0,128.0,20.0,64.0,0.08906578552117761
1.0,0.0,0.0,0.0,0.0,0.0,0.0,4.0,128.0,20.0,64.0,0.08655342854802156
1.0,0.0,0.0,0.0,0.0,0.0,0.0,1.0,0.0,32.0,64.0,0.06844807340451686
1.0,0.0,0.0,0.0,0.0,0.0,0.0,2.0,0.0,32.0,64.0,0.07060542341407466
1.0,0.0,0.0,0.0,0.0,0.0,0.0,3.0,0.0,32.0,64.0,0.025656080176957363
1.0,0.0,0.0,0.0,0.0,0.0,0.0,4.0,0.0,32.0,64.0,0.02588820011469456
1.0,0.0,0.0,0.0,0.0,0.0,0.0,1.0,8.0,32.0,64.0,0.31707583494907027
1.0,0.0,0.0,0.0,0.0,0.0,0.0,2.0,8.0,32.0,64.0,0.3078593080095034
1.0,0.0,0.0,0.0,0.0,0.0,0.0,3.0,8.0,32.0,64.0,0.21816543324503673
1.0,0.0,0.0,0.0,0.0,0.0,0.0,4.0,8.0,32.0,64.0,0.21087413637729052
1.0,0.0,0.0,0.0,0.0,0.0,0.0,1.0,10.0,32.0,64.0,0.2798137578852508
1.0,0.0,0.0,0.0,0.0,0.0,0.0,2.0,10.0,32.0,64.0,0.2630465059122315
1.0,0.0,0.0,0.0,0.0,0.0,0.0,3.0,10.0,32.0,64.0,0.18672000873863298
1.0,0.0,0.0,0.0,0.0,0.0,0.0,4.0,10.0,32.0,64.0,0.1799748764302685
1.0,0.0,0.0,0.0,0.0,0.0,0.0,1.0,16.0,32.0,64.0,0.21974931046724383
1.0,0.0,0.0,0.0,0.0,0.0,0.0,2.0,16.0,32.0,64.0,0.2178104262814387
1.0,0.0,0.0,0.0,0.0,0.0,0.0,3.0,16.0,32.0,64.0,0.14392801551107354
1.0,0.0,0.0,0.0,0.0,0.0,0.0,4.0,16.0,32.0,64.0,0.1406510281547831
1.0,0.0,0.0,0.0,0.0,0.0,0.0,1.0,20.0,32.0,64.0,0.2237636199786996
1.0,0.0,0.0,0.0,0.0,0.0,0.0,2.0,20.0,32.0,64.0,0.2179469674212841
1.0,0.0,0.0,0.0,0.0,0.0,0.0,3.0,20.0,32.0,64.0,0.13781097244599805
1.0,0.0,0.0,0.0,0.0,0.0,0.0,4.0,20.0,32.0,64.0,0.13398782053032587
1.0,0.0,0.0,0.0,0.0,0.0,0.0,1.0,32.0,32.0,64.0,0.22579808296239662
1.0,0.0,0.0,0.0,0.0,0.0,0.0,2.0,32.0,32.0,64.0,0.22219339687047707
1.0,0.0,0.0,0.0,0.0,0.0,0.0,3.0,32.0,32.0,64.0,0.11614189355252741
1.0,0.0,0.0,0.0,0.0,0.0,0.0,4.0,32.0,32.0,64.0,0.11151314891176717
1.0,0.0,0.0,0.0,0.0,0.0,0.0,1.0,64.0,32.0,64.0,0.23725388459542868
1.0,0.0,0.0,0.0,0.0,0.0,0.0,2.0,64.0,32.0,64.0,0.23233840356099295
1.0,0.0,0.0,0.0,0.0,0.0,0.0,3.0,64.0,32.0,64.0,0.10819519921352311
1.0,0.0,0.0,0.0,0.0,0.0,0.0,4.0,64.0,32.0,64.0,0.10371664982659279
1.0,0.0,0.0,0.0,0.0,0.0,0.0,1.0,128.0,32.0,64.0,0.146576913624075
1.0,0.0,0.0,0.0,0.0,0.0,0.0,2.0,128.0,32.0,64.0,0.14252164177066556
1.0,0.0,0.0,0.0,0.0,0.0,0.0,3.0,128.0,32.0,64.0,0.08599360987465532
1.0,0.0,0.0,0.0,0.0,0.0,0.0,4.0,128.0,32.0,64.0,0.08290778011414845
1.0,0.0,0.0,0.0,0.0,0.0,0.0,1.0,0.0,64.0,64.0,0.0683798028345941
1.0,0.0,0.0,0.0,0.0,0.0,0.0,2.0,0.0,64.0,64.0,0.06925366612960493
1.0,0.0,0.0,0.0,0.0,0.0,0.0,3.0,0.0,64.0,64.0,0.028933067533247814
1.0,0.0,0.0,0.0,0.0,0.0,0.0,4.0,0.0,64.0,64.0,0.02930172861083047
1.0,0.0,0.0,0.0,0.0,0.0,0.0,1.0,8.0,64.0,64.0,0.24509134602255672
1.0,0.0,0.0,0.0,0.0,0.0,0.0,2.0,8.0,64.0,64.0,0.23470056528031907
1.0,0.0,0.0,0.0,0.0,0.0,0.0,3.0,8.0,64.0,64.0,0.15397744340369762
1.0,0.0,0.0,0.0,0.0,0.0,0.0,4.0,8.0,64.0,64.0,0.15399109751768214
1.0,0.0,0.0,0.0,0.0,0.0,0.0,1.0,10.0,64.0,64.0,0.22481498675550954
1.0,0.0,0.0,0.0,0.0,0.0,0.0,2.0,10.0,64.0,64.0,0.21054643764166153
1.0,0.0,0.0,0.0,0.0,0.0,0.0,3.0,10.0,64.0,64.0,0.1353941942707338
1.0,0.0,0.0,0.0,0.0,0.0,0.0,4.0,10.0,64.0,64.0,0.13777001010404438
1.0,0.0,0.0,0.0,0.0,0.0,0.0,1.0,16.0,64.0,64.0,0.2007564379147438
1.0,0.0,0.0,0.0,0.0,0.0,0.0,2.0,16.0,64.0,64.0,0.1978754198640051
1.0,0.0,0.0,0.0,0.0,0.0,0.0,3.0,16.0,64.0,64.0,0.11846309292989982
1.0,0.0,0.0,0.0,0.0,0.0,0.0,4.0,16.0,64.0,64.0,0.11502225620579487
1.0,0.0,0.0,0.0,0.0,0.0,0.0,1.0,20.0,64.0,64.0,0.21435593544334913
1.0,0.0,0.0,0.0,0.0,0.0,0.0,2.0,20.0,64.0,64.0,0.20882601927960903
1.0,0.0,0.0,0.0,0.0,0.0,0.0,3.0,20.0,64.0,64.0,0.11769846254676536
1.0,0.0,0.0,0.0,0.0,0.0,0.0,4.0,20.0,64.0,64.0,0.11205931347114895
1.0,0.0,0.0,0.0,0.0,0.0,0.0,1.0,32.0,64.0,64.0,0.23427728774679818
1.0,0.0,0.0,0.0,0.0,0.0,0.0,2.0,32.0,64.0,64.0,0.2282285152516454
1.0,0.0,0.0,0.0,0.0,0.0,0.0,3.0,32.0,64.0,64.0,0.11027062453917369
1.0,0.0,0.0,0.0,0.0,0.0,0.0,4.0,32.0,64.0,64.0,0.10442666375378906
1.0,0.0,0.0,0.0,0.0,0.0,0.0,1.0,64.0,64.0,64.0,0.25215052295256574
1.0,0.0,0.0,0.0,0.0,0.0,0.0,2.0,64.0,64.0,64.0,0.24059914252164177
1.0,0.0,0.0,0.0,0.0,0.0,0.0,3.0,64.0,64.0,64.0,0.10643381850951694
1.0,0.0,0.0,0.0,0.0,0.0,0.0,4.0,64.0,64.0,64.0,0.09471858871077865
1.0,0.0,0.0,0.0,0.0,0.0,0.0,1.0,128.0,64.0,64.0,0.14091045632048943
1.0,0.0,0.0,0.0,0.0,0.0,0.0,2.0,128.0,64.0,64.0,0.12713345531008496
1.0,0.0,0.0,0.0,0.0,0.0,0.0,3.0,128.0,64.0,64.0,0.08103716649826598
1.0,0.0,0.0,0.0,0.0,0.0,0.0,4.0,128.0,64.0,64.0,0.07336355443895254
1.0,0.0,0.0,0.0,0.0,0.0,0.0,1.0,0.0,128.0,64.0,0.171796062153527
1.0,0.0,0.0,0.0,0.0,0.0,0.0,2.0,0.0,128.0,64.0,0.17292935361424405
1.0,0.0,0.0,0.0,0.0,0.0,0.0,3.0,0.0,128.0,64.0,0.15190201807804699
1.0,0.0,0.0,0.0,0.0,0.0,0.0,4.0,0.0,128.0,64.0,0.15222971681367603
1.0,0.0,0.0,0.0,0.0,0.0,0.0,1.0,8.0,128.0,64.0,0.30058166525574165
1.0,0.0,0.0,0.0,0.0,0.0,0.0,2.0,8.0,128.0,64.0,0.30387230672601667
1.0,0.0,0.0,0.0,0.0,0.0,0.0,3.0,8.0,128.0,64.0,0.19915890657855212
1.0,0.0,0.0,0.0,0.0,0.0,0.0,4.0,8.0,128.0,64.0,0.2201862421147492
1.0,0.0,0.0,0.0,0.0,0.0,0.0,1.0,10.0,128.0,64.0,0.28575329746852735
1.0,0.0,0.0,0.0,0.0,0.0,0.0,2.0,10.0,128.0,64.0,0.2844561566399956
1.0,0.0,0.0,0.0,0.0,0.0,0.0,3.0,10.0,128.0,64.0,0.18520440208634864
1.0,0.0,0.0,0.0,0.0,0.0,0.0,4.0,10.0,128.0,64.0,0.19552691225866364
1.0,0.0,0.0,0.0,0.0,0.0,0.0,1.0,16.0,128.0,64.0,0.26413883503099495
1.0,0.0,0.0,0.0,0.0,0.0,0.0,2.0,16.0,128.0,64.0,0.2668969660558727
1.0,0.0,0.0,0.0,0.0,0.0,0.0,3.0,16.0,128.0,64.0,0.1507823807313144
1.0,0.0,0.0,0.0,0.0,0.0,0.0,4.0,16.0,128.0,64.0,0.1530626177667332
1.0,0.0,0.0,0.0,0.0,0.0,0.0,1.0,20.0,128.0,64.0,0.26218629673120525
1.0,0.0,0.0,0.0,0.0,0.0,0.0,2.0,20.0,128.0,64.0,0.26162647805783884
1.0,0.0,0.0,0.0,0.0,0.0,0.0,3.0,20.0,128.0,64.0,0.13912176738851423
1.0,0.0,0.0,0.0,0.0,0.0,0.0,4.0,20.0,128.0,64.0,0.13662306452934275
1.0,0.0,0.0,0.0,0.0,0.0,0.0,1.0,32.0,128.0,64.0,0.25646522297168134
1.0,0.0,0.0,0.0,0.0,0.0,0.0,2.0,32.0,128.0,64.0,0.2517955159889675
1.0,0.0,0.0,0.0,0.0,0.0,0.0,3.0,32.0,128.0,64.0,0.11906387394521972
1.0,0.0,0.0,0.0,0.0,0.0,0.0,4.0,32.0,128.0,64.0,0.11311068024795878
1.0,0.0,0.0,0.0,0.0,0.0,0.0,1.0,64.0,128.0,64.0,0.2509216526939568
1.0,0.0,0.0,0.0,0.0,0.0,0.0,2.0,64.0,128.0,64.0,0.2361205931347115
1.0,0.0,0.0,0.0,0.0,0.0,0.0,3.0,64.0,128.0,64.0,0.10848193560719849
1.0,0.0,0.0,0.0,0.0,0.0,0.0,4.0,64.0,128.0,64.0,0.09458204757093319
1.0,0.0,0.0,0.0,0.0,0.0,0.0,1.0,128.0,128.0,64.0,0.16084546273792294
1.0,0.0,0.0,0.0,0.0,0.0,0.0,2.0,128.0,128.0,64.0,0.13944946612414327
1.0,0.0,0.0,0.0,0.0,0.0,0.0,3.0,128.0,128.0,64.0,0.09471858871077865
1.0,0.0,0.0,0.0,0.0,0.0,0.0,4.0,128.0,128.0,64.0,0.08393183866298926
1.0,0.0,0.0,0.0,0.0,0.0,0.0,1.0,0.0,0.0,128.0,0.21970834812529022
1.0,0.0,0.0,0.0,0.0,0.0,0.0,2.0,0.0,0.0,128.0,0.2220022392746936
1.0,0.0,0.0,0.0,0.0,0.0,0.0,3.0,0.0,0.0,128.0,0.2065594363581748
1.0,0.0,0.0,0.0,0.0,0.0,0.0,4.0,0.0,0.0,128.0,0.20714656325951014
1.0,0.0,0.0,0.0,0.0,0.0,0.0,1.0,8.0,0.0,128.0,0.376280073186051
1.0,0.0,0.0,0.0,0.0,0.0,0.0,2.0,8.0,0.0,128.0,0.38444523334880804
1.0,0.0,0.0,0.0,0.0,0.0,0.0,3.0,8.0,0.0,128.0,0.27082935088342125
1.0,0.0,0.0,0.0,0.0,0.0,0.0,4.0,8.0,0.0,128.0,0.2690952784073842
1.0,0.0,0.0,0.0,0.0,0.0,0.0,1.0,10.0,0.0,128.0,0.3415030448674186
1.0,0.0,0.0,0.0,0.0,0.0,0.0,2.0,10.0,0.0,128.0,0.3494497392064229
1.0,0.0,0.0,0.0,0.0,0.0,0.0,3.0,10.0,0.0,128.0,0.23415440072093724
1.0,0.0,0.0,0.0,0.0,0.0,0.0,4.0,10.0,0.0,128.0,0.2327753352084983
1.0,0.0,0.0,0.0,0.0,0.0,0.0,1.0,16.0,0.0,128.0,0.29230727218110825
1.0,0.0,0.0,0.0,0.0,0.0,0.0,2.0,16.0,0.0,128.0,0.29658100985827035
1.0,0.0,0.0,0.0,0.0,0.0,0.0,3.0,16.0,0.0,128.0,0.16980256151178358
1.0,0.0,0.0,0.0,0.0,0.0,0.0,4.0,16.0,0.0,128.0,0.1694202463202164
1.0,0.0,0.0,0.0,0.0,0.0,0.0,1.0,20.0,0.0,128.0,0.27836642180288934
1.0,0.0,0.0,0.0,0.0,0.0,0.0,2.0,20.0,0.0,128.0,0.2805237718124472
1.0,0.0,0.0,0.0,0.0,0.0,0.0,3.0,20.0,0.0,128.0,0.15026352439990176
1.0,0.0,0.0,0.0,0.0,0.0,0.0,4.0,20.0,0.0,128.0,0.1476692427428385
1.0,0.0,0.0,0.0,0.0,0.0,0.0,1.0,32.0,0.0,128.0,0.2598241350118791
1.0,0.0,0.0,0.0,0.0,0.0,0.0,2.0,32.0,0.0,128.0,0.25998798437969367
1.0,0.0,0.0,0.0,0.0,0.0,0.0,3.0,32.0,0.0,128.0,0.12651902018078048
1.0,0.0,0.0,0.0,0.0,0.0,0.0,4.0,32.0,0.0,128.0,0.1256588109997543
1.0,0.0,0.0,0.0,0.0,0.0,0.0,1.0,64.0,0.0,128.0,0.29969414784674636
1.0,0.0,0.0,0.0,0.0,0.0,0.0,2.0,64.0,0.0,128.0,0.34520330975722996
1.0,0.0,0.0,0.0,0.0,0.0,0.0,3.0,64.0,0.0,128.0,0.15754116715366345
1.0,0.0,0.0,0.0,0.0,0.0,0.0,4.0,64.0,0.0,128.0,0.23281629755045202
1.0,0.0,0.0,0.0,0.0,0.0,0.0,1.0,128.0,0.0,128.0,0.2974412190392966
1.0,0.0,0.0,0.0,0.0,0.0,0.0,2.0,128.0,0.0,128.0,0.3440700182965128
1.0,0.0,0.0,0.0,0.0,0.0,0.0,3.0,128.0,0.0,128.0,0.25264207105600917
1.0,0.0,0.0,0.0,0.0,0.0,0.0,4.0,128.0,0.0,128.0,0.2868456265872908
1.0,0.0,0.0,0.0,0.0,0.0,0.0,1.0,0.0,8.0,128.0,0.0880690352003059
1.0,0.0,0.0,0.0,0.0,0.0,0.0,2.0,0.0,8.0,128.0,0.09308009503263343
1.0,0.0,0.0,0.0,0.0,0.0,0.0,3.0,0.0,8.0,128.0,0.058589803107676364
1.0,0.0,0.0,0.0,0.0,0.0,0.0,4.0,0.0,8.0,128.0,0.0630137360386685
1.0,0.0,0.0,0.0,0.0,0.0,0.0,1.0,8.0,8.0,128.0,0.7993391408831481
1.0,0.0,0.0,0.0,0.0,0.0,0.0,2.0,8.0,8.0,128.0,0.7840192249924904
1.0,0.0,0.0,0.0,0.0,0.0,0.0,3.0,8.0,8.0,128.0,0.6715639422157897
1.0,0.0,0.0,0.0,0.0,0.0,0.0,4.0,8.0,8.0,128.0,0.6767115431879627
1.0,0.0,0.0,0.0,0.0,0.0,0.0,1.0,10.0,8.0,128.0,0.6671263551708131
1.0,0.0,0.0,0.0,0.0,0.0,0.0,2.0,10.0,8.0,128.0,0.6473961604631477
1.0,0.0,0.0,0.0,0.0,0.0,0.0,3.0,10.0,8.0,128.0,0.5673557442857535
1.0,0.0,0.0,0.0,0.0,0.0,0.0,4.0,10.0,8.0,128.0,0.5584532619678311
1.0,0.0,0.0,0.0,0.0,0.0,0.0,1.0,16.0,8.0,128.0,0.48507605341489396
1.0,0.0,0.0,0.0,0.0,0.0,0.0,2.0,16.0,8.0,128.0,0.4789590103498184
1.0,0.0,0.0,0.0,0.0,0.0,0.0,3.0,16.0,8.0,128.0,0.392733280537426
1.0,0.0,0.0,0.0,0.0,0.0,0.0,4.0,16.0,8.0,128.0,0.395068134028783
1.0,0.0,0.0,0.0,0.0,0.0,0.0,1.0,20.0,8.0,128.0,0.4407001829651274
1.0,0.0,0.0,0.0,0.0,0.0,0.0,2.0,20.0,8.0,128.0,0.43086922089625607
1.0,0.0,0.0,0.0,0.0,0.0,0.0,3.0,20.0,8.0,128.0,0.34589966957044166
1.0,0.0,0.0,0.0,0.0,0.0,0.0,4.0,20.0,8.0,128.0,0.34618640596411704
1.0,0.0,0.0,0.0,0.0,0.0,0.0,1.0,32.0,8.0,128.0,0.3674458614380513
1.0,0.0,0.0,0.0,0.0,0.0,0.0,2.0,32.0,8.0,128.0,0.3710642016439554
1.0,0.0,0.0,0.0,0.0,0.0,0.0,3.0,32.0,8.0,128.0,0.26310112236816957
1.0,0.0,0.0,0.0,0.0,0.0,0.0,4.0,32.0,8.0,128.0,0.2662415685846146
1.0,0.0,0.0,0.0,0.0,0.0,0.0,1.0,64.0,8.0,128.0,0.3041453890057076
1.0,0.0,0.0,0.0,0.0,0.0,0.0,2.0,64.0,8.0,128.0,0.30570195799994543
1.0,0.0,0.0,0.0,0.0,0.0,0.0,3.0,64.0,8.0,128.0,0.20004642398754752
1.0,0.0,0.0,0.0,0.0,0.0,0.0,4.0,64.0,8.0,128.0,0.19948660531418122
1.0,0.0,0.0,0.0,0.0,0.0,0.0,1.0,128.0,8.0,128.0,0.21606269969141706
1.0,0.0,0.0,0.0,0.0,0.0,0.0,2.0,128.0,8.0,128.0,0.21584423386766433
1.0,0.0,0.0,0.0,0.0,0.0,0.0,3.0,128.0,8.0,128.0,0.14735519812119402
1.0,0.0,0.0,0.0,0.0,0.0,0.0,4.0,128.0,8.0,128.0,0.14380512848521265
1.0,0.0,0.0,0.0,0.0,0.0,0.0,1.0,0.0,10.0,128.0,0.1203063983178132
1.0,0.0,0.0,0.0,0.0,0.0,0.0,2.0,0.0,10.0,128.0,0.12822578442884847
1.0,0.0,0.0,0.0,0.0,0.0,0.0,3.0,0.0,10.0,128.0,0.0748928152052214
1.0,0.0,0.0,0.0,0.0,0.0,0.0,4.0,0.0,10.0,128.0,0.07812884021955824
1.0,0.0,0.0,0.0,0.0,0.0,0.0,1.0,8.0,10.0,128.0,0.7249105655534014
1.0,0.0,0.0,0.0,0.0,0.0,0.0,2.0,8.0,10.0,128.0,0.7094404544089135
1.0,0.0,0.0,0.0,0.0,0.0,0.0,3.0,8.0,10.0,128.0,0.5897211829924358
1.0,0.0,0.0,0.0,0.0,0.0,0.0,4.0,8.0,10.0,128.0,0.5812419782080342
1.0,0.0,0.0,0.0,0.0,0.0,0.0,1.0,10.0,10.0,128.0,0.61741172615309
1.0,0.0,0.0,0.0,0.0,0.0,0.0,2.0,10.0,10.0,128.0,0.5954286026379749
1.0,0.0,0.0,0.0,0.0,0.0,0.0,3.0,10.0,10.0,128.0,0.49623146454026607
1.0,0.0,0.0,0.0,0.0,0.0,0.0,4.0,10.0,10.0,128.0,0.49186214806521206
1.0,0.0,0.0,0.0,0.0,0.0,0.0,1.0,16.0,10.0,128.0,0.4663699172560693
1.0,0.0,0.0,0.0,0.0,0.0,0.0,2.0,16.0,10.0,128.0,0.456989540948688
1.0,0.0,0.0,0.0,0.0,0.0,0.0,3.0,16.0,10.0,128.0,0.3620661405281413
1.0,0.0,0.0,0.0,0.0,0.0,0.0,4.0,16.0,10.0,128.0,0.35515715885196214
1.0,0.0,0.0,0.0,0.0,0.0,0.0,1.0,20.0,10.0,128.0,0.4359622054124909
1.0,0.0,0.0,0.0,0.0,0.0,0.0,2.0,20.0,10.0,128.0,0.42581719872197504
1.0,0.0,0.0,0.0,0.0,0.0,0.0,3.0,20.0,10.0,128.0,0.3230426827603157
1.0,0.0,0.0,0.0,0.0,0.0,0.0,4.0,20.0,10.0,128.0,0.32102187389060327
1.0,0.0,0.0,0.0,0.0,0.0,0.0,1.0,32.0,10.0,128.0,0.3803763073814141
1.0,0.0,0.0,0.0,0.0,0.0,0.0,2.0,32.0,10.0,128.0,0.3859608400010925
1.0,0.0,0.0,0.0,0.0,0.0,0.0,3.0,32.0,10.0,128.0,0.25576886315846975
1.0,0.0,0.0,0.0,0.0,0.0,0.0,4.0,32.0,10.0,128.0,0.25474480460962895
1.0,0.0,0.0,0.0,0.0,0.0,0.0,1.0,64.0,10.0,128.0,0.34325077145744026
1.0,0.0,0.0,0.0,0.0,0.0,0.0,2.0,64.0,10.0,128.0,0.342868456265873
1.0,0.0,0.0,0.0,0.0,0.0,0.0,3.0,64.0,10.0,128.0,0.2080886971244436
1.0,0.0,0.0,0.0,0.0,0.0,0.0,4.0,64.0,10.0,128.0,0.20638193287637568
1.0,0.0,0.0,0.0,0.0,0.0,0.0,1.0,128.0,10.0,128.0,0.23800486086457856
1.0,0.0,0.0,0.0,0.0,0.0,0.0,2.0,128.0,10.0,128.0,0.23618886370463427
1.0,0.0,0.0,0.0,0.0,0.0,0.0,3.0,128.0,10.0,128.0,0.1563532592370081
1.0,0.0,0.0,0.0,0.0,0.0,0.0,4.0,128.0,10.0,128.0,0.1521068297878151
1.0,0.0,0.0,0.0,0.0,0.0,0.0,1.0,0.0,16.0,128.0,0.079630792757858
1.0,0.0,0.0,0.0,0.0,0.0,0.0,2.0,0.0,16.0,128.0,0.08331740353368478
1.0,0.0,0.0,0.0,0.0,0.0,0.0,3.0,0.0,16.0,128.0,0.03902345776782551
1.0,0.0,0.0,0.0,0.0,0.0,0.0,4.0,0.0,16.0,128.0,0.039870012834867186
1.0,0.0,0.0,0.0,0.0,0.0,0.0,1.0,8.0,16.0,128.0,0.47086212075698425
1.0,0.0,0.0,0.0,0.0,0.0,0.0,2.0,8.0,16.0,128.0,0.46489527294573857
1.0,0.0,0.0,0.0,0.0,0.0,0.0,3.0,8.0,16.0,128.0,0.37006745132308366
1.0,0.0,0.0,0.0,0.0,0.0,0.0,4.0,8.0,16.0,128.0,0.3669816215625769
1.0,0.0,0.0,0.0,0.0,0.0,0.0,1.0,10.0,16.0,128.0,0.412627324612906
1.0,0.0,0.0,0.0,0.0,0.0,0.0,2.0,10.0,16.0,128.0,0.38843223463229476
1.0,0.0,0.0,0.0,0.0,0.0,0.0,3.0,10.0,16.0,128.0,0.314358666266146
1.0,0.0,0.0,0.0,0.0,0.0,0.0,4.0,10.0,16.0,128.0,0.3102214697288294
1.0,0.0,0.0,0.0,0.0,0.0,0.0,1.0,16.0,16.0,128.0,0.3090608700401432
1.0,0.0,0.0,0.0,0.0,0.0,0.0,2.0,16.0,16.0,128.0,0.3108359048581339
1.0,0.0,0.0,0.0,0.0,0.0,0.0,3.0,16.0,16.0,128.0,0.22719080258882013
1.0,0.0,0.0,0.0,0.0,0.0,0.0,4.0,16.0,16.0,128.0,0.2309183757066005
1.0,0.0,0.0,0.0,0.0,0.0,0.0,1.0,20.0,16.0,128.0,0.29811027062453915
1.0,0.0,0.0,0.0,0.0,0.0,0.0,2.0,20.0,16.0,128.0,0.2906960867309321
1.0,0.0,0.0,0.0,0.0,0.0,0.0,3.0,20.0,16.0,128.0,0.20862120756984087
1.0,0.0,0.0,0.0,0.0,0.0,0.0,4.0,20.0,16.0,128.0,0.2069827138916956
1.0,0.0,0.0,0.0,0.0,0.0,0.0,1.0,32.0,16.0,128.0,0.2717032141784321
1.0,0.0,0.0,0.0,0.0,0.0,0.0,2.0,32.0,16.0,128.0,0.2761544553373933
1.0,0.0,0.0,0.0,0.0,0.0,0.0,3.0,32.0,16.0,128.0,0.1667303858652613
1.0,0.0,0.0,0.0,0.0,0.0,0.0,4.0,32.0,16.0,128.0,0.1675632868183185
1.0,0.0,0.0,0.0,0.0,0.0,0.0,1.0,64.0,16.0,128.0,0.27041972746388504
1.0,0.0,0.0,0.0,0.0,0.0,0.0,2.0,64.0,16.0,128.0,0.27162128949452474
1.0,0.0,0.0,0.0,0.0,0.0,0.0,3.0,64.0,16.0,128.0,0.1481471367322975
1.0,0.0,0.0,0.0,0.0,0.0,0.0,4.0,64.0,16.0,128.0,0.14730058166525584
1.0,0.0,0.0,0.0,0.0,0.0,0.0,1.0,128.0,16.0,128.0,0.18191376061607373
1.0,0.0,0.0,0.0,0.0,0.0,0.0,2.0,128.0,16.0,128.0,0.181367596056692
1.0,0.0,0.0,0.0,0.0,0.0,0.0,3.0,128.0,16.0,128.0,0.10288374887353563
1.0,0.0,0.0,0.0,0.0,0.0,0.0,4.0,128.0,16.0,128.0,0.10214642671837026
1.0,0.0,0.0,0.0,0.0,0.0,0.0,1.0,0.0,20.0,128.0,0.07400529779622605
1.0,0.0,0.0,0.0,0.0,0.0,0.0,2.0,0.0,20.0,128.0,0.07763729211611459
1.0,0.0,0.0,0.0,0.0,0.0,0.0,3.0,0.0,20.0,128.0,0.03252409951118279
1.0,0.0,0.0,0.0,0.0,0.0,0.0,4.0,0.0,20.0,128.0,0.033971435593544375
1.0,0.0,0.0,0.0,0.0,0.0,0.0,1.0,8.0,20.0,128.0,0.42084710123160124
1.0,0.0,0.0,0.0,0.0,0.0,0.0,2.0,8.0,20.0,128.0,0.40889975149512564
1.0,0.0,0.0,0.0,0.0,0.0,0.0,3.0,8.0,20.0,128.0,0.3111499494797783
1.0,0.0,0.0,0.0,0.0,0.0,0.0,4.0,8.0,20.0,128.0,0.30500559818673373
1.0,0.0,0.0,0.0,0.0,0.0,0.0,1.0,10.0,20.0,128.0,0.3648788880089571
1.0,0.0,0.0,0.0,0.0,0.0,0.0,2.0,10.0,20.0,128.0,0.3444796417160491
1.0,0.0,0.0,0.0,0.0,0.0,0.0,3.0,10.0,20.0,128.0,0.2655998252273411
1.0,0.0,0.0,0.0,0.0,0.0,0.0,4.0,10.0,20.0,128.0,0.2605341489390754
1.0,0.0,0.0,0.0,0.0,0.0,0.0,1.0,16.0,20.0,128.0,0.28421038258827397
1.0,0.0,0.0,0.0,0.0,0.0,0.0,2.0,16.0,20.0,128.0,0.275922335399656
1.0,0.0,0.0,0.0,0.0,0.0,0.0,3.0,16.0,20.0,128.0,0.1992135230344903
1.0,0.0,0.0,0.0,0.0,0.0,0.0,4.0,16.0,20.0,128.0,0.19790272809197423
1.0,0.0,0.0,0.0,0.0,0.0,0.0,1.0,20.0,20.0,128.0,0.27506212621862985
1.0,0.0,0.0,0.0,0.0,0.0,0.0,2.0,20.0,20.0,128.0,0.2689860454955079
1.0,0.0,0.0,0.0,0.0,0.0,0.0,3.0,20.0,20.0,128.0,0.18202299352794998
1.0,0.0,0.0,0.0,0.0,0.0,0.0,4.0,20.0,20.0,128.0,0.1799202599743303
1.0,0.0,0.0,0.0,0.0,0.0,0.0,1.0,32.0,20.0,128.0,0.26251399546683424
1.0,0.0,0.0,0.0,0.0,0.0,0.0,2.0,32.0,20.0,128.0,0.2592643163385128
1.0,0.0,0.0,0.0,0.0,0.0,0.0,3.0,32.0,20.0,128.0,0.15136950763264978
1.0,0.0,0.0,0.0,0.0,0.0,0.0,4.0,32.0,20.0,128.0,0.14981293863841183
1.0,0.0,0.0,0.0,0.0,0.0,0.0,1.0,64.0,20.0,128.0,0.2664736885223518
1.0,0.0,0.0,0.0,0.0,0.0,0.0,2.0,64.0,20.0,128.0,0.26423441382888674
1.0,0.0,0.0,0.0,0.0,0.0,0.0,3.0,64.0,20.0,128.0,0.13804309238373524
1.0,0.0,0.0,0.0,0.0,0.0,0.0,4.0,64.0,20.0,128.0,0.1346978344575221
1.0,0.0,0.0,0.0,0.0,0.0,0.0,1.0,128.0,20.0,128.0,0.16577459788634324
1.0,0.0,0.0,0.0,0.0,0.0,0.0,2.0,128.0,20.0,128.0,0.16548786149266775
1.0,0.0,0.0,0.0,0.0,0.0,0.0,3.0,128.0,20.0,128.0,0.0915781424943336
1.0,0.0,0.0,0.0,0.0,0.0,0.0,4.0,128.0,20.0,128.0,0.09071793331330735
1.0,0.0,0.0,0.0,0.0,0.0,0.0,1.0,0.0,32.0,128.0,0.06657745978863433
1.0,0.0,0.0,0.0,0.0,0.0,0.0,2.0,0.0,32.0,128.0,0.06827056992271774
1.0,0.0,0.0,0.0,0.0,0.0,0.0,3.0,0.0,32.0,128.0,0.023444113711461323
1.0,0.0,0.0,0.0,0.0,0.0,0.0,4.0,0.0,32.0,128.0,0.024249706436549334
1.0,0.0,0.0,0.0,0.0,0.0,0.0,1.0,8.0,32.0,128.0,0.32499522106010553
1.0,0.0,0.0,0.0,0.0,0.0,0.0,2.0,8.0,32.0,128.0,0.31531445424506405
1.0,0.0,0.0,0.0,0.0,0.0,0.0,3.0,8.0,32.0,128.0,0.22843332696141355
1.0,0.0,0.0,0.0,0.0,0.0,0.0,4.0,8.0,32.0,128.0,0.22930719025642438
1.0,0.0,0.0,0.0,0.0,0.0,0.0,1.0,10.0,32.0,128.0,0.2941915399109752
1.0,0.0,0.0,0.0,0.0,0.0,0.0,2.0,10.0,32.0,128.0,0.27487096862284616
1.0,0.0,0.0,0.0,0.0,0.0,0.0,3.0,10.0,32.0,128.0,0.19978699582184117
1.0,0.0,0.0,0.0,0.0,0.0,0.0,4.0,10.0,32.0,128.0,0.19868101258909315
1.0,0.0,0.0,0.0,0.0,0.0,0.0,1.0,16.0,32.0,128.0,0.24515961659247948
1.0,0.0,0.0,0.0,0.0,0.0,0.0,2.0,16.0,32.0,128.0,0.23983451213850743
1.0,0.0,0.0,0.0,0.0,0.0,0.0,3.0,16.0,32.0,128.0,0.16057238045823213
1.0,0.0,0.0,0.0,0.0,0.0,0.0,4.0,16.0,32.0,128.0,0.1571042355061581
1.0,0.0,0.0,0.0,0.0,0.0,0.0,1.0,20.0,32.0,128.0,0.251932057128813
1.0,0.0,0.0,0.0,0.0,0.0,0.0,2.0,20.0,32.0,128.0,0.24474999317294316
1.0,0.0,0.0,0.0,0.0,0.0,0.0,3.0,20.0,32.0,128.0,0.15546574182801282
1.0,0.0,0.0,0.0,0.0,0.0,0.0,4.0,20.0,32.0,128.0,0.14723231109533308
1.0,0.0,0.0,0.0,0.0,0.0,0.0,1.0,32.0,32.0,128.0,0.2587727682350693
1.0,0.0,0.0,0.0,0.0,0.0,0.0,2.0,32.0,32.0,128.0,0.25307900270351474
1.0,0.0,0.0,0.0,0.0,0.0,0.0,3.0,32.0,32.0,128.0,0.1369507632649718
1.0,0.0,0.0,0.0,0.0,0.0,0.0,4.0,32.0,32.0,128.0,0.13011005215871546
1.0,0.0,0.0,0.0,0.0,0.0,0.0,1.0,64.0,32.0,128.0,0.2535022802370354
1.0,0.0,0.0,0.0,0.0,0.0,0.0,2.0,64.0,32.0,128.0,0.2485867992025998
1.0,0.0,0.0,0.0,0.0,0.0,0.0,3.0,64.0,32.0,128.0,0.11724787678527548
1.0,0.0,0.0,0.0,0.0,0.0,0.0,4.0,64.0,32.0,128.0,0.11132199131598358
1.0,0.0,0.0,0.0,0.0,0.0,0.0,1.0,128.0,32.0,128.0,0.14649498894016771
1.0,0.0,0.0,0.0,0.0,0.0,0.0,2.0,128.0,32.0,128.0,0.14293126519020188
1.0,0.0,0.0,0.0,0.0,0.0,0.0,3.0,128.0,32.0,128.0,0.0844916573363555
1.0,0.0,0.0,0.0,0.0,0.0,0.0,4.0,128.0,32.0,128.0,0.08296239657008658
1.0,0.0,0.0,0.0,0.0,0.0,0.0,1.0,0.0,64.0,128.0,0.06627706928097443
1.0,0.0,0.0,0.0,0.0,0.0,0.0,2.0,0.0,64.0,128.0,0.06720554903192338
1.0,0.0,0.0,0.0,0.0,0.0,0.0,3.0,0.0,64.0,128.0,0.028018241896283436
1.0,0.0,0.0,0.0,0.0,0.0,0.0,4.0,0.0,64.0,128.0,0.02680302575165905
1.0,0.0,0.0,0.0,0.0,0.0,0.0,1.0,8.0,64.0,128.0,0.35115650345449084
1.0,0.0,0.0,0.0,0.0,0.0,0.0,2.0,8.0,64.0,128.0,0.3358912040197713
1.0,0.0,0.0,0.0,0.0,0.0,0.0,3.0,8.0,64.0,128.0,0.24832737103689356
1.0,0.0,0.0,0.0,0.0,0.0,0.0,4.0,8.0,64.0,128.0,0.2526830333979629
1.0,0.0,0.0,0.0,0.0,0.0,0.0,1.0,10.0,64.0,128.0,0.3285316365821022
1.0,0.0,0.0,0.0,0.0,0.0,0.0,2.0,10.0,64.0,128.0,0.31104071656790205
1.0,0.0,0.0,0.0,0.0,0.0,0.0,3.0,10.0,64.0,128.0,0.22600289467216478
1.0,0.0,0.0,0.0,0.0,0.0,0.0,4.0,10.0,64.0,128.0,0.22004970097490378
1.0,0.0,0.0,0.0,0.0,0.0,0.0,1.0,16.0,64.0,128.0,0.29161091236789655
1.0,0.0,0.0,0.0,0.0,0.0,0.0,2.0,16.0,64.0,128.0,0.28167071738714883
1.0,0.0,0.0,0.0,0.0,0.0,0.0,3.0,16.0,64.0,128.0,0.1717004833556351
1.0,0.0,0.0,0.0,0.0,0.0,0.0,4.0,16.0,64.0,128.0,0.16548786149266775
1.0,0.0,0.0,0.0,0.0,0.0,0.0,1.0,20.0,64.0,128.0,0.2820666866927006
1.0,0.0,0.0,0.0,0.0,0.0,0.0,2.0,20.0,64.0,128.0,0.27227668696578283
1.0,0.0,0.0,0.0,0.0,0.0,0.0,3.0,20.0,64.0,128.0,0.15613479341325548
1.0,0.0,0.0,0.0,0.0,0.0,0.0,4.0,20.0,64.0,128.0,0.14691826647368855
1.0,0.0,0.0,0.0,0.0,0.0,0.0,1.0,32.0,64.0,128.0,0.2617903274256534
1.0,0.0,0.0,0.0,0.0,0.0,0.0,2.0,32.0,64.0,128.0,0.2556050137906552
1.0,0.0,0.0,0.0,0.0,0.0,0.0,3.0,32.0,64.0,128.0,0.12706518474016226
1.0,0.0,0.0,0.0,0.0,0.0,0.0,4.0,32.0,64.0,128.0,0.11801250716840989
1.0,0.0,0.0,0.0,0.0,0.0,0.0,1.0,64.0,64.0,128.0,0.2538299789726646
1.0,0.0,0.0,0.0,0.0,0.0,0.0,2.0,64.0,64.0,128.0,0.23926103935115656
1.0,0.0,0.0,0.0,0.0,0.0,0.0,3.0,64.0,64.0,128.0,0.10554630110052166
1.0,0.0,0.0,0.0,0.0,0.0,0.0,4.0,64.0,64.0,128.0,0.09374914661787598
1.0,0.0,0.0,0.0,0.0,0.0,0.0,1.0,128.0,64.0,128.0,0.13796116769982802
1.0,0.0,0.0,0.0,0.0,0.0,0.0,2.0,128.0,64.0,128.0,0.12533111226412524
1.0,0.0,0.0,0.0,0.0,0.0,0.0,3.0,128.0,64.0,128.0,0.07807422376362005
1.0,0.0,0.0,0.0,0.0,0.0,0.0,4.0,128.0,64.0,128.0,0.07091946803571919
1.0,0.0,0.0,0.0,0.0,0.0,0.0,1.0,0.0,128.0,128.0,0.17130451405008335
1.0,0.0,0.0,0.0,0.0,0.0,0.0,2.0,0.0,128.0,128.0,0.17897812610939684
1.0,0.0,0.0,0.0,0.0,0.0,0.0,3.0,0.0,128.0,128.0,0.1493350446489528
1.0,0.0,0.0,0.0,0.0,0.0,0.0,4.0,0.0,128.0,128.0,0.15014063737404082
1.0,0.0,0.0,0.0,0.0,0.0,0.0,1.0,8.0,128.0,128.0,0.37760452224255187
1.0,0.0,0.0,0.0,0.0,0.0,0.0,2.0,8.0,128.0,128.0,0.37481908298970484
1.0,0.0,0.0,0.0,0.0,0.0,0.0,3.0,8.0,128.0,128.0,0.2725224610175046
1.0,0.0,0.0,0.0,0.0,0.0,0.0,4.0,8.0,128.0,128.0,0.26584559927906287
1.0,0.0,0.0,0.0,0.0,0.0,0.0,1.0,10.0,128.0,128.0,0.34719681039897327
1.0,0.0,0.0,0.0,0.0,0.0,0.0,2.0,10.0,128.0,128.0,0.3404380239766242
1.0,0.0,0.0,0.0,0.0,0.0,0.0,3.0,10.0,128.0,128.0,0.2369261858597997
1.0,0.0,0.0,0.0,0.0,0.0,0.0,4.0,10.0,128.0,128.0,0.23151915672192042
1.0,0.0,0.0,0.0,0.0,0.0,0.0,1.0,16.0,128.0,128.0,0.2967994756820231
1.0,0.0,0.0,0.0,0.0,0.0,0.0,2.0,16.0,128.0,128.0,0.29375460826346983
1.0,0.0,0.0,0.0,0.0,0.0,0.0,3.0,16.0,128.0,128.0,0.1713727846200061
1.0,0.0,0.0,0.0,0.0,0.0,0.0,4.0,16.0,128.0,128.0,0.16569267320243591
1.0,0.0,0.0,0.0,0.0,0.0,0.0,1.0,20.0,128.0,128.0,0.28152052213331885
1.0,0.0,0.0,0.0,0.0,0.0,0.0,2.0,20.0,128.0,128.0,0.27767006198967753
1.0,0.0,0.0,0.0,0.0,0.0,0.0,3.0,20.0,128.0,128.0,0.15080968895928348
1.0,0.0,0.0,0.0,0.0,0.0,0.0,4.0,20.0,128.0,128.0,0.1441737895627953
1.0,0.0,0.0,0.0,0.0,0.0,0.0,1.0,32.0,128.0,128.0,0.26241841666894244
1.0,0.0,0.0,0.0,0.0,0.0,0.0,2.0,32.0,128.0,128.0,0.25654714765558867
1.0,0.0,0.0,0.0,0.0,0.0,0.0,3.0,32.0,128.0,128.0,0.12169911794423666
1.0,0.0,0.0,0.0,0.0,0.0,0.0,4.0,32.0,128.0,128.0,0.11429858816461402
1.0,0.0,0.0,0.0,0.0,0.0,0.0,1.0,64.0,128.0,128.0,0.2523962970042875
1.0,0.0,0.0,0.0,0.0,0.0,0.0,2.0,64.0,128.0,128.0,0.23523307572571622
1.0,0.0,0.0,0.0,0.0,0.0,0.0,3.0,64.0,128.0,128.0,0.10744422294437317
1.0,0.0,0.0,0.0,0.0,0.0,0.0,4.0,64.0,128.0,128.0,0.09275239629700432
1.0,0.0,0.0,0.0,0.0,0.0,0.0,1.0,128.0,128.0,128.0,0.15874272918430327
1.0,0.0,0.0,0.0,0.0,0.0,0.0,2.0,128.0,128.0,128.0,0.1370190338348945
1.0,0.0,0.0,0.0,0.0,0.0,0.0,3.0,128.0,128.0,128.0,0.09182391654605537
1.0,0.0,0.0,0.0,0.0,0.0,0.0,4.0,128.0,128.0,128.0,0.08136486523389502
1.0,1.0,0.0,0.0,0.0,0.0,1.0,0.0,0.0,0.0,0.0,0.2766596575548214
1.0,1.0,0.0,0.0,0.0,0.0,0.0,1.0,0.0,0.0,0.0,0.19719271416477796
1.0,1.0,0.0,0.0,0.0,0.0,0.0,2.0,0.0,0.0,0.0,0.1964280837816435
1.0,1.0,0.0,0.0,0.0,0.0,0.0,3.0,0.0,0.0,0.0,0.18910947868592815
1.0,1.0,0.0,0.0,0.0,0.0,0.0,4.0,0.0,0.0,0.0,0.18902755400202093
1.0,1.0,0.0,0.0,0.0,0.0,0.0,1.0,8.0,0.0,0.0,0.24932412135776522
1.0,1.0,0.0,0.0,0.0,0.0,0.0,2.0,8.0,0.0,0.0,0.23957508397280108
1.0,1.0,0.0,0.0,0.0,0.0,0.0,3.0,8.0,0.0,0.0,0.25294246156366923
1.0,1.0,0.0,0.0,0.0,0.0,0.0,4.0,8.0,0.0,0.0,0.23592943553892792
1.0,1.0,0.0,0.0,0.0,0.0,0.0,1.0,10.0,0.0,0.0,0.21449247658319454
1.0,1.0,0.0,0.0,0.0,0.0,0.0,2.0,10.0,0.0,0.0,0.20101586608045013
1.0,1.0,0.0,0.0,0.0,0.0,0.0,3.0,10.0,0.0,0.0,0.21932603293372294
1.0,1.0,0.0,0.0,0.0,0.0,0.0,4.0,10.0,0.0,0.0,0.20453862748846235
1.0,1.0,0.0,0.0,0.0,0.0,0.0,1.0,16.0,0.0,0.0,0.15526093011824466
1.0,1.0,0.0,0.0,0.0,0.0,0.0,2.0,16.0,0.0,0.0,0.1386302192850707
1.0,1.0,0.0,0.0,0.0,0.0,0.0,3.0,16.0,0.0,0.0,0.15927523962970053
1.0,1.0,0.0,0.0,0.0,0.0,0.0,4.0,16.0,0.0,0.0,0.13613151642589916
1.0,1.0,0.0,0.0,0.0,0.0,0.0,1.0,20.0,0.0,0.0,0.14054179524290678
1.0,1.0,0.0,0.0,0.0,0.0,0.0,2.0,20.0,0.0,0.0,0.11597804418471291
1.0,1.0,0.0,0.0,0.0,0.0,0.0,3.0,20.0,0.0,0.0,0.14373685791528995
1.0,1.0,0.0,0.0,0.0,0.0,0.0,4.0,20.0,0.0,0.0,0.1189819492613125
1.0,1.0,0.0,0.0,0.0,0.0,0.0,1.0,32.0,0.0,0.0,0.12213604959174201
1.0,1.0,0.0,0.0,0.0,0.0,0.0,2.0,32.0,0.0,0.0,0.08976214533438931
1.0,1.0,0.0,0.0,0.0,0.0,0.0,3.0,32.0,0.0,0.0,0.12638247904093508
1.0,1.0,0.0,0.0,0.0,0.0,0.0,4.0,32.0,0.0,0.0,0.08830115513804315
1.0,1.0,0.0,0.0,0.0,0.0,0.0,1.0,64.0,0.0,0.0,0.16840984188536007
1.0,1.0,0.0,0.0,0.0,0.0,0.0,2.0,64.0,0.0,0.0,0.21174799967230135
1.0,1.0,0.0,0.0,0.0,0.0,0.0,3.0,64.0,0.0,0.0,0.1597940959611131
1.0,1.0,0.0,0.0,0.0,0.0,0.0,4.0,64.0,0.0,0.0,0.20012834867145485
1.0,1.0,0.0,0.0,0.0,0.0,0.0,1.0,128.0,0.0,0.0,0.224828640869494
1.0,1.0,0.0,0.0,0.0,0.0,0.0,2.0,128.0,0.0,0.0,0.2436576640541796
1.0,1.0,0.0,0.0,0.0,0.0,0.0,3.0,128.0,0.0,0.0,0.24095414948524002
1.0,1.0,0.0,0.0,0.0,0.0,0.0,4.0,128.0,0.0,0.0,0.2504027963625441
1.0,1.0,0.0,0.0,0.0,0.0,0.0,1.0,0.0,8.0,0.0,0.03036674950162488
1.0,1.0,0.0,0.0,0.0,0.0,0.0,2.0,0.0,8.0,0.0,0.02991616374013495
1.0,1.0,0.0,0.0,0.0,0.0,0.0,3.0,0.0,8.0,0.0,0.04021136568448075
1.0,1.0,0.0,0.0,0.0,0.0,0.0,4.0,0.0,8.0,0.0,0.040170403342527194
1.0,1.0,0.0,0.0,0.0,0.0,0.0,1.0,8.0,8.0,0.0,0.6920178049646359
1.0,1.0,0.0,0.0,0.0,0.0,0.0,2.0,8.0,8.0,0.0,0.6760971080586582
1.0,1.0,0.0,0.0,0.0,0.0,0.0,3.0,8.0,8.0,0.0,0.6828968568229608
1.0,1.0,0.0,0.0,0.0,0.0,0.0,4.0,8.0,8.0,0.0,0.6798246811764386
1.0,1.0,0.0,0.0,0.0,0.0,0.0,1.0,10.0,8.0,0.0,0.5801359949752862
1.0,1.0,0.0,0.0,0.0,0.0,0.0,2.0,10.0,8.0,0.0,0.5606106119773888
1.0,1.0,0.0,0.0,0.0,0.0,0.0,3.0,10.0,8.0,0.0,0.5824981566946121
1.0,1.0,0.0,0.0,0.0,0.0,0.0,4.0,10.0,8.0,0.0,0.5630683524946067
1.0,1.0,0.0,0.0,0.0,0.0,0.0,1.0,16.0,8.0,0.0,0.40810781288402204
1.0,1.0,0.0,0.0,0.0,0.0,0.0,2.0,16.0,8.0,0.0,0.3885005052022175
1.0,1.0,0.0,0.0,0.0,0.0,0.0,3.0,16.0,8.0,0.0,0.40940495371255364
1.0,1.0,0.0,0.0,0.0,0.0,0.0,4.0,16.0,8.0,0.0,0.3846500450585762
1.0,1.0,0.0,0.0,0.0,0.0,0.0,1.0,20.0,8.0,0.0,0.3653704361124008
1.0,1.0,0.0,0.0,0.0,0.0,0.0,2.0,20.0,8.0,0.0,0.3309484147573664
1.0,1.0,0.0,0.0,0.0,0.0,0.0,3.0,20.0,8.0,0.0,0.3643873399055137
1.0,1.0,0.0,0.0,0.0,0.0,0.0,4.0,20.0,8.0,0.0,0.3344438679374096
1.0,1.0,0.0,0.0,0.0,0.0,0.0,1.0,32.0,8.0,0.0,0.290040689259674
1.0,1.0,0.0,0.0,0.0,0.0,0.0,2.0,32.0,8.0,0.0,0.257735055572244
1.0,1.0,0.0,0.0,0.0,0.0,0.0,3.0,32.0,8.0,0.0,0.2928807449684591
1.0,1.0,0.0,0.0,0.0,0.0,0.0,4.0,32.0,8.0,0.0,0.2558780960703461
1.0,1.0,0.0,0.0,0.0,0.0,0.0,1.0,64.0,8.0,0.0,0.223900161118545
1.0,1.0,0.0,0.0,0.0,0.0,0.0,2.0,64.0,8.0,0.0,0.18994237963898525
1.0,1.0,0.0,0.0,0.0,0.0,0.0,3.0,64.0,8.0,0.0,0.22947103962423882
1.0,1.0,0.0,0.0,0.0,0.0,0.0,4.0,64.0,8.0,0.0,0.18282858625303805
1.0,1.0,0.0,0.0,0.0,0.0,0.0,1.0,128.0,8.0,0.0,0.14914388705316917
1.0,1.0,0.0,0.0,0.0,0.0,0.0,2.0,128.0,8.0,0.0,0.13133892241732442
1.0,1.0,0.0,0.0,0.0,0.0,0.0,3.0,128.0,8.0,0.0,0.154264179797373
1.0,1.0,0.0,0.0,0.0,0.0,0.0,4.0,128.0,8.0,0.0,0.1299325486769164
1.0,1.0,0.0,0.0,0.0,0.0,0.0,1.0,0.0,10.0,0.0,0.04912750211638772
1.0,1.0,0.0,0.0,0.0,0.0,0.0,2.0,0.0,10.0,0.0,0.04836287173325332
1.0,1.0,0.0,0.0,0.0,0.0,0.0,3.0,0.0,10.0,0.0,0.055599552145061404
1.0,1.0,0.0,0.0,0.0,0.0,0.0,4.0,0.0,10.0,0.0,0.054848575875911465
1.0,1.0,0.0,0.0,0.0,0.0,0.0,1.0,8.0,10.0,0.0,0.6074032606024198
1.0,1.0,0.0,0.0,0.0,0.0,0.0,2.0,8.0,10.0,0.0,0.5779922990797128
1.0,1.0,0.0,0.0,0.0,0.0,0.0,3.0,8.0,10.0,0.0,0.6120456593571646
1.0,1.0,0.0,0.0,0.0,0.0,0.0,4.0,8.0,10.0,0.0,0.5949780168764851
1.0,1.0,0.0,0.0,0.0,0.0,0.0,1.0,10.0,10.0,0.0,0.5174363035582621
1.0,1.0,0.0,0.0,0.0,0.0,0.0,2.0,10.0,10.0,0.0,0.48728801988039
1.0,1.0,0.0,0.0,0.0,0.0,0.0,3.0,10.0,10.0,0.0,0.522106010540976
1.0,1.0,0.0,0.0,0.0,0.0,0.0,4.0,10.0,10.0,0.0,0.49855266391763847
1.0,1.0,0.0,0.0,0.0,0.0,0.0,1.0,16.0,10.0,0.0,0.385674103607417
1.0,1.0,0.0,0.0,0.0,0.0,0.0,2.0,16.0,10.0,0.0,0.34902646167290213
1.0,1.0,0.0,0.0,0.0,0.0,0.0,3.0,16.0,10.0,0.0,0.3904666976159918
1.0,1.0,0.0,0.0,0.0,0.0,0.0,4.0,16.0,10.0,0.0,0.34901280755891756
1.0,1.0,0.0,0.0,0.0,0.0,0.0,1.0,20.0,10.0,0.0,0.3530817335263116
1.0,1.0,0.0,0.0,0.0,0.0,0.0,2.0,20.0,10.0,0.0,0.3083645102269315
1.0,1.0,0.0,0.0,0.0,0.0,0.0,3.0,20.0,10.0,0.0,0.3566591113902619
1.0,1.0,0.0,0.0,0.0,0.0,0.0,4.0,20.0,10.0,0.0,0.3098118463092931
1.0,1.0,0.0,0.0,0.0,0.0,0.0,1.0,32.0,10.0,0.0,0.2905185832491331
1.0,1.0,0.0,0.0,0.0,0.0,0.0,2.0,32.0,10.0,0.0,0.24122723176493083
1.0,1.0,0.0,0.0,0.0,0.0,0.0,3.0,32.0,10.0,0.0,0.2978508424588329
1.0,1.0,0.0,0.0,0.0,0.0,0.0,4.0,32.0,10.0,0.0,0.2426745678472924
1.0,1.0,0.0,0.0,0.0,0.0,0.0,1.0,64.0,10.0,0.0,0.23434555831672083
1.0,1.0,0.0,0.0,0.0,0.0,0.0,2.0,64.0,10.0,0.0,0.18576422075971494
1.0,1.0,0.0,0.0,0.0,0.0,0.0,3.0,64.0,10.0,0.0,0.23908353586935754
1.0,1.0,0.0,0.0,0.0,0.0,0.0,4.0,64.0,10.0,0.0,0.18278762391108455
1.0,1.0,0.0,0.0,0.0,0.0,0.0,1.0,128.0,10.0,0.0,0.1541959092274503
1.0,1.0,0.0,0.0,0.0,0.0,0.0,2.0,128.0,10.0,0.0,0.12959119582730277
1.0,1.0,0.0,0.0,0.0,0.0,0.0,3.0,128.0,10.0,0.0,0.1598487124170514
1.0,1.0,0.0,0.0,0.0,0.0,0.0,4.0,128.0,10.0,0.0,0.13031486386848362
1.0,1.0,0.0,0.0,0.0,0.0,0.0,1.0,0.0,16.0,0.0,0.01473278898932251
1.0,1.0,0.0,0.0,0.0,0.0,0.0,2.0,0.0,16.0,0.0,0.014091045632048993
1.0,1.0,0.0,0.0,0.0,0.0,0.0,3.0,0.0,16.0,0.0,0.019402495972036415
1.0,1.0,0.0,0.0,0.0,0.0,0.0,4.0,0.0,16.0,0.0,0.01974384882164998
1.0,1.0,0.0,0.0,0.0,0.0,0.0,1.0,8.0,16.0,0.0,0.42028728255823483
1.0,1.0,0.0,0.0,0.0,0.0,0.0,2.0,8.0,16.0,0.0,0.39512275048472106
1.0,1.0,0.0,0.0,0.0,0.0,0.0,3.0,8.0,16.0,0.0,0.4207788306616785
1.0,1.0,0.0,0.0,0.0,0.0,0.0,4.0,8.0,16.0,0.0,0.40857205275949654
1.0,1.0,0.0,0.0,0.0,0.0,0.0,1.0,10.0,16.0,0.0,0.3652202408585707
1.0,1.0,0.0,0.0,0.0,0.0,0.0,2.0,10.0,16.0,0.0,0.33204074387612986
1.0,1.0,0.0,0.0,0.0,0.0,0.0,3.0,10.0,16.0,0.0,0.36965782790354734
1.0,1.0,0.0,0.0,0.0,0.0,0.0,4.0,10.0,16.0,0.0,0.34013763346896425
1.0,1.0,0.0,0.0,0.0,0.0,0.0,1.0,16.0,16.0,0.0,0.2767961986946668
1.0,1.0,0.0,0.0,0.0,0.0,0.0,2.0,16.0,16.0,0.0,0.23842813839809945
1.0,1.0,0.0,0.0,0.0,0.0,0.0,3.0,16.0,16.0,0.0,0.27985472022720453
1.0,1.0,0.0,0.0,0.0,0.0,0.0,4.0,16.0,16.0,0.0,0.23782735738277944
1.0,1.0,0.0,0.0,0.0,0.0,0.0,1.0,20.0,16.0,0.0,0.2548949998634589
1.0,1.0,0.0,0.0,0.0,0.0,0.0,2.0,20.0,16.0,0.0,0.20666866927005106
1.0,1.0,0.0,0.0,0.0,0.0,0.0,3.0,20.0,16.0,0.0,0.25571424670253146
1.0,1.0,0.0,0.0,0.0,0.0,0.0,4.0,20.0,16.0,0.0,0.20796581009858278
1.0,1.0,0.0,0.0,0.0,0.0,0.0,1.0,32.0,16.0,0.0,0.20034681449520747
1.0,1.0,0.0,0.0,0.0,0.0,0.0,2.0,32.0,16.0,0.0,0.15968486304923674
1.0,1.0,0.0,0.0,0.0,0.0,0.0,3.0,32.0,16.0,0.0,0.2044703569185396
1.0,1.0,0.0,0.0,0.0,0.0,0.0,4.0,32.0,16.0,0.0,0.1617466342609028
1.0,1.0,0.0,0.0,0.0,0.0,0.0,1.0,64.0,16.0,0.0,0.1567219203145908
1.0,1.0,0.0,0.0,0.0,0.0,0.0,2.0,64.0,16.0,0.0,0.11954176793467874
1.0,1.0,0.0,0.0,0.0,0.0,0.0,3.0,64.0,16.0,0.0,0.16353532319287806
1.0,1.0,0.0,0.0,0.0,0.0,0.0,4.0,64.0,16.0,0.0,0.12015620306398322
1.0,1.0,0.0,0.0,0.0,0.0,0.0,1.0,128.0,16.0,0.0,0.0915781424943336
1.0,1.0,0.0,0.0,0.0,0.0,0.0,2.0,128.0,16.0,0.0,0.07538436330866494
1.0,1.0,0.0,0.0,0.0,0.0,0.0,3.0,128.0,16.0,0.0,0.09828231246074448
1.0,1.0,0.0,0.0,0.0,0.0,0.0,4.0,128.0,16.0,0.0,0.076818045277042
1.0,1.0,0.0,0.0,0.0,0.0,0.0,1.0,0.0,20.0,0.0,0.00968076681504143
1.0,1.0,0.0,0.0,0.0,0.0,0.0,2.0,0.0,20.0,0.0,0.009325759851443294
1.0,1.0,0.0,0.0,0.0,0.0,0.0,3.0,0.0,20.0,0.0,0.014104699746033511
1.0,1.0,0.0,0.0,0.0,0.0,0.0,4.0,0.0,20.0,0.0,0.01283486714547094
1.0,1.0,0.0,0.0,0.0,0.0,0.0,1.0,8.0,20.0,0.0,0.39444004478549394
1.0,1.0,0.0,0.0,0.0,0.0,0.0,2.0,8.0,20.0,0.0,0.3514022775062127
1.0,1.0,0.0,0.0,0.0,0.0,0.0,3.0,8.0,20.0,0.0,0.38746279253939225
1.0,1.0,0.0,0.0,0.0,0.0,0.0,4.0,8.0,20.0,0.0,0.3667904639667932
1.0,1.0,0.0,0.0,0.0,0.0,0.0,1.0,10.0,20.0,0.0,0.3462956388759934
1.0,1.0,0.0,0.0,0.0,0.0,0.0,2.0,10.0,20.0,0.0,0.2992435620852563
1.0,1.0,0.0,0.0,0.0,0.0,0.0,3.0,10.0,20.0,0.0,0.34247248696032123
1.0,1.0,0.0,0.0,0.0,0.0,0.0,4.0,10.0,20.0,0.0,0.3104535896665666
1.0,1.0,0.0,0.0,0.0,0.0,0.0,1.0,16.0,20.0,0.0,0.26120320052431806
1.0,1.0,0.0,0.0,0.0,0.0,0.0,2.0,16.0,20.0,0.0,0.21624020317321618
1.0,1.0,0.0,0.0,0.0,0.0,0.0,3.0,16.0,20.0,0.0,0.263688249269505
1.0,1.0,0.0,0.0,0.0,0.0,0.0,4.0,16.0,20.0,0.0,0.2162265490592316
1.0,1.0,0.0,0.0,0.0,0.0,0.0,1.0,20.0,20.0,0.0,0.2335672738196019
1.0,1.0,0.0,0.0,0.0,0.0,0.0,2.0,20.0,20.0,0.0,0.1896419891313253
1.0,1.0,0.0,0.0,0.0,0.0,0.0,3.0,20.0,20.0,0.0,0.23894699472951214
1.0,1.0,0.0,0.0,0.0,0.0,0.0,4.0,20.0,20.0,0.0,0.18846773532865463
1.0,1.0,0.0,0.0,0.0,0.0,0.0,1.0,32.0,20.0,0.0,0.1840164941696934
1.0,1.0,0.0,0.0,0.0,0.0,0.0,2.0,32.0,20.0,0.0,0.14093776454845852
1.0,1.0,0.0,0.0,0.0,0.0,0.0,3.0,32.0,20.0,0.0,0.18616019006526668
1.0,1.0,0.0,0.0,0.0,0.0,0.0,4.0,32.0,20.0,0.0,0.14263087468254187
1.0,1.0,0.0,0.0,0.0,0.0,0.0,1.0,64.0,20.0,0.0,0.1453616974794506
1.0,1.0,0.0,0.0,0.0,0.0,0.0,2.0,64.0,20.0,0.0,0.10151833747508127
1.0,1.0,0.0,0.0,0.0,0.0,0.0,3.0,64.0,20.0,0.0,0.14906196236926195
1.0,1.0,0.0,0.0,0.0,0.0,0.0,4.0,64.0,20.0,0.0,0.1021600808323549
1.0,1.0,0.0,0.0,0.0,0.0,0.0,1.0,128.0,20.0,0.0,0.08110543706818868
1.0,1.0,0.0,0.0,0.0,0.0,0.0,2.0,128.0,20.0,0.0,0.06497992845244277
1.0,1.0,0.0,0.0,0.0,0.0,0.0,3.0,128.0,20.0,0.0,0.0848876266419073
1.0,1.0,0.0,0.0,0.0,0.0,0.0,4.0,128.0,20.0,0.0,0.0653349354160409
1.0,1.0,0.0,0.0,0.0,0.0,0.0,1.0,0.0,32.0,0.0,0.0006827056992271818
1.0,1.0,0.0,0.0,0.0,0.0,0.0,2.0,0.0,32.0,0.0,0.0002457740517218254
1.0,1.0,0.0,0.0,0.0,0.0,0.0,3.0,0.0,32.0,0.0,0.0037958436877031376
1.0,1.0,0.0,0.0,0.0,0.0,0.0,4.0,0.0,32.0,0.0,0.004219121221223976
1.0,1.0,0.0,0.0,0.0,0.0,0.0,1.0,8.0,32.0,0.0,0.3521942161173162
1.0,1.0,0.0,0.0,0.0,0.0,0.0,2.0,8.0,32.0,0.0,0.3050192523007183
1.0,1.0,0.0,0.0,0.0,0.0,0.0,3.0,8.0,32.0,0.0,0.3535050110598325
1.0,1.0,0.0,0.0,0.0,0.0,0.0,4.0,8.0,32.0,0.0,0.3175264207105602
1.0,1.0,0.0,0.0,0.0,0.0,0.0,1.0,10.0,32.0,0.0,0.3023157377317786
1.0,1.0,0.0,0.0,0.0,0.0,0.0,2.0,10.0,32.0,0.0,0.25822660367568756
1.0,1.0,0.0,0.0,0.0,0.0,0.0,3.0,10.0,32.0,0.0,0.3106993637182885
1.0,1.0,0.0,0.0,0.0,0.0,0.0,4.0,10.0,32.0,0.0,0.27204456702804564
1.0,1.0,0.0,0.0,0.0,0.0,0.0,1.0,16.0,32.0,0.0,0.21921680002184668
1.0,1.0,0.0,0.0,0.0,0.0,0.0,2.0,16.0,32.0,0.0,0.18465823752696692
1.0,1.0,0.0,0.0,0.0,0.0,0.0,3.0,16.0,32.0,0.0,0.22368169529479237
1.0,1.0,0.0,0.0,0.0,0.0,0.0,4.0,16.0,32.0,0.0,0.18588710778557588
1.0,1.0,0.0,0.0,0.0,0.0,0.0,1.0,20.0,32.0,0.0,0.19525382997897273
1.0,1.0,0.0,0.0,0.0,0.0,0.0,2.0,20.0,32.0,0.0,0.15628498866708546
1.0,1.0,0.0,0.0,0.0,0.0,0.0,3.0,20.0,32.0,0.0,0.1989404407547995
1.0,1.0,0.0,0.0,0.0,0.0,0.0,4.0,20.0,32.0,0.0,0.1583057975367979
1.0,1.0,0.0,0.0,0.0,0.0,0.0,1.0,32.0,32.0,0.0,0.15493323138261567
1.0,1.0,0.0,0.0,0.0,0.0,0.0,2.0,32.0,32.0,0.0,0.11100794669433905
1.0,1.0,0.0,0.0,0.0,0.0,0.0,3.0,32.0,32.0,0.0,0.15881099975422602
1.0,1.0,0.0,0.0,0.0,0.0,0.0,4.0,32.0,32.0,0.0,0.11121275840410721
1.0,1.0,0.0,0.0,0.0,0.0,0.0,1.0,64.0,32.0,0.0,0.12228624484557199
1.0,1.0,0.0,0.0,0.0,0.0,0.0,2.0,64.0,32.0,0.0,0.07429203418990143
1.0,1.0,0.0,0.0,0.0,0.0,0.0,3.0,64.0,32.0,0.0,0.1255086157459243
1.0,1.0,0.0,0.0,0.0,0.0,0.0,4.0,64.0,32.0,0.0,0.07422376361997873
1.0,1.0,0.0,0.0,0.0,0.0,0.0,1.0,128.0,32.0,0.0,0.06932193669952763
1.0,1.0,0.0,0.0,0.0,0.0,0.0,2.0,128.0,32.0,0.0,0.0546710723941124
1.0,1.0,0.0,0.0,0.0,0.0,0.0,3.0,128.0,32.0,0.0,0.0747972364073296
1.0,1.0,0.0,0.0,0.0,0.0,0.0,4.0,128.0,32.0,0.0,0.05628225784428853
1.0,1.0,0.0,0.0,0.0,0.0,0.0,1.0,0.0,64.0,0.0,0.01870613615882466
1.0,1.0,0.0,0.0,0.0,0.0,0.0,2.0,0.0,64.0,0.0,0.012397935497965584
1.0,1.0,0.0,0.0,0.0,0.0,0.0,3.0,0.0,64.0,0.0,0.007714574401267105
1.0,1.0,0.0,0.0,0.0,0.0,0.0,4.0,0.0,64.0,0.0,0.009298451623474147
1.0,1.0,0.0,0.0,0.0,0.0,0.0,1.0,8.0,64.0,0.0,0.3062208143313581
1.0,1.0,0.0,0.0,0.0,0.0,0.0,2.0,8.0,64.0,0.0,0.277001010404435
1.0,1.0,0.0,0.0,0.0,0.0,0.0,3.0,8.0,64.0,0.0,0.30601600262158996
1.0,1.0,0.0,0.0,0.0,0.0,0.0,4.0,8.0,64.0,0.0,0.272003604686092
1.0,1.0,0.0,0.0,0.0,0.0,0.0,1.0,10.0,64.0,0.0,0.2612168546383025
1.0,1.0,0.0,0.0,0.0,0.0,0.0,2.0,10.0,64.0,0.0,0.22964854310603794
1.0,1.0,0.0,0.0,0.0,0.0,0.0,3.0,10.0,64.0,0.0,0.26357901635762865
1.0,1.0,0.0,0.0,0.0,0.0,0.0,4.0,10.0,64.0,0.0,0.23373112318741635
1.0,1.0,0.0,0.0,0.0,0.0,0.0,1.0,16.0,64.0,0.0,0.18205030175591913
1.0,1.0,0.0,0.0,0.0,0.0,0.0,2.0,16.0,64.0,0.0,0.15425052568338848
1.0,1.0,0.0,0.0,0.0,0.0,0.0,3.0,16.0,64.0,0.0,0.18390726125781703
1.0,1.0,0.0,0.0,0.0,0.0,0.0,4.0,16.0,64.0,0.0,0.1518747098500779
1.0,1.0,0.0,0.0,0.0,0.0,0.0,1.0,20.0,64.0,0.0,0.16210164122450105
1.0,1.0,0.0,0.0,0.0,0.0,0.0,2.0,20.0,64.0,0.0,0.1273519211338377
1.0,1.0,0.0,0.0,0.0,0.0,0.0,3.0,20.0,64.0,0.0,0.16252491875802183
1.0,1.0,0.0,0.0,0.0,0.0,0.0,4.0,20.0,64.0,0.0,0.12796635626314218
1.0,1.0,0.0,0.0,0.0,0.0,0.0,1.0,32.0,64.0,0.0,0.13008274393074643
1.0,1.0,0.0,0.0,0.0,0.0,0.0,2.0,32.0,64.0,0.0,0.08359048581337564
1.0,1.0,0.0,0.0,0.0,0.0,0.0,3.0,32.0,64.0,0.0,0.13124334361943263
1.0,1.0,0.0,0.0,0.0,0.0,0.0,4.0,32.0,64.0,0.0,0.0844643491083864
1.0,1.0,0.0,0.0,0.0,0.0,0.0,1.0,64.0,64.0,0.0,0.11287856031022153
1.0,1.0,0.0,0.0,0.0,0.0,0.0,2.0,64.0,64.0,0.0,0.05532646986537049
1.0,1.0,0.0,0.0,0.0,0.0,0.0,3.0,64.0,64.0,0.0,0.11403915999890774
1.0,1.0,0.0,0.0,0.0,0.0,0.0,4.0,64.0,64.0,0.0,0.052500068270569966
1.0,1.0,0.0,0.0,0.0,0.0,0.0,1.0,128.0,64.0,0.0,0.062030639831781365
1.0,1.0,0.0,0.0,0.0,0.0,0.0,2.0,128.0,64.0,0.0,0.04351566126874035
1.0,1.0,0.0,0.0,0.0,0.0,0.0,3.0,128.0,64.0,0.0,0.06601764111526809
1.0,1.0,0.0,0.0,0.0,0.0,0.0,4.0,128.0,64.0,0.0,0.04280564734154402
1.0,1.0,0.0,0.0,0.0,0.0,0.0,1.0,0.0,128.0,0.0,0.14467899178022342
1.0,1.0,0.0,0.0,0.0,0.0,0.0,2.0,0.0,128.0,0.0,0.14145662087987115
1.0,1.0,0.0,0.0,0.0,0.0,0.0,3.0,0.0,128.0,0.0,0.13184412463475248
1.0,1.0,0.0,0.0,0.0,0.0,0.0,4.0,0.0,128.0,0.0,0.13113411070755626
1.0,1.0,0.0,0.0,0.0,0.0,0.0,1.0,8.0,128.0,0.0,0.27138916955678755
1.0,1.0,0.0,0.0,0.0,0.0,0.0,2.0,8.0,128.0,0.0,0.252109560610612
1.0,1.0,0.0,0.0,0.0,0.0,0.0,3.0,8.0,128.0,0.0,0.2753079002703515
1.0,1.0,0.0,0.0,0.0,0.0,0.0,4.0,8.0,128.0,0.0,0.24946066249761062
1.0,1.0,0.0,0.0,0.0,0.0,0.0,1.0,10.0,128.0,0.0,0.23192878014145663
1.0,1.0,0.0,0.0,0.0,0.0,0.0,2.0,10.0,128.0,0.0,0.20542614489745764
1.0,1.0,0.0,0.0,0.0,0.0,0.0,3.0,10.0,128.0,0.0,0.23704907288566052
1.0,1.0,0.0,0.0,0.0,0.0,0.0,4.0,10.0,128.0,0.0,0.21341380157841566
1.0,1.0,0.0,0.0,0.0,0.0,0.0,1.0,16.0,128.0,0.0,0.1631393538873263
1.0,1.0,0.0,0.0,0.0,0.0,0.0,2.0,16.0,128.0,0.0,0.1352576531308884
1.0,1.0,0.0,0.0,0.0,0.0,0.0,3.0,16.0,128.0,0.0,0.16683961877713765
1.0,1.0,0.0,0.0,0.0,0.0,0.0,4.0,16.0,128.0,0.0,0.13790655124388984
1.0,1.0,0.0,0.0,0.0,0.0,0.0,1.0,20.0,128.0,0.0,0.14493841994592976
1.0,1.0,0.0,0.0,0.0,0.0,0.0,2.0,20.0,128.0,0.0,0.1111991042901227
1.0,1.0,0.0,0.0,0.0,0.0,0.0,3.0,20.0,128.0,0.0,0.14799694147846754
1.0,1.0,0.0,0.0,0.0,0.0,0.0,4.0,20.0,128.0,0.0,0.11399819765695407
1.0,1.0,0.0,0.0,0.0,0.0,0.0,1.0,32.0,128.0,0.0,0.12082525464922589
1.0,1.0,0.0,0.0,0.0,0.0,0.0,2.0,32.0,128.0,0.0,0.07326797564106069
1.0,1.0,0.0,0.0,0.0,0.0,0.0,3.0,32.0,128.0,0.0,0.12333761162238188
1.0,1.0,0.0,0.0,0.0,0.0,0.0,4.0,32.0,128.0,0.0,0.07640842185750568
1.0,1.0,0.0,0.0,0.0,0.0,0.0,1.0,64.0,128.0,0.0,0.11457167044430489
1.0,1.0,0.0,0.0,0.0,0.0,0.0,2.0,64.0,128.0,0.0,0.053701630301209835
1.0,1.0,0.0,0.0,0.0,0.0,0.0,3.0,64.0,128.0,0.0,0.11503591031977939
1.0,1.0,0.0,0.0,0.0,0.0,0.0,4.0,64.0,128.0,0.0,0.05086157459242474
1.0,1.0,0.0,0.0,0.0,0.0,0.0,1.0,128.0,128.0,0.0,0.08376798929517465
1.0,1.0,0.0,0.0,0.0,0.0,0.0,2.0,128.0,128.0,0.0,0.05024713946312026
1.0,1.0,0.0,0.0,0.0,0.0,0.0,3.0,128.0,128.0,0.0,0.08009503263333245
1.0,1.0,0.0,0.0,0.0,0.0,0.0,4.0,128.0,128.0,0.0,0.0480215188836397
1.0,1.0,0.0,0.0,0.0,0.0,0.0,1.0,0.0,0.0,8.0,0.1975477211283761
1.0,1.0,0.0,0.0,0.0,0.0,0.0,2.0,0.0,0.0,8.0,0.19674212840328803
1.0,1.0,0.0,0.0,0.0,0.0,0.0,3.0,0.0,0.0,8.0,0.18920505748381994
1.0,1.0,0.0,0.0,0.0,0.0,0.0,4.0,0.0,0.0,8.0,0.1893142903956963
1.0,1.0,0.0,0.0,0.0,0.0,0.0,1.0,8.0,0.0,8.0,0.10220104317430845
1.0,1.0,0.0,0.0,0.0,0.0,0.0,2.0,8.0,0.0,8.0,0.12673748600453327
1.0,1.0,0.0,0.0,0.0,0.0,0.0,3.0,8.0,0.0,8.0,0.10293836532947381
1.0,1.0,0.0,0.0,0.0,0.0,0.0,4.0,8.0,0.0,8.0,0.12227259073158747
1.0,1.0,0.0,0.0,0.0,0.0,0.0,1.0,10.0,0.0,8.0,0.0991561757557553
1.0,1.0,0.0,0.0,0.0,0.0,0.0,2.0,10.0,0.0,8.0,0.13073814140200446
1.0,1.0,0.0,0.0,0.0,0.0,0.0,3.0,10.0,0.0,8.0,0.10083563177585408
1.0,1.0,0.0,0.0,0.0,0.0,0.0,4.0,10.0,0.0,8.0,0.12671017777656413
1.0,1.0,0.0,0.0,0.0,0.0,0.0,1.0,16.0,0.0,8.0,0.10213277260438575
1.0,1.0,0.0,0.0,0.0,0.0,0.0,2.0,16.0,0.0,8.0,0.12841694202463205
1.0,1.0,0.0,0.0,0.0,0.0,0.0,3.0,16.0,0.0,8.0,0.10655670553537788
1.0,1.0,0.0,0.0,0.0,0.0,0.0,4.0,16.0,0.0,8.0,0.12523553346623345
1.0,1.0,0.0,0.0,0.0,0.0,0.0,1.0,20.0,0.0,8.0,0.11918676097108066
1.0,1.0,0.0,0.0,0.0,0.0,0.0,2.0,20.0,0.0,8.0,0.131229689505448
1.0,1.0,0.0,0.0,0.0,0.0,0.0,3.0,20.0,0.0,8.0,0.12176738851415936
1.0,1.0,0.0,0.0,0.0,0.0,0.0,4.0,20.0,0.0,8.0,0.13366012179469677
1.0,1.0,0.0,0.0,0.0,0.0,0.0,1.0,32.0,0.0,8.0,0.1327179879297633
1.0,1.0,0.0,0.0,0.0,0.0,0.0,2.0,32.0,0.0,8.0,0.12829405499877117
1.0,1.0,0.0,0.0,0.0,0.0,0.0,3.0,32.0,0.0,8.0,0.13891695567874607
1.0,1.0,0.0,0.0,0.0,0.0,0.0,4.0,32.0,0.0,8.0,0.13075179551598898
1.0,1.0,0.0,0.0,0.0,0.0,0.0,1.0,64.0,0.0,8.0,0.18869985526639182
1.0,1.0,0.0,0.0,0.0,0.0,0.0,2.0,64.0,0.0,8.0,0.24002566973429101
1.0,1.0,0.0,0.0,0.0,0.0,0.0,3.0,64.0,0.0,8.0,0.18321090144460533
1.0,1.0,0.0,0.0,0.0,0.0,0.0,4.0,64.0,0.0,8.0,0.23564269914525254
1.0,1.0,0.0,0.0,0.0,0.0,0.0,1.0,128.0,0.0,8.0,0.2554548185368252
1.0,1.0,0.0,0.0,0.0,0.0,0.0,2.0,128.0,0.0,8.0,0.26798929517463627
1.0,1.0,0.0,0.0,0.0,0.0,0.0,3.0,128.0,0.0,8.0,0.27376498539009814
1.0,1.0,0.0,0.0,0.0,0.0,0.0,4.0,128.0,0.0,8.0,0.2781616100931212
1.0,1.0,0.0,0.0,0.0,0.0,0.0,1.0,0.0,8.0,8.0,0.038108632130861075
1.0,1.0,0.0,0.0,0.0,0.0,0.0,2.0,0.0,8.0,8.0,0.03727573117780392
1.0,1.0,0.0,0.0,0.0,0.0,0.0,3.0,0.0,8.0,8.0,0.039665201125099026
1.0,1.0,0.0,0.0,0.0,0.0,0.0,4.0,0.0,8.0,8.0,0.03950135175728453
1.0,1.0,0.0,0.0,0.0,0.0,0.0,1.0,8.0,8.0,8.0,0.6494169693328602
1.0,1.0,0.0,0.0,0.0,0.0,0.0,2.0,8.0,8.0,8.0,0.6409241104344741
1.0,1.0,0.0,0.0,0.0,0.0,0.0,3.0,8.0,8.0,8.0,0.6424260629727738
1.0,1.0,0.0,0.0,0.0,0.0,0.0,4.0,8.0,8.0,8.0,0.6251399546683416
1.0,1.0,0.0,0.0,0.0,0.0,0.0,1.0,10.0,8.0,8.0,0.5313498457085122
1.0,1.0,0.0,0.0,0.0,0.0,0.0,2.0,10.0,8.0,8.0,0.518132663371474
1.0,1.0,0.0,0.0,0.0,0.0,0.0,3.0,10.0,8.0,8.0,0.5290696086730933
1.0,1.0,0.0,0.0,0.0,0.0,0.0,4.0,10.0,8.0,8.0,0.5076053414893908
1.0,1.0,0.0,0.0,0.0,0.0,0.0,1.0,16.0,8.0,8.0,0.3563314126546329
1.0,1.0,0.0,0.0,0.0,0.0,0.0,2.0,16.0,8.0,8.0,0.3411890002457741
1.0,1.0,0.0,0.0,0.0,0.0,0.0,3.0,16.0,8.0,8.0,0.35218056200333164
1.0,1.0,0.0,0.0,0.0,0.0,0.0,4.0,16.0,8.0,8.0,0.3281629755045196
1.0,1.0,0.0,0.0,0.0,0.0,0.0,1.0,20.0,8.0,8.0,0.3114913023293919
1.0,1.0,0.0,0.0,0.0,0.0,0.0,2.0,20.0,8.0,8.0,0.2821895737185615
1.0,1.0,0.0,0.0,0.0,0.0,0.0,3.0,20.0,8.0,8.0,0.30912914061006597
1.0,1.0,0.0,0.0,0.0,0.0,0.0,4.0,20.0,8.0,8.0,0.27962260028946734
1.0,1.0,0.0,0.0,0.0,0.0,0.0,1.0,32.0,8.0,8.0,0.232038013053333
1.0,1.0,0.0,0.0,0.0,0.0,0.0,2.0,32.0,8.0,8.0,0.2038695759032197
1.0,1.0,0.0,0.0,0.0,0.0,0.0,3.0,32.0,8.0,8.0,0.2336628526174937
1.0,1.0,0.0,0.0,0.0,0.0,0.0,4.0,32.0,8.0,8.0,0.1972609847347006
1.0,1.0,0.0,0.0,0.0,0.0,0.0,1.0,64.0,8.0,8.0,0.15898850323602504
1.0,1.0,0.0,0.0,0.0,0.0,0.0,2.0,64.0,8.0,8.0,0.126355170812966
1.0,1.0,0.0,0.0,0.0,0.0,0.0,3.0,64.0,8.0,8.0,0.16438187825991973
1.0,1.0,0.0,0.0,0.0,0.0,0.0,4.0,64.0,8.0,8.0,0.12111199104290127
1.0,1.0,0.0,0.0,0.0,0.0,0.0,1.0,128.0,8.0,8.0,0.09185122477402446
1.0,1.0,0.0,0.0,0.0,0.0,0.0,2.0,128.0,8.0,8.0,0.08061388896474514
1.0,1.0,0.0,0.0,0.0,0.0,0.0,3.0,128.0,8.0,8.0,0.09125044375870456
1.0,1.0,0.0,0.0,0.0,0.0,0.0,4.0,128.0,8.0,8.0,0.07517955159889678
1.0,1.0,0.0,0.0,0.0,0.0,0.0,1.0,0.0,10.0,8.0,0.05479395941997328
1.0,1.0,0.0,0.0,0.0,0.0,0.0,2.0,0.0,10.0,8.0,0.054056637264807916
1.0,1.0,0.0,0.0,0.0,0.0,0.0,3.0,0.0,10.0,8.0,0.05549031923318498
1.0,1.0,0.0,0.0,0.0,0.0,0.0,4.0,0.0,10.0,8.0,0.055872634424752265
1.0,1.0,0.0,0.0,0.0,0.0,0.0,1.0,8.0,10.0,8.0,0.5607471531172343
1.0,1.0,0.0,0.0,0.0,0.0,0.0,2.0,8.0,10.0,8.0,0.5423823698080232
1.0,1.0,0.0,0.0,0.0,0.0,0.0,3.0,8.0,10.0,8.0,0.5680384499849807
1.0,1.0,0.0,0.0,0.0,0.0,0.0,4.0,8.0,10.0,8.0,0.5387230672601657
1.0,1.0,0.0,0.0,0.0,0.0,0.0,1.0,10.0,10.0,8.0,0.4636254403451761
1.0,1.0,0.0,0.0,0.0,0.0,0.0,2.0,10.0,10.0,8.0,0.44673530134629574
1.0,1.0,0.0,0.0,0.0,0.0,0.0,3.0,10.0,10.0,8.0,0.4729375460826349
1.0,1.0,0.0,0.0,0.0,0.0,0.0,4.0,10.0,10.0,8.0,0.44478276304650605
1.0,1.0,0.0,0.0,0.0,0.0,0.0,1.0,16.0,10.0,8.0,0.32480406346432183
1.0,1.0,0.0,0.0,0.0,0.0,0.0,2.0,16.0,10.0,8.0,0.3013872579808296
1.0,1.0,0.0,0.0,0.0,0.0,0.0,3.0,16.0,10.0,8.0,0.33362462109833707
1.0,1.0,0.0,0.0,0.0,0.0,0.0,4.0,16.0,10.0,8.0,0.29304459433627367
1.0,1.0,0.0,0.0,0.0,0.0,0.0,1.0,20.0,10.0,8.0,0.2919522652175101
1.0,1.0,0.0,0.0,0.0,0.0,0.0,2.0,20.0,10.0,8.0,0.2558917501843306
1.0,1.0,0.0,0.0,0.0,0.0,0.0,3.0,20.0,10.0,8.0,0.2994893361369782
1.0,1.0,0.0,0.0,0.0,0.0,0.0,4.0,20.0,10.0,8.0,0.25484038340752074
1.0,1.0,0.0,0.0,0.0,0.0,0.0,1.0,32.0,10.0,8.0,0.23057702285698695
1.0,1.0,0.0,0.0,0.0,0.0,0.0,2.0,32.0,10.0,8.0,0.18887735874819095
1.0,1.0,0.0,0.0,0.0,0.0,0.0,3.0,32.0,10.0,8.0,0.2379912067505941
1.0,1.0,0.0,0.0,0.0,0.0,0.0,4.0,32.0,10.0,8.0,0.1880171495671646
1.0,1.0,0.0,0.0,0.0,0.0,0.0,1.0,64.0,10.0,8.0,0.16735847510855034
1.0,1.0,0.0,0.0,0.0,0.0,0.0,2.0,64.0,10.0,8.0,0.12400666320762455
1.0,1.0,0.0,0.0,0.0,0.0,0.0,3.0,64.0,10.0,8.0,0.17373494633933212
1.0,1.0,0.0,0.0,0.0,0.0,0.0,4.0,64.0,10.0,8.0,0.12198585433791209
1.0,1.0,0.0,0.0,0.0,0.0,0.0,1.0,128.0,10.0,8.0,0.09566072257571206
1.0,1.0,0.0,0.0,0.0,0.0,0.0,2.0,128.0,10.0,8.0,0.08570687348097988
1.0,1.0,0.0,0.0,0.0,0.0,0.0,3.0,128.0,10.0,8.0,0.09848712417051264
1.0,1.0,0.0,0.0,0.0,0.0,0.0,4.0,128.0,10.0,8.0,0.08244354023867395
1.0,1.0,0.0,0.0,0.0,0.0,0.0,1.0,0.0,16.0,8.0,0.03275621944891999
1.0,1.0,0.0,0.0,0.0,0.0,0.0,2.0,0.0,16.0,8.0,0.03234659602938372
1.0,1.0,0.0,0.0,0.0,0.0,0.0,3.0,0.0,16.0,8.0,0.033889510909637155
1.0,1.0,0.0,0.0,0.0,0.0,0.0,4.0,0.0,16.0,8.0,0.03337065457822447
1.0,1.0,0.0,0.0,0.0,0.0,0.0,1.0,8.0,16.0,8.0,0.34781124552827775
1.0,1.0,0.0,0.0,0.0,0.0,0.0,2.0,8.0,16.0,8.0,0.3370381495944729
1.0,1.0,0.0,0.0,0.0,0.0,0.0,3.0,8.0,16.0,8.0,0.3560037139190038
1.0,1.0,0.0,0.0,0.0,0.0,0.0,4.0,8.0,16.0,8.0,0.3308528359594746
1.0,1.0,0.0,0.0,0.0,0.0,0.0,1.0,10.0,16.0,8.0,0.28557579398672833
1.0,1.0,0.0,0.0,0.0,0.0,0.0,2.0,10.0,16.0,8.0,0.2745296157732325
1.0,1.0,0.0,0.0,0.0,0.0,0.0,3.0,10.0,16.0,8.0,0.298328736448292
1.0,1.0,0.0,0.0,0.0,0.0,0.0,4.0,10.0,16.0,8.0,0.27022856986810134
1.0,1.0,0.0,0.0,0.0,0.0,0.0,1.0,16.0,16.0,8.0,0.20087932494060473
1.0,1.0,0.0,0.0,0.0,0.0,0.0,2.0,16.0,16.0,8.0,0.18439880936126057
1.0,1.0,0.0,0.0,0.0,0.0,0.0,3.0,16.0,16.0,8.0,0.21374150031404465
1.0,1.0,0.0,0.0,0.0,0.0,0.0,4.0,16.0,16.0,8.0,0.1791419754772114
1.0,1.0,0.0,0.0,0.0,0.0,0.0,1.0,20.0,16.0,8.0,0.1897785302711708
1.0,1.0,0.0,0.0,0.0,0.0,0.0,2.0,20.0,16.0,8.0,0.15934351019962317
1.0,1.0,0.0,0.0,0.0,0.0,0.0,3.0,20.0,16.0,8.0,0.19850350910729414
1.0,1.0,0.0,0.0,0.0,0.0,0.0,4.0,20.0,16.0,8.0,0.15741828012780262
1.0,1.0,0.0,0.0,0.0,0.0,0.0,1.0,32.0,16.0,8.0,0.15485130669870834
1.0,1.0,0.0,0.0,0.0,0.0,0.0,2.0,32.0,16.0,8.0,0.1227504847210465
1.0,1.0,0.0,0.0,0.0,0.0,0.0,3.0,32.0,16.0,8.0,0.16338512793904808
1.0,1.0,0.0,0.0,0.0,0.0,0.0,4.0,32.0,16.0,8.0,0.12131680275266943
1.0,1.0,0.0,0.0,0.0,0.0,0.0,1.0,64.0,16.0,8.0,0.11876348343755982
1.0,1.0,0.0,0.0,0.0,0.0,0.0,2.0,64.0,16.0,8.0,0.08008137851934793
1.0,1.0,0.0,0.0,0.0,0.0,0.0,3.0,64.0,16.0,8.0,0.1266965236625796
1.0,1.0,0.0,0.0,0.0,0.0,0.0,4.0,64.0,16.0,8.0,0.0802861902291161
1.0,1.0,0.0,0.0,0.0,0.0,0.0,1.0,128.0,16.0,8.0,0.06679592561238706
1.0,1.0,0.0,0.0,0.0,0.0,0.0,2.0,128.0,16.0,8.0,0.05424779486059156
1.0,1.0,0.0,0.0,0.0,0.0,0.0,3.0,128.0,16.0,8.0,0.07120620442939463
1.0,1.0,0.0,0.0,0.0,0.0,0.0,4.0,128.0,16.0,8.0,0.052718534094322644
1.0,1.0,0.0,0.0,0.0,0.0,0.0,1.0,0.0,20.0,8.0,0.031622927988202876
1.0,1.0,0.0,0.0,0.0,0.0,0.0,2.0,0.0,20.0,8.0,0.031295229252573886
1.0,1.0,0.0,0.0,0.0,0.0,0.0,3.0,0.0,20.0,8.0,0.03214178431961556
1.0,1.0,0.0,0.0,0.0,0.0,0.0,4.0,0.0,20.0,8.0,0.031554657418280174
1.0,1.0,0.0,0.0,0.0,0.0,0.0,1.0,8.0,20.0,8.0,0.29066877850296297
1.0,1.0,0.0,0.0,0.0,0.0,0.0,2.0,8.0,20.0,8.0,0.27496654742073795
1.0,1.0,0.0,0.0,0.0,0.0,0.0,3.0,8.0,20.0,8.0,0.302274775389825
1.0,1.0,0.0,0.0,0.0,0.0,0.0,4.0,8.0,20.0,8.0,0.2732188208307164
1.0,1.0,0.0,0.0,0.0,0.0,0.0,1.0,10.0,20.0,8.0,0.2421284032879107
1.0,1.0,0.0,0.0,0.0,0.0,0.0,2.0,10.0,20.0,8.0,0.22660367568748468
1.0,1.0,0.0,0.0,0.0,0.0,0.0,3.0,10.0,20.0,8.0,0.25209590649662744
1.0,1.0,0.0,0.0,0.0,0.0,0.0,4.0,10.0,20.0,8.0,0.22504710669324673
1.0,1.0,0.0,0.0,0.0,0.0,0.0,1.0,16.0,20.0,8.0,0.17473169666020377
1.0,1.0,0.0,0.0,0.0,0.0,0.0,2.0,16.0,20.0,8.0,0.15438706682323394
1.0,1.0,0.0,0.0,0.0,0.0,0.0,3.0,16.0,20.0,8.0,0.18546383025205498
1.0,1.0,0.0,0.0,0.0,0.0,0.0,4.0,16.0,20.0,8.0,0.15048199022365444
1.0,1.0,0.0,0.0,0.0,0.0,0.0,1.0,20.0,20.0,8.0,0.16734482099456566
1.0,1.0,0.0,0.0,0.0,0.0,0.0,2.0,20.0,20.0,8.0,0.13628171167972913
1.0,1.0,0.0,0.0,0.0,0.0,0.0,3.0,20.0,20.0,8.0,0.1745268849504356
1.0,1.0,0.0,0.0,0.0,0.0,0.0,4.0,20.0,20.0,8.0,0.13570823889237832
1.0,1.0,0.0,0.0,0.0,0.0,0.0,1.0,32.0,20.0,8.0,0.1442010977907644
1.0,1.0,0.0,0.0,0.0,0.0,0.0,2.0,32.0,20.0,8.0,0.10760807231218772
1.0,1.0,0.0,0.0,0.0,0.0,0.0,3.0,32.0,20.0,8.0,0.14882984243152464
1.0,1.0,0.0,0.0,0.0,0.0,0.0,4.0,32.0,20.0,8.0,0.10639285616756339
1.0,1.0,0.0,0.0,0.0,0.0,0.0,1.0,64.0,20.0,8.0,0.11398454354296955
1.0,1.0,0.0,0.0,0.0,0.0,0.0,2.0,64.0,20.0,8.0,0.07280373576558624
1.0,1.0,0.0,0.0,0.0,0.0,0.0,3.0,64.0,20.0,8.0,0.12113929927087042
1.0,1.0,0.0,0.0,0.0,0.0,0.0,4.0,64.0,20.0,8.0,0.07298123924738525
1.0,1.0,0.0,0.0,0.0,0.0,0.0,1.0,128.0,20.0,8.0,0.060665228433327
1.0,1.0,0.0,0.0,0.0,0.0,0.0,2.0,128.0,20.0,8.0,0.049919440727491216
1.0,1.0,0.0,0.0,0.0,0.0,0.0,3.0,128.0,20.0,8.0,0.06491165788252007
1.0,1.0,0.0,0.0,0.0,0.0,0.0,4.0,128.0,20.0,8.0,0.04916846445834133
1.0,1.0,0.0,0.0,0.0,0.0,0.0,1.0,0.0,32.0,8.0,0.03144542450640386
1.0,1.0,0.0,0.0,0.0,0.0,0.0,2.0,0.0,32.0,8.0,0.031022146972883025
1.0,1.0,0.0,0.0,0.0,0.0,0.0,3.0,0.0,32.0,8.0,0.032005243179770104
1.0,1.0,0.0,0.0,0.0,0.0,0.0,4.0,0.0,32.0,8.0,0.03169119855812558
1.0,1.0,0.0,0.0,0.0,0.0,0.0,1.0,8.0,32.0,8.0,0.2019989622873372
1.0,1.0,0.0,0.0,0.0,0.0,0.0,2.0,8.0,32.0,8.0,0.1894508315355417
1.0,1.0,0.0,0.0,0.0,0.0,0.0,3.0,8.0,32.0,8.0,0.21277205822114215
1.0,1.0,0.0,0.0,0.0,0.0,0.0,4.0,8.0,32.0,8.0,0.18505420683251866
1.0,1.0,0.0,0.0,0.0,0.0,0.0,1.0,10.0,32.0,8.0,0.1704443048690571
1.0,1.0,0.0,0.0,0.0,0.0,0.0,2.0,10.0,32.0,8.0,0.15934351019962317
1.0,1.0,0.0,0.0,0.0,0.0,0.0,3.0,10.0,32.0,8.0,0.18153144542450644
1.0,1.0,0.0,0.0,0.0,0.0,0.0,4.0,10.0,32.0,8.0,0.15648980037685362
1.0,1.0,0.0,0.0,0.0,0.0,0.0,1.0,16.0,32.0,8.0,0.12885387367213752
1.0,1.0,0.0,0.0,0.0,0.0,0.0,2.0,16.0,32.0,8.0,0.11136295365793719
1.0,1.0,0.0,0.0,0.0,0.0,0.0,3.0,16.0,32.0,8.0,0.1414839291078403
1.0,1.0,0.0,0.0,0.0,0.0,0.0,4.0,16.0,32.0,8.0,0.10965618940986921
1.0,1.0,0.0,0.0,0.0,0.0,0.0,1.0,20.0,32.0,8.0,0.1316939293809225
1.0,1.0,0.0,0.0,0.0,0.0,0.0,2.0,20.0,32.0,8.0,0.10090390234577684
1.0,1.0,0.0,0.0,0.0,0.0,0.0,3.0,20.0,32.0,8.0,0.14242606297277371
1.0,1.0,0.0,0.0,0.0,0.0,0.0,4.0,20.0,32.0,8.0,0.10160026215898854
1.0,1.0,0.0,0.0,0.0,0.0,0.0,1.0,32.0,32.0,8.0,0.12158988503236029
1.0,1.0,0.0,0.0,0.0,0.0,0.0,2.0,32.0,32.0,8.0,0.08359048581337564
1.0,1.0,0.0,0.0,0.0,0.0,0.0,3.0,32.0,32.0,8.0,0.12948196291542646
1.0,1.0,0.0,0.0,0.0,0.0,0.0,4.0,32.0,32.0,8.0,0.08536552063136632
1.0,1.0,0.0,0.0,0.0,0.0,0.0,1.0,64.0,32.0,8.0,0.10581938338021252
1.0,1.0,0.0,0.0,0.0,0.0,0.0,2.0,64.0,32.0,8.0,0.05909500532510453
1.0,1.0,0.0,0.0,0.0,0.0,0.0,3.0,64.0,32.0,8.0,0.11492667740790308
1.0,1.0,0.0,0.0,0.0,0.0,0.0,4.0,64.0,32.0,8.0,0.06342335945820482
1.0,1.0,0.0,0.0,0.0,0.0,0.0,1.0,128.0,32.0,8.0,0.05584532619678312
1.0,1.0,0.0,0.0,0.0,0.0,0.0,2.0,128.0,32.0,8.0,0.04556377836642189
1.0,1.0,0.0,0.0,0.0,0.0,0.0,3.0,128.0,32.0,8.0,0.06084273191512607
1.0,1.0,0.0,0.0,0.0,0.0,0.0,4.0,128.0,32.0,8.0,0.0463693710915099
1.0,1.0,0.0,0.0,0.0,0.0,0.0,1.0,0.0,64.0,8.0,0.04661514514323173
1.0,1.0,0.0,0.0,0.0,0.0,0.0,2.0,0.0,64.0,8.0,0.04488107266719471
1.0,1.0,0.0,0.0,0.0,0.0,0.0,3.0,0.0,64.0,8.0,0.040033862202681736
1.0,1.0,0.0,0.0,0.0,0.0,0.0,4.0,0.0,64.0,8.0,0.041139845435429756
1.0,1.0,0.0,0.0,0.0,0.0,0.0,1.0,8.0,64.0,8.0,0.13599497528605375
1.0,1.0,0.0,0.0,0.0,0.0,0.0,2.0,8.0,64.0,8.0,0.12223162838963386
1.0,1.0,0.0,0.0,0.0,0.0,0.0,3.0,8.0,64.0,8.0,0.14510226931374431
1.0,1.0,0.0,0.0,0.0,0.0,0.0,4.0,8.0,64.0,8.0,0.11855867172779166
1.0,1.0,0.0,0.0,0.0,0.0,0.0,1.0,10.0,64.0,8.0,0.11756192140691996
1.0,1.0,0.0,0.0,0.0,0.0,0.0,2.0,10.0,64.0,8.0,0.1041535814740982
1.0,1.0,0.0,0.0,0.0,0.0,0.0,3.0,10.0,64.0,8.0,0.12671017777656413
1.0,1.0,0.0,0.0,0.0,0.0,0.0,4.0,10.0,64.0,8.0,0.10231027608618481
1.0,1.0,0.0,0.0,0.0,0.0,0.0,1.0,16.0,64.0,8.0,0.09657554821267655
1.0,1.0,0.0,0.0,0.0,0.0,0.0,2.0,16.0,64.0,8.0,0.07650400065539753
1.0,1.0,0.0,0.0,0.0,0.0,0.0,3.0,16.0,64.0,8.0,0.10722575712062049
1.0,1.0,0.0,0.0,0.0,0.0,0.0,4.0,16.0,64.0,8.0,0.07526147628280411
1.0,1.0,0.0,0.0,0.0,0.0,0.0,1.0,20.0,64.0,8.0,0.10680247958709965
1.0,1.0,0.0,0.0,0.0,0.0,0.0,2.0,20.0,64.0,8.0,0.07279008165160167
1.0,1.0,0.0,0.0,0.0,0.0,0.0,3.0,20.0,64.0,8.0,0.11372511537726321
1.0,1.0,0.0,0.0,0.0,0.0,0.0,4.0,20.0,64.0,8.0,0.07352740380676703
1.0,1.0,0.0,0.0,0.0,0.0,0.0,1.0,32.0,64.0,8.0,0.1061743903438106
1.0,1.0,0.0,0.0,0.0,0.0,0.0,2.0,32.0,64.0,8.0,0.06485704142658189
1.0,1.0,0.0,0.0,0.0,0.0,0.0,3.0,32.0,64.0,8.0,0.11260547803053067
1.0,1.0,0.0,0.0,0.0,0.0,0.0,4.0,32.0,64.0,8.0,0.06637264807886617
1.0,1.0,0.0,0.0,0.0,0.0,0.0,1.0,64.0,64.0,8.0,0.10364837925667009
1.0,1.0,0.0,0.0,0.0,0.0,0.0,2.0,64.0,64.0,8.0,0.04935962205412492
1.0,1.0,0.0,0.0,0.0,0.0,0.0,3.0,64.0,64.0,8.0,0.11492667740790308
1.0,1.0,0.0,0.0,0.0,0.0,0.0,4.0,64.0,64.0,8.0,0.05487588410388056
1.0,1.0,0.0,0.0,0.0,0.0,0.0,1.0,128.0,64.0,8.0,0.06472050028673643
1.0,1.0,0.0,0.0,0.0,0.0,0.0,2.0,128.0,64.0,8.0,0.05215871542095635
1.0,1.0,0.0,0.0,0.0,0.0,0.0,3.0,128.0,64.0,8.0,0.06932193669952763
1.0,1.0,0.0,0.0,0.0,0.0,0.0,4.0,128.0,64.0,8.0,0.0517627461154046
1.0,1.0,0.0,0.0,0.0,0.0,0.0,1.0,0.0,128.0,8.0,0.15560228296785822
1.0,1.0,0.0,0.0,0.0,0.0,0.0,2.0,0.0,128.0,8.0,0.15431879625331119
1.0,1.0,0.0,0.0,0.0,0.0,0.0,3.0,0.0,128.0,8.0,0.14470630000819257
1.0,1.0,0.0,0.0,0.0,0.0,0.0,4.0,0.0,128.0,8.0,0.1448564952620225
1.0,1.0,0.0,0.0,0.0,0.0,0.0,1.0,8.0,128.0,8.0,0.10564187989841345
1.0,1.0,0.0,0.0,0.0,0.0,0.0,2.0,8.0,128.0,8.0,0.08936617602883751
1.0,1.0,0.0,0.0,0.0,0.0,0.0,3.0,8.0,128.0,8.0,0.11338376252764965
1.0,1.0,0.0,0.0,0.0,0.0,0.0,4.0,8.0,128.0,8.0,0.0892296348889921
1.0,1.0,0.0,0.0,0.0,0.0,0.0,1.0,10.0,128.0,8.0,0.09357164313607697
1.0,1.0,0.0,0.0,0.0,0.0,0.0,2.0,10.0,128.0,8.0,0.07894808705863082
1.0,1.0,0.0,0.0,0.0,0.0,0.0,3.0,10.0,128.0,8.0,0.10065812829405507
1.0,1.0,0.0,0.0,0.0,0.0,0.0,4.0,10.0,128.0,8.0,0.07842923072721814
1.0,1.0,0.0,0.0,0.0,0.0,0.0,1.0,16.0,128.0,8.0,0.08178814276741586
1.0,1.0,0.0,0.0,0.0,0.0,0.0,2.0,16.0,128.0,8.0,0.06081542368715698
1.0,1.0,0.0,0.0,0.0,0.0,0.0,3.0,16.0,128.0,8.0,0.09159179660831818
1.0,1.0,0.0,0.0,0.0,0.0,0.0,4.0,16.0,128.0,8.0,0.06036483792566705
1.0,1.0,0.0,0.0,0.0,0.0,0.0,1.0,20.0,128.0,8.0,0.09347606433818512
1.0,1.0,0.0,0.0,0.0,0.0,0.0,2.0,20.0,128.0,8.0,0.059641169884486256
1.0,1.0,0.0,0.0,0.0,0.0,0.0,3.0,20.0,128.0,8.0,0.10138179633523586
1.0,1.0,0.0,0.0,0.0,0.0,0.0,4.0,20.0,128.0,8.0,0.06287719489882304
1.0,1.0,0.0,0.0,0.0,0.0,0.0,1.0,32.0,128.0,8.0,0.09977061088505973
1.0,1.0,0.0,0.0,0.0,0.0,0.0,2.0,32.0,128.0,8.0,0.05731997050711385
1.0,1.0,0.0,0.0,0.0,0.0,0.0,3.0,32.0,128.0,8.0,0.10695267484092963
1.0,1.0,0.0,0.0,0.0,0.0,0.0,4.0,32.0,128.0,8.0,0.061361588246538756
1.0,1.0,0.0,0.0,0.0,0.0,0.0,1.0,64.0,128.0,8.0,0.10983369289166833
1.0,1.0,0.0,0.0,0.0,0.0,0.0,2.0,64.0,128.0,8.0,0.055162620497555936
1.0,1.0,0.0,0.0,0.0,0.0,0.0,3.0,64.0,128.0,8.0,0.12015620306398322
1.0,1.0,0.0,0.0,0.0,0.0,0.0,4.0,64.0,128.0,8.0,0.059149621781042716
1.0,1.0,0.0,0.0,0.0,0.0,0.0,1.0,128.0,128.0,8.0,0.10446762609574267
1.0,1.0,0.0,0.0,0.0,0.0,0.0,2.0,128.0,128.0,8.0,0.07766460034408373
1.0,1.0,0.0,0.0,0.0,0.0,0.0,3.0,128.0,128.0,8.0,0.10539610584669168
1.0,1.0,0.0,0.0,0.0,0.0,0.0,4.0,128.0,128.0,8.0,0.07767825445806825
1.0,1.0,0.0,0.0,0.0,0.0,0.0,1.0,0.0,0.0,10.0,0.19821677271361876
1.0,1.0,0.0,0.0,0.0,0.0,0.0,2.0,0.0,0.0,10.0,0.1967011660613343
1.0,1.0,0.0,0.0,0.0,0.0,0.0,3.0,0.0,0.0,10.0,0.18966929735929444
1.0,1.0,0.0,0.0,0.0,0.0,0.0,4.0,0.0,0.0,10.0,0.18906851634397454
1.0,1.0,0.0,0.0,0.0,0.0,0.0,1.0,8.0,0.0,10.0,0.10740326060241956
1.0,1.0,0.0,0.0,0.0,0.0,0.0,2.0,8.0,0.0,10.0,0.15699500259428173
1.0,1.0,0.0,0.0,0.0,0.0,0.0,3.0,8.0,0.0,10.0,0.10760807231218772
1.0,1.0,0.0,0.0,0.0,0.0,0.0,4.0,8.0,0.0,10.0,0.14915754116715374
1.0,1.0,0.0,0.0,0.0,0.0,0.0,1.0,10.0,0.0,10.0,0.1049455200852017
1.0,1.0,0.0,0.0,0.0,0.0,0.0,2.0,10.0,0.0,10.0,0.1520522133318769
1.0,1.0,0.0,0.0,0.0,0.0,0.0,3.0,10.0,0.0,10.0,0.10621535268576426
1.0,1.0,0.0,0.0,0.0,0.0,0.0,4.0,10.0,0.0,10.0,0.151123733580928
1.0,1.0,0.0,0.0,0.0,0.0,0.0,1.0,16.0,0.0,10.0,0.10961522706791565
1.0,1.0,0.0,0.0,0.0,0.0,0.0,2.0,16.0,0.0,10.0,0.14523881045358977
1.0,1.0,0.0,0.0,0.0,0.0,0.0,3.0,16.0,0.0,10.0,0.11432589639258317
1.0,1.0,0.0,0.0,0.0,0.0,0.0,4.0,16.0,0.0,10.0,0.14338185095169176
1.0,1.0,0.0,0.0,0.0,0.0,0.0,1.0,20.0,0.0,10.0,0.12366531035801093
1.0,1.0,0.0,0.0,0.0,0.0,0.0,2.0,20.0,0.0,10.0,0.14106065157431935
1.0,1.0,0.0,0.0,0.0,0.0,0.0,3.0,20.0,0.0,10.0,0.1266965236625796
1.0,1.0,0.0,0.0,0.0,0.0,0.0,4.0,20.0,0.0,10.0,0.1440372484229499
1.0,1.0,0.0,0.0,0.0,0.0,0.0,1.0,32.0,0.0,10.0,0.133714738250635
1.0,1.0,0.0,0.0,0.0,0.0,0.0,2.0,32.0,0.0,10.0,0.12598650973538333
1.0,1.0,0.0,0.0,0.0,0.0,0.0,3.0,32.0,0.0,10.0,0.14029602119118495
1.0,1.0,0.0,0.0,0.0,0.0,0.0,4.0,32.0,0.0,10.0,0.12776154455337402
1.0,1.0,0.0,0.0,0.0,0.0,0.0,1.0,64.0,0.0,10.0,0.1852317103143178
1.0,1.0,0.0,0.0,0.0,0.0,0.0,2.0,64.0,0.0,10.0,0.23790928206668677
1.0,1.0,0.0,0.0,0.0,0.0,0.0,3.0,64.0,0.0,10.0,0.178254458068216
1.0,1.0,0.0,0.0,0.0,0.0,0.0,4.0,64.0,0.0,10.0,0.2312870367841831
1.0,1.0,0.0,0.0,0.0,0.0,0.0,1.0,128.0,0.0,10.0,0.25306534858953006
1.0,1.0,0.0,0.0,0.0,0.0,0.0,2.0,128.0,0.0,10.0,0.26617329801469186
1.0,1.0,0.0,0.0,0.0,0.0,0.0,3.0,128.0,0.0,10.0,0.26999644993036415
1.0,1.0,0.0,0.0,0.0,0.0,0.0,4.0,128.0,0.0,10.0,0.27547174963816606
1.0,1.0,0.0,0.0,0.0,0.0,0.0,1.0,0.0,8.0,10.0,0.031104071656790244
1.0,1.0,0.0,0.0,0.0,0.0,0.0,2.0,0.0,8.0,10.0,0.031145033998743854
1.0,1.0,0.0,0.0,0.0,0.0,0.0,3.0,0.0,8.0,10.0,0.0333296922362708
1.0,1.0,0.0,0.0,0.0,0.0,0.0,4.0,0.0,8.0,10.0,0.03363008274393081
1.0,1.0,0.0,0.0,0.0,0.0,0.0,1.0,8.0,8.0,10.0,0.6501815997159945
1.0,1.0,0.0,0.0,0.0,0.0,0.0,2.0,8.0,8.0,10.0,0.6377700101040444
1.0,1.0,0.0,0.0,0.0,0.0,0.0,3.0,8.0,8.0,10.0,0.6496354351566127
1.0,1.0,0.0,0.0,0.0,0.0,0.0,4.0,8.0,8.0,10.0,0.6256315027717854
1.0,1.0,0.0,0.0,0.0,0.0,0.0,1.0,10.0,8.0,10.0,0.5268849504355664
1.0,1.0,0.0,0.0,0.0,0.0,0.0,2.0,10.0,8.0,10.0,0.5159889674759006
1.0,1.0,0.0,0.0,0.0,0.0,0.0,3.0,10.0,8.0,10.0,0.520290013381032
1.0,1.0,0.0,0.0,0.0,0.0,0.0,4.0,10.0,8.0,10.0,0.50613069717906
1.0,1.0,0.0,0.0,0.0,0.0,0.0,1.0,16.0,8.0,10.0,0.3516070892159809
1.0,1.0,0.0,0.0,0.0,0.0,0.0,2.0,16.0,8.0,10.0,0.33837625276495814
1.0,1.0,0.0,0.0,0.0,0.0,0.0,3.0,16.0,8.0,10.0,0.3460635189382562
1.0,1.0,0.0,0.0,0.0,0.0,0.0,4.0,16.0,8.0,10.0,0.32596466315300804
1.0,1.0,0.0,0.0,0.0,0.0,0.0,1.0,20.0,8.0,10.0,0.3082143149731014
1.0,1.0,0.0,0.0,0.0,0.0,0.0,2.0,20.0,8.0,10.0,0.2798137578852508
1.0,1.0,0.0,0.0,0.0,0.0,0.0,3.0,20.0,8.0,10.0,0.3045140500832902
1.0,1.0,0.0,0.0,0.0,0.0,0.0,4.0,20.0,8.0,10.0,0.278762391108441
1.0,1.0,0.0,0.0,0.0,0.0,0.0,1.0,32.0,8.0,10.0,0.22742292252655733
1.0,1.0,0.0,0.0,0.0,0.0,0.0,2.0,32.0,8.0,10.0,0.19850350910729414
1.0,1.0,0.0,0.0,0.0,0.0,0.0,3.0,32.0,8.0,10.0,0.22930719025642438
1.0,1.0,0.0,0.0,0.0,0.0,0.0,4.0,32.0,8.0,10.0,0.19413419263224013
1.0,1.0,0.0,0.0,0.0,0.0,0.0,1.0,64.0,8.0,10.0,0.15773232474944715
1.0,1.0,0.0,0.0,0.0,0.0,0.0,2.0,64.0,8.0,10.0,0.12101641224500947
1.0,1.0,0.0,0.0,0.0,0.0,0.0,3.0,64.0,8.0,10.0,0.1597940959611131
1.0,1.0,0.0,0.0,0.0,0.0,0.0,4.0,64.0,8.0,10.0,0.11622381823643474
1.0,1.0,0.0,0.0,0.0,0.0,0.0,1.0,128.0,8.0,10.0,0.08734536715912511
1.0,1.0,0.0,0.0,0.0,0.0,0.0,2.0,128.0,8.0,10.0,0.0779376826237746
1.0,1.0,0.0,0.0,0.0,0.0,0.0,3.0,128.0,8.0,10.0,0.0863486168382534
1.0,1.0,0.0,0.0,0.0,0.0,0.0,4.0,128.0,8.0,10.0,0.07060542341407466
1.0,1.0,0.0,0.0,0.0,0.0,0.0,1.0,0.0,10.0,10.0,0.049605396105846744
1.0,1.0,0.0,0.0,0.0,0.0,0.0,2.0,0.0,10.0,10.0,0.04803517299762422
1.0,1.0,0.0,0.0,0.0,0.0,0.0,3.0,0.0,10.0,10.0,0.05006963598132125
1.0,1.0,0.0,0.0,0.0,0.0,0.0,4.0,0.0,10.0,10.0,0.04982386192959942
1.0,1.0,0.0,0.0,0.0,0.0,0.0,1.0,8.0,10.0,10.0,0.5580572926622793
1.0,1.0,0.0,0.0,0.0,0.0,0.0,2.0,8.0,10.0,10.0,0.5395013517572846
1.0,1.0,0.0,0.0,0.0,0.0,0.0,3.0,8.0,10.0,10.0,0.5637100958518804
1.0,1.0,0.0,0.0,0.0,0.0,0.0,4.0,8.0,10.0,10.0,0.5426691062016986
1.0,1.0,0.0,0.0,0.0,0.0,0.0,1.0,10.0,10.0,10.0,0.45640241404735254
1.0,1.0,0.0,0.0,0.0,0.0,0.0,2.0,10.0,10.0,10.0,0.44269368360687084
1.0,1.0,0.0,0.0,0.0,0.0,0.0,3.0,10.0,10.0,10.0,0.46634260902810026
1.0,1.0,0.0,0.0,0.0,0.0,0.0,4.0,10.0,10.0,10.0,0.44008574783582305
1.0,1.0,0.0,0.0,0.0,0.0,0.0,1.0,16.0,10.0,10.0,0.31852317103143185
1.0,1.0,0.0,0.0,0.0,0.0,0.0,2.0,16.0,10.0,10.0,0.2977689177749256
1.0,1.0,0.0,0.0,0.0,0.0,0.0,3.0,16.0,10.0,10.0,0.32982877741063393
1.0,1.0,0.0,0.0,0.0,0.0,0.0,4.0,16.0,10.0,10.0,0.2923345804090774
1.0,1.0,0.0,0.0,0.0,0.0,0.0,1.0,20.0,10.0,10.0,0.28822469209972973
1.0,1.0,0.0,0.0,0.0,0.0,0.0,2.0,20.0,10.0,10.0,0.2519730194707666
1.0,1.0,0.0,0.0,0.0,0.0,0.0,3.0,20.0,10.0,10.0,0.2965673557442859
1.0,1.0,0.0,0.0,0.0,0.0,0.0,4.0,20.0,10.0,10.0,0.25191840301482854
1.0,1.0,0.0,0.0,0.0,0.0,0.0,1.0,32.0,10.0,10.0,0.22624866872388666
1.0,1.0,0.0,0.0,0.0,0.0,0.0,2.0,32.0,10.0,10.0,0.18366148720609526
1.0,1.0,0.0,0.0,0.0,0.0,0.0,3.0,32.0,10.0,10.0,0.23214724596520947
1.0,1.0,0.0,0.0,0.0,0.0,0.0,4.0,32.0,10.0,10.0,0.18375706600398706
1.0,1.0,0.0,0.0,0.0,0.0,0.0,1.0,64.0,10.0,10.0,0.16143258963925838
1.0,1.0,0.0,0.0,0.0,0.0,0.0,2.0,64.0,10.0,10.0,0.11969196318850872
1.0,1.0,0.0,0.0,0.0,0.0,0.0,3.0,64.0,10.0,10.0,0.16996641087959813
1.0,1.0,0.0,0.0,0.0,0.0,0.0,4.0,64.0,10.0,10.0,0.11746634260902816
1.0,1.0,0.0,0.0,0.0,0.0,0.0,1.0,128.0,10.0,10.0,0.0922745023075453
1.0,1.0,0.0,0.0,0.0,0.0,0.0,2.0,128.0,10.0,10.0,0.08352221524345294
1.0,1.0,0.0,0.0,0.0,0.0,0.0,3.0,128.0,10.0,10.0,0.09474589693874769
1.0,1.0,0.0,0.0,0.0,0.0,0.0,4.0,128.0,10.0,10.0,0.07803326142166639
1.0,1.0,0.0,0.0,0.0,0.0,0.0,1.0,0.0,16.0,10.0,0.026229552964308178
1.0,1.0,0.0,0.0,0.0,0.0,0.0,2.0,0.0,16.0,10.0,0.02587454600071004
1.0,1.0,0.0,0.0,0.0,0.0,0.0,3.0,0.0,16.0,10.0,0.027963625440345252
1.0,1.0,0.0,0.0,0.0,0.0,0.0,4.0,0.0,16.0,10.0,0.026925912777519934
1.0,1.0,0.0,0.0,0.0,0.0,0.0,1.0,8.0,16.0,10.0,0.3429230727218113
1.0,1.0,0.0,0.0,0.0,0.0,0.0,2.0,8.0,16.0,10.0,0.3333242305906771
1.0,1.0,0.0,0.0,0.0,0.0,0.0,3.0,8.0,16.0,10.0,0.349927633195882
1.0,1.0,0.0,0.0,0.0,0.0,0.0,4.0,8.0,16.0,10.0,0.33041590431196927
1.0,1.0,0.0,0.0,0.0,0.0,0.0,1.0,10.0,16.0,10.0,0.2829951664436496
1.0,1.0,0.0,0.0,0.0,0.0,0.0,2.0,10.0,16.0,10.0,0.2724268822196129
1.0,1.0,0.0,0.0,0.0,0.0,0.0,3.0,10.0,16.0,10.0,0.29315382724815003
1.0,1.0,0.0,0.0,0.0,0.0,0.0,4.0,10.0,16.0,10.0,0.2721947622818756
1.0,1.0,0.0,0.0,0.0,0.0,0.0,1.0,16.0,16.0,10.0,0.1963325049837517
1.0,1.0,0.0,0.0,0.0,0.0,0.0,2.0,16.0,16.0,10.0,0.1825828122013164
1.0,1.0,0.0,0.0,0.0,0.0,0.0,3.0,16.0,16.0,10.0,0.20892159807750083
1.0,1.0,0.0,0.0,0.0,0.0,0.0,4.0,16.0,16.0,10.0,0.17781752642071064
1.0,1.0,0.0,0.0,0.0,0.0,0.0,1.0,20.0,16.0,10.0,0.18599634069745224
1.0,1.0,0.0,0.0,0.0,0.0,0.0,2.0,20.0,16.0,10.0,0.15628498866708546
1.0,1.0,0.0,0.0,0.0,0.0,0.0,3.0,20.0,16.0,10.0,0.19566345339850905
1.0,1.0,0.0,0.0,0.0,0.0,0.0,4.0,20.0,16.0,10.0,0.15457822441901753
1.0,1.0,0.0,0.0,0.0,0.0,0.0,1.0,32.0,16.0,10.0,0.15046833610966986
1.0,1.0,0.0,0.0,0.0,0.0,0.0,2.0,32.0,16.0,10.0,0.11821731887817805
1.0,1.0,0.0,0.0,0.0,0.0,0.0,3.0,32.0,16.0,10.0,0.15755482126764803
1.0,1.0,0.0,0.0,0.0,0.0,0.0,4.0,32.0,16.0,10.0,0.11726153089926
1.0,1.0,0.0,0.0,0.0,0.0,0.0,1.0,64.0,16.0,10.0,0.1143122422785986
1.0,1.0,0.0,0.0,0.0,0.0,0.0,2.0,64.0,16.0,10.0,0.07606706900789212
1.0,1.0,0.0,0.0,0.0,0.0,0.0,3.0,64.0,16.0,10.0,0.12288702586089195
1.0,1.0,0.0,0.0,0.0,0.0,0.0,4.0,64.0,16.0,10.0,0.07575302438624765
1.0,1.0,0.0,0.0,0.0,0.0,0.0,1.0,128.0,16.0,10.0,0.06383298287774108
1.0,1.0,0.0,0.0,0.0,0.0,0.0,2.0,128.0,16.0,10.0,0.050533875856795696
1.0,1.0,0.0,0.0,0.0,0.0,0.0,3.0,128.0,16.0,10.0,0.06710997023403154
1.0,1.0,0.0,0.0,0.0,0.0,0.0,4.0,128.0,16.0,10.0,0.0490455774324805
1.0,1.0,0.0,0.0,0.0,0.0,0.0,1.0,0.0,20.0,10.0,0.02569704251891103
1.0,1.0,0.0,0.0,0.0,0.0,0.0,2.0,0.0,20.0,10.0,0.025342035555312836
1.0,1.0,0.0,0.0,0.0,0.0,0.0,3.0,0.0,20.0,10.0,0.026830333979628085
1.0,1.0,0.0,0.0,0.0,0.0,0.0,4.0,0.0,20.0,10.0,0.026529943471968187
1.0,1.0,0.0,0.0,0.0,0.0,0.0,1.0,8.0,20.0,10.0,0.2873644829187035
1.0,1.0,0.0,0.0,0.0,0.0,0.0,2.0,8.0,20.0,10.0,0.2730003550069637
1.0,1.0,0.0,0.0,0.0,0.0,0.0,3.0,8.0,20.0,10.0,0.2963761981485022
1.0,1.0,0.0,0.0,0.0,0.0,0.0,4.0,8.0,20.0,10.0,0.27241322810562824
1.0,1.0,0.0,0.0,0.0,0.0,0.0,1.0,10.0,20.0,10.0,0.2390152652994349
1.0,1.0,0.0,0.0,0.0,0.0,0.0,2.0,10.0,20.0,10.0,0.22368169529479237
1.0,1.0,0.0,0.0,0.0,0.0,0.0,3.0,10.0,20.0,10.0,0.24754908653977453
1.0,1.0,0.0,0.0,0.0,0.0,0.0,4.0,10.0,20.0,10.0,0.22410497282831315
1.0,1.0,0.0,0.0,0.0,0.0,0.0,1.0,16.0,20.0,10.0,0.17060815423687165
1.0,1.0,0.0,0.0,0.0,0.0,0.0,2.0,16.0,20.0,10.0,0.15160162757038703
1.0,1.0,0.0,0.0,0.0,0.0,0.0,3.0,16.0,20.0,10.0,0.18065758212949562
1.0,1.0,0.0,0.0,0.0,0.0,0.0,4.0,16.0,20.0,10.0,0.14977197629645816
1.0,1.0,0.0,0.0,0.0,0.0,0.0,1.0,20.0,20.0,10.0,0.16334416559709447
1.0,1.0,0.0,0.0,0.0,0.0,0.0,2.0,20.0,20.0,10.0,0.13318222780523775
1.0,1.0,0.0,0.0,0.0,0.0,0.0,3.0,20.0,20.0,10.0,0.1696933285999072
1.0,1.0,0.0,0.0,0.0,0.0,0.0,4.0,20.0,20.0,10.0,0.13409705344220219
1.0,1.0,0.0,0.0,0.0,0.0,0.0,1.0,32.0,20.0,10.0,0.139995630683525
1.0,1.0,0.0,0.0,0.0,0.0,0.0,2.0,32.0,20.0,10.0,0.10366203337065466
1.0,1.0,0.0,0.0,0.0,0.0,0.0,3.0,32.0,20.0,10.0,0.1454299680493733
1.0,1.0,0.0,0.0,0.0,0.0,0.0,4.0,32.0,20.0,10.0,0.10265162893579843
1.0,1.0,0.0,0.0,0.0,0.0,0.0,1.0,64.0,20.0,10.0,0.10935579890220931
1.0,1.0,0.0,0.0,0.0,0.0,0.0,2.0,64.0,20.0,10.0,0.06803844998498054
1.0,1.0,0.0,0.0,0.0,0.0,0.0,3.0,64.0,20.0,10.0,0.11737076381113631
1.0,1.0,0.0,0.0,0.0,0.0,0.0,4.0,64.0,20.0,10.0,0.07004560474070842
1.0,1.0,0.0,0.0,0.0,0.0,0.0,1.0,128.0,20.0,10.0,0.057401895191021124
1.0,1.0,0.0,0.0,0.0,0.0,0.0,2.0,128.0,20.0,10.0,0.04617821349572632
1.0,1.0,0.0,0.0,0.0,0.0,0.0,3.0,128.0,20.0,10.0,0.062016985717796846
1.0,1.0,0.0,0.0,0.0,0.0,0.0,4.0,128.0,20.0,10.0,0.04550916191048371
1.0,1.0,0.0,0.0,0.0,0.0,0.0,1.0,0.0,32.0,10.0,0.02616128239438542
1.0,1.0,0.0,0.0,0.0,0.0,0.0,2.0,0.0,32.0,10.0,0.025342035555312836
1.0,1.0,0.0,0.0,0.0,0.0,0.0,3.0,0.0,32.0,10.0,0.027267265627133497
1.0,1.0,0.0,0.0,0.0,0.0,0.0,4.0,0.0,32.0,10.0,0.02650263524399904
1.0,1.0,0.0,0.0,0.0,0.0,0.0,1.0,8.0,32.0,10.0,0.1983806220814332
1.0,1.0,0.0,0.0,0.0,0.0,0.0,2.0,8.0,32.0,10.0,0.18771675905950475
1.0,1.0,0.0,0.0,0.0,0.0,0.0,3.0,8.0,32.0,10.0,0.20710560091755653
1.0,1.0,0.0,0.0,0.0,0.0,0.0,4.0,8.0,32.0,10.0,0.18449438815915248
1.0,1.0,0.0,0.0,0.0,0.0,0.0,1.0,10.0,32.0,10.0,0.16641634124361676
1.0,1.0,0.0,0.0,0.0,0.0,0.0,2.0,10.0,32.0,10.0,0.15655807094677626
1.0,1.0,0.0,0.0,0.0,0.0,0.0,3.0,10.0,32.0,10.0,0.1776400229389115
1.0,1.0,0.0,0.0,0.0,0.0,0.0,4.0,10.0,32.0,10.0,0.15390917283377492
1.0,1.0,0.0,0.0,0.0,0.0,0.0,1.0,16.0,32.0,10.0,0.12627324612905877
1.0,1.0,0.0,0.0,0.0,0.0,0.0,2.0,16.0,32.0,10.0,0.11061197738878725
1.0,1.0,0.0,0.0,0.0,0.0,0.0,3.0,16.0,32.0,10.0,0.13856194871514793
1.0,1.0,0.0,0.0,0.0,0.0,0.0,4.0,16.0,32.0,10.0,0.10803134984570861
1.0,1.0,0.0,0.0,0.0,0.0,0.0,1.0,20.0,32.0,10.0,0.12849886670853933
1.0,1.0,0.0,0.0,0.0,0.0,0.0,2.0,20.0,32.0,10.0,0.09764056910347091
1.0,1.0,0.0,0.0,0.0,0.0,0.0,3.0,20.0,32.0,10.0,0.13777001010404438
1.0,1.0,0.0,0.0,0.0,0.0,0.0,4.0,20.0,32.0,10.0,0.09906059695786346
1.0,1.0,0.0,0.0,0.0,0.0,0.0,1.0,32.0,32.0,10.0,0.11814904830825534
1.0,1.0,0.0,0.0,0.0,0.0,0.0,2.0,32.0,32.0,10.0,0.08004041617739432
1.0,1.0,0.0,0.0,0.0,0.0,0.0,3.0,32.0,32.0,10.0,0.12475763947677443
1.0,1.0,0.0,0.0,0.0,0.0,0.0,4.0,32.0,32.0,10.0,0.08140582757584869
1.0,1.0,0.0,0.0,0.0,0.0,0.0,1.0,64.0,32.0,10.0,0.10146372101914308
1.0,1.0,0.0,0.0,0.0,0.0,0.0,2.0,64.0,32.0,10.0,0.055681476828968623
1.0,1.0,0.0,0.0,0.0,0.0,0.0,3.0,64.0,32.0,10.0,0.11053005270488003
1.0,1.0,0.0,0.0,0.0,0.0,0.0,4.0,64.0,32.0,10.0,0.06000983096206891
1.0,1.0,0.0,0.0,0.0,0.0,0.0,1.0,128.0,32.0,10.0,0.051885633141265486
1.0,1.0,0.0,0.0,0.0,0.0,0.0,2.0,128.0,32.0,10.0,0.0427237226576368
1.0,1.0,0.0,0.0,0.0,0.0,0.0,3.0,128.0,32.0,10.0,0.057647669242742894
1.0,1.0,0.0,0.0,0.0,0.0,0.0,4.0,128.0,32.0,10.0,0.04376143532046206
1.0,1.0,0.0,0.0,0.0,0.0,0.0,1.0,0.0,64.0,10.0,0.03883230017204187
1.0,1.0,0.0,0.0,0.0,0.0,0.0,2.0,0.0,64.0,10.0,0.03992462929080537
1.0,1.0,0.0,0.0,0.0,0.0,0.0,3.0,0.0,64.0,10.0,0.03434009667112703
1.0,1.0,0.0,0.0,0.0,0.0,0.0,4.0,0.0,64.0,10.0,0.034285480215188846
1.0,1.0,0.0,0.0,0.0,0.0,0.0,1.0,8.0,64.0,10.0,0.13135257653130894
1.0,1.0,0.0,0.0,0.0,0.0,0.0,2.0,8.0,64.0,10.0,0.11965100084655511
1.0,1.0,0.0,0.0,0.0,0.0,0.0,3.0,8.0,64.0,10.0,0.1394631202381278
1.0,1.0,0.0,0.0,0.0,0.0,0.0,4.0,8.0,64.0,10.0,0.11670171222589376
1.0,1.0,0.0,0.0,0.0,0.0,0.0,1.0,10.0,64.0,10.0,0.113820694175155
1.0,1.0,0.0,0.0,0.0,0.0,0.0,2.0,10.0,64.0,10.0,0.10135448810726677
1.0,1.0,0.0,0.0,0.0,0.0,0.0,3.0,10.0,64.0,10.0,0.12063409705344225
1.0,1.0,0.0,0.0,0.0,0.0,0.0,4.0,10.0,64.0,10.0,0.09828231246074448
1.0,1.0,0.0,0.0,0.0,0.0,0.0,1.0,16.0,64.0,10.0,0.095783609601573
1.0,1.0,0.0,0.0,0.0,0.0,0.0,2.0,16.0,64.0,10.0,0.07405991425216424
1.0,1.0,0.0,0.0,0.0,0.0,0.0,3.0,16.0,64.0,10.0,0.10170949507086491
1.0,1.0,0.0,0.0,0.0,0.0,0.0,4.0,16.0,64.0,10.0,0.07194352658455999
1.0,1.0,0.0,0.0,0.0,0.0,0.0,1.0,20.0,64.0,10.0,0.10098582702968406
1.0,1.0,0.0,0.0,0.0,0.0,0.0,2.0,20.0,64.0,10.0,0.06908981676179038
1.0,1.0,0.0,0.0,0.0,0.0,0.0,3.0,20.0,64.0,10.0,0.10827712389743033
1.0,1.0,0.0,0.0,0.0,0.0,0.0,4.0,20.0,64.0,10.0,0.06975886834703299
1.0,1.0,0.0,0.0,0.0,0.0,0.0,1.0,32.0,64.0,10.0,0.10052158715420967
1.0,1.0,0.0,0.0,0.0,0.0,0.0,2.0,32.0,64.0,10.0,0.05991425216417712
1.0,1.0,0.0,0.0,0.0,0.0,0.0,3.0,32.0,64.0,10.0,0.10618804445779523
1.0,1.0,0.0,0.0,0.0,0.0,0.0,4.0,32.0,64.0,10.0,0.06091100248504877
1.0,1.0,0.0,0.0,0.0,0.0,0.0,1.0,64.0,64.0,10.0,0.1006171659521014
1.0,1.0,0.0,0.0,0.0,0.0,0.0,2.0,64.0,64.0,10.0,0.04552281602446823
1.0,1.0,0.0,0.0,0.0,0.0,0.0,3.0,64.0,64.0,10.0,0.10962888118190017
1.0,1.0,0.0,0.0,0.0,0.0,0.0,4.0,64.0,64.0,10.0,0.04900461509052684
1.0,1.0,0.0,0.0,0.0,0.0,0.0,1.0,128.0,64.0,10.0,0.0643108768672001
1.0,1.0,0.0,0.0,0.0,0.0,0.0,2.0,128.0,64.0,10.0,0.050998115732270144
1.0,1.0,0.0,0.0,0.0,0.0,0.0,3.0,128.0,64.0,10.0,0.06954040252328031
1.0,1.0,0.0,0.0,0.0,0.0,0.0,4.0,128.0,64.0,10.0,0.05108004041617742
1.0,1.0,0.0,0.0,0.0,0.0,0.0,1.0,0.0,128.0,10.0,0.15329473770447044
1.0,1.0,0.0,0.0,0.0,0.0,0.0,2.0,0.0,128.0,10.0,0.15328108359048587
1.0,1.0,0.0,0.0,0.0,0.0,0.0,3.0,0.0,128.0,10.0,0.14268549113848006
1.0,1.0,0.0,0.0,0.0,0.0,0.0,4.0,0.0,128.0,10.0,0.14099238100439665
1.0,1.0,0.0,0.0,0.0,0.0,0.0,1.0,8.0,128.0,10.0,0.10026215898850332
1.0,1.0,0.0,0.0,0.0,0.0,0.0,2.0,8.0,128.0,10.0,0.08755017886889327
1.0,1.0,0.0,0.0,0.0,0.0,0.0,3.0,8.0,128.0,10.0,0.10684344192905326
1.0,1.0,0.0,0.0,0.0,0.0,0.0,4.0,8.0,128.0,10.0,0.08465550670416999
1.0,1.0,0.0,0.0,0.0,0.0,0.0,1.0,10.0,128.0,10.0,0.09272508806903523
1.0,1.0,0.0,0.0,0.0,0.0,0.0,2.0,10.0,128.0,10.0,0.0750293563450668
1.0,1.0,0.0,0.0,0.0,0.0,0.0,3.0,10.0,128.0,10.0,0.09452743111499501
1.0,1.0,0.0,0.0,0.0,0.0,0.0,4.0,10.0,128.0,10.0,0.07452415412763874
1.0,1.0,0.0,0.0,0.0,0.0,0.0,1.0,16.0,128.0,10.0,0.07750075097626918
1.0,1.0,0.0,0.0,0.0,0.0,0.0,2.0,16.0,128.0,10.0,0.05714246702531478
1.0,1.0,0.0,0.0,0.0,0.0,0.0,3.0,16.0,128.0,10.0,0.08585706873480986
1.0,1.0,0.0,0.0,0.0,0.0,0.0,4.0,16.0,128.0,10.0,0.05716977525328387
1.0,1.0,0.0,0.0,0.0,0.0,0.0,1.0,20.0,128.0,10.0,0.0891613643190694
1.0,1.0,0.0,0.0,0.0,0.0,0.0,2.0,20.0,128.0,10.0,0.055463011005215945
1.0,1.0,0.0,0.0,0.0,0.0,0.0,3.0,20.0,128.0,10.0,0.09568803080368121
1.0,1.0,0.0,0.0,0.0,0.0,0.0,4.0,20.0,128.0,10.0,0.0583167208279855
1.0,1.0,0.0,0.0,0.0,0.0,0.0,1.0,32.0,128.0,10.0,0.09537398618203669
1.0,1.0,0.0,0.0,0.0,0.0,0.0,2.0,32.0,128.0,10.0,0.052254294218848196
1.0,1.0,0.0,0.0,0.0,0.0,0.0,3.0,32.0,128.0,10.0,0.10033042955842603
1.0,1.0,0.0,0.0,0.0,0.0,0.0,4.0,32.0,128.0,10.0,0.056200333160381255
1.0,1.0,0.0,0.0,0.0,0.0,0.0,1.0,64.0,128.0,10.0,0.10915098719244115
1.0,1.0,0.0,0.0,0.0,0.0,0.0,2.0,64.0,128.0,10.0,0.05424779486059156
1.0,1.0,0.0,0.0,0.0,0.0,0.0,3.0,64.0,128.0,10.0,0.11667440399792461
1.0,1.0,0.0,0.0,0.0,0.0,0.0,4.0,64.0,128.0,10.0,0.0552718534094323
1.0,1.0,0.0,0.0,0.0,0.0,0.0,1.0,128.0,128.0,10.0,0.10248777956798388
1.0,1.0,0.0,0.0,0.0,0.0,0.0,2.0,128.0,128.0,10.0,0.0743329965318551
1.0,1.0,0.0,0.0,0.0,0.0,0.0,3.0,128.0,128.0,10.0,0.102992981785412
1.0,1.0,0.0,0.0,0.0,0.0,0.0,4.0,128.0,128.0,10.0,0.07412818482208694
1.0,1.0,0.0,0.0,0.0,0.0,0.0,1.0,0.0,0.0,16.0,0.1974931046724379
1.0,1.0,0.0,0.0,0.0,0.0,0.0,2.0,0.0,0.0,16.0,0.19696059422704065
1.0,1.0,0.0,0.0,0.0,0.0,0.0,3.0,0.0,0.0,16.0,0.1895054479914799
1.0,1.0,0.0,0.0,0.0,0.0,0.0,4.0,0.0,0.0,16.0,0.18906851634397454
1.0,1.0,0.0,0.0,0.0,0.0,0.0,1.0,8.0,0.0,16.0,0.147205002867364
1.0,1.0,0.0,0.0,0.0,0.0,0.0,2.0,8.0,0.0,16.0,0.23545154154946896
1.0,1.0,0.0,0.0,0.0,0.0,0.0,3.0,8.0,0.0,16.0,0.14761462628690025
1.0,1.0,0.0,0.0,0.0,0.0,0.0,4.0,8.0,0.0,16.0,0.2273956142985883
1.0,1.0,0.0,0.0,0.0,0.0,0.0,1.0,10.0,0.0,16.0,0.14360031677544455
1.0,1.0,0.0,0.0,0.0,0.0,0.0,2.0,10.0,0.0,16.0,0.21262186296731217
1.0,1.0,0.0,0.0,0.0,0.0,0.0,3.0,10.0,0.0,16.0,0.14633113957235322
1.0,1.0,0.0,0.0,0.0,0.0,0.0,4.0,10.0,0.0,16.0,0.2143286272153801
1.0,1.0,0.0,0.0,0.0,0.0,0.0,1.0,16.0,0.0,16.0,0.13542150249870294
1.0,1.0,0.0,0.0,0.0,0.0,0.0,2.0,16.0,0.0,16.0,0.16539228269477596
1.0,1.0,0.0,0.0,0.0,0.0,0.0,3.0,16.0,0.0,16.0,0.13902618859062243
1.0,1.0,0.0,0.0,0.0,0.0,0.0,4.0,16.0,0.0,16.0,0.16535132035282235
1.0,1.0,0.0,0.0,0.0,0.0,0.0,1.0,20.0,0.0,16.0,0.1386302192850707
1.0,1.0,0.0,0.0,0.0,0.0,0.0,2.0,20.0,0.0,16.0,0.1440372484229499
1.0,1.0,0.0,0.0,0.0,0.0,0.0,3.0,20.0,0.0,16.0,0.141552199677763
1.0,1.0,0.0,0.0,0.0,0.0,0.0,4.0,20.0,0.0,16.0,0.1488708047734783
1.0,1.0,0.0,0.0,0.0,0.0,0.0,1.0,32.0,0.0,16.0,0.13520303667495026
1.0,1.0,0.0,0.0,0.0,0.0,0.0,2.0,32.0,0.0,16.0,0.11427127993664499
1.0,1.0,0.0,0.0,0.0,0.0,0.0,3.0,32.0,0.0,16.0,0.14005024713946318
1.0,1.0,0.0,0.0,0.0,0.0,0.0,4.0,32.0,0.0,16.0,0.11559572899314569
1.0,1.0,0.0,0.0,0.0,0.0,0.0,1.0,64.0,0.0,16.0,0.18450804227313694
1.0,1.0,0.0,0.0,0.0,0.0,0.0,2.0,64.0,0.0,16.0,0.22768235069226367
1.0,1.0,0.0,0.0,0.0,0.0,0.0,3.0,64.0,0.0,16.0,0.17264261722056867
1.0,1.0,0.0,0.0,0.0,0.0,0.0,4.0,64.0,0.0,16.0,0.21838389906878947
1.0,1.0,0.0,0.0,0.0,0.0,0.0,1.0,128.0,0.0,16.0,0.2428657254430761
1.0,1.0,0.0,0.0,0.0,0.0,0.0,2.0,128.0,0.0,16.0,0.26270515306261794
1.0,1.0,0.0,0.0,0.0,0.0,0.0,3.0,128.0,0.0,16.0,0.2585679565253011
1.0,1.0,0.0,0.0,0.0,0.0,0.0,4.0,128.0,0.0,16.0,0.27063819328763766
1.0,1.0,0.0,0.0,0.0,0.0,0.0,1.0,0.0,8.0,16.0,0.021805620033316098
1.0,1.0,0.0,0.0,0.0,0.0,0.0,2.0,0.0,8.0,16.0,0.02128676370190341
1.0,1.0,0.0,0.0,0.0,0.0,0.0,3.0,0.0,8.0,16.0,0.024645675742101136
1.0,1.0,0.0,0.0,0.0,0.0,0.0,4.0,0.0,8.0,16.0,0.024468172260302123
1.0,1.0,0.0,0.0,0.0,0.0,0.0,1.0,8.0,8.0,16.0,0.6408968022065049
1.0,1.0,0.0,0.0,0.0,0.0,0.0,2.0,8.0,8.0,16.0,0.6380977088396735
1.0,1.0,0.0,0.0,0.0,0.0,0.0,3.0,8.0,8.0,16.0,0.6288265654441685
1.0,1.0,0.0,0.0,0.0,0.0,0.0,4.0,8.0,8.0,16.0,0.6223681695294794
1.0,1.0,0.0,0.0,0.0,0.0,0.0,1.0,10.0,8.0,16.0,0.5226248668723887
1.0,1.0,0.0,0.0,0.0,0.0,0.0,2.0,10.0,8.0,16.0,0.5170539883666949
1.0,1.0,0.0,0.0,0.0,0.0,0.0,3.0,10.0,8.0,16.0,0.5127939048035175
1.0,1.0,0.0,0.0,0.0,0.0,0.0,4.0,10.0,8.0,16.0,0.5035637237499659
1.0,1.0,0.0,0.0,0.0,0.0,0.0,1.0,16.0,8.0,16.0,0.3466779540675607
1.0,1.0,0.0,0.0,0.0,0.0,0.0,2.0,16.0,8.0,16.0,0.3349081078128841
1.0,1.0,0.0,0.0,0.0,0.0,0.0,3.0,16.0,8.0,16.0,0.3417897812610941
1.0,1.0,0.0,0.0,0.0,0.0,0.0,4.0,16.0,8.0,16.0,0.322824216936563
1.0,1.0,0.0,0.0,0.0,0.0,0.0,1.0,20.0,8.0,16.0,0.3036674950162485
1.0,1.0,0.0,0.0,0.0,0.0,0.0,2.0,20.0,8.0,16.0,0.27487096862284616
1.0,1.0,0.0,0.0,0.0,0.0,0.0,3.0,20.0,8.0,16.0,0.3002266582921434
1.0,1.0,0.0,0.0,0.0,0.0,0.0,4.0,20.0,8.0,16.0,0.2738196018460363
1.0,1.0,0.0,0.0,0.0,0.0,0.0,1.0,32.0,8.0,16.0,0.22471940795761763
1.0,1.0,0.0,0.0,0.0,0.0,0.0,2.0,32.0,8.0,16.0,0.19211338376252768
1.0,1.0,0.0,0.0,0.0,0.0,0.0,3.0,32.0,8.0,16.0,0.2261394358120103
1.0,1.0,0.0,0.0,0.0,0.0,0.0,4.0,32.0,8.0,16.0,0.1886179305824846
1.0,1.0,0.0,0.0,0.0,0.0,0.0,1.0,64.0,8.0,16.0,0.14747808514705485
1.0,1.0,0.0,0.0,0.0,0.0,0.0,2.0,64.0,8.0,16.0,0.11495398563587217
1.0,1.0,0.0,0.0,0.0,0.0,0.0,3.0,64.0,8.0,16.0,0.1547284196728475
1.0,1.0,0.0,0.0,0.0,0.0,0.0,4.0,64.0,8.0,16.0,0.10979273054971467
1.0,1.0,0.0,0.0,0.0,0.0,0.0,1.0,128.0,8.0,16.0,0.08109178295420416
1.0,1.0,0.0,0.0,0.0,0.0,0.0,2.0,128.0,8.0,16.0,0.07137005379720918
1.0,1.0,0.0,0.0,0.0,0.0,0.0,3.0,128.0,8.0,16.0,0.08054561839482244
1.0,1.0,0.0,0.0,0.0,0.0,0.0,4.0,128.0,8.0,16.0,0.06488434965455098
1.0,1.0,0.0,0.0,0.0,0.0,0.0,1.0,0.0,10.0,16.0,0.040033862202681736
1.0,1.0,0.0,0.0,0.0,0.0,0.0,2.0,0.0,10.0,16.0,0.039392118845408164
1.0,1.0,0.0,0.0,0.0,0.0,0.0,3.0,0.0,10.0,16.0,0.04247794860591497
1.0,1.0,0.0,0.0,0.0,0.0,0.0,4.0,0.0,10.0,16.0,0.04182255113465694
1.0,1.0,0.0,0.0,0.0,0.0,0.0,1.0,8.0,10.0,16.0,0.5498511701575686
1.0,1.0,0.0,0.0,0.0,0.0,0.0,2.0,8.0,10.0,16.0,0.5359239738933341
1.0,1.0,0.0,0.0,0.0,0.0,0.0,3.0,8.0,10.0,16.0,0.5621262186296732
1.0,1.0,0.0,0.0,0.0,0.0,0.0,4.0,8.0,10.0,16.0,0.5338075862257299
1.0,1.0,0.0,0.0,0.0,0.0,0.0,1.0,10.0,10.0,16.0,0.44710396242387845
1.0,1.0,0.0,0.0,0.0,0.0,0.0,2.0,10.0,10.0,16.0,0.4393757339086268
1.0,1.0,0.0,0.0,0.0,0.0,0.0,3.0,10.0,10.0,16.0,0.45920150741418403
1.0,1.0,0.0,0.0,0.0,0.0,0.0,4.0,10.0,10.0,16.0,0.43716376744313074
1.0,1.0,0.0,0.0,0.0,0.0,0.0,1.0,16.0,10.0,16.0,0.3130205630956609
1.0,1.0,0.0,0.0,0.0,0.0,0.0,2.0,16.0,10.0,16.0,0.2933996012998717
1.0,1.0,0.0,0.0,0.0,0.0,0.0,3.0,16.0,10.0,16.0,0.3226876757967176
1.0,1.0,0.0,0.0,0.0,0.0,0.0,4.0,16.0,10.0,16.0,0.2869275512711981
1.0,1.0,0.0,0.0,0.0,0.0,0.0,1.0,20.0,10.0,16.0,0.28408749556241303
1.0,1.0,0.0,0.0,0.0,0.0,0.0,2.0,20.0,10.0,16.0,0.24875064857041435
1.0,1.0,0.0,0.0,0.0,0.0,0.0,3.0,20.0,10.0,16.0,0.29170649116578834
1.0,1.0,0.0,0.0,0.0,0.0,0.0,4.0,20.0,10.0,16.0,0.24926950490182692
1.0,1.0,0.0,0.0,0.0,0.0,0.0,1.0,32.0,10.0,16.0,0.22121030066359
1.0,1.0,0.0,0.0,0.0,0.0,0.0,2.0,32.0,10.0,16.0,0.1795106365547941
1.0,1.0,0.0,0.0,0.0,0.0,0.0,3.0,32.0,10.0,16.0,0.22852890575930535
1.0,1.0,0.0,0.0,0.0,0.0,0.0,4.0,32.0,10.0,16.0,0.17977006472050033
1.0,1.0,0.0,0.0,0.0,0.0,0.0,1.0,64.0,10.0,16.0,0.15543843360004378
1.0,1.0,0.0,0.0,0.0,0.0,0.0,2.0,64.0,10.0,16.0,0.11592342772877473
1.0,1.0,0.0,0.0,0.0,0.0,0.0,3.0,64.0,10.0,16.0,0.16648461181353952
1.0,1.0,0.0,0.0,0.0,0.0,0.0,4.0,64.0,10.0,16.0,0.11341107075561868
1.0,1.0,0.0,0.0,0.0,0.0,0.0,1.0,128.0,10.0,16.0,0.0866763155738825
1.0,1.0,0.0,0.0,0.0,0.0,0.0,2.0,128.0,10.0,16.0,0.07676342882110387
1.0,1.0,0.0,0.0,0.0,0.0,0.0,3.0,128.0,10.0,16.0,0.08969387476446661
1.0,1.0,0.0,0.0,0.0,0.0,0.0,4.0,128.0,10.0,16.0,0.07276277342363258
1.0,1.0,0.0,0.0,0.0,0.0,0.0,1.0,0.0,16.0,16.0,0.02001693110134084
1.0,1.0,0.0,0.0,0.0,0.0,0.0,2.0,0.0,16.0,16.0,0.01953903711188182
1.0,1.0,0.0,0.0,0.0,0.0,0.0,3.0,0.0,16.0,16.0,0.020781561484475353
1.0,1.0,0.0,0.0,0.0,0.0,0.0,4.0,0.0,16.0,16.0,0.020645020344629894
1.0,1.0,0.0,0.0,0.0,0.0,0.0,1.0,8.0,16.0,16.0,0.33762527649580826
1.0,1.0,0.0,0.0,0.0,0.0,0.0,2.0,8.0,16.0,16.0,0.3336655834402907
1.0,1.0,0.0,0.0,0.0,0.0,0.0,3.0,8.0,16.0,16.0,0.34390616892869835
1.0,1.0,0.0,0.0,0.0,0.0,0.0,4.0,8.0,16.0,16.0,0.33154919577268643
1.0,1.0,0.0,0.0,0.0,0.0,0.0,1.0,10.0,16.0,16.0,0.2778202572435076
1.0,1.0,0.0,0.0,0.0,0.0,0.0,2.0,10.0,16.0,16.0,0.2721128375979684
1.0,1.0,0.0,0.0,0.0,0.0,0.0,3.0,10.0,16.0,16.0,0.2879652639340235
1.0,1.0,0.0,0.0,0.0,0.0,0.0,4.0,10.0,16.0,16.0,0.26733389770337807
1.0,1.0,0.0,0.0,0.0,0.0,0.0,1.0,16.0,16.0,16.0,0.19259127775198676
1.0,1.0,0.0,0.0,0.0,0.0,0.0,2.0,16.0,16.0,16.0,0.18132663371473828
1.0,1.0,0.0,0.0,0.0,0.0,0.0,3.0,16.0,16.0,16.0,0.20534422021355042
1.0,1.0,0.0,0.0,0.0,0.0,0.0,4.0,16.0,16.0,16.0,0.17705289603757618
1.0,1.0,0.0,0.0,0.0,0.0,0.0,1.0,20.0,16.0,16.0,0.1826647368852236
1.0,1.0,0.0,0.0,0.0,0.0,0.0,2.0,20.0,16.0,16.0,0.15481034435675473
1.0,1.0,0.0,0.0,0.0,0.0,0.0,3.0,20.0,16.0,16.0,0.190939129959857
1.0,1.0,0.0,0.0,0.0,0.0,0.0,4.0,20.0,16.0,16.0,0.15385455637783674
1.0,1.0,0.0,0.0,0.0,0.0,0.0,1.0,32.0,16.0,16.0,0.14740981457713215
1.0,1.0,0.0,0.0,0.0,0.0,0.0,2.0,32.0,16.0,16.0,0.11652420874409464
1.0,1.0,0.0,0.0,0.0,0.0,0.0,3.0,32.0,16.0,16.0,0.15520631366230658
1.0,1.0,0.0,0.0,0.0,0.0,0.0,4.0,32.0,16.0,16.0,0.11574592424697572
1.0,1.0,0.0,0.0,0.0,0.0,0.0,1.0,64.0,16.0,16.0,0.1102433163112046
1.0,1.0,0.0,0.0,0.0,0.0,0.0,2.0,64.0,16.0,16.0,0.07452415412763874
1.0,1.0,0.0,0.0,0.0,0.0,0.0,3.0,64.0,16.0,16.0,0.11970561730249335
1.0,1.0,0.0,0.0,0.0,0.0,0.0,4.0,64.0,16.0,16.0,0.0737322155165352
1.0,1.0,0.0,0.0,0.0,0.0,0.0,1.0,128.0,16.0,16.0,0.05955924520057898
1.0,1.0,0.0,0.0,0.0,0.0,0.0,2.0,128.0,16.0,16.0,0.046109942925803615
1.0,1.0,0.0,0.0,0.0,0.0,0.0,3.0,128.0,16.0,16.0,0.06465222971681372
1.0,1.0,0.0,0.0,0.0,0.0,0.0,4.0,128.0,16.0,16.0,0.04410278817007568
1.0,1.0,0.0,0.0,0.0,0.0,0.0,1.0,0.0,20.0,16.0,0.02018078046915539
1.0,1.0,0.0,0.0,0.0,0.0,0.0,2.0,0.0,20.0,16.0,0.019593653567820002
1.0,1.0,0.0,0.0,0.0,0.0,0.0,3.0,0.0,20.0,16.0,0.021559845981594272
1.0,1.0,0.0,0.0,0.0,0.0,0.0,4.0,0.0,20.0,16.0,0.02038559217892355
1.0,1.0,0.0,0.0,0.0,0.0,0.0,1.0,8.0,20.0,16.0,0.284565389551872
1.0,1.0,0.0,0.0,0.0,0.0,0.0,2.0,8.0,20.0,16.0,0.27283650563914913
1.0,1.0,0.0,0.0,0.0,0.0,0.0,3.0,8.0,20.0,16.0,0.29267593325869096
1.0,1.0,0.0,0.0,0.0,0.0,0.0,4.0,8.0,20.0,16.0,0.27332805374259267
1.0,1.0,0.0,0.0,0.0,0.0,0.0,1.0,10.0,20.0,16.0,0.23618886370463427
1.0,1.0,0.0,0.0,0.0,0.0,0.0,2.0,10.0,20.0,16.0,0.22553865479669027
1.0,1.0,0.0,0.0,0.0,0.0,0.0,3.0,10.0,20.0,16.0,0.24301592069690597
1.0,1.0,0.0,0.0,0.0,0.0,0.0,4.0,10.0,20.0,16.0,0.22344957535705517
1.0,1.0,0.0,0.0,0.0,0.0,0.0,1.0,16.0,20.0,16.0,0.16875119473497374
1.0,1.0,0.0,0.0,0.0,0.0,0.0,2.0,16.0,20.0,16.0,0.1514104699746034
1.0,1.0,0.0,0.0,0.0,0.0,0.0,3.0,16.0,20.0,16.0,0.17892350965345866
1.0,1.0,0.0,0.0,0.0,0.0,0.0,4.0,16.0,20.0,16.0,0.15026352439990176
1.0,1.0,0.0,0.0,0.0,0.0,0.0,1.0,20.0,20.0,16.0,0.16064065102815478
1.0,1.0,0.0,0.0,0.0,0.0,0.0,2.0,20.0,20.0,16.0,0.13431551926595492
1.0,1.0,0.0,0.0,0.0,0.0,0.0,3.0,20.0,20.0,16.0,0.16642999535760133
1.0,1.0,0.0,0.0,0.0,0.0,0.0,4.0,20.0,20.0,16.0,0.1339468581883722
1.0,1.0,0.0,0.0,0.0,0.0,0.0,1.0,32.0,20.0,16.0,0.13671864332723455
1.0,1.0,0.0,0.0,0.0,0.0,0.0,2.0,32.0,20.0,16.0,0.1018323820967258
1.0,1.0,0.0,0.0,0.0,0.0,0.0,3.0,32.0,20.0,16.0,0.14095141866244304
1.0,1.0,0.0,0.0,0.0,0.0,0.0,4.0,32.0,20.0,16.0,0.10161391627297311
1.0,1.0,0.0,0.0,0.0,0.0,0.0,1.0,64.0,20.0,16.0,0.1067069007892078
1.0,1.0,0.0,0.0,0.0,0.0,0.0,2.0,64.0,20.0,16.0,0.0678472923891969
1.0,1.0,0.0,0.0,0.0,0.0,0.0,3.0,64.0,20.0,16.0,0.11500860209181035
1.0,1.0,0.0,0.0,0.0,0.0,0.0,4.0,64.0,20.0,16.0,0.07031868702039928
1.0,1.0,0.0,0.0,0.0,0.0,0.0,1.0,128.0,20.0,16.0,0.054957808787787776
1.0,1.0,0.0,0.0,0.0,0.0,0.0,2.0,128.0,20.0,16.0,0.04280564734154402
1.0,1.0,0.0,0.0,0.0,0.0,0.0,3.0,128.0,20.0,16.0,0.059654823998470774
1.0,1.0,0.0,0.0,0.0,0.0,0.0,4.0,128.0,20.0,16.0,0.041767934678718754
1.0,1.0,0.0,0.0,0.0,0.0,0.0,1.0,0.0,32.0,16.0,0.017859581091782983
1.0,1.0,0.0,0.0,0.0,0.0,0.0,2.0,0.0,32.0,16.0,0.017327070646385778
1.0,1.0,0.0,0.0,0.0,0.0,0.0,3.0,0.0,32.0,16.0,0.020371938064939032
1.0,1.0,0.0,0.0,0.0,0.0,0.0,4.0,0.0,32.0,16.0,0.01970288647969637
1.0,1.0,0.0,0.0,0.0,0.0,0.0,1.0,8.0,32.0,16.0,0.19518555940904997
1.0,1.0,0.0,0.0,0.0,0.0,0.0,2.0,8.0,32.0,16.0,0.18856331412654642
1.0,1.0,0.0,0.0,0.0,0.0,0.0,3.0,8.0,32.0,16.0,0.2015347224118627
1.0,1.0,0.0,0.0,0.0,0.0,0.0,4.0,8.0,32.0,16.0,0.1844397717032143
1.0,1.0,0.0,0.0,0.0,0.0,0.0,1.0,10.0,32.0,16.0,0.16401321718233713
1.0,1.0,0.0,0.0,0.0,0.0,0.0,2.0,10.0,32.0,16.0,0.15642152980693086
1.0,1.0,0.0,0.0,0.0,0.0,0.0,3.0,10.0,32.0,16.0,0.17250607608072316
1.0,1.0,0.0,0.0,0.0,0.0,0.0,4.0,10.0,32.0,16.0,0.15283049782899594
1.0,1.0,0.0,0.0,0.0,0.0,0.0,1.0,16.0,32.0,16.0,0.12279144706300016
1.0,1.0,0.0,0.0,0.0,0.0,0.0,2.0,16.0,32.0,16.0,0.10831808623938399
1.0,1.0,0.0,0.0,0.0,0.0,0.0,3.0,16.0,32.0,16.0,0.13308664900734601
1.0,1.0,0.0,0.0,0.0,0.0,0.0,4.0,16.0,32.0,16.0,0.10625631502771793
1.0,1.0,0.0,0.0,0.0,0.0,0.0,1.0,20.0,32.0,16.0,0.12584996859553793
1.0,1.0,0.0,0.0,0.0,0.0,0.0,2.0,20.0,32.0,16.0,0.09624784947704751
1.0,1.0,0.0,0.0,0.0,0.0,0.0,3.0,20.0,32.0,16.0,0.13385127939048042
1.0,1.0,0.0,0.0,0.0,0.0,0.0,4.0,20.0,32.0,16.0,0.09665747289658377
1.0,1.0,0.0,0.0,0.0,0.0,0.0,1.0,32.0,32.0,16.0,0.11386165651710867
1.0,1.0,0.0,0.0,0.0,0.0,0.0,2.0,32.0,32.0,16.0,0.0761489936917994
1.0,1.0,0.0,0.0,0.0,0.0,0.0,3.0,32.0,32.0,16.0,0.12036101477375138
1.0,1.0,0.0,0.0,0.0,0.0,0.0,4.0,32.0,32.0,16.0,0.076818045277042
1.0,1.0,0.0,0.0,0.0,0.0,0.0,1.0,64.0,32.0,16.0,0.09810480897894541
1.0,1.0,0.0,0.0,0.0,0.0,0.0,2.0,64.0,32.0,16.0,0.052022174281110944
1.0,1.0,0.0,0.0,0.0,0.0,0.0,3.0,64.0,32.0,16.0,0.10691171249897596
1.0,1.0,0.0,0.0,0.0,0.0,0.0,4.0,64.0,32.0,16.0,0.055954559108659485
1.0,1.0,0.0,0.0,0.0,0.0,0.0,1.0,128.0,32.0,16.0,0.052513722384554484
1.0,1.0,0.0,0.0,0.0,0.0,0.0,2.0,128.0,32.0,16.0,0.04258718151779134
1.0,1.0,0.0,0.0,0.0,0.0,0.0,3.0,128.0,32.0,16.0,0.05753843633086653
1.0,1.0,0.0,0.0,0.0,0.0,0.0,4.0,128.0,32.0,16.0,0.04281930145552859
1.0,1.0,0.0,0.0,0.0,0.0,0.0,1.0,0.0,64.0,16.0,0.03145907862038838
1.0,1.0,0.0,0.0,0.0,0.0,0.0,2.0,0.0,64.0,16.0,0.029124225129031456
1.0,1.0,0.0,0.0,0.0,0.0,0.0,3.0,0.0,64.0,16.0,0.02448182637428664
1.0,1.0,0.0,0.0,0.0,0.0,0.0,4.0,0.0,64.0,16.0,0.02408585706873484
1.0,1.0,0.0,0.0,0.0,0.0,0.0,1.0,8.0,64.0,16.0,0.12847155848057024
1.0,1.0,0.0,0.0,0.0,0.0,0.0,2.0,8.0,64.0,16.0,0.1176575002048118
1.0,1.0,0.0,0.0,0.0,0.0,0.0,3.0,8.0,64.0,16.0,0.13310030312133053
1.0,1.0,0.0,0.0,0.0,0.0,0.0,4.0,8.0,64.0,16.0,0.1137524236052323
1.0,1.0,0.0,0.0,0.0,0.0,0.0,1.0,10.0,64.0,16.0,0.10909637073650297
1.0,1.0,0.0,0.0,0.0,0.0,0.0,2.0,10.0,64.0,16.0,0.09886943936207981
1.0,1.0,0.0,0.0,0.0,0.0,0.0,3.0,10.0,64.0,16.0,0.11432589639258317
1.0,1.0,0.0,0.0,0.0,0.0,0.0,4.0,10.0,64.0,16.0,0.0953876402960212
1.0,1.0,0.0,0.0,0.0,0.0,0.0,1.0,16.0,64.0,16.0,0.08723613424724874
1.0,1.0,0.0,0.0,0.0,0.0,0.0,2.0,16.0,64.0,16.0,0.06922635790163578
1.0,1.0,0.0,0.0,0.0,0.0,0.0,3.0,16.0,64.0,16.0,0.09555148966383575
1.0,1.0,0.0,0.0,0.0,0.0,0.0,4.0,16.0,64.0,16.0,0.06665938447254166
1.0,1.0,0.0,0.0,0.0,0.0,0.0,1.0,20.0,64.0,16.0,0.09553783554985124
1.0,1.0,0.0,0.0,0.0,0.0,0.0,2.0,20.0,64.0,16.0,0.06350528414211204
1.0,1.0,0.0,0.0,0.0,0.0,0.0,3.0,20.0,64.0,16.0,0.10095851880171502
1.0,1.0,0.0,0.0,0.0,0.0,0.0,4.0,20.0,64.0,16.0,0.0638466369917256
1.0,1.0,0.0,0.0,0.0,0.0,0.0,1.0,32.0,64.0,16.0,0.09414511592342778
1.0,1.0,0.0,0.0,0.0,0.0,0.0,2.0,32.0,64.0,16.0,0.051817362571342784
1.0,1.0,0.0,0.0,0.0,0.0,0.0,3.0,32.0,64.0,16.0,0.09833692891668266
1.0,1.0,0.0,0.0,0.0,0.0,0.0,4.0,32.0,64.0,16.0,0.052677571752369035
1.0,1.0,0.0,0.0,0.0,0.0,0.0,1.0,64.0,64.0,16.0,0.09678035992244471
1.0,1.0,0.0,0.0,0.0,0.0,0.0,2.0,64.0,64.0,16.0,0.043106037849204026
1.0,1.0,0.0,0.0,0.0,0.0,0.0,3.0,64.0,64.0,16.0,0.10277451596165932
1.0,1.0,0.0,0.0,0.0,0.0,0.0,4.0,64.0,64.0,16.0,0.042423332149976845
1.0,1.0,0.0,0.0,0.0,0.0,0.0,1.0,128.0,64.0,16.0,0.07063273164204381
1.0,1.0,0.0,0.0,0.0,0.0,0.0,2.0,128.0,64.0,16.0,0.05416587017668428
1.0,1.0,0.0,0.0,0.0,0.0,0.0,3.0,128.0,64.0,16.0,0.07532974685272681
1.0,1.0,0.0,0.0,0.0,0.0,0.0,4.0,128.0,64.0,16.0,0.05408394549277701
1.0,1.0,0.0,0.0,0.0,0.0,0.0,1.0,0.0,128.0,16.0,0.15190201807804699
1.0,1.0,0.0,0.0,0.0,0.0,0.0,2.0,0.0,128.0,16.0,0.15061853136349984
1.0,1.0,0.0,0.0,0.0,0.0,0.0,3.0,0.0,128.0,16.0,0.13843906168928705
1.0,1.0,0.0,0.0,0.0,0.0,0.0,4.0,0.0,128.0,16.0,0.13888964745077698
1.0,1.0,0.0,0.0,0.0,0.0,0.0,1.0,8.0,128.0,16.0,0.0946503181408559
1.0,1.0,0.0,0.0,0.0,0.0,0.0,2.0,8.0,128.0,16.0,0.08289412600016388
1.0,1.0,0.0,0.0,0.0,0.0,0.0,3.0,8.0,128.0,16.0,0.09865097353832714
1.0,1.0,0.0,0.0,0.0,0.0,0.0,4.0,8.0,128.0,16.0,0.07941232693410527
1.0,1.0,0.0,0.0,0.0,0.0,0.0,1.0,10.0,128.0,16.0,0.08363144815532925
1.0,1.0,0.0,0.0,0.0,0.0,0.0,2.0,10.0,128.0,16.0,0.070687348097982
1.0,1.0,0.0,0.0,0.0,0.0,0.0,3.0,10.0,128.0,16.0,0.08580245227887168
1.0,1.0,0.0,0.0,0.0,0.0,0.0,4.0,10.0,128.0,16.0,0.06977252246101756
1.0,1.0,0.0,0.0,0.0,0.0,0.0,1.0,16.0,128.0,16.0,0.07197083481252903
1.0,1.0,0.0,0.0,0.0,0.0,0.0,2.0,16.0,128.0,16.0,0.05557224391709226
1.0,1.0,0.0,0.0,0.0,0.0,0.0,3.0,16.0,128.0,16.0,0.07852480952510993
1.0,1.0,0.0,0.0,0.0,0.0,0.0,4.0,16.0,128.0,16.0,0.05174909200142008
1.0,1.0,0.0,0.0,0.0,0.0,0.0,1.0,20.0,128.0,16.0,0.08390453043502011
1.0,1.0,0.0,0.0,0.0,0.0,0.0,2.0,20.0,128.0,16.0,0.05047925940085757
1.0,1.0,0.0,0.0,0.0,0.0,0.0,3.0,20.0,128.0,16.0,0.0881373057702286
1.0,1.0,0.0,0.0,0.0,0.0,0.0,4.0,20.0,128.0,16.0,0.052595647068461815
1.0,1.0,0.0,0.0,0.0,0.0,0.0,1.0,32.0,128.0,16.0,0.09112755673284367
1.0,1.0,0.0,0.0,0.0,0.0,0.0,2.0,32.0,128.0,16.0,0.04661514514323173
1.0,1.0,0.0,0.0,0.0,0.0,0.0,3.0,32.0,128.0,16.0,0.09434992763319594
1.0,1.0,0.0,0.0,0.0,0.0,0.0,4.0,32.0,128.0,16.0,0.050015019525383064
1.0,1.0,0.0,0.0,0.0,0.0,0.0,1.0,64.0,128.0,16.0,0.11425762582266041
1.0,1.0,0.0,0.0,0.0,0.0,0.0,2.0,64.0,128.0,16.0,0.05910865943908905
1.0,1.0,0.0,0.0,0.0,0.0,0.0,3.0,64.0,128.0,16.0,0.11567765367705296
1.0,1.0,0.0,0.0,0.0,0.0,0.0,4.0,64.0,128.0,16.0,0.05506704169966414
1.0,1.0,0.0,0.0,0.0,0.0,0.0,1.0,128.0,128.0,16.0,0.09908790518583255
1.0,1.0,0.0,0.0,0.0,0.0,0.0,2.0,128.0,128.0,16.0,0.06753324776755237
1.0,1.0,0.0,0.0,0.0,0.0,0.0,3.0,128.0,128.0,16.0,0.09653458587072289
1.0,1.0,0.0,0.0,0.0,0.0,0.0,4.0,128.0,128.0,16.0,0.06685054206832519
1.0,1.0,0.0,0.0,0.0,0.0,0.0,1.0,0.0,0.0,20.0,0.19732925530462336
1.0,1.0,0.0,0.0,0.0,0.0,0.0,2.0,0.0,0.0,20.0,0.19653731669351987
1.0,1.0,0.0,0.0,0.0,0.0,0.0,3.0,0.0,0.0,20.0,0.1898741090690626
1.0,1.0,0.0,0.0,0.0,0.0,0.0,4.0,0.0,0.0,20.0,0.18874081760834543
1.0,1.0,0.0,0.0,0.0,0.0,0.0,1.0,8.0,0.0,20.0,0.1756055599552146
1.0,1.0,0.0,0.0,0.0,0.0,0.0,2.0,8.0,0.0,20.0,0.25641060651574327
1.0,1.0,0.0,0.0,0.0,0.0,0.0,3.0,8.0,0.0,20.0,0.1757830634370136
1.0,1.0,0.0,0.0,0.0,0.0,0.0,4.0,8.0,0.0,20.0,0.25014336819683786
1.0,1.0,0.0,0.0,0.0,0.0,0.0,1.0,10.0,0.0,20.0,0.166170567191895
1.0,1.0,0.0,0.0,0.0,0.0,0.0,2.0,10.0,0.0,20.0,0.22299898959556524
1.0,1.0,0.0,0.0,0.0,0.0,0.0,3.0,10.0,0.0,20.0,0.16776809852808655
1.0,1.0,0.0,0.0,0.0,0.0,0.0,4.0,10.0,0.0,20.0,0.22583904530435034
1.0,1.0,0.0,0.0,0.0,0.0,0.0,1.0,16.0,0.0,20.0,0.1450339987438216
1.0,1.0,0.0,0.0,0.0,0.0,0.0,2.0,16.0,0.0,20.0,0.16204702476856286
1.0,1.0,0.0,0.0,0.0,0.0,0.0,3.0,16.0,0.0,20.0,0.14863868483574105
1.0,1.0,0.0,0.0,0.0,0.0,0.0,4.0,16.0,0.0,20.0,0.1613370108413666
1.0,1.0,0.0,0.0,0.0,0.0,0.0,1.0,20.0,0.0,20.0,0.14308146044403186
1.0,1.0,0.0,0.0,0.0,0.0,0.0,2.0,20.0,0.0,20.0,0.13991370599961778
1.0,1.0,0.0,0.0,0.0,0.0,0.0,3.0,20.0,0.0,20.0,0.14613998197656963
1.0,1.0,0.0,0.0,0.0,0.0,0.0,4.0,20.0,0.0,20.0,0.14428302247467173
1.0,1.0,0.0,0.0,0.0,0.0,0.0,1.0,32.0,0.0,20.0,0.1339741664163413
1.0,1.0,0.0,0.0,0.0,0.0,0.0,2.0,32.0,0.0,20.0,0.10909637073650297
1.0,1.0,0.0,0.0,0.0,0.0,0.0,3.0,32.0,0.0,20.0,0.13872579808296243
1.0,1.0,0.0,0.0,0.0,0.0,0.0,4.0,32.0,0.0,20.0,0.11103525492230815
1.0,1.0,0.0,0.0,0.0,0.0,0.0,1.0,64.0,0.0,20.0,0.1805346951036348
1.0,1.0,0.0,0.0,0.0,0.0,0.0,2.0,64.0,0.0,20.0,0.22485594909746304
1.0,1.0,0.0,0.0,0.0,0.0,0.0,3.0,64.0,0.0,20.0,0.1700210273355363
1.0,1.0,0.0,0.0,0.0,0.0,0.0,4.0,64.0,0.0,20.0,0.21517518228242177
1.0,1.0,0.0,0.0,0.0,0.0,0.0,1.0,128.0,0.0,20.0,0.23867391244982122
1.0,1.0,0.0,0.0,0.0,0.0,0.0,2.0,128.0,0.0,20.0,0.25813102487779577
1.0,1.0,0.0,0.0,0.0,0.0,0.0,3.0,128.0,0.0,20.0,0.25441710587399985
1.0,1.0,0.0,0.0,0.0,0.0,0.0,4.0,128.0,0.0,20.0,0.2671427401075946
1.0,1.0,0.0,0.0,0.0,0.0,0.0,1.0,0.0,8.0,20.0,0.018665173816871106
1.0,1.0,0.0,0.0,0.0,0.0,0.0,2.0,0.0,8.0,20.0,0.018037084573582052
1.0,1.0,0.0,0.0,0.0,0.0,0.0,3.0,0.0,8.0,20.0,0.022146972882929716
1.0,1.0,0.0,0.0,0.0,0.0,0.0,4.0,0.0,8.0,20.0,0.021477921297687053
1.0,1.0,0.0,0.0,0.0,0.0,0.0,1.0,8.0,8.0,20.0,0.642275867718944
1.0,1.0,0.0,0.0,0.0,0.0,0.0,2.0,8.0,8.0,20.0,0.6377427018760755
1.0,1.0,0.0,0.0,0.0,0.0,0.0,3.0,8.0,8.0,20.0,0.6270378765121931
1.0,1.0,0.0,0.0,0.0,0.0,0.0,4.0,8.0,8.0,20.0,0.6226275976951858
1.0,1.0,0.0,0.0,0.0,0.0,0.0,1.0,10.0,8.0,20.0,0.5197711570496193
1.0,1.0,0.0,0.0,0.0,0.0,0.0,2.0,10.0,8.0,20.0,0.5160435839318387
1.0,1.0,0.0,0.0,0.0,0.0,0.0,3.0,10.0,8.0,20.0,0.5137496927824354
1.0,1.0,0.0,0.0,0.0,0.0,0.0,4.0,10.0,8.0,20.0,0.5034544908380896
1.0,1.0,0.0,0.0,0.0,0.0,0.0,1.0,16.0,8.0,20.0,0.3443431005762037
1.0,1.0,0.0,0.0,0.0,0.0,0.0,2.0,16.0,8.0,20.0,0.3354133100303122
1.0,1.0,0.0,0.0,0.0,0.0,0.0,3.0,16.0,8.0,20.0,0.33959146890958253
1.0,1.0,0.0,0.0,0.0,0.0,0.0,4.0,16.0,8.0,20.0,0.32233266883311956
1.0,1.0,0.0,0.0,0.0,0.0,0.0,1.0,20.0,8.0,20.0,0.3032442174827276
1.0,1.0,0.0,0.0,0.0,0.0,0.0,2.0,20.0,8.0,20.0,0.2743794205194026
1.0,1.0,0.0,0.0,0.0,0.0,0.0,3.0,20.0,8.0,20.0,0.3010322510172316
1.0,1.0,0.0,0.0,0.0,0.0,0.0,4.0,20.0,8.0,20.0,0.27386056418798993
1.0,1.0,0.0,0.0,0.0,0.0,0.0,1.0,32.0,8.0,20.0,0.2222753215543844
1.0,1.0,0.0,0.0,0.0,0.0,0.0,2.0,32.0,8.0,20.0,0.19268685654987855
1.0,1.0,0.0,0.0,0.0,0.0,0.0,3.0,32.0,8.0,20.0,0.22596193233021117
1.0,1.0,0.0,0.0,0.0,0.0,0.0,4.0,32.0,8.0,20.0,0.18891832109014445
1.0,1.0,0.0,0.0,0.0,0.0,0.0,1.0,64.0,8.0,20.0,0.14579862912695601
1.0,1.0,0.0,0.0,0.0,0.0,0.0,2.0,64.0,8.0,20.0,0.11286490619623696
1.0,1.0,0.0,0.0,0.0,0.0,0.0,3.0,64.0,8.0,20.0,0.15425052568338848
1.0,1.0,0.0,0.0,0.0,0.0,0.0,4.0,64.0,8.0,20.0,0.1088505966847812
1.0,1.0,0.0,0.0,0.0,0.0,0.0,1.0,128.0,8.0,20.0,0.08031349845708519
1.0,1.0,0.0,0.0,0.0,0.0,0.0,2.0,128.0,8.0,20.0,0.06988175537289393
1.0,1.0,0.0,0.0,0.0,0.0,0.0,3.0,128.0,8.0,20.0,0.0790300117425381
1.0,1.0,0.0,0.0,0.0,0.0,0.0,4.0,128.0,8.0,20.0,0.06263142084710133
1.0,1.0,0.0,0.0,0.0,0.0,0.0,1.0,0.0,10.0,20.0,0.03821786504273744
1.0,1.0,0.0,0.0,0.0,0.0,0.0,2.0,0.0,10.0,20.0,0.0375624675714793
1.0,1.0,0.0,0.0,0.0,0.0,0.0,3.0,0.0,10.0,20.0,0.03958327644119175
1.0,1.0,0.0,0.0,0.0,0.0,0.0,4.0,0.0,10.0,20.0,0.040074824544635346
1.0,1.0,0.0,0.0,0.0,0.0,0.0,1.0,8.0,10.0,20.0,0.546697069827139
1.0,1.0,0.0,0.0,0.0,0.0,0.0,2.0,8.0,10.0,20.0,0.5342854802151891
1.0,1.0,0.0,0.0,0.0,0.0,0.0,3.0,8.0,10.0,20.0,0.5547120347360661
1.0,1.0,0.0,0.0,0.0,0.0,0.0,4.0,8.0,10.0,20.0,0.5337256615418227
1.0,1.0,0.0,0.0,0.0,0.0,0.0,1.0,10.0,10.0,20.0,0.4457385510254241
1.0,1.0,0.0,0.0,0.0,0.0,0.0,2.0,10.0,10.0,20.0,0.4399628608099622
1.0,1.0,0.0,0.0,0.0,0.0,0.0,3.0,10.0,10.0,20.0,0.4573035855703325
1.0,1.0,0.0,0.0,0.0,0.0,0.0,4.0,10.0,10.0,20.0,0.43668587345367177
1.0,1.0,0.0,0.0,0.0,0.0,0.0,1.0,16.0,10.0,20.0,0.3123515115104181
1.0,1.0,0.0,0.0,0.0,0.0,0.0,2.0,16.0,10.0,20.0,0.2945602009885579
1.0,1.0,0.0,0.0,0.0,0.0,0.0,3.0,16.0,10.0,20.0,0.32252382642890304
1.0,1.0,0.0,0.0,0.0,0.0,0.0,4.0,16.0,10.0,20.0,0.28836123323957513
1.0,1.0,0.0,0.0,0.0,0.0,0.0,1.0,20.0,10.0,20.0,0.2846063518938257
1.0,1.0,0.0,0.0,0.0,0.0,0.0,2.0,20.0,10.0,20.0,0.24950162483956423
1.0,1.0,0.0,0.0,0.0,0.0,0.0,3.0,20.0,10.0,20.0,0.29267593325869096
1.0,1.0,0.0,0.0,0.0,0.0,0.0,4.0,20.0,10.0,20.0,0.25097626914989496
1.0,1.0,0.0,0.0,0.0,0.0,0.0,1.0,32.0,10.0,20.0,0.22114203009366723
1.0,1.0,0.0,0.0,0.0,0.0,0.0,2.0,32.0,10.0,20.0,0.1815997159944292
1.0,1.0,0.0,0.0,0.0,0.0,0.0,3.0,32.0,10.0,20.0,0.2302220158933887
1.0,1.0,0.0,0.0,0.0,0.0,0.0,4.0,32.0,10.0,20.0,0.1824872334034245
1.0,1.0,0.0,0.0,0.0,0.0,0.0,1.0,64.0,10.0,20.0,0.1548239984707393
1.0,1.0,0.0,0.0,0.0,0.0,0.0,2.0,64.0,10.0,20.0,0.11625112646440378
1.0,1.0,0.0,0.0,0.0,0.0,0.0,3.0,64.0,10.0,20.0,0.16794560200988567
1.0,1.0,0.0,0.0,0.0,0.0,0.0,4.0,64.0,10.0,20.0,0.11450339987438218
1.0,1.0,0.0,0.0,0.0,0.0,0.0,1.0,128.0,10.0,20.0,0.08596630164668617
1.0,1.0,0.0,0.0,0.0,0.0,0.0,2.0,128.0,10.0,20.0,0.0756574455883558
1.0,1.0,0.0,0.0,0.0,0.0,0.0,3.0,128.0,10.0,20.0,0.08856058330374944
1.0,1.0,0.0,0.0,0.0,0.0,0.0,4.0,128.0,10.0,20.0,0.07192987247057547
1.0,1.0,0.0,0.0,0.0,0.0,0.0,1.0,0.0,16.0,20.0,0.019088451350391944
1.0,1.0,0.0,0.0,0.0,0.0,0.0,2.0,0.0,16.0,20.0,0.01862421147491744
1.0,1.0,0.0,0.0,0.0,0.0,0.0,3.0,0.0,16.0,20.0,0.020754253256506205
1.0,1.0,0.0,0.0,0.0,0.0,0.0,4.0,0.0,16.0,20.0,0.021109260220104342
1.0,1.0,0.0,0.0,0.0,0.0,0.0,1.0,8.0,16.0,20.0,0.3391954996040308
1.0,1.0,0.0,0.0,0.0,0.0,0.0,2.0,8.0,16.0,20.0,0.33377481635216705
1.0,1.0,0.0,0.0,0.0,0.0,0.0,3.0,8.0,16.0,20.0,0.34394713127065196
1.0,1.0,0.0,0.0,0.0,0.0,0.0,4.0,8.0,16.0,20.0,0.3304022501979847
1.0,1.0,0.0,0.0,0.0,0.0,0.0,1.0,10.0,16.0,20.0,0.27751986673584766
1.0,1.0,0.0,0.0,0.0,0.0,0.0,2.0,10.0,16.0,20.0,0.2735874819082991
1.0,1.0,0.0,0.0,0.0,0.0,0.0,3.0,10.0,16.0,20.0,0.2885250826073897
1.0,1.0,0.0,0.0,0.0,0.0,0.0,4.0,10.0,16.0,20.0,0.2695049018269205
1.0,1.0,0.0,0.0,0.0,0.0,0.0,1.0,16.0,16.0,20.0,0.19328763756519846
1.0,1.0,0.0,0.0,0.0,0.0,0.0,2.0,16.0,16.0,20.0,0.18314263087468258
1.0,1.0,0.0,0.0,0.0,0.0,0.0,3.0,16.0,16.0,20.0,0.205357874327535
1.0,1.0,0.0,0.0,0.0,0.0,0.0,4.0,16.0,16.0,20.0,0.1790873590212731
1.0,1.0,0.0,0.0,0.0,0.0,0.0,1.0,20.0,16.0,20.0,0.18304705207679078
1.0,1.0,0.0,0.0,0.0,0.0,0.0,2.0,20.0,16.0,20.0,0.15689942379638994
1.0,1.0,0.0,0.0,0.0,0.0,0.0,3.0,20.0,16.0,20.0,0.19137606160736237
1.0,1.0,0.0,0.0,0.0,0.0,0.0,4.0,20.0,16.0,20.0,0.1563669133509928
1.0,1.0,0.0,0.0,0.0,0.0,0.0,1.0,32.0,16.0,20.0,0.14740981457713215
1.0,1.0,0.0,0.0,0.0,0.0,0.0,2.0,32.0,16.0,20.0,0.11869521286763707
1.0,1.0,0.0,0.0,0.0,0.0,0.0,3.0,32.0,16.0,20.0,0.15583440290559553
1.0,1.0,0.0,0.0,0.0,0.0,0.0,4.0,32.0,16.0,20.0,0.11787596602856448
1.0,1.0,0.0,0.0,0.0,0.0,0.0,1.0,64.0,16.0,20.0,0.11033889510909639
1.0,1.0,0.0,0.0,0.0,0.0,0.0,2.0,64.0,16.0,20.0,0.07616264780578397
1.0,1.0,0.0,0.0,0.0,0.0,0.0,3.0,64.0,16.0,20.0,0.12074332996531861
1.0,1.0,0.0,0.0,0.0,0.0,0.0,4.0,64.0,16.0,20.0,0.0773095933804856
1.0,1.0,0.0,0.0,0.0,0.0,0.0,1.0,128.0,16.0,20.0,0.06039214615363614
1.0,1.0,0.0,0.0,0.0,0.0,0.0,2.0,128.0,16.0,20.0,0.04544089134056095
1.0,1.0,0.0,0.0,0.0,0.0,0.0,3.0,128.0,16.0,20.0,0.06496627433845825
1.0,1.0,0.0,0.0,0.0,0.0,0.0,4.0,128.0,16.0,20.0,0.04438952456375106
1.0,1.0,0.0,0.0,0.0,0.0,0.0,1.0,0.0,20.0,20.0,0.019675578251727277
1.0,1.0,0.0,0.0,0.0,0.0,0.0,2.0,0.0,20.0,20.0,0.018569595018979257
1.0,1.0,0.0,0.0,0.0,0.0,0.0,3.0,0.0,20.0,20.0,0.021573500095578846
1.0,1.0,0.0,0.0,0.0,0.0,0.0,4.0,0.0,20.0,20.0,0.020481170976815344
1.0,1.0,0.0,0.0,0.0,0.0,0.0,1.0,8.0,20.0,20.0,0.2875966028564407
1.0,1.0,0.0,0.0,0.0,0.0,0.0,2.0,8.0,20.0,20.0,0.2733143996286082
1.0,1.0,0.0,0.0,0.0,0.0,0.0,3.0,8.0,20.0,20.0,0.2908872443267157
1.0,1.0,0.0,0.0,0.0,0.0,0.0,4.0,8.0,20.0,20.0,0.2741063382397117
1.0,1.0,0.0,0.0,0.0,0.0,0.0,1.0,10.0,20.0,20.0,0.2371446516835523
1.0,1.0,0.0,0.0,0.0,0.0,0.0,2.0,10.0,20.0,20.0,0.22884295038094987
1.0,1.0,0.0,0.0,0.0,0.0,0.0,3.0,10.0,20.0,20.0,0.24244244790955521
1.0,1.0,0.0,0.0,0.0,0.0,0.0,4.0,10.0,20.0,20.0,0.22545673011278305
1.0,1.0,0.0,0.0,0.0,0.0,0.0,1.0,16.0,20.0,20.0,0.169611403916
1.0,1.0,0.0,0.0,0.0,0.0,0.0,2.0,16.0,20.0,20.0,0.1538272481498676
1.0,1.0,0.0,0.0,0.0,0.0,0.0,3.0,16.0,20.0,20.0,0.17739424888718985
1.0,1.0,0.0,0.0,0.0,0.0,0.0,4.0,16.0,20.0,20.0,0.15591632758950275
1.0,1.0,0.0,0.0,0.0,0.0,0.0,1.0,20.0,20.0,20.0,0.16132335672738202
1.0,1.0,0.0,0.0,0.0,0.0,0.0,2.0,20.0,20.0,20.0,0.1339468581883722
1.0,1.0,0.0,0.0,0.0,0.0,0.0,3.0,20.0,20.0,20.0,0.1677954067560557
1.0,1.0,0.0,0.0,0.0,0.0,0.0,4.0,20.0,20.0,20.0,0.13936754144023605
1.0,1.0,0.0,0.0,0.0,0.0,0.0,1.0,32.0,20.0,20.0,0.1369098009230182
1.0,1.0,0.0,0.0,0.0,0.0,0.0,2.0,32.0,20.0,20.0,0.10266528304978295
1.0,1.0,0.0,0.0,0.0,0.0,0.0,3.0,32.0,20.0,20.0,0.14239875474480468
1.0,1.0,0.0,0.0,0.0,0.0,0.0,4.0,32.0,20.0,20.0,0.10396242387831461
1.0,1.0,0.0,0.0,0.0,0.0,0.0,1.0,64.0,20.0,20.0,0.10661132199131607
1.0,1.0,0.0,0.0,0.0,0.0,0.0,2.0,64.0,20.0,20.0,0.0680111417570114
1.0,1.0,0.0,0.0,0.0,0.0,0.0,3.0,64.0,20.0,20.0,0.11592342772877473
1.0,1.0,0.0,0.0,0.0,0.0,0.0,4.0,64.0,20.0,20.0,0.07111062563150283
1.0,1.0,0.0,0.0,0.0,0.0,0.0,1.0,128.0,20.0,20.0,0.055544935689123165
1.0,1.0,0.0,0.0,0.0,0.0,0.0,2.0,128.0,20.0,20.0,0.04231409923810048
1.0,1.0,0.0,0.0,0.0,0.0,0.0,3.0,128.0,20.0,20.0,0.060719844889265184
1.0,1.0,0.0,0.0,0.0,0.0,0.0,4.0,128.0,20.0,20.0,0.04223217455419326
1.0,1.0,0.0,0.0,0.0,0.0,0.0,1.0,0.0,32.0,20.0,0.014377782025724428
1.0,1.0,0.0,0.0,0.0,0.0,0.0,2.0,0.0,32.0,20.0,0.014323165569786245
1.0,1.0,0.0,0.0,0.0,0.0,0.0,3.0,0.0,32.0,20.0,0.016712635517081353
1.0,1.0,0.0,0.0,0.0,0.0,0.0,4.0,0.0,32.0,20.0,0.017477265900215755
1.0,1.0,0.0,0.0,0.0,0.0,0.0,1.0,8.0,32.0,20.0,0.19896774898276864
1.0,1.0,0.0,0.0,0.0,0.0,0.0,2.0,8.0,32.0,20.0,0.1877850296294274
1.0,1.0,0.0,0.0,0.0,0.0,0.0,3.0,8.0,32.0,20.0,0.2010704825363882
1.0,1.0,0.0,0.0,0.0,0.0,0.0,4.0,8.0,32.0,20.0,0.18360687075015708
1.0,1.0,0.0,0.0,0.0,0.0,0.0,1.0,10.0,32.0,20.0,0.16357628553483167
1.0,1.0,0.0,0.0,0.0,0.0,0.0,2.0,10.0,32.0,20.0,0.15669461208662178
1.0,1.0,0.0,0.0,0.0,0.0,0.0,3.0,10.0,32.0,20.0,0.17107239411234615
1.0,1.0,0.0,0.0,0.0,0.0,0.0,4.0,10.0,32.0,20.0,0.15302165542477958
1.0,1.0,0.0,0.0,0.0,0.0,0.0,1.0,16.0,32.0,20.0,0.12184931319806663
1.0,1.0,0.0,0.0,0.0,0.0,0.0,2.0,16.0,32.0,20.0,0.10848193560719849
1.0,1.0,0.0,0.0,0.0,0.0,0.0,3.0,16.0,32.0,20.0,0.13163931292498432
1.0,1.0,0.0,0.0,0.0,0.0,0.0,4.0,16.0,32.0,20.0,0.1063382397116252
1.0,1.0,0.0,0.0,0.0,0.0,0.0,1.0,20.0,32.0,20.0,0.12462109833692903
1.0,1.0,0.0,0.0,0.0,0.0,0.0,2.0,20.0,32.0,20.0,0.09503263333242312
1.0,1.0,0.0,0.0,0.0,0.0,0.0,3.0,20.0,32.0,20.0,0.1334826183128977
1.0,1.0,0.0,0.0,0.0,0.0,0.0,4.0,20.0,32.0,20.0,0.09628881181900112
1.0,1.0,0.0,0.0,0.0,0.0,0.0,1.0,32.0,32.0,20.0,0.11235970397880884
1.0,1.0,0.0,0.0,0.0,0.0,0.0,2.0,32.0,32.0,20.0,0.07399164368224148
1.0,1.0,0.0,0.0,0.0,0.0,0.0,3.0,32.0,32.0,20.0,0.11843578470193072
1.0,1.0,0.0,0.0,0.0,0.0,0.0,4.0,32.0,32.0,20.0,0.07516589748491226
1.0,1.0,0.0,0.0,0.0,0.0,0.0,1.0,64.0,32.0,20.0,0.09609765422321753
1.0,1.0,0.0,0.0,0.0,0.0,0.0,2.0,64.0,32.0,20.0,0.05088888282039383
1.0,1.0,0.0,0.0,0.0,0.0,0.0,3.0,64.0,32.0,20.0,0.10442666375378906
1.0,1.0,0.0,0.0,0.0,0.0,0.0,4.0,64.0,32.0,20.0,0.05417952429066886
1.0,1.0,0.0,0.0,0.0,0.0,0.0,1.0,128.0,32.0,20.0,0.05569513094295314
1.0,1.0,0.0,0.0,0.0,0.0,0.0,2.0,128.0,32.0,20.0,0.044007209372183886
1.0,1.0,0.0,0.0,0.0,0.0,0.0,3.0,128.0,32.0,20.0,0.05991425216417712
1.0,1.0,0.0,0.0,0.0,0.0,0.0,4.0,128.0,32.0,20.0,0.04433490810781293
1.0,1.0,0.0,0.0,0.0,0.0,0.0,1.0,0.0,64.0,20.0,0.026611868155875407
1.0,1.0,0.0,0.0,0.0,0.0,0.0,2.0,0.0,64.0,20.0,0.025273764985390135
1.0,1.0,0.0,0.0,0.0,0.0,0.0,3.0,0.0,64.0,20.0,0.02104098965018164
1.0,1.0,0.0,0.0,0.0,0.0,0.0,4.0,0.0,64.0,20.0,0.02232447636472873
1.0,1.0,0.0,0.0,0.0,0.0,0.0,1.0,8.0,64.0,20.0,0.12711980119610045
1.0,1.0,0.0,0.0,0.0,0.0,0.0,2.0,8.0,64.0,20.0,0.11840847647396169
1.0,1.0,0.0,0.0,0.0,0.0,0.0,3.0,8.0,64.0,20.0,0.13056063792020545
1.0,1.0,0.0,0.0,0.0,0.0,0.0,4.0,8.0,64.0,20.0,0.11267374860045337
1.0,1.0,0.0,0.0,0.0,0.0,0.0,1.0,10.0,64.0,20.0,0.10762172642617229
1.0,1.0,0.0,0.0,0.0,0.0,0.0,2.0,10.0,64.0,20.0,0.09796826783909995
1.0,1.0,0.0,0.0,0.0,0.0,0.0,3.0,10.0,64.0,20.0,0.11264644037248428
1.0,1.0,0.0,0.0,0.0,0.0,0.0,4.0,10.0,64.0,20.0,0.09381741718779874
1.0,1.0,0.0,0.0,0.0,0.0,0.0,1.0,16.0,64.0,20.0,0.08647150386411434
1.0,1.0,0.0,0.0,0.0,0.0,0.0,2.0,16.0,64.0,20.0,0.06798383352904236
1.0,1.0,0.0,0.0,0.0,0.0,0.0,3.0,16.0,64.0,20.0,0.0926704716130971
1.0,1.0,0.0,0.0,0.0,0.0,0.0,4.0,16.0,64.0,20.0,0.06581282940549993
1.0,1.0,0.0,0.0,0.0,0.0,0.0,1.0,20.0,64.0,20.0,0.09342144788224699
1.0,1.0,0.0,0.0,0.0,0.0,0.0,2.0,20.0,64.0,20.0,0.061580054070291435
1.0,1.0,0.0,0.0,0.0,0.0,0.0,3.0,20.0,64.0,20.0,0.09916982986973982
1.0,1.0,0.0,0.0,0.0,0.0,0.0,4.0,20.0,64.0,20.0,0.06179851989404411
1.0,1.0,0.0,0.0,0.0,0.0,0.0,1.0,32.0,64.0,20.0,0.09163275895027173
1.0,1.0,0.0,0.0,0.0,0.0,0.0,2.0,32.0,64.0,20.0,0.049100193888418575
1.0,1.0,0.0,0.0,0.0,0.0,0.0,3.0,32.0,64.0,20.0,0.09572899314563482
1.0,1.0,0.0,0.0,0.0,0.0,0.0,4.0,32.0,64.0,20.0,0.050219831235151224
1.0,1.0,0.0,0.0,0.0,0.0,0.0,1.0,64.0,64.0,20.0,0.09783172669925455
1.0,1.0,0.0,0.0,0.0,0.0,0.0,2.0,64.0,64.0,20.0,0.042832955569513165
1.0,1.0,0.0,0.0,0.0,0.0,0.0,3.0,64.0,64.0,20.0,0.10306125235533475
1.0,1.0,0.0,0.0,0.0,0.0,0.0,4.0,64.0,64.0,20.0,0.041754280564734236
1.0,1.0,0.0,0.0,0.0,0.0,0.0,1.0,128.0,64.0,20.0,0.07143832436713188
1.0,1.0,0.0,0.0,0.0,0.0,0.0,2.0,128.0,64.0,20.0,0.05445260657035972
1.0,1.0,0.0,0.0,0.0,0.0,0.0,3.0,128.0,64.0,20.0,0.07654496299735114
1.0,1.0,0.0,0.0,0.0,0.0,0.0,4.0,128.0,64.0,20.0,0.05461645593817421
1.0,1.0,0.0,0.0,0.0,0.0,0.0,1.0,0.0,128.0,20.0,0.1498948633223191
1.0,1.0,0.0,0.0,0.0,0.0,0.0,2.0,0.0,128.0,20.0,0.14862503072175653
1.0,1.0,0.0,0.0,0.0,0.0,0.0,3.0,0.0,128.0,20.0,0.13804309238373524
1.0,1.0,0.0,0.0,0.0,0.0,0.0,4.0,0.0,128.0,20.0,0.13696441737895632
1.0,1.0,0.0,0.0,0.0,0.0,0.0,1.0,8.0,128.0,20.0,0.0929025915508343
1.0,1.0,0.0,0.0,0.0,0.0,0.0,2.0,8.0,128.0,20.0,0.08196564624921493
1.0,1.0,0.0,0.0,0.0,0.0,0.0,3.0,8.0,128.0,20.0,0.09609765422321753
1.0,1.0,0.0,0.0,0.0,0.0,0.0,4.0,8.0,128.0,20.0,0.07784210382588275
1.0,1.0,0.0,0.0,0.0,0.0,0.0,1.0,10.0,128.0,20.0,0.0806548513066988
1.0,1.0,0.0,0.0,0.0,0.0,0.0,2.0,10.0,128.0,20.0,0.0690078920778831
1.0,1.0,0.0,0.0,0.0,0.0,0.0,3.0,10.0,128.0,20.0,0.08359048581337564
1.0,1.0,0.0,0.0,0.0,0.0,0.0,4.0,10.0,128.0,20.0,0.06868019334225406
1.0,1.0,0.0,0.0,0.0,0.0,0.0,1.0,16.0,128.0,20.0,0.07087850569376558
1.0,1.0,0.0,0.0,0.0,0.0,0.0,2.0,16.0,128.0,20.0,0.05083426636445565
1.0,1.0,0.0,0.0,0.0,0.0,0.0,3.0,16.0,128.0,20.0,0.07714574401267105
1.0,1.0,0.0,0.0,0.0,0.0,0.0,4.0,16.0,128.0,20.0,0.051571588519621014
1.0,1.0,0.0,0.0,0.0,0.0,0.0,1.0,20.0,128.0,20.0,0.0868128567137279
1.0,1.0,0.0,0.0,0.0,0.0,0.0,2.0,20.0,128.0,20.0,0.049796553701630386
1.0,1.0,0.0,0.0,0.0,0.0,0.0,3.0,20.0,128.0,20.0,0.08733171304514054
1.0,1.0,0.0,0.0,0.0,0.0,0.0,4.0,20.0,128.0,20.0,0.05275949643627631
1.0,1.0,0.0,0.0,0.0,0.0,0.0,1.0,32.0,128.0,20.0,0.0911139026188591
1.0,1.0,0.0,0.0,0.0,0.0,0.0,2.0,32.0,128.0,20.0,0.04724323438652067
1.0,1.0,0.0,0.0,0.0,0.0,0.0,3.0,32.0,128.0,20.0,0.09527840738414489
1.0,1.0,0.0,0.0,0.0,0.0,0.0,4.0,32.0,128.0,20.0,0.05146235560774465
1.0,1.0,0.0,0.0,0.0,0.0,0.0,1.0,64.0,128.0,20.0,0.11764384609082718
1.0,1.0,0.0,0.0,0.0,0.0,0.0,2.0,64.0,128.0,20.0,0.05980501925230075
1.0,1.0,0.0,0.0,0.0,0.0,0.0,3.0,64.0,128.0,20.0,0.1179578907124717
1.0,1.0,0.0,0.0,0.0,0.0,0.0,4.0,64.0,128.0,20.0,0.056295911958273104
1.0,1.0,0.0,0.0,0.0,0.0,0.0,1.0,128.0,128.0,20.0,0.0958109178295421
1.0,1.0,0.0,0.0,0.0,0.0,0.0,2.0,128.0,128.0,20.0,0.06451568857696827
1.0,1.0,0.0,0.0,0.0,0.0,0.0,3.0,128.0,128.0,20.0,0.09368087604795328
1.0,1.0,0.0,0.0,0.0,0.0,0.0,4.0,128.0,128.0,20.0,0.06399683224555563
1.0,1.0,0.0,0.0,0.0,0.0,0.0,1.0,0.0,0.0,32.0,0.1972609847347006
1.0,1.0,0.0,0.0,0.0,0.0,0.0,2.0,0.0,0.0,32.0,0.19659193314945805
1.0,1.0,0.0,0.0,0.0,0.0,0.0,3.0,0.0,0.0,32.0,0.1891777492558508
1.0,1.0,0.0,0.0,0.0,0.0,0.0,4.0,0.0,0.0,32.0,0.18886370463420638
1.0,1.0,0.0,0.0,0.0,0.0,0.0,1.0,8.0,0.0,32.0,0.2232038013053334
1.0,1.0,0.0,0.0,0.0,0.0,0.0,2.0,8.0,0.0,32.0,0.2584996859553785
1.0,1.0,0.0,0.0,0.0,0.0,0.0,3.0,8.0,0.0,32.0,0.22615308992599475
1.0,1.0,0.0,0.0,0.0,0.0,0.0,4.0,8.0,0.0,32.0,0.2552773150550261
1.0,1.0,0.0,0.0,0.0,0.0,0.0,1.0,10.0,0.0,32.0,0.19936371828832028
1.0,1.0,0.0,0.0,0.0,0.0,0.0,2.0,10.0,0.0,32.0,0.21946257407356834
1.0,1.0,0.0,0.0,0.0,0.0,0.0,3.0,10.0,0.0,32.0,0.20416996641087964
1.0,1.0,0.0,0.0,0.0,0.0,0.0,4.0,10.0,0.0,32.0,0.22303995193751885
1.0,1.0,0.0,0.0,0.0,0.0,0.0,1.0,16.0,0.0,32.0,0.15676288265654442
1.0,1.0,0.0,0.0,0.0,0.0,0.0,2.0,16.0,0.0,32.0,0.1531035801086868
1.0,1.0,0.0,0.0,0.0,0.0,0.0,3.0,16.0,0.0,32.0,0.16074988394003126
1.0,1.0,0.0,0.0,0.0,0.0,0.0,4.0,16.0,0.0,32.0,0.15284415194298046
1.0,1.0,0.0,0.0,0.0,0.0,0.0,1.0,20.0,0.0,32.0,0.1463447936863378
1.0,1.0,0.0,0.0,0.0,0.0,0.0,2.0,20.0,0.0,32.0,0.12991889456293187
1.0,1.0,0.0,0.0,0.0,0.0,0.0,3.0,20.0,0.0,32.0,0.14974466806848913
1.0,1.0,0.0,0.0,0.0,0.0,0.0,4.0,20.0,0.0,32.0,0.13473879679947576
1.0,1.0,0.0,0.0,0.0,0.0,0.0,1.0,32.0,0.0,32.0,0.13204893634452064
1.0,1.0,0.0,0.0,0.0,0.0,0.0,2.0,32.0,0.0,32.0,0.10125890930937492
1.0,1.0,0.0,0.0,0.0,0.0,0.0,3.0,32.0,0.0,32.0,0.13606324585597646
1.0,1.0,0.0,0.0,0.0,0.0,0.0,4.0,32.0,0.0,32.0,0.10277451596165932
1.0,1.0,0.0,0.0,0.0,0.0,0.0,1.0,64.0,0.0,32.0,0.17938774952893316
1.0,1.0,0.0,0.0,0.0,0.0,0.0,2.0,64.0,0.0,32.0,0.2191621835659085
1.0,1.0,0.0,0.0,0.0,0.0,0.0,3.0,64.0,0.0,32.0,0.16585652257025046
1.0,1.0,0.0,0.0,0.0,0.0,0.0,4.0,64.0,0.0,32.0,0.20475709331221498
1.0,1.0,0.0,0.0,0.0,0.0,0.0,1.0,128.0,0.0,32.0,0.232788989322483
1.0,1.0,0.0,0.0,0.0,0.0,0.0,2.0,128.0,0.0,32.0,0.25413036948032447
1.0,1.0,0.0,0.0,0.0,0.0,0.0,3.0,128.0,0.0,32.0,0.24956989540948687
1.0,1.0,0.0,0.0,0.0,0.0,0.0,4.0,128.0,0.0,32.0,0.26203610147737516
1.0,1.0,0.0,0.0,0.0,0.0,0.0,1.0,0.0,8.0,32.0,0.018187279827412084
1.0,1.0,0.0,0.0,0.0,0.0,0.0,2.0,0.0,8.0,32.0,0.017668423495999397
1.0,1.0,0.0,0.0,0.0,0.0,0.0,3.0,0.0,8.0,32.0,0.023334880799584956
1.0,1.0,0.0,0.0,0.0,0.0,0.0,4.0,0.0,8.0,32.0,0.02330757257161592
1.0,1.0,0.0,0.0,0.0,0.0,0.0,1.0,8.0,8.0,32.0,0.6447609164641308
1.0,1.0,0.0,0.0,0.0,0.0,0.0,2.0,8.0,8.0,32.0,0.6419891313252684
1.0,1.0,0.0,0.0,0.0,0.0,0.0,3.0,8.0,8.0,32.0,0.6334280018569596
1.0,1.0,0.0,0.0,0.0,0.0,0.0,4.0,8.0,8.0,32.0,0.6296321581692566
1.0,1.0,0.0,0.0,0.0,0.0,0.0,1.0,10.0,8.0,32.0,0.5243589393484258
1.0,1.0,0.0,0.0,0.0,0.0,0.0,2.0,10.0,8.0,32.0,0.5229389114940333
1.0,1.0,0.0,0.0,0.0,0.0,0.0,3.0,10.0,8.0,32.0,0.5197438488216501
1.0,1.0,0.0,0.0,0.0,0.0,0.0,4.0,10.0,8.0,32.0,0.5087522870640926
1.0,1.0,0.0,0.0,0.0,0.0,0.0,1.0,16.0,8.0,32.0,0.3488079958491494
1.0,1.0,0.0,0.0,0.0,0.0,0.0,2.0,16.0,8.0,32.0,0.34083399328217606
1.0,1.0,0.0,0.0,0.0,0.0,0.0,3.0,16.0,8.0,32.0,0.349750129714083
1.0,1.0,0.0,0.0,0.0,0.0,0.0,4.0,16.0,8.0,32.0,0.3330921106529399
1.0,1.0,0.0,0.0,0.0,0.0,0.0,1.0,20.0,8.0,32.0,0.3079548868073952
1.0,1.0,0.0,0.0,0.0,0.0,0.0,2.0,20.0,8.0,32.0,0.2832272863813868
1.0,1.0,0.0,0.0,0.0,0.0,0.0,3.0,20.0,8.0,32.0,0.3096206887135094
1.0,1.0,0.0,0.0,0.0,0.0,0.0,4.0,20.0,8.0,32.0,0.284237690816243
1.0,1.0,0.0,0.0,0.0,0.0,0.0,1.0,32.0,8.0,32.0,0.2282285152516454
1.0,1.0,0.0,0.0,0.0,0.0,0.0,2.0,32.0,8.0,32.0,0.20453862748846235
1.0,1.0,0.0,0.0,0.0,0.0,0.0,3.0,32.0,8.0,32.0,0.23685791528987693
1.0,1.0,0.0,0.0,0.0,0.0,0.0,4.0,32.0,8.0,32.0,0.20429285343674058
1.0,1.0,0.0,0.0,0.0,0.0,0.0,1.0,64.0,8.0,32.0,0.15067314781943802
1.0,1.0,0.0,0.0,0.0,0.0,0.0,2.0,64.0,8.0,32.0,0.11847674704388439
1.0,1.0,0.0,0.0,0.0,0.0,0.0,3.0,64.0,8.0,32.0,0.16546055326469872
1.0,1.0,0.0,0.0,0.0,0.0,0.0,4.0,64.0,8.0,32.0,0.11810808596630168
1.0,1.0,0.0,0.0,0.0,0.0,0.0,1.0,128.0,8.0,32.0,0.08271662251836487
1.0,1.0,0.0,0.0,0.0,0.0,0.0,2.0,128.0,8.0,32.0,0.07031868702039928
1.0,1.0,0.0,0.0,0.0,0.0,0.0,3.0,128.0,8.0,32.0,0.08252546492258123
1.0,1.0,0.0,0.0,0.0,0.0,0.0,4.0,128.0,8.0,32.0,0.06429722275321559
1.0,1.0,0.0,0.0,0.0,0.0,0.0,1.0,0.0,10.0,32.0,0.043078729621234935
1.0,1.0,0.0,0.0,0.0,0.0,0.0,2.0,0.0,10.0,32.0,0.04220486632622411
1.0,1.0,0.0,0.0,0.0,0.0,0.0,3.0,0.0,10.0,32.0,0.047297850842458855
1.0,1.0,0.0,0.0,0.0,0.0,0.0,4.0,0.0,10.0,32.0,0.04665610748518534
1.0,1.0,0.0,0.0,0.0,0.0,0.0,1.0,8.0,10.0,32.0,0.5506977252246104
1.0,1.0,0.0,0.0,0.0,0.0,0.0,2.0,8.0,10.0,32.0,0.5369753406701441
1.0,1.0,0.0,0.0,0.0,0.0,0.0,3.0,8.0,10.0,32.0,0.5644883803489993
1.0,1.0,0.0,0.0,0.0,0.0,0.0,4.0,8.0,10.0,32.0,0.541494852399028
1.0,1.0,0.0,0.0,0.0,0.0,0.0,1.0,10.0,10.0,32.0,0.45272945738551035
1.0,1.0,0.0,0.0,0.0,0.0,0.0,2.0,10.0,10.0,32.0,0.4451787323520578
1.0,1.0,0.0,0.0,0.0,0.0,0.0,3.0,10.0,10.0,32.0,0.46370736502908333
1.0,1.0,0.0,0.0,0.0,0.0,0.0,4.0,10.0,10.0,32.0,0.44599797919113043
1.0,1.0,0.0,0.0,0.0,0.0,0.0,1.0,16.0,10.0,32.0,0.31995685299980886
1.0,1.0,0.0,0.0,0.0,0.0,0.0,2.0,16.0,10.0,32.0,0.3040907725497693
1.0,1.0,0.0,0.0,0.0,0.0,0.0,3.0,16.0,10.0,32.0,0.33029301728610844
1.0,1.0,0.0,0.0,0.0,0.0,0.0,4.0,16.0,10.0,32.0,0.29746852726726564
1.0,1.0,0.0,0.0,0.0,0.0,0.0,1.0,20.0,10.0,32.0,0.2913105218602366
1.0,1.0,0.0,0.0,0.0,0.0,0.0,2.0,20.0,10.0,32.0,0.2612851252082253
1.0,1.0,0.0,0.0,0.0,0.0,0.0,3.0,20.0,10.0,32.0,0.301168792157077
1.0,1.0,0.0,0.0,0.0,0.0,0.0,4.0,20.0,10.0,32.0,0.26297823534230874
1.0,1.0,0.0,0.0,0.0,0.0,0.0,1.0,32.0,10.0,32.0,0.23214724596520947
1.0,1.0,0.0,0.0,0.0,0.0,0.0,2.0,32.0,10.0,32.0,0.19798465277588145
1.0,1.0,0.0,0.0,0.0,0.0,0.0,3.0,32.0,10.0,32.0,0.23982085802452285
1.0,1.0,0.0,0.0,0.0,0.0,0.0,4.0,32.0,10.0,32.0,0.19693328599907162
1.0,1.0,0.0,0.0,0.0,0.0,0.0,1.0,64.0,10.0,32.0,0.16526939566891513
1.0,1.0,0.0,0.0,0.0,0.0,0.0,2.0,64.0,10.0,32.0,0.12919522652175108
1.0,1.0,0.0,0.0,0.0,0.0,0.0,3.0,64.0,10.0,32.0,0.18124470903083106
1.0,1.0,0.0,0.0,0.0,0.0,0.0,4.0,64.0,10.0,32.0,0.12758404107157495
1.0,1.0,0.0,0.0,0.0,0.0,0.0,1.0,128.0,10.0,32.0,0.09006253584204926
1.0,1.0,0.0,0.0,0.0,0.0,0.0,2.0,128.0,10.0,32.0,0.07838826838526453
1.0,1.0,0.0,0.0,0.0,0.0,0.0,3.0,128.0,10.0,32.0,0.0947595510527322
1.0,1.0,0.0,0.0,0.0,0.0,0.0,4.0,128.0,10.0,32.0,0.07524782216881948
1.0,1.0,0.0,0.0,0.0,0.0,0.0,1.0,0.0,16.0,32.0,0.021641770665501547
1.0,1.0,0.0,0.0,0.0,0.0,0.0,2.0,0.0,16.0,32.0,0.02060405800267623
1.0,1.0,0.0,0.0,0.0,0.0,0.0,3.0,0.0,16.0,32.0,0.024331631120456665
1.0,1.0,0.0,0.0,0.0,0.0,0.0,4.0,0.0,16.0,32.0,0.02456375105819386
1.0,1.0,0.0,0.0,0.0,0.0,0.0,1.0,8.0,16.0,32.0,0.34087495562412967
1.0,1.0,0.0,0.0,0.0,0.0,0.0,2.0,8.0,16.0,32.0,0.3394549277697371
1.0,1.0,0.0,0.0,0.0,0.0,0.0,3.0,8.0,16.0,32.0,0.34682814932139056
1.0,1.0,0.0,0.0,0.0,0.0,0.0,4.0,8.0,16.0,32.0,0.33720199896228736
1.0,1.0,0.0,0.0,0.0,0.0,0.0,1.0,10.0,16.0,32.0,0.28397826265053666
1.0,1.0,0.0,0.0,0.0,0.0,0.0,2.0,10.0,16.0,32.0,0.2795543297195446
1.0,1.0,0.0,0.0,0.0,0.0,0.0,3.0,10.0,16.0,32.0,0.2932630601600263
1.0,1.0,0.0,0.0,0.0,0.0,0.0,4.0,10.0,16.0,32.0,0.2743248040634643
1.0,1.0,0.0,0.0,0.0,0.0,0.0,1.0,16.0,16.0,32.0,0.19862639613315497
1.0,1.0,0.0,0.0,0.0,0.0,0.0,2.0,16.0,16.0,32.0,0.18971025970124805
1.0,1.0,0.0,0.0,0.0,0.0,0.0,3.0,16.0,16.0,32.0,0.2097681531445425
1.0,1.0,0.0,0.0,0.0,0.0,0.0,4.0,16.0,16.0,32.0,0.18598268658346767
1.0,1.0,0.0,0.0,0.0,0.0,0.0,1.0,20.0,16.0,32.0,0.18853600589857727
1.0,1.0,0.0,0.0,0.0,0.0,0.0,2.0,20.0,16.0,32.0,0.1637947513585844
1.0,1.0,0.0,0.0,0.0,0.0,0.0,3.0,20.0,16.0,32.0,0.1959228815642154
1.0,1.0,0.0,0.0,0.0,0.0,0.0,4.0,20.0,16.0,32.0,0.1632895491411563
1.0,1.0,0.0,0.0,0.0,0.0,0.0,1.0,32.0,16.0,32.0,0.15179278516617067
1.0,1.0,0.0,0.0,0.0,0.0,0.0,2.0,32.0,16.0,32.0,0.12417051257543904
1.0,1.0,0.0,0.0,0.0,0.0,0.0,3.0,32.0,16.0,32.0,0.1603539146344794
1.0,1.0,0.0,0.0,0.0,0.0,0.0,4.0,32.0,16.0,32.0,0.12436167017122268
1.0,1.0,0.0,0.0,0.0,0.0,0.0,1.0,64.0,16.0,32.0,0.1142166634807068
1.0,1.0,0.0,0.0,0.0,0.0,0.0,2.0,64.0,16.0,32.0,0.08218411207296766
1.0,1.0,0.0,0.0,0.0,0.0,0.0,3.0,64.0,16.0,32.0,0.12578169802561517
1.0,1.0,0.0,0.0,0.0,0.0,0.0,4.0,64.0,16.0,32.0,0.08376798929517465
1.0,1.0,0.0,0.0,0.0,0.0,0.0,1.0,128.0,16.0,32.0,0.06642726453480435
1.0,1.0,0.0,0.0,0.0,0.0,0.0,2.0,128.0,16.0,32.0,0.050083290095305766
1.0,1.0,0.0,0.0,0.0,0.0,0.0,3.0,128.0,16.0,32.0,0.07284469810753985
1.0,1.0,0.0,0.0,0.0,0.0,0.0,4.0,128.0,16.0,32.0,0.05221333187689453
1.0,1.0,0.0,0.0,0.0,0.0,0.0,1.0,0.0,20.0,32.0,0.016876484884895848
1.0,1.0,0.0,0.0,0.0,0.0,0.0,2.0,0.0,20.0,32.0,0.016398590895436826
1.0,1.0,0.0,0.0,0.0,0.0,0.0,3.0,0.0,20.0,32.0,0.020330975722985367
1.0,1.0,0.0,0.0,0.0,0.0,0.0,4.0,0.0,20.0,32.0,0.019757502935634552
1.0,1.0,0.0,0.0,0.0,0.0,0.0,1.0,8.0,20.0,32.0,0.2883339250116061
1.0,1.0,0.0,0.0,0.0,0.0,0.0,2.0,8.0,20.0,32.0,0.27641388350309953
1.0,1.0,0.0,0.0,0.0,0.0,0.0,3.0,8.0,20.0,32.0,0.2914470630000821
1.0,1.0,0.0,0.0,0.0,0.0,0.0,4.0,8.0,20.0,32.0,0.277028318632404
1.0,1.0,0.0,0.0,0.0,0.0,0.0,1.0,10.0,20.0,32.0,0.24088587891531726
1.0,1.0,0.0,0.0,0.0,0.0,0.0,2.0,10.0,20.0,32.0,0.23019470766541966
1.0,1.0,0.0,0.0,0.0,0.0,0.0,3.0,10.0,20.0,32.0,0.2447773014009122
1.0,1.0,0.0,0.0,0.0,0.0,0.0,4.0,10.0,20.0,32.0,0.2279008165160163
1.0,1.0,0.0,0.0,0.0,0.0,0.0,1.0,16.0,20.0,32.0,0.1716049045577433
1.0,1.0,0.0,0.0,0.0,0.0,0.0,2.0,16.0,20.0,32.0,0.15814194816898336
1.0,1.0,0.0,0.0,0.0,0.0,0.0,3.0,16.0,20.0,32.0,0.18005680111417582
1.0,1.0,0.0,0.0,0.0,0.0,0.0,4.0,16.0,20.0,32.0,0.15557497473988918
1.0,1.0,0.0,0.0,0.0,0.0,0.0,1.0,20.0,20.0,32.0,0.16307108331740355
1.0,1.0,0.0,0.0,0.0,0.0,0.0,2.0,20.0,20.0,32.0,0.13617247876785282
1.0,1.0,0.0,0.0,0.0,0.0,0.0,3.0,20.0,20.0,32.0,0.16880581119091193
1.0,1.0,0.0,0.0,0.0,0.0,0.0,4.0,20.0,20.0,32.0,0.13890330156476155
1.0,1.0,0.0,0.0,0.0,0.0,0.0,1.0,32.0,20.0,32.0,0.13763346896419898
1.0,1.0,0.0,0.0,0.0,0.0,0.0,2.0,32.0,20.0,32.0,0.10349818400284011
1.0,1.0,0.0,0.0,0.0,0.0,0.0,3.0,32.0,20.0,32.0,0.14313607689997004
1.0,1.0,0.0,0.0,0.0,0.0,0.0,4.0,32.0,20.0,32.0,0.10500013654113988
1.0,1.0,0.0,0.0,0.0,0.0,0.0,1.0,64.0,20.0,32.0,0.1094104153581475
1.0,1.0,0.0,0.0,0.0,0.0,0.0,2.0,64.0,20.0,32.0,0.07016849176656931
1.0,1.0,0.0,0.0,0.0,0.0,0.0,3.0,64.0,20.0,32.0,0.11760288374887362
1.0,1.0,0.0,0.0,0.0,0.0,0.0,4.0,64.0,20.0,32.0,0.0737322155165352
1.0,1.0,0.0,0.0,0.0,0.0,0.0,1.0,128.0,20.0,32.0,0.06222179742756501
1.0,1.0,0.0,0.0,0.0,0.0,0.0,2.0,128.0,20.0,32.0,0.046847265080968925
1.0,1.0,0.0,0.0,0.0,0.0,0.0,3.0,128.0,20.0,32.0,0.06716458668996972
1.0,1.0,0.0,0.0,0.0,0.0,0.0,4.0,128.0,20.0,32.0,0.046642453371200765
1.0,1.0,0.0,0.0,0.0,0.0,0.0,1.0,0.0,32.0,32.0,0.009516917447226936
1.0,1.0,0.0,0.0,0.0,0.0,0.0,2.0,0.0,32.0,32.0,0.009175564597613317
1.0,1.0,0.0,0.0,0.0,0.0,0.0,3.0,0.0,32.0,32.0,0.012001966192413838
1.0,1.0,0.0,0.0,0.0,0.0,0.0,4.0,0.0,32.0,32.0,0.012561784865780079
1.0,1.0,0.0,0.0,0.0,0.0,0.0,1.0,8.0,32.0,32.0,0.19513094295311179
1.0,1.0,0.0,0.0,0.0,0.0,0.0,2.0,8.0,32.0,32.0,0.19082989704798065
1.0,1.0,0.0,0.0,0.0,0.0,0.0,3.0,8.0,32.0,32.0,0.1987083208170623
1.0,1.0,0.0,0.0,0.0,0.0,0.0,4.0,8.0,32.0,32.0,0.18546383025205498
1.0,1.0,0.0,0.0,0.0,0.0,0.0,1.0,10.0,32.0,32.0,0.16516016275703876
1.0,1.0,0.0,0.0,0.0,0.0,0.0,2.0,10.0,32.0,32.0,0.1572817389879571
1.0,1.0,0.0,0.0,0.0,0.0,0.0,3.0,10.0,32.0,32.0,0.16980256151178358
1.0,1.0,0.0,0.0,0.0,0.0,0.0,4.0,10.0,32.0,32.0,0.15427783391135758
1.0,1.0,0.0,0.0,0.0,0.0,0.0,1.0,16.0,32.0,32.0,0.1218220049700976
1.0,1.0,0.0,0.0,0.0,0.0,0.0,2.0,16.0,32.0,32.0,0.10830443212539947
1.0,1.0,0.0,0.0,0.0,0.0,0.0,3.0,16.0,32.0,32.0,0.13004178158879276
1.0,1.0,0.0,0.0,0.0,0.0,0.0,4.0,16.0,32.0,32.0,0.10530052704879989
1.0,1.0,0.0,0.0,0.0,0.0,0.0,1.0,20.0,32.0,32.0,0.12387012206777909
1.0,1.0,0.0,0.0,0.0,0.0,0.0,2.0,20.0,32.0,32.0,0.09402222889756684
1.0,1.0,0.0,0.0,0.0,0.0,0.0,3.0,20.0,32.0,32.0,0.1309292989977881
1.0,1.0,0.0,0.0,0.0,0.0,0.0,4.0,20.0,32.0,32.0,0.09473224282476317
1.0,1.0,0.0,0.0,0.0,0.0,0.0,1.0,32.0,32.0,32.0,0.1101067751713592
1.0,1.0,0.0,0.0,0.0,0.0,0.0,2.0,32.0,32.0,32.0,0.07176602310276087
1.0,1.0,0.0,0.0,0.0,0.0,0.0,3.0,32.0,32.0,32.0,0.11574592424697572
1.0,1.0,0.0,0.0,0.0,0.0,0.0,4.0,32.0,32.0,32.0,0.07298123924738525
1.0,1.0,0.0,0.0,0.0,0.0,0.0,1.0,64.0,32.0,32.0,0.09768153144542457
1.0,1.0,0.0,0.0,0.0,0.0,0.0,2.0,64.0,32.0,32.0,0.05263660941041537
1.0,1.0,0.0,0.0,0.0,0.0,0.0,3.0,64.0,32.0,32.0,0.10562822578442888
1.0,1.0,0.0,0.0,0.0,0.0,0.0,4.0,64.0,32.0,32.0,0.05386547966902433
1.0,1.0,0.0,0.0,0.0,0.0,0.0,1.0,128.0,32.0,32.0,0.06620879871105168
1.0,1.0,0.0,0.0,0.0,0.0,0.0,2.0,128.0,32.0,32.0,0.05265026352439994
1.0,1.0,0.0,0.0,0.0,0.0,0.0,3.0,128.0,32.0,32.0,0.07194352658455999
1.0,1.0,0.0,0.0,0.0,0.0,0.0,4.0,128.0,32.0,32.0,0.054261448974576076
1.0,1.0,0.0,0.0,0.0,0.0,0.0,1.0,0.0,64.0,32.0,0.022952565608017728
1.0,1.0,0.0,0.0,0.0,0.0,0.0,2.0,0.0,64.0,32.0,0.019921352303449047
1.0,1.0,0.0,0.0,0.0,0.0,0.0,3.0,0.0,64.0,32.0,0.016371282667467735
1.0,1.0,0.0,0.0,0.0,0.0,0.0,4.0,0.0,64.0,32.0,0.0163439744394987
1.0,1.0,0.0,0.0,0.0,0.0,0.0,1.0,8.0,64.0,32.0,0.12589093093749149
1.0,1.0,0.0,0.0,0.0,0.0,0.0,2.0,8.0,64.0,32.0,0.1184494388159153
1.0,1.0,0.0,0.0,0.0,0.0,0.0,3.0,8.0,64.0,32.0,0.128089243289003
1.0,1.0,0.0,0.0,0.0,0.0,0.0,4.0,8.0,64.0,32.0,0.11229143340888614
1.0,1.0,0.0,0.0,0.0,0.0,0.0,1.0,10.0,64.0,32.0,0.10620169857177975
1.0,1.0,0.0,0.0,0.0,0.0,0.0,2.0,10.0,64.0,32.0,0.0974630656216719
1.0,1.0,0.0,0.0,0.0,0.0,0.0,3.0,10.0,64.0,32.0,0.10920560364837933
1.0,1.0,0.0,0.0,0.0,0.0,0.0,4.0,10.0,64.0,32.0,0.0933941396542779
1.0,1.0,0.0,0.0,0.0,0.0,0.0,1.0,16.0,64.0,32.0,0.08532455828941266
1.0,1.0,0.0,0.0,0.0,0.0,0.0,2.0,16.0,64.0,32.0,0.06639995630683532
1.0,1.0,0.0,0.0,0.0,0.0,0.0,3.0,16.0,64.0,32.0,0.09114121084682819
1.0,1.0,0.0,0.0,0.0,0.0,0.0,4.0,16.0,64.0,32.0,0.06461126737486012
1.0,1.0,0.0,0.0,0.0,0.0,0.0,1.0,20.0,64.0,32.0,0.09440454408913412
1.0,1.0,0.0,0.0,0.0,0.0,0.0,2.0,20.0,64.0,32.0,0.060132717987929796
1.0,1.0,0.0,0.0,0.0,0.0,0.0,3.0,20.0,64.0,32.0,0.09665747289658377
1.0,1.0,0.0,0.0,0.0,0.0,0.0,4.0,20.0,64.0,32.0,0.061443512930445976
1.0,1.0,0.0,0.0,0.0,0.0,0.0,1.0,32.0,64.0,32.0,0.09039023457767831
1.0,1.0,0.0,0.0,0.0,0.0,0.0,2.0,32.0,64.0,32.0,0.04841748818919145
1.0,1.0,0.0,0.0,0.0,0.0,0.0,3.0,32.0,64.0,32.0,0.09488243807859315
1.0,1.0,0.0,0.0,0.0,0.0,0.0,4.0,32.0,64.0,32.0,0.04994674895546036
1.0,1.0,0.0,0.0,0.0,0.0,0.0,1.0,64.0,64.0,32.0,0.10611977388787247
1.0,1.0,0.0,0.0,0.0,0.0,0.0,2.0,64.0,64.0,32.0,0.050492913514842086
1.0,1.0,0.0,0.0,0.0,0.0,0.0,3.0,64.0,64.0,32.0,0.10840001092329127
1.0,1.0,0.0,0.0,0.0,0.0,0.0,4.0,64.0,64.0,32.0,0.04638302520549448
1.0,1.0,0.0,0.0,0.0,0.0,0.0,1.0,128.0,64.0,32.0,0.07030503290641477
1.0,1.0,0.0,0.0,0.0,0.0,0.0,2.0,128.0,64.0,32.0,0.052718534094322644
1.0,1.0,0.0,0.0,0.0,0.0,0.0,3.0,128.0,64.0,32.0,0.0742374177339633
1.0,1.0,0.0,0.0,0.0,0.0,0.0,4.0,128.0,64.0,32.0,0.05233621890275547
1.0,1.0,0.0,0.0,0.0,0.0,0.0,1.0,0.0,128.0,32.0,0.1478057838826839
1.0,1.0,0.0,0.0,0.0,0.0,0.0,2.0,0.0,128.0,32.0,0.14624921488844594
1.0,1.0,0.0,0.0,0.0,0.0,0.0,3.0,0.0,128.0,32.0,0.13686883858106452
1.0,1.0,0.0,0.0,0.0,0.0,0.0,4.0,0.0,128.0,32.0,0.13538054015674927
1.0,1.0,0.0,0.0,0.0,0.0,0.0,1.0,8.0,128.0,32.0,0.09540129441000583
1.0,1.0,0.0,0.0,0.0,0.0,0.0,2.0,8.0,128.0,32.0,0.0875092165269396
1.0,1.0,0.0,0.0,0.0,0.0,0.0,3.0,8.0,128.0,32.0,0.09974330265709064
1.0,1.0,0.0,0.0,0.0,0.0,0.0,4.0,8.0,128.0,32.0,0.09540129441000583
1.0,1.0,0.0,0.0,0.0,0.0,0.0,1.0,10.0,128.0,32.0,0.08585706873480986
1.0,1.0,0.0,0.0,0.0,0.0,0.0,2.0,10.0,128.0,32.0,0.07711843578470201
1.0,1.0,0.0,0.0,0.0,0.0,0.0,3.0,10.0,128.0,32.0,0.08974849122040479
1.0,1.0,0.0,0.0,0.0,0.0,0.0,4.0,10.0,128.0,32.0,0.08602091810262436
1.0,1.0,0.0,0.0,0.0,0.0,0.0,1.0,16.0,128.0,32.0,0.0828122013162566
1.0,1.0,0.0,0.0,0.0,0.0,0.0,2.0,16.0,128.0,32.0,0.06536224364401
1.0,1.0,0.0,0.0,0.0,0.0,0.0,3.0,16.0,128.0,32.0,0.08850596684781131
1.0,1.0,0.0,0.0,0.0,0.0,0.0,4.0,16.0,128.0,32.0,0.06788825473115057
1.0,1.0,0.0,0.0,0.0,0.0,0.0,1.0,20.0,128.0,32.0,0.09484147573663948
1.0,1.0,0.0,0.0,0.0,0.0,0.0,2.0,20.0,128.0,32.0,0.06395586990360203
1.0,1.0,0.0,0.0,0.0,0.0,0.0,3.0,20.0,128.0,32.0,0.09900598050192527
1.0,1.0,0.0,0.0,0.0,0.0,0.0,4.0,20.0,128.0,32.0,0.06743766896966058
1.0,1.0,0.0,0.0,0.0,0.0,0.0,1.0,32.0,128.0,32.0,0.10423550615800548
1.0,1.0,0.0,0.0,0.0,0.0,0.0,2.0,32.0,128.0,32.0,0.06102023539692514
1.0,1.0,0.0,0.0,0.0,0.0,0.0,3.0,32.0,128.0,32.0,0.10770365111007951
1.0,1.0,0.0,0.0,0.0,0.0,0.0,4.0,32.0,128.0,32.0,0.06551243889783998
1.0,1.0,0.0,0.0,0.0,0.0,0.0,1.0,64.0,128.0,32.0,0.11973292553046239
1.0,1.0,0.0,0.0,0.0,0.0,0.0,2.0,64.0,128.0,32.0,0.06081542368715698
1.0,1.0,0.0,0.0,0.0,0.0,0.0,3.0,64.0,128.0,32.0,0.1201425489499987
1.0,1.0,0.0,0.0,0.0,0.0,0.0,4.0,64.0,128.0,32.0,0.058384991397908204
1.0,1.0,0.0,0.0,0.0,0.0,0.0,1.0,128.0,128.0,32.0,0.09286162920888064
1.0,1.0,0.0,0.0,0.0,0.0,0.0,2.0,128.0,128.0,32.0,0.060064447418007094
1.0,1.0,0.0,0.0,0.0,0.0,0.0,3.0,128.0,128.0,32.0,0.08935252191485299
1.0,1.0,0.0,0.0,0.0,0.0,0.0,4.0,128.0,128.0,32.0,0.05884923127338271
1.0,1.0,0.0,0.0,0.0,0.0,0.0,1.0,0.0,0.0,64.0,0.19732925530462336
1.0,1.0,0.0,0.0,0.0,0.0,0.0,2.0,0.0,0.0,64.0,0.19663289549141155
1.0,1.0,0.0,0.0,0.0,0.0,0.0,3.0,0.0,0.0,64.0,0.18900024577405178
1.0,1.0,0.0,0.0,0.0,0.0,0.0,4.0,0.0,0.0,64.0,0.1891231327999126
1.0,1.0,0.0,0.0,0.0,0.0,0.0,1.0,8.0,0.0,64.0,0.2468117643846091
1.0,1.0,0.0,0.0,0.0,0.0,0.0,2.0,8.0,0.0,64.0,0.24805428875720265
1.0,1.0,0.0,0.0,0.0,0.0,0.0,3.0,8.0,0.0,64.0,0.251003577377864
1.0,1.0,0.0,0.0,0.0,0.0,0.0,4.0,8.0,0.0,64.0,0.24465441437505125
1.0,1.0,0.0,0.0,0.0,0.0,0.0,1.0,10.0,0.0,64.0,0.2149294082307
1.0,1.0,0.0,0.0,0.0,0.0,0.0,2.0,10.0,0.0,64.0,0.20822523826428913
1.0,1.0,0.0,0.0,0.0,0.0,0.0,3.0,10.0,0.0,64.0,0.2193396870477075
1.0,1.0,0.0,0.0,0.0,0.0,0.0,4.0,10.0,0.0,64.0,0.21292225347497212
1.0,1.0,0.0,0.0,0.0,0.0,0.0,1.0,16.0,0.0,64.0,0.15898850323602504
1.0,1.0,0.0,0.0,0.0,0.0,0.0,2.0,16.0,0.0,64.0,0.1441055189928726
1.0,1.0,0.0,0.0,0.0,0.0,0.0,3.0,16.0,0.0,64.0,0.16278434692372817
1.0,1.0,0.0,0.0,0.0,0.0,0.0,4.0,16.0,0.0,64.0,0.14373685791528995
1.0,1.0,0.0,0.0,0.0,0.0,0.0,1.0,20.0,0.0,64.0,0.14504765285780613
1.0,1.0,0.0,0.0,0.0,0.0,0.0,2.0,20.0,0.0,64.0,0.12292798820284556
1.0,1.0,0.0,0.0,0.0,0.0,0.0,3.0,20.0,0.0,64.0,0.14837925667003476
1.0,1.0,0.0,0.0,0.0,0.0,0.0,4.0,20.0,0.0,64.0,0.12609574264725965
1.0,1.0,0.0,0.0,0.0,0.0,0.0,1.0,32.0,0.0,64.0,0.1271607635380541
1.0,1.0,0.0,0.0,0.0,0.0,0.0,2.0,32.0,0.0,64.0,0.09557879789180485
1.0,1.0,0.0,0.0,0.0,0.0,0.0,3.0,32.0,0.0,64.0,0.131530080013108
1.0,1.0,0.0,0.0,0.0,0.0,0.0,4.0,32.0,0.0,64.0,0.09493705453453133
1.0,1.0,0.0,0.0,0.0,0.0,0.0,1.0,64.0,0.0,64.0,0.174485922608482
1.0,1.0,0.0,0.0,0.0,0.0,0.0,2.0,64.0,0.0,64.0,0.21236243480160583
1.0,1.0,0.0,0.0,0.0,0.0,0.0,3.0,64.0,0.0,64.0,0.16311204565935716
1.0,1.0,0.0,0.0,0.0,0.0,0.0,4.0,64.0,0.0,64.0,0.20141183538600188
1.0,1.0,0.0,0.0,0.0,0.0,0.0,1.0,128.0,0.0,64.0,0.22921161145853258
1.0,1.0,0.0,0.0,0.0,0.0,0.0,2.0,128.0,0.0,64.0,0.24720773369016097
1.0,1.0,0.0,0.0,0.0,0.0,0.0,3.0,128.0,0.0,64.0,0.2450094213386494
1.0,1.0,0.0,0.0,0.0,0.0,0.0,4.0,128.0,0.0,64.0,0.25422594827821626
1.0,1.0,0.0,0.0,0.0,0.0,0.0,1.0,0.0,8.0,64.0,0.03118599634069752
1.0,1.0,0.0,0.0,0.0,0.0,0.0,2.0,0.0,8.0,64.0,0.030721756465223016
1.0,1.0,0.0,0.0,0.0,0.0,0.0,3.0,0.0,8.0,64.0,0.04021136568448075
1.0,1.0,0.0,0.0,0.0,0.0,0.0,4.0,0.0,8.0,64.0,0.03971981758103721
1.0,1.0,0.0,0.0,0.0,0.0,0.0,1.0,8.0,8.0,64.0,0.6575411671536635
1.0,1.0,0.0,0.0,0.0,0.0,0.0,2.0,8.0,8.0,64.0,0.6514923946585107
1.0,1.0,0.0,0.0,0.0,0.0,0.0,3.0,8.0,8.0,64.0,0.6489390753434012
1.0,1.0,0.0,0.0,0.0,0.0,0.0,4.0,8.0,8.0,64.0,0.6459215161528169
1.0,1.0,0.0,0.0,0.0,0.0,0.0,1.0,10.0,8.0,64.0,0.5406482973319862
1.0,1.0,0.0,0.0,0.0,0.0,0.0,2.0,10.0,8.0,64.0,0.5345176001529262
1.0,1.0,0.0,0.0,0.0,0.0,0.0,3.0,10.0,8.0,64.0,0.5428875720254513
1.0,1.0,0.0,0.0,0.0,0.0,0.0,4.0,10.0,8.0,64.0,0.5301619377918567
1.0,1.0,0.0,0.0,0.0,0.0,0.0,1.0,16.0,8.0,64.0,0.36799202599743314
1.0,1.0,0.0,0.0,0.0,0.0,0.0,2.0,16.0,8.0,64.0,0.3611376607771923
1.0,1.0,0.0,0.0,0.0,0.0,0.0,3.0,16.0,8.0,64.0,0.37161036620333715
1.0,1.0,0.0,0.0,0.0,0.0,0.0,4.0,16.0,8.0,64.0,0.35469291897648775
1.0,1.0,0.0,0.0,0.0,0.0,0.0,1.0,20.0,8.0,64.0,0.32694775935989523
1.0,1.0,0.0,0.0,0.0,0.0,0.0,2.0,20.0,8.0,64.0,0.30522406401048646
1.0,1.0,0.0,0.0,0.0,0.0,0.0,3.0,20.0,8.0,64.0,0.33088014418744366
1.0,1.0,0.0,0.0,0.0,0.0,0.0,4.0,20.0,8.0,64.0,0.3088697124443595
1.0,1.0,0.0,0.0,0.0,0.0,0.0,1.0,32.0,8.0,64.0,0.2490100767361207
1.0,1.0,0.0,0.0,0.0,0.0,0.0,2.0,32.0,8.0,64.0,0.22963488899205337
1.0,1.0,0.0,0.0,0.0,0.0,0.0,3.0,32.0,8.0,64.0,0.2550861574592426
1.0,1.0,0.0,0.0,0.0,0.0,0.0,4.0,32.0,8.0,64.0,0.22788716240203183
1.0,1.0,0.0,0.0,0.0,0.0,0.0,1.0,64.0,8.0,64.0,0.16761790327425657
1.0,1.0,0.0,0.0,0.0,0.0,0.0,2.0,64.0,8.0,64.0,0.1387804145389006
1.0,1.0,0.0,0.0,0.0,0.0,0.0,3.0,64.0,8.0,64.0,0.18644692645894217
1.0,1.0,0.0,0.0,0.0,0.0,0.0,4.0,64.0,8.0,64.0,0.14355935443349088
1.0,1.0,0.0,0.0,0.0,0.0,0.0,1.0,128.0,8.0,64.0,0.10190065266664855
1.0,1.0,0.0,0.0,0.0,0.0,0.0,2.0,128.0,8.0,64.0,0.08585706873480986
1.0,1.0,0.0,0.0,0.0,0.0,0.0,3.0,128.0,8.0,64.0,0.10546437641661438
1.0,1.0,0.0,0.0,0.0,0.0,0.0,4.0,128.0,8.0,64.0,0.08395914689095829
1.0,1.0,0.0,0.0,0.0,0.0,0.0,1.0,0.0,10.0,64.0,0.0504382970589039
1.0,1.0,0.0,0.0,0.0,0.0,0.0,2.0,0.0,10.0,64.0,0.050697725224610246
1.0,1.0,0.0,0.0,0.0,0.0,0.0,3.0,0.0,10.0,64.0,0.05691034708757753
1.0,1.0,0.0,0.0,0.0,0.0,0.0,4.0,0.0,10.0,64.0,0.05667822714984028
1.0,1.0,0.0,0.0,0.0,0.0,0.0,1.0,8.0,10.0,64.0,0.562972773696715
1.0,1.0,0.0,0.0,0.0,0.0,0.0,2.0,8.0,10.0,64.0,0.5471749638165981
1.0,1.0,0.0,0.0,0.0,0.0,0.0,3.0,8.0,10.0,64.0,0.5688850050520222
1.0,1.0,0.0,0.0,0.0,0.0,0.0,4.0,8.0,10.0,64.0,0.5536879761872253
1.0,1.0,0.0,0.0,0.0,0.0,0.0,1.0,10.0,10.0,64.0,0.4663153008001312
1.0,1.0,0.0,0.0,0.0,0.0,0.0,2.0,10.0,10.0,64.0,0.45593817417187815
1.0,1.0,0.0,0.0,0.0,0.0,0.0,3.0,10.0,10.0,64.0,0.4763783828067398
1.0,1.0,0.0,0.0,0.0,0.0,0.0,4.0,10.0,10.0,64.0,0.4593107403260604
1.0,1.0,0.0,0.0,0.0,0.0,0.0,1.0,16.0,10.0,64.0,0.3332832682487234
1.0,1.0,0.0,0.0,0.0,0.0,0.0,2.0,16.0,10.0,64.0,0.31865971217127725
1.0,1.0,0.0,0.0,0.0,0.0,0.0,3.0,16.0,10.0,64.0,0.34326442557142484
1.0,1.0,0.0,0.0,0.0,0.0,0.0,4.0,16.0,10.0,64.0,0.31214669980064996
1.0,1.0,0.0,0.0,0.0,0.0,0.0,1.0,20.0,10.0,64.0,0.3036265326742949
1.0,1.0,0.0,0.0,0.0,0.0,0.0,2.0,20.0,10.0,64.0,0.27455692400120163
1.0,1.0,0.0,0.0,0.0,0.0,0.0,3.0,20.0,10.0,64.0,0.3119009257489282
1.0,1.0,0.0,0.0,0.0,0.0,0.0,4.0,20.0,10.0,64.0,0.2771238974302958
1.0,1.0,0.0,0.0,0.0,0.0,0.0,1.0,32.0,10.0,64.0,0.24354843114230323
1.0,1.0,0.0,0.0,0.0,0.0,0.0,2.0,32.0,10.0,64.0,0.21170703733034774
1.0,1.0,0.0,0.0,0.0,0.0,0.0,3.0,32.0,10.0,64.0,0.2519866735847512
1.0,1.0,0.0,0.0,0.0,0.0,0.0,4.0,32.0,10.0,64.0,0.21154318796253319
1.0,1.0,0.0,0.0,0.0,0.0,0.0,1.0,64.0,10.0,64.0,0.18106720554903194
1.0,1.0,0.0,0.0,0.0,0.0,0.0,2.0,64.0,10.0,64.0,0.1453343892514815
1.0,1.0,0.0,0.0,0.0,0.0,0.0,3.0,64.0,10.0,64.0,0.19548594991671003
1.0,1.0,0.0,0.0,0.0,0.0,0.0,4.0,64.0,10.0,64.0,0.14428302247467173
1.0,1.0,0.0,0.0,0.0,0.0,0.0,1.0,128.0,10.0,64.0,0.11354761189546414
1.0,1.0,0.0,0.0,0.0,0.0,0.0,2.0,128.0,10.0,64.0,0.09811846309292993
1.0,1.0,0.0,0.0,0.0,0.0,0.0,3.0,128.0,10.0,64.0,0.12231355307354114
1.0,1.0,0.0,0.0,0.0,0.0,0.0,4.0,128.0,10.0,64.0,0.09773614790136276
1.0,1.0,0.0,0.0,0.0,0.0,0.0,1.0,0.0,16.0,64.0,0.018583249132963775
1.0,1.0,0.0,0.0,0.0,0.0,0.0,2.0,0.0,16.0,64.0,0.017067642480679435
1.0,1.0,0.0,0.0,0.0,0.0,0.0,3.0,0.0,16.0,64.0,0.022242551680821454
1.0,1.0,0.0,0.0,0.0,0.0,0.0,4.0,0.0,16.0,64.0,0.022092356426991533
1.0,1.0,0.0,0.0,0.0,0.0,0.0,1.0,8.0,16.0,64.0,0.3449848439334772
1.0,1.0,0.0,0.0,0.0,0.0,0.0,2.0,8.0,16.0,64.0,0.3439334771566674
1.0,1.0,0.0,0.0,0.0,0.0,0.0,3.0,8.0,16.0,64.0,0.34798874901007676
1.0,1.0,0.0,0.0,0.0,0.0,0.0,4.0,8.0,16.0,64.0,0.34032879106474795
1.0,1.0,0.0,0.0,0.0,0.0,0.0,1.0,10.0,16.0,64.0,0.28490674240148567
1.0,1.0,0.0,0.0,0.0,0.0,0.0,2.0,10.0,16.0,64.0,0.2826674677080205
1.0,1.0,0.0,0.0,0.0,0.0,0.0,3.0,10.0,16.0,64.0,0.2946011633305115
1.0,1.0,0.0,0.0,0.0,0.0,0.0,4.0,10.0,16.0,64.0,0.2779704524973375
1.0,1.0,0.0,0.0,0.0,0.0,0.0,1.0,16.0,16.0,64.0,0.20165760943772365
1.0,1.0,0.0,0.0,0.0,0.0,0.0,2.0,16.0,16.0,64.0,0.1930828258554303
1.0,1.0,0.0,0.0,0.0,0.0,0.0,3.0,16.0,16.0,64.0,0.21202108195199226
1.0,1.0,0.0,0.0,0.0,0.0,0.0,4.0,16.0,16.0,64.0,0.18938256096561895
1.0,1.0,0.0,0.0,0.0,0.0,0.0,1.0,20.0,16.0,64.0,0.18994237963898525
1.0,1.0,0.0,0.0,0.0,0.0,0.0,2.0,20.0,16.0,64.0,0.16543324503672957
1.0,1.0,0.0,0.0,0.0,0.0,0.0,3.0,20.0,16.0,64.0,0.19709713536688606
1.0,1.0,0.0,0.0,0.0,0.0,0.0,4.0,20.0,16.0,64.0,0.16585652257025046
1.0,1.0,0.0,0.0,0.0,0.0,0.0,1.0,32.0,16.0,64.0,0.15328108359048587
1.0,1.0,0.0,0.0,0.0,0.0,0.0,2.0,32.0,16.0,64.0,0.12442994074114538
1.0,1.0,0.0,0.0,0.0,0.0,0.0,3.0,32.0,16.0,64.0,0.15993063710095862
1.0,1.0,0.0,0.0,0.0,0.0,0.0,4.0,32.0,16.0,64.0,0.1258363144815533
1.0,1.0,0.0,0.0,0.0,0.0,0.0,1.0,64.0,16.0,64.0,0.12412955023348538
1.0,1.0,0.0,0.0,0.0,0.0,0.0,2.0,64.0,16.0,64.0,0.09018542286791015
1.0,1.0,0.0,0.0,0.0,0.0,0.0,3.0,64.0,16.0,64.0,0.13468418034353757
1.0,1.0,0.0,0.0,0.0,0.0,0.0,4.0,64.0,16.0,64.0,0.09179660831808628
1.0,1.0,0.0,0.0,0.0,0.0,0.0,1.0,128.0,16.0,64.0,0.08195199213523041
1.0,1.0,0.0,0.0,0.0,0.0,0.0,2.0,128.0,16.0,64.0,0.06503454490838095
1.0,1.0,0.0,0.0,0.0,0.0,0.0,3.0,128.0,16.0,64.0,0.08958464185259019
1.0,1.0,0.0,0.0,0.0,0.0,0.0,4.0,128.0,16.0,64.0,0.06874846391217676
1.0,1.0,0.0,0.0,0.0,0.0,0.0,1.0,0.0,20.0,64.0,0.012916791829378216
1.0,1.0,0.0,0.0,0.0,0.0,0.0,2.0,0.0,20.0,64.0,0.012384281383981066
1.0,1.0,0.0,0.0,0.0,0.0,0.0,3.0,0.0,20.0,64.0,0.01735437887435487
1.0,1.0,0.0,0.0,0.0,0.0,0.0,4.0,0.0,20.0,64.0,0.01702668013872588
1.0,1.0,0.0,0.0,0.0,0.0,0.0,1.0,8.0,20.0,64.0,0.28950817881427676
1.0,1.0,0.0,0.0,0.0,0.0,0.0,2.0,8.0,20.0,64.0,0.278762391108441
1.0,1.0,0.0,0.0,0.0,0.0,0.0,3.0,8.0,20.0,64.0,0.29156995002594294
1.0,1.0,0.0,0.0,0.0,0.0,0.0,4.0,8.0,20.0,64.0,0.27840738414484295
1.0,1.0,0.0,0.0,0.0,0.0,0.0,1.0,10.0,20.0,64.0,0.24399901690379328
1.0,1.0,0.0,0.0,0.0,0.0,0.0,2.0,10.0,20.0,64.0,0.233294191539911
1.0,1.0,0.0,0.0,0.0,0.0,0.0,3.0,10.0,20.0,64.0,0.24409459570168507
1.0,1.0,0.0,0.0,0.0,0.0,0.0,4.0,10.0,20.0,64.0,0.22959392665009976
1.0,1.0,0.0,0.0,0.0,0.0,0.0,1.0,16.0,20.0,64.0,0.17314781943799668
1.0,1.0,0.0,0.0,0.0,0.0,0.0,2.0,16.0,20.0,64.0,0.15941178076954593
1.0,1.0,0.0,0.0,0.0,0.0,0.0,3.0,16.0,20.0,64.0,0.17919659193314957
1.0,1.0,0.0,0.0,0.0,0.0,0.0,4.0,16.0,20.0,64.0,0.15715885196209628
1.0,1.0,0.0,0.0,0.0,0.0,0.0,1.0,20.0,20.0,64.0,0.16294819629154272
1.0,1.0,0.0,0.0,0.0,0.0,0.0,2.0,20.0,20.0,64.0,0.13774270187607535
1.0,1.0,0.0,0.0,0.0,0.0,0.0,3.0,20.0,20.0,64.0,0.16894235233075733
1.0,1.0,0.0,0.0,0.0,0.0,0.0,4.0,20.0,20.0,64.0,0.13895791802069973
1.0,1.0,0.0,0.0,0.0,0.0,0.0,1.0,32.0,20.0,64.0,0.1376471230781835
1.0,1.0,0.0,0.0,0.0,0.0,0.0,2.0,32.0,20.0,64.0,0.10374395805456188
1.0,1.0,0.0,0.0,0.0,0.0,0.0,3.0,32.0,20.0,64.0,0.142357792402851
1.0,1.0,0.0,0.0,0.0,0.0,0.0,4.0,32.0,20.0,64.0,0.10573745869630524
1.0,1.0,0.0,0.0,0.0,0.0,0.0,1.0,64.0,20.0,64.0,0.11854501761380715
1.0,1.0,0.0,0.0,0.0,0.0,0.0,2.0,64.0,20.0,64.0,0.07780114148392919
1.0,1.0,0.0,0.0,0.0,0.0,0.0,3.0,64.0,20.0,64.0,0.1265326742947651
1.0,1.0,0.0,0.0,0.0,0.0,0.0,4.0,64.0,20.0,64.0,0.07994483737950248
1.0,1.0,0.0,0.0,0.0,0.0,0.0,1.0,128.0,20.0,64.0,0.0779103743958055
1.0,1.0,0.0,0.0,0.0,0.0,0.0,2.0,128.0,20.0,64.0,0.06152543761435325
1.0,1.0,0.0,0.0,0.0,0.0,0.0,3.0,128.0,20.0,64.0,0.08170621808350859
1.0,1.0,0.0,0.0,0.0,0.0,0.0,4.0,128.0,20.0,64.0,0.06132062590458509
1.0,1.0,0.0,0.0,0.0,0.0,0.0,1.0,0.0,32.0,64.0,0.005174909200142019
1.0,1.0,0.0,0.0,0.0,0.0,0.0,2.0,0.0,32.0,64.0,0.004260083563177641
1.0,1.0,0.0,0.0,0.0,0.0,0.0,3.0,0.0,32.0,64.0,0.007659957945328921
1.0,1.0,0.0,0.0,0.0,0.0,0.0,4.0,0.0,32.0,64.0,0.007987656680958022
1.0,1.0,0.0,0.0,0.0,0.0,0.0,1.0,8.0,32.0,64.0,0.19732925530462336
1.0,1.0,0.0,0.0,0.0,0.0,0.0,2.0,8.0,32.0,64.0,0.19200415085065142
1.0,1.0,0.0,0.0,0.0,0.0,0.0,3.0,8.0,32.0,64.0,0.19948660531418122
1.0,1.0,0.0,0.0,0.0,0.0,0.0,4.0,8.0,32.0,64.0,0.1872661732980147
1.0,1.0,0.0,0.0,0.0,0.0,0.0,1.0,10.0,32.0,64.0,0.16490073459133242
1.0,1.0,0.0,0.0,0.0,0.0,0.0,2.0,10.0,32.0,64.0,0.15923427728774692
1.0,1.0,0.0,0.0,0.0,0.0,0.0,3.0,10.0,32.0,64.0,0.16896966055872636
1.0,1.0,0.0,0.0,0.0,0.0,0.0,4.0,10.0,32.0,64.0,0.15523362189027562
1.0,1.0,0.0,0.0,0.0,0.0,0.0,1.0,16.0,32.0,64.0,0.1242114749173927
1.0,1.0,0.0,0.0,0.0,0.0,0.0,2.0,16.0,32.0,64.0,0.10841366503727579
1.0,1.0,0.0,0.0,0.0,0.0,0.0,3.0,16.0,32.0,64.0,0.13087468254184992
1.0,1.0,0.0,0.0,0.0,0.0,0.0,4.0,16.0,32.0,64.0,0.1071028700947596
1.0,1.0,0.0,0.0,0.0,0.0,0.0,1.0,20.0,32.0,64.0,0.12458013599497536
1.0,1.0,0.0,0.0,0.0,0.0,0.0,2.0,20.0,32.0,64.0,0.09510090390234582
1.0,1.0,0.0,0.0,0.0,0.0,0.0,3.0,20.0,32.0,64.0,0.13069717906005085
1.0,1.0,0.0,0.0,0.0,0.0,0.0,4.0,20.0,32.0,64.0,0.096411698844862
1.0,1.0,0.0,0.0,0.0,0.0,0.0,1.0,32.0,32.0,64.0,0.1113356454299681
1.0,1.0,0.0,0.0,0.0,0.0,0.0,2.0,32.0,32.0,64.0,0.07511128102897408
1.0,1.0,0.0,0.0,0.0,0.0,0.0,3.0,32.0,32.0,64.0,0.1171249897594146
1.0,1.0,0.0,0.0,0.0,0.0,0.0,4.0,32.0,32.0,64.0,0.07501570223108228
1.0,1.0,0.0,0.0,0.0,0.0,0.0,1.0,64.0,32.0,64.0,0.11076217264261728
1.0,1.0,0.0,0.0,0.0,0.0,0.0,2.0,64.0,32.0,64.0,0.06390125344766384
1.0,1.0,0.0,0.0,0.0,0.0,0.0,3.0,64.0,32.0,64.0,0.11489936917993393
1.0,1.0,0.0,0.0,0.0,0.0,0.0,4.0,64.0,32.0,64.0,0.06287719489882304
1.0,1.0,0.0,0.0,0.0,0.0,0.0,1.0,128.0,32.0,64.0,0.0720800677244054
1.0,1.0,0.0,0.0,0.0,0.0,0.0,2.0,128.0,32.0,64.0,0.057265354051175665
1.0,1.0,0.0,0.0,0.0,0.0,0.0,3.0,128.0,32.0,64.0,0.07711843578470201
1.0,1.0,0.0,0.0,0.0,0.0,0.0,4.0,128.0,32.0,64.0,0.05863076544963003
1.0,1.0,0.0,0.0,0.0,0.0,0.0,1.0,0.0,64.0,64.0,0.01721783773450941
1.0,1.0,0.0,0.0,0.0,0.0,0.0,2.0,0.0,64.0,64.0,0.01563396051230237
1.0,1.0,0.0,0.0,0.0,0.0,0.0,3.0,0.0,64.0,64.0,0.011496763974985724
1.0,1.0,0.0,0.0,0.0,0.0,0.0,4.0,0.0,64.0,64.0,0.01387257980829626
1.0,1.0,0.0,0.0,0.0,0.0,0.0,1.0,8.0,64.0,64.0,0.13168027526693799
1.0,1.0,0.0,0.0,0.0,0.0,0.0,2.0,8.0,64.0,64.0,0.12508533821240342
1.0,1.0,0.0,0.0,0.0,0.0,0.0,3.0,8.0,64.0,64.0,0.13482072148338298
1.0,1.0,0.0,0.0,0.0,0.0,0.0,4.0,8.0,64.0,64.0,0.13027390152652996
1.0,1.0,0.0,0.0,0.0,0.0,0.0,1.0,10.0,64.0,64.0,0.11455801633032037
1.0,1.0,0.0,0.0,0.0,0.0,0.0,2.0,10.0,64.0,64.0,0.10652939730740879
1.0,1.0,0.0,0.0,0.0,0.0,0.0,3.0,10.0,64.0,64.0,0.11859963406974522
1.0,1.0,0.0,0.0,0.0,0.0,0.0,4.0,10.0,64.0,64.0,0.1125918239165461
1.0,1.0,0.0,0.0,0.0,0.0,0.0,1.0,16.0,64.0,64.0,0.0993882956934925
1.0,1.0,0.0,0.0,0.0,0.0,0.0,2.0,16.0,64.0,64.0,0.08192468390726132
1.0,1.0,0.0,0.0,0.0,0.0,0.0,3.0,16.0,64.0,64.0,0.10669324667522329
1.0,1.0,0.0,0.0,0.0,0.0,0.0,4.0,16.0,64.0,64.0,0.08282585543024118
1.0,1.0,0.0,0.0,0.0,0.0,0.0,1.0,20.0,64.0,64.0,0.10860482263305937
1.0,1.0,0.0,0.0,0.0,0.0,0.0,2.0,20.0,64.0,64.0,0.07684535350501115
1.0,1.0,0.0,0.0,0.0,0.0,0.0,3.0,20.0,64.0,64.0,0.11233239575083981
1.0,1.0,0.0,0.0,0.0,0.0,0.0,4.0,20.0,64.0,64.0,0.07774652502799101
1.0,1.0,0.0,0.0,0.0,0.0,0.0,1.0,32.0,64.0,64.0,0.10915098719244115
1.0,1.0,0.0,0.0,0.0,0.0,0.0,2.0,32.0,64.0,64.0,0.06543051421393276
1.0,1.0,0.0,0.0,0.0,0.0,0.0,3.0,32.0,64.0,64.0,0.11263278625849976
1.0,1.0,0.0,0.0,0.0,0.0,0.0,4.0,32.0,64.0,64.0,0.06803844998498054
1.0,1.0,0.0,0.0,0.0,0.0,0.0,1.0,64.0,64.0,64.0,0.1155684207651766
1.0,1.0,0.0,0.0,0.0,0.0,0.0,2.0,64.0,64.0,64.0,0.05778421038258835
1.0,1.0,0.0,0.0,0.0,0.0,0.0,3.0,64.0,64.0,64.0,0.11595073595674382
1.0,1.0,0.0,0.0,0.0,0.0,0.0,4.0,64.0,64.0,64.0,0.05452087714028242
1.0,1.0,0.0,0.0,0.0,0.0,0.0,1.0,128.0,64.0,64.0,0.06802479587099602
1.0,1.0,0.0,0.0,0.0,0.0,0.0,2.0,128.0,64.0,64.0,0.047925940085747853
1.0,1.0,0.0,0.0,0.0,0.0,0.0,3.0,128.0,64.0,64.0,0.07042791993227565
1.0,1.0,0.0,0.0,0.0,0.0,0.0,4.0,128.0,64.0,64.0,0.04740708375433528
1.0,1.0,0.0,0.0,0.0,0.0,0.0,1.0,0.0,128.0,64.0,0.14637210191430683
1.0,1.0,0.0,0.0,0.0,0.0,0.0,2.0,0.0,128.0,64.0,0.14574401267101783
1.0,1.0,0.0,0.0,0.0,0.0,0.0,3.0,0.0,128.0,64.0,0.13452033097572308
1.0,1.0,0.0,0.0,0.0,0.0,0.0,4.0,0.0,128.0,64.0,0.13404243698626406
1.0,1.0,0.0,0.0,0.0,0.0,0.0,1.0,8.0,128.0,64.0,0.17301127829815127
1.0,1.0,0.0,0.0,0.0,0.0,0.0,2.0,8.0,128.0,64.0,0.17593325869084359
1.0,1.0,0.0,0.0,0.0,0.0,0.0,3.0,8.0,128.0,64.0,0.1792785166170568
1.0,1.0,0.0,0.0,0.0,0.0,0.0,4.0,8.0,128.0,64.0,0.19418880908817832
1.0,1.0,0.0,0.0,0.0,0.0,0.0,1.0,10.0,128.0,64.0,0.15982140418908225
1.0,1.0,0.0,0.0,0.0,0.0,0.0,2.0,10.0,128.0,64.0,0.15609383107130187
1.0,1.0,0.0,0.0,0.0,0.0,0.0,3.0,10.0,128.0,64.0,0.16778175264207112
1.0,1.0,0.0,0.0,0.0,0.0,0.0,4.0,10.0,128.0,64.0,0.17185067860946507
1.0,1.0,0.0,0.0,0.0,0.0,0.0,1.0,16.0,128.0,64.0,0.13686883858106452
1.0,1.0,0.0,0.0,0.0,0.0,0.0,2.0,16.0,128.0,64.0,0.11857232584177618
1.0,1.0,0.0,0.0,0.0,0.0,0.0,3.0,16.0,128.0,64.0,0.14219394303503652
1.0,1.0,0.0,0.0,0.0,0.0,0.0,4.0,16.0,128.0,64.0,0.12112564515688579
1.0,1.0,0.0,0.0,0.0,0.0,0.0,1.0,20.0,128.0,64.0,0.13263606324585603
1.0,1.0,0.0,0.0,0.0,0.0,0.0,2.0,20.0,128.0,64.0,0.10304759824135018
1.0,1.0,0.0,0.0,0.0,0.0,0.0,3.0,20.0,128.0,64.0,0.136227095223791
1.0,1.0,0.0,0.0,0.0,0.0,0.0,4.0,20.0,128.0,64.0,0.10611977388787247
1.0,1.0,0.0,0.0,0.0,0.0,0.0,1.0,32.0,128.0,64.0,0.12003331603812234
1.0,1.0,0.0,0.0,0.0,0.0,0.0,2.0,32.0,128.0,64.0,0.0742374177339633
1.0,1.0,0.0,0.0,0.0,0.0,0.0,3.0,32.0,128.0,64.0,0.12236816952947932
1.0,1.0,0.0,0.0,0.0,0.0,0.0,4.0,32.0,128.0,64.0,0.07740517217837739
1.0,1.0,0.0,0.0,0.0,0.0,0.0,1.0,64.0,128.0,64.0,0.1180534695103635
1.0,1.0,0.0,0.0,0.0,0.0,0.0,2.0,64.0,128.0,64.0,0.057483819874928344
1.0,1.0,0.0,0.0,0.0,0.0,0.0,3.0,64.0,128.0,64.0,0.11814904830825534
1.0,1.0,0.0,0.0,0.0,0.0,0.0,4.0,64.0,128.0,64.0,0.05482126764794237
1.0,1.0,0.0,0.0,0.0,0.0,0.0,1.0,128.0,128.0,64.0,0.086840164941697
1.0,1.0,0.0,0.0,0.0,0.0,0.0,2.0,128.0,128.0,64.0,0.05551762746115407
1.0,1.0,0.0,0.0,0.0,0.0,0.0,3.0,128.0,128.0,64.0,0.08405472568885008
1.0,1.0,0.0,0.0,0.0,0.0,0.0,4.0,128.0,128.0,64.0,0.052786804664245346
1.0,1.0,0.0,0.0,0.0,0.0,0.0,1.0,0.0,0.0,128.0,0.19747945055845334
1.0,1.0,0.0,0.0,0.0,0.0,0.0,2.0,0.0,0.0,128.0,0.1964827002375817
1.0,1.0,0.0,0.0,0.0,0.0,0.0,3.0,0.0,0.0,128.0,0.1890821704579591
1.0,1.0,0.0,0.0,0.0,0.0,0.0,4.0,0.0,0.0,128.0,0.18878177995029904
1.0,1.0,0.0,0.0,0.0,0.0,0.0,1.0,8.0,0.0,128.0,0.24948797072557977
1.0,1.0,0.0,0.0,0.0,0.0,0.0,2.0,8.0,0.0,128.0,0.24316611595073606
1.0,1.0,0.0,0.0,0.0,0.0,0.0,3.0,8.0,0.0,128.0,0.2537344001747727
1.0,1.0,0.0,0.0,0.0,0.0,0.0,4.0,8.0,0.0,128.0,0.23887872415958938
1.0,1.0,0.0,0.0,0.0,0.0,0.0,1.0,10.0,0.0,128.0,0.21527076108031357
1.0,1.0,0.0,0.0,0.0,0.0,0.0,2.0,10.0,0.0,128.0,0.20412900406892603
1.0,1.0,0.0,0.0,0.0,0.0,0.0,3.0,10.0,0.0,128.0,0.22159261585515727
1.0,1.0,0.0,0.0,0.0,0.0,0.0,4.0,10.0,0.0,128.0,0.20822523826428913
1.0,1.0,0.0,0.0,0.0,0.0,0.0,1.0,16.0,0.0,128.0,0.1569130779103745
1.0,1.0,0.0,0.0,0.0,0.0,0.0,2.0,16.0,0.0,128.0,0.1401594800513395
1.0,1.0,0.0,0.0,0.0,0.0,0.0,3.0,16.0,0.0,128.0,0.16043583931838673
1.0,1.0,0.0,0.0,0.0,0.0,0.0,4.0,16.0,0.0,128.0,0.1392310003003906
1.0,1.0,0.0,0.0,0.0,0.0,0.0,1.0,20.0,0.0,128.0,0.14293126519020188
1.0,1.0,0.0,0.0,0.0,0.0,0.0,2.0,20.0,0.0,128.0,0.11840847647396169
1.0,1.0,0.0,0.0,0.0,0.0,0.0,3.0,20.0,0.0,128.0,0.14609901963461597
1.0,1.0,0.0,0.0,0.0,0.0,0.0,4.0,20.0,0.0,128.0,0.12198585433791209
1.0,1.0,0.0,0.0,0.0,0.0,0.0,1.0,32.0,0.0,128.0,0.12488052650263526
1.0,1.0,0.0,0.0,0.0,0.0,0.0,2.0,32.0,0.0,128.0,0.09198776591386992
1.0,1.0,0.0,0.0,0.0,0.0,0.0,3.0,32.0,0.0,128.0,0.12890849012807565
1.0,1.0,0.0,0.0,0.0,0.0,0.0,4.0,32.0,0.0,128.0,0.09099101559299821
1.0,1.0,0.0,0.0,0.0,0.0,0.0,1.0,64.0,0.0,128.0,0.16921543461044825
1.0,1.0,0.0,0.0,0.0,0.0,0.0,2.0,64.0,0.0,128.0,0.2121439689778531
1.0,1.0,0.0,0.0,0.0,0.0,0.0,3.0,64.0,0.0,128.0,0.16186952128676374
1.0,1.0,0.0,0.0,0.0,0.0,0.0,4.0,64.0,0.0,128.0,0.2003741227231765
1.0,1.0,0.0,0.0,0.0,0.0,0.0,1.0,128.0,0.0,128.0,0.22639886397771652
1.0,1.0,0.0,0.0,0.0,0.0,0.0,2.0,128.0,0.0,128.0,0.24582866817772203
1.0,1.0,0.0,0.0,0.0,0.0,0.0,3.0,128.0,0.0,128.0,0.24293399601299887
1.0,1.0,0.0,0.0,0.0,0.0,0.0,4.0,128.0,0.0,128.0,0.2539255577705564
1.0,1.0,0.0,0.0,0.0,0.0,0.0,1.0,0.0,8.0,128.0,0.0308446434910839
1.0,1.0,0.0,0.0,0.0,0.0,0.0,2.0,0.0,8.0,128.0,0.030612523553346704
1.0,1.0,0.0,0.0,0.0,0.0,0.0,3.0,0.0,8.0,128.0,0.04078483847183162
1.0,1.0,0.0,0.0,0.0,0.0,0.0,4.0,0.0,8.0,128.0,0.040566372648078886
1.0,1.0,0.0,0.0,0.0,0.0,0.0,1.0,8.0,8.0,128.0,0.6644228406018735
1.0,1.0,0.0,0.0,0.0,0.0,0.0,2.0,8.0,8.0,128.0,0.6559709440454411
1.0,1.0,0.0,0.0,0.0,0.0,0.0,3.0,8.0,8.0,128.0,0.6559163275895028
1.0,1.0,0.0,0.0,0.0,0.0,0.0,4.0,8.0,8.0,128.0,0.6539910975176821
1.0,1.0,0.0,0.0,0.0,0.0,0.0,1.0,10.0,8.0,128.0,0.5476938201480108
1.0,1.0,0.0,0.0,0.0,0.0,0.0,2.0,10.0,8.0,128.0,0.5431333460771732
1.0,1.0,0.0,0.0,0.0,0.0,0.0,3.0,10.0,8.0,128.0,0.5520085201671263
1.0,1.0,0.0,0.0,0.0,0.0,0.0,4.0,10.0,8.0,128.0,0.5365930254785769
1.0,1.0,0.0,0.0,0.0,0.0,0.0,1.0,16.0,8.0,128.0,0.3733580927933587
1.0,1.0,0.0,0.0,0.0,0.0,0.0,2.0,16.0,8.0,128.0,0.367637019033835
1.0,1.0,0.0,0.0,0.0,0.0,0.0,3.0,16.0,8.0,128.0,0.37458696305196765
1.0,1.0,0.0,0.0,0.0,0.0,0.0,4.0,16.0,8.0,128.0,0.36003167754444415
1.0,1.0,0.0,0.0,0.0,0.0,0.0,1.0,20.0,8.0,128.0,0.3319724733062072
1.0,1.0,0.0,0.0,0.0,0.0,0.0,2.0,20.0,8.0,128.0,0.31038531909664396
1.0,1.0,0.0,0.0,0.0,0.0,0.0,3.0,20.0,8.0,128.0,0.333474425844507
1.0,1.0,0.0,0.0,0.0,0.0,0.0,4.0,20.0,8.0,128.0,0.3132526830333981
1.0,1.0,0.0,0.0,0.0,0.0,0.0,1.0,32.0,8.0,128.0,0.2547174963816599
1.0,1.0,0.0,0.0,0.0,0.0,0.0,2.0,32.0,8.0,128.0,0.2349599934460253
1.0,1.0,0.0,0.0,0.0,0.0,0.0,3.0,32.0,8.0,128.0,0.25813102487779577
1.0,1.0,0.0,0.0,0.0,0.0,0.0,4.0,32.0,8.0,128.0,0.23284360577842106
1.0,1.0,0.0,0.0,0.0,0.0,0.0,1.0,64.0,8.0,128.0,0.18529998088424043
1.0,1.0,0.0,0.0,0.0,0.0,0.0,2.0,64.0,8.0,128.0,0.15911139026188598
1.0,1.0,0.0,0.0,0.0,0.0,0.0,3.0,64.0,8.0,128.0,0.19752041290040695
1.0,1.0,0.0,0.0,0.0,0.0,0.0,4.0,64.0,8.0,128.0,0.15651710860482265
1.0,1.0,0.0,0.0,0.0,0.0,0.0,1.0,128.0,8.0,128.0,0.1350664955351048
1.0,1.0,0.0,0.0,0.0,0.0,0.0,2.0,128.0,8.0,128.0,0.11757557552090447
1.0,1.0,0.0,0.0,0.0,0.0,0.0,3.0,128.0,8.0,128.0,0.14089680220650486
1.0,1.0,0.0,0.0,0.0,0.0,0.0,4.0,128.0,8.0,128.0,0.11425762582266041
1.0,1.0,0.0,0.0,0.0,0.0,0.0,1.0,0.0,10.0,128.0,0.05255468472650815
1.0,1.0,0.0,0.0,0.0,0.0,0.0,2.0,0.0,10.0,128.0,0.049509817307954895
1.0,1.0,0.0,0.0,0.0,0.0,0.0,3.0,0.0,10.0,128.0,0.055954559108659485
1.0,1.0,0.0,0.0,0.0,0.0,0.0,4.0,0.0,10.0,128.0,0.05573609328490681
1.0,1.0,0.0,0.0,0.0,0.0,0.0,1.0,8.0,10.0,128.0,0.5679155629591197
1.0,1.0,0.0,0.0,0.0,0.0,0.0,2.0,8.0,10.0,128.0,0.5558180179688141
1.0,1.0,0.0,0.0,0.0,0.0,0.0,3.0,8.0,10.0,128.0,0.571137933859472
1.0,1.0,0.0,0.0,0.0,0.0,0.0,4.0,8.0,10.0,128.0,0.5574428575329748
1.0,1.0,0.0,0.0,0.0,0.0,0.0,1.0,10.0,10.0,128.0,0.47132636063245864
1.0,1.0,0.0,0.0,0.0,0.0,0.0,2.0,10.0,10.0,128.0,0.4593926650099676
1.0,1.0,0.0,0.0,0.0,0.0,0.0,3.0,10.0,10.0,128.0,0.4754908653977445
1.0,1.0,0.0,0.0,0.0,0.0,0.0,4.0,10.0,10.0,128.0,0.46373467325705237
1.0,1.0,0.0,0.0,0.0,0.0,0.0,1.0,16.0,10.0,128.0,0.33636909800923037
1.0,1.0,0.0,0.0,0.0,0.0,0.0,2.0,16.0,10.0,128.0,0.3235205767497748
1.0,1.0,0.0,0.0,0.0,0.0,0.0,3.0,16.0,10.0,128.0,0.3449438815915236
1.0,1.0,0.0,0.0,0.0,0.0,0.0,4.0,16.0,10.0,128.0,0.3183593216636173
1.0,1.0,0.0,0.0,0.0,0.0,0.0,1.0,20.0,10.0,128.0,0.3081323902891942
1.0,1.0,0.0,0.0,0.0,0.0,0.0,2.0,20.0,10.0,128.0,0.27904912750211647
1.0,1.0,0.0,0.0,0.0,0.0,0.0,3.0,20.0,10.0,128.0,0.3142221251263006
1.0,1.0,0.0,0.0,0.0,0.0,0.0,4.0,20.0,10.0,128.0,0.28086512466206076
1.0,1.0,0.0,0.0,0.0,0.0,0.0,1.0,32.0,10.0,128.0,0.24683907261257815
1.0,1.0,0.0,0.0,0.0,0.0,0.0,2.0,32.0,10.0,128.0,0.21503864114257637
1.0,1.0,0.0,0.0,0.0,0.0,0.0,3.0,32.0,10.0,128.0,0.2545399928998608
1.0,1.0,0.0,0.0,0.0,0.0,0.0,4.0,32.0,10.0,128.0,0.2161446243753244
1.0,1.0,0.0,0.0,0.0,0.0,0.0,1.0,64.0,10.0,128.0,0.20203992462929093
1.0,1.0,0.0,0.0,0.0,0.0,0.0,2.0,64.0,10.0,128.0,0.16223818236434645
1.0,1.0,0.0,0.0,0.0,0.0,0.0,3.0,64.0,10.0,128.0,0.21213031486386852
1.0,1.0,0.0,0.0,0.0,0.0,0.0,4.0,64.0,10.0,128.0,0.1586744586143805
1.0,1.0,0.0,0.0,0.0,0.0,0.0,1.0,128.0,10.0,128.0,0.14429667658865625
1.0,1.0,0.0,0.0,0.0,0.0,0.0,2.0,128.0,10.0,128.0,0.12388377618176366
1.0,1.0,0.0,0.0,0.0,0.0,0.0,3.0,128.0,10.0,128.0,0.1517381687102325
1.0,1.0,0.0,0.0,0.0,0.0,0.0,4.0,128.0,10.0,128.0,0.12270952237909288
1.0,1.0,0.0,0.0,0.0,0.0,0.0,1.0,0.0,16.0,128.0,0.016603402605204987
1.0,1.0,0.0,0.0,0.0,0.0,0.0,2.0,0.0,16.0,128.0,0.015388186460580655
1.0,1.0,0.0,0.0,0.0,0.0,0.0,3.0,0.0,16.0,128.0,0.02038559217892355
1.0,1.0,0.0,0.0,0.0,0.0,0.0,4.0,0.0,16.0,128.0,0.020767907370490724
1.0,1.0,0.0,0.0,0.0,0.0,0.0,1.0,8.0,16.0,128.0,0.34716950217100423
1.0,1.0,0.0,0.0,0.0,0.0,0.0,2.0,8.0,16.0,128.0,0.34557197083481267
1.0,1.0,0.0,0.0,0.0,0.0,0.0,3.0,8.0,16.0,128.0,0.3503372566154183
1.0,1.0,0.0,0.0,0.0,0.0,0.0,4.0,8.0,16.0,128.0,0.3446707993118327
1.0,1.0,0.0,0.0,0.0,0.0,0.0,1.0,10.0,16.0,128.0,0.2885250826073897
1.0,1.0,0.0,0.0,0.0,0.0,0.0,2.0,10.0,16.0,128.0,0.2856850268986046
1.0,1.0,0.0,0.0,0.0,0.0,0.0,3.0,10.0,16.0,128.0,0.2965127392883476
1.0,1.0,0.0,0.0,0.0,0.0,0.0,4.0,10.0,16.0,128.0,0.2817799502990252
1.0,1.0,0.0,0.0,0.0,0.0,0.0,1.0,16.0,16.0,128.0,0.2053988366694886
1.0,1.0,0.0,0.0,0.0,0.0,0.0,2.0,16.0,16.0,128.0,0.1971654059368088
1.0,1.0,0.0,0.0,0.0,0.0,0.0,3.0,16.0,16.0,128.0,0.21412381550561194
1.0,1.0,0.0,0.0,0.0,0.0,0.0,4.0,16.0,16.0,128.0,0.19313744231136848
1.0,1.0,0.0,0.0,0.0,0.0,0.0,1.0,20.0,16.0,128.0,0.19305551762746126
1.0,1.0,0.0,0.0,0.0,0.0,0.0,2.0,20.0,16.0,128.0,0.17069007892077886
1.0,1.0,0.0,0.0,0.0,0.0,0.0,3.0,20.0,16.0,128.0,0.19943198885824304
1.0,1.0,0.0,0.0,0.0,0.0,0.0,4.0,20.0,16.0,128.0,0.1694612086621699
1.0,1.0,0.0,0.0,0.0,0.0,0.0,1.0,32.0,16.0,128.0,0.1582648351948442
1.0,1.0,0.0,0.0,0.0,0.0,0.0,2.0,32.0,16.0,128.0,0.12929080531964288
1.0,1.0,0.0,0.0,0.0,0.0,0.0,3.0,32.0,16.0,128.0,0.1647232311095334
1.0,1.0,0.0,0.0,0.0,0.0,0.0,4.0,32.0,16.0,128.0,0.13097026133974177
1.0,1.0,0.0,0.0,0.0,0.0,0.0,1.0,64.0,16.0,128.0,0.14444687184248622
1.0,1.0,0.0,0.0,0.0,0.0,0.0,2.0,64.0,16.0,128.0,0.10824981566946129
1.0,1.0,0.0,0.0,0.0,0.0,0.0,3.0,64.0,16.0,128.0,0.15171086048226334
1.0,1.0,0.0,0.0,0.0,0.0,0.0,4.0,64.0,16.0,128.0,0.1077309593380486
1.0,1.0,0.0,0.0,0.0,0.0,0.0,1.0,128.0,16.0,128.0,0.09105928616292092
1.0,1.0,0.0,0.0,0.0,0.0,0.0,2.0,128.0,16.0,128.0,0.07431934241787058
1.0,1.0,0.0,0.0,0.0,0.0,0.0,3.0,128.0,16.0,128.0,0.09695786340424373
1.0,1.0,0.0,0.0,0.0,0.0,0.0,4.0,128.0,16.0,128.0,0.07552090444851034
1.0,1.0,0.0,0.0,0.0,0.0,0.0,1.0,0.0,20.0,128.0,0.010595592452005809
1.0,1.0,0.0,0.0,0.0,0.0,0.0,2.0,0.0,20.0,128.0,0.010295201944345855
1.0,1.0,0.0,0.0,0.0,0.0,0.0,3.0,0.0,20.0,128.0,0.015046833610967036
1.0,1.0,0.0,0.0,0.0,0.0,0.0,4.0,0.0,20.0,128.0,0.014104699746033511
1.0,1.0,0.0,0.0,0.0,0.0,0.0,1.0,8.0,20.0,128.0,0.29202053578743287
1.0,1.0,0.0,0.0,0.0,0.0,0.0,2.0,8.0,20.0,128.0,0.2831180534695105
1.0,1.0,0.0,0.0,0.0,0.0,0.0,3.0,8.0,20.0,128.0,0.29383653294737716
1.0,1.0,0.0,0.0,0.0,0.0,0.0,4.0,8.0,20.0,128.0,0.2833501734072477
1.0,1.0,0.0,0.0,0.0,0.0,0.0,1.0,10.0,20.0,128.0,0.2458832846336601
1.0,1.0,0.0,0.0,0.0,0.0,0.0,2.0,10.0,20.0,128.0,0.23582020262705156
1.0,1.0,0.0,0.0,0.0,0.0,0.0,3.0,10.0,20.0,128.0,0.24670253147273274
1.0,1.0,0.0,0.0,0.0,0.0,0.0,4.0,10.0,20.0,128.0,0.2356153909172834
1.0,1.0,0.0,0.0,0.0,0.0,0.0,1.0,16.0,20.0,128.0,0.17748982768508154
1.0,1.0,0.0,0.0,0.0,0.0,0.0,2.0,16.0,20.0,128.0,0.16386302192850705
1.0,1.0,0.0,0.0,0.0,0.0,0.0,3.0,16.0,20.0,128.0,0.18408476473961616
1.0,1.0,0.0,0.0,0.0,0.0,0.0,4.0,16.0,20.0,128.0,0.16384936781452258
1.0,1.0,0.0,0.0,0.0,0.0,0.0,1.0,20.0,20.0,128.0,0.16864196182309737
1.0,1.0,0.0,0.0,0.0,0.0,0.0,2.0,20.0,20.0,128.0,0.14263087468254187
1.0,1.0,0.0,0.0,0.0,0.0,0.0,3.0,20.0,20.0,128.0,0.17261530899259953
1.0,1.0,0.0,0.0,0.0,0.0,0.0,4.0,20.0,20.0,128.0,0.1446653376662389
1.0,1.0,0.0,0.0,0.0,0.0,0.0,1.0,32.0,20.0,128.0,0.14504765285780613
1.0,1.0,0.0,0.0,0.0,0.0,0.0,2.0,32.0,20.0,128.0,0.1100111963734674
1.0,1.0,0.0,0.0,0.0,0.0,0.0,3.0,32.0,20.0,128.0,0.14981293863841183
1.0,1.0,0.0,0.0,0.0,0.0,0.0,4.0,32.0,20.0,128.0,0.11406646822687683
1.0,1.0,0.0,0.0,0.0,0.0,0.0,1.0,64.0,20.0,128.0,0.13658210218738914
1.0,1.0,0.0,0.0,0.0,0.0,0.0,2.0,64.0,20.0,128.0,0.09380376307381416
1.0,1.0,0.0,0.0,0.0,0.0,0.0,3.0,64.0,20.0,128.0,0.14123815505611848
1.0,1.0,0.0,0.0,0.0,0.0,0.0,4.0,64.0,20.0,128.0,0.09522379092820671
1.0,1.0,0.0,0.0,0.0,0.0,0.0,1.0,128.0,20.0,128.0,0.08133755700592599
1.0,1.0,0.0,0.0,0.0,0.0,0.0,2.0,128.0,20.0,128.0,0.0655260930118245
1.0,1.0,0.0,0.0,0.0,0.0,0.0,3.0,128.0,20.0,128.0,0.0845326196783091
1.0,1.0,0.0,0.0,0.0,0.0,0.0,4.0,128.0,20.0,128.0,0.06551243889783998
1.0,1.0,0.0,0.0,0.0,0.0,0.0,1.0,0.0,32.0,128.0,0.002621589885032416
1.0,1.0,0.0,0.0,0.0,0.0,0.0,2.0,0.0,32.0,128.0,0.0025806275430787506
1.0,1.0,0.0,0.0,0.0,0.0,0.0,3.0,0.0,32.0,128.0,0.006335508888828223
1.0,1.0,0.0,0.0,0.0,0.0,0.0,4.0,0.0,32.0,128.0,0.006321854774843705
1.0,1.0,0.0,0.0,0.0,0.0,0.0,1.0,8.0,32.0,128.0,0.20640924110434483
1.0,1.0,0.0,0.0,0.0,0.0,0.0,2.0,8.0,32.0,128.0,0.20096124962451195
1.0,1.0,0.0,0.0,0.0,0.0,0.0,3.0,8.0,32.0,128.0,0.2083754335181191
1.0,1.0,0.0,0.0,0.0,0.0,0.0,4.0,8.0,32.0,128.0,0.2055899942652722
1.0,1.0,0.0,0.0,0.0,0.0,0.0,1.0,10.0,32.0,128.0,0.1771348207214835
1.0,1.0,0.0,0.0,0.0,0.0,0.0,2.0,10.0,32.0,128.0,0.1696933285999072
1.0,1.0,0.0,0.0,0.0,0.0,0.0,3.0,10.0,32.0,128.0,0.18172260302029003
1.0,1.0,0.0,0.0,0.0,0.0,0.0,4.0,10.0,32.0,128.0,0.17581037166498265
1.0,1.0,0.0,0.0,0.0,0.0,0.0,1.0,16.0,32.0,128.0,0.14209836423714473
1.0,1.0,0.0,0.0,0.0,0.0,0.0,2.0,16.0,32.0,128.0,0.1253720746060789
1.0,1.0,0.0,0.0,0.0,0.0,0.0,3.0,16.0,32.0,128.0,0.1488434965455092
1.0,1.0,0.0,0.0,0.0,0.0,0.0,4.0,16.0,32.0,128.0,0.12494879707255802
1.0,1.0,0.0,0.0,0.0,0.0,0.0,1.0,20.0,32.0,128.0,0.1440918648788881
1.0,1.0,0.0,0.0,0.0,0.0,0.0,2.0,20.0,32.0,128.0,0.11151314891176717
1.0,1.0,0.0,0.0,0.0,0.0,0.0,3.0,20.0,32.0,128.0,0.14963543515661276
1.0,1.0,0.0,0.0,0.0,0.0,0.0,4.0,20.0,32.0,128.0,0.11339741664163416
1.0,1.0,0.0,0.0,0.0,0.0,0.0,1.0,32.0,32.0,128.0,0.13386493350446493
1.0,1.0,0.0,0.0,0.0,0.0,0.0,2.0,32.0,32.0,128.0,0.09127775198667365
1.0,1.0,0.0,0.0,0.0,0.0,0.0,3.0,32.0,32.0,128.0,0.1392992708703133
1.0,1.0,0.0,0.0,0.0,0.0,0.0,4.0,32.0,32.0,128.0,0.09421338649335048
1.0,1.0,0.0,0.0,0.0,0.0,0.0,1.0,64.0,32.0,128.0,0.1214943062344685
1.0,1.0,0.0,0.0,0.0,0.0,0.0,2.0,64.0,32.0,128.0,0.07399164368224148
1.0,1.0,0.0,0.0,0.0,0.0,0.0,3.0,64.0,32.0,128.0,0.12445724896911442
1.0,1.0,0.0,0.0,0.0,0.0,0.0,4.0,64.0,32.0,128.0,0.07274911930964806
1.0,1.0,0.0,0.0,0.0,0.0,0.0,1.0,128.0,32.0,128.0,0.07091946803571919
1.0,1.0,0.0,0.0,0.0,0.0,0.0,2.0,128.0,32.0,128.0,0.056091100248504944
1.0,1.0,0.0,0.0,0.0,0.0,0.0,3.0,128.0,32.0,128.0,0.07590321964007762
1.0,1.0,0.0,0.0,0.0,0.0,0.0,4.0,128.0,32.0,128.0,0.05753843633086653
1.0,1.0,0.0,0.0,0.0,0.0,0.0,1.0,0.0,64.0,128.0,0.01514241240885883
1.0,1.0,0.0,0.0,0.0,0.0,0.0,2.0,0.0,64.0,128.0,0.014213932657909822
1.0,1.0,0.0,0.0,0.0,0.0,0.0,3.0,0.0,64.0,128.0,0.010595592452005809
1.0,1.0,0.0,0.0,0.0,0.0,0.0,4.0,0.0,64.0,128.0,0.011633305114831183
1.0,1.0,0.0,0.0,0.0,0.0,0.0,1.0,8.0,64.0,128.0,0.21838389906878947
1.0,1.0,0.0,0.0,0.0,0.0,0.0,2.0,8.0,64.0,128.0,0.20583576831699396
1.0,1.0,0.0,0.0,0.0,0.0,0.0,3.0,8.0,64.0,128.0,0.22824216936562997
1.0,1.0,0.0,0.0,0.0,0.0,0.0,4.0,8.0,64.0,128.0,0.22635790163576291
1.0,1.0,0.0,0.0,0.0,0.0,0.0,1.0,10.0,64.0,128.0,0.1989404407547995
1.0,1.0,0.0,0.0,0.0,0.0,0.0,2.0,10.0,64.0,128.0,0.1809033561812175
1.0,1.0,0.0,0.0,0.0,0.0,0.0,3.0,10.0,64.0,128.0,0.2075834949070156
1.0,1.0,0.0,0.0,0.0,0.0,0.0,4.0,10.0,64.0,128.0,0.19858543379120136
1.0,1.0,0.0,0.0,0.0,0.0,0.0,1.0,16.0,64.0,128.0,0.16111854501761386
1.0,1.0,0.0,0.0,0.0,0.0,0.0,2.0,16.0,64.0,128.0,0.1352576531308884
1.0,1.0,0.0,0.0,0.0,0.0,0.0,3.0,16.0,64.0,128.0,0.16353532319287806
1.0,1.0,0.0,0.0,0.0,0.0,0.0,4.0,16.0,64.0,128.0,0.13461590977361487
1.0,1.0,0.0,0.0,0.0,0.0,0.0,1.0,20.0,64.0,128.0,0.1513421994046807
1.0,1.0,0.0,0.0,0.0,0.0,0.0,2.0,20.0,64.0,128.0,0.11653786285807916
1.0,1.0,0.0,0.0,0.0,0.0,0.0,3.0,20.0,64.0,128.0,0.15299434719681043
1.0,1.0,0.0,0.0,0.0,0.0,0.0,4.0,20.0,64.0,128.0,0.1167290204538628
1.0,1.0,0.0,0.0,0.0,0.0,0.0,1.0,32.0,64.0,128.0,0.1269286436003168
1.0,1.0,0.0,0.0,0.0,0.0,0.0,2.0,32.0,64.0,128.0,0.08170621808350859
1.0,1.0,0.0,0.0,0.0,0.0,0.0,3.0,32.0,64.0,128.0,0.12980966165105556
1.0,1.0,0.0,0.0,0.0,0.0,0.0,4.0,32.0,64.0,128.0,0.08217045795898309
1.0,1.0,0.0,0.0,0.0,0.0,0.0,1.0,64.0,64.0,128.0,0.11450339987438218
1.0,1.0,0.0,0.0,0.0,0.0,0.0,2.0,64.0,64.0,128.0,0.05823479614407823
1.0,1.0,0.0,0.0,0.0,0.0,0.0,3.0,64.0,64.0,128.0,0.11524072202954755
1.0,1.0,0.0,0.0,0.0,0.0,0.0,4.0,64.0,64.0,128.0,0.05379720909910157
1.0,1.0,0.0,0.0,0.0,0.0,0.0,1.0,128.0,64.0,128.0,0.06429722275321559
1.0,1.0,0.0,0.0,0.0,0.0,0.0,2.0,128.0,64.0,128.0,0.04535896665665373
1.0,1.0,0.0,0.0,0.0,0.0,0.0,3.0,128.0,64.0,128.0,0.06736939839973788
1.0,1.0,0.0,0.0,0.0,0.0,0.0,4.0,128.0,64.0,128.0,0.04475818564133377
1.0,1.0,0.0,0.0,0.0,0.0,0.0,1.0,0.0,128.0,128.0,0.1446243753242853
1.0,1.0,0.0,0.0,0.0,0.0,0.0,2.0,0.0,128.0,128.0,0.14320434746989275
1.0,1.0,0.0,0.0,0.0,0.0,0.0,3.0,0.0,128.0,128.0,0.13252683033397966
1.0,1.0,0.0,0.0,0.0,0.0,0.0,4.0,0.0,128.0,128.0,0.13252683033397966
1.0,1.0,0.0,0.0,0.0,0.0,0.0,1.0,8.0,128.0,128.0,0.2489554602801824
1.0,1.0,0.0,0.0,0.0,0.0,0.0,2.0,8.0,128.0,128.0,0.23609328490674247
1.0,1.0,0.0,0.0,0.0,0.0,0.0,3.0,8.0,128.0,128.0,0.25348862612305095
1.0,1.0,0.0,0.0,0.0,0.0,0.0,4.0,8.0,128.0,128.0,0.2366940659220625
1.0,1.0,0.0,0.0,0.0,0.0,0.0,1.0,10.0,128.0,128.0,0.21615827848930885
1.0,1.0,0.0,0.0,0.0,0.0,0.0,2.0,10.0,128.0,128.0,0.19622327207187534
1.0,1.0,0.0,0.0,0.0,0.0,0.0,3.0,10.0,128.0,128.0,0.2223709003522762
1.0,1.0,0.0,0.0,0.0,0.0,0.0,4.0,10.0,128.0,128.0,0.20498921324995228
1.0,1.0,0.0,0.0,0.0,0.0,0.0,1.0,16.0,128.0,128.0,0.15922062317376234
1.0,1.0,0.0,0.0,0.0,0.0,0.0,2.0,16.0,128.0,128.0,0.13544881072667198
1.0,1.0,0.0,0.0,0.0,0.0,0.0,3.0,16.0,128.0,128.0,0.16278434692372817
1.0,1.0,0.0,0.0,0.0,0.0,0.0,4.0,16.0,128.0,128.0,0.13482072148338298
1.0,1.0,0.0,0.0,0.0,0.0,0.0,1.0,20.0,128.0,128.0,0.1440099401949808
1.0,1.0,0.0,0.0,0.0,0.0,0.0,2.0,20.0,128.0,128.0,0.11099429258035454
1.0,1.0,0.0,0.0,0.0,0.0,0.0,3.0,20.0,128.0,128.0,0.14739616046314757
1.0,1.0,0.0,0.0,0.0,0.0,0.0,4.0,20.0,128.0,128.0,0.1138889647450777
1.0,1.0,0.0,0.0,0.0,0.0,0.0,1.0,32.0,128.0,128.0,0.12243644009940202
1.0,1.0,0.0,0.0,0.0,0.0,0.0,2.0,32.0,128.0,128.0,0.07487916109123682
1.0,1.0,0.0,0.0,0.0,0.0,0.0,3.0,32.0,128.0,128.0,0.12489418061661989
1.0,1.0,0.0,0.0,0.0,0.0,0.0,4.0,32.0,128.0,128.0,0.07826538135940364
1.0,1.0,0.0,0.0,0.0,0.0,0.0,1.0,64.0,128.0,128.0,0.11708402741746093
1.0,1.0,0.0,0.0,0.0,0.0,0.0,2.0,64.0,128.0,128.0,0.05502607935771053
1.0,1.0,0.0,0.0,0.0,0.0,0.0,3.0,64.0,128.0,128.0,0.11724787678527548
1.0,1.0,0.0,0.0,0.0,0.0,0.0,4.0,64.0,128.0,128.0,0.05307354105792084
1.0,1.0,0.0,0.0,0.0,0.0,0.0,1.0,128.0,128.0,128.0,0.08555667822714985
1.0,1.0,0.0,0.0,0.0,0.0,0.0,2.0,128.0,128.0,128.0,0.05192659548321915
1.0,1.0,0.0,0.0,0.0,0.0,0.0,3.0,128.0,128.0,128.0,0.08148775225975591
1.0,1.0,0.0,0.0,0.0,0.0,0.0,4.0,128.0,128.0,128.0,0.05068407111062573
