root,opt_useAddressPrecalc,opt_vectorize,simd_avoidUnaligned,data_alignFieldPointers,opt_unroll_interleave,no_explorationId,explorationId,poly_tileSize_x,poly_tileSize_y,poly_tileSize_z,performance
1.0,0.0,0.0,0.0,0.0,0.0,1.0,0.0,0.0,0.0,0.0,0.29333133072994894
1.0,0.0,0.0,0.0,0.0,0.0,0.0,1.0,0.0,0.0,0.0,0.21834293672683586
1.0,0.0,0.0,0.0,0.0,0.0,0.0,2.0,0.0,0.0,0.0,0.21782408039542317
1.0,0.0,0.0,0.0,0.0,0.0,0.0,3.0,0.0,0.0,0.0,0.20681886452388115
1.0,0.0,0.0,0.0,0.0,0.0,0.0,4.0,0.0,0.0,0.0,0.2100958518801716
1.0,0.0,0.0,0.0,0.0,0.0,0.0,1.0,8.0,0.0,0.0,0.40014746443103316
1.0,0.0,0.0,0.0,0.0,0.0,0.0,2.0,8.0,0.0,0.0,0.39461754826729306
1.0,0.0,0.0,0.0,0.0,0.0,0.0,3.0,8.0,0.0,0.0,0.2648078866162375
1.0,0.0,0.0,0.0,0.0,0.0,0.0,4.0,8.0,0.0,0.0,0.23851006308200667
1.0,0.0,0.0,0.0,0.0,0.0,0.0,1.0,10.0,0.0,0.0,0.36849722821486114
1.0,0.0,0.0,0.0,0.0,0.0,0.0,2.0,10.0,0.0,0.0,0.3616428629946204
1.0,0.0,0.0,0.0,0.0,0.0,0.0,3.0,10.0,0.0,0.0,0.23415440072093724
1.0,0.0,0.0,0.0,0.0,0.0,0.0,4.0,10.0,0.0,0.0,0.22799639531390808
1.0,0.0,0.0,0.0,0.0,0.0,0.0,1.0,16.0,0.0,0.0,0.27046068980583854
1.0,0.0,0.0,0.0,0.0,0.0,0.0,2.0,16.0,0.0,0.0,0.2655452087714028
1.0,0.0,0.0,0.0,0.0,0.0,0.0,3.0,16.0,0.0,0.0,0.16741309156448841
1.0,0.0,0.0,0.0,0.0,0.0,0.0,4.0,16.0,0.0,0.0,0.17013026024741257
1.0,0.0,0.0,0.0,0.0,0.0,0.0,1.0,20.0,0.0,0.0,0.2443949862093449
1.0,0.0,0.0,0.0,0.0,0.0,0.0,2.0,20.0,0.0,0.0,0.25985144323984827
1.0,0.0,0.0,0.0,0.0,0.0,0.0,3.0,20.0,0.0,0.0,0.1493623528769219
1.0,0.0,0.0,0.0,0.0,0.0,0.0,4.0,20.0,0.0,0.0,0.15169720636827883
1.0,0.0,0.0,0.0,0.0,0.0,0.0,1.0,32.0,0.0,0.0,0.19164914388705317
1.0,0.0,0.0,0.0,0.0,0.0,0.0,2.0,32.0,0.0,0.0,0.18949179387749532
1.0,0.0,0.0,0.0,0.0,0.0,0.0,3.0,32.0,0.0,0.0,0.12554957808787792
1.0,0.0,0.0,0.0,0.0,0.0,0.0,4.0,32.0,0.0,0.0,0.12511264644037257
1.0,0.0,0.0,0.0,0.0,0.0,0.0,1.0,64.0,0.0,0.0,0.24492749665474206
1.0,0.0,0.0,0.0,0.0,0.0,0.0,2.0,64.0,0.0,0.0,0.33754335181190104
1.0,0.0,0.0,0.0,0.0,0.0,0.0,3.0,64.0,0.0,0.0,0.15576613233567277
1.0,0.0,0.0,0.0,0.0,0.0,0.0,4.0,64.0,0.0,0.0,0.23587481908298985
1.0,0.0,0.0,0.0,0.0,0.0,0.0,1.0,128.0,0.0,0.0,0.29723640732952844
1.0,0.0,0.0,0.0,0.0,0.0,0.0,2.0,128.0,0.0,0.0,0.3346759878751468
1.0,0.0,0.0,0.0,0.0,0.0,0.0,3.0,128.0,0.0,0.0,0.2596602856440647
1.0,0.0,0.0,0.0,0.0,0.0,0.0,4.0,128.0,0.0,0.0,0.29756410606515743
1.0,0.0,0.0,0.0,0.0,0.0,0.0,1.0,0.0,8.0,0.0,0.09291624566481888
1.0,0.0,0.0,0.0,0.0,0.0,0.0,2.0,0.0,8.0,0.0,0.09597476719735659
1.0,0.0,0.0,0.0,0.0,0.0,0.0,3.0,0.0,8.0,0.0,0.05884923127338271
1.0,0.0,0.0,0.0,0.0,0.0,0.0,4.0,0.0,8.0,0.0,0.06568994237963899
1.0,0.0,0.0,0.0,0.0,0.0,0.0,1.0,8.0,8.0,0.0,0.9976788006226276
1.0,0.0,0.0,0.0,0.0,0.0,0.0,2.0,8.0,8.0,0.0,0.9989349791092057
1.0,0.0,0.0,0.0,0.0,0.0,0.0,3.0,8.0,8.0,0.0,0.7433572735465197
1.0,0.0,0.0,0.0,0.0,0.0,0.0,4.0,8.0,8.0,0.0,0.7796089461754827
1.0,0.0,0.0,0.0,0.0,0.0,0.0,1.0,10.0,8.0,0.0,0.778557579398673
1.0,0.0,0.0,0.0,0.0,0.0,0.0,2.0,10.0,8.0,0.0,0.7151751822824217
1.0,0.0,0.0,0.0,0.0,0.0,0.0,3.0,10.0,8.0,0.0,0.6258499685955379
1.0,0.0,0.0,0.0,0.0,0.0,0.0,4.0,10.0,8.0,0.0,0.6292088806357357
1.0,0.0,0.0,0.0,0.0,0.0,0.0,1.0,16.0,8.0,0.0,0.5438297058903849
1.0,0.0,0.0,0.0,0.0,0.0,0.0,2.0,16.0,8.0,0.0,0.5231983396597395
1.0,0.0,0.0,0.0,0.0,0.0,0.0,3.0,16.0,8.0,0.0,0.4432808105082063
1.0,0.0,0.0,0.0,0.0,0.0,0.0,4.0,16.0,8.0,0.0,0.4431306152543762
1.0,0.0,0.0,0.0,0.0,0.0,0.0,1.0,20.0,8.0,0.0,0.48820284551735454
1.0,0.0,0.0,0.0,0.0,0.0,0.0,2.0,20.0,8.0,0.0,0.4684180343537509
1.0,0.0,0.0,0.0,0.0,0.0,0.0,3.0,20.0,8.0,0.0,0.39650181599716
1.0,0.0,0.0,0.0,0.0,0.0,0.0,4.0,20.0,8.0,0.0,0.38736721374150046
1.0,0.0,0.0,0.0,0.0,0.0,0.0,1.0,32.0,8.0,0.0,0.4000791938611104
1.0,0.0,0.0,0.0,0.0,0.0,0.0,2.0,32.0,8.0,0.0,0.37612987793222113
1.0,0.0,0.0,0.0,0.0,0.0,0.0,3.0,32.0,8.0,0.0,0.3111636035937629
1.0,0.0,0.0,0.0,0.0,0.0,0.0,4.0,32.0,8.0,0.0,0.3273300745514624
1.0,0.0,0.0,0.0,0.0,0.0,0.0,1.0,64.0,8.0,0.0,0.30635735547120363
1.0,0.0,0.0,0.0,0.0,0.0,0.0,2.0,64.0,8.0,0.0,0.29406865288511436
1.0,0.0,0.0,0.0,0.0,0.0,0.0,3.0,64.0,8.0,0.0,0.24453152734919043
1.0,0.0,0.0,0.0,0.0,0.0,0.0,4.0,64.0,8.0,0.0,0.2379365902946558
1.0,0.0,0.0,0.0,0.0,0.0,0.0,1.0,128.0,8.0,0.0,0.1933149457931676
1.0,0.0,0.0,0.0,0.0,0.0,0.0,2.0,128.0,8.0,0.0,0.19114394166962517
1.0,0.0,0.0,0.0,0.0,0.0,0.0,3.0,128.0,8.0,0.0,0.17049892132499528
1.0,0.0,0.0,0.0,0.0,0.0,0.0,4.0,128.0,8.0,0.0,0.16461399819765704
1.0,0.0,0.0,0.0,0.0,0.0,0.0,1.0,0.0,10.0,0.0,0.12680575657445597
1.0,0.0,0.0,0.0,0.0,0.0,0.0,2.0,0.0,10.0,0.0,0.1308337201998963
1.0,0.0,0.0,0.0,0.0,0.0,0.0,3.0,0.0,10.0,0.0,0.07366394494661244
1.0,0.0,0.0,0.0,0.0,0.0,0.0,4.0,0.0,10.0,0.0,0.08203391681913769
1.0,0.0,0.0,0.0,0.0,0.0,0.0,1.0,8.0,10.0,0.0,0.944782763046506
1.0,0.0,0.0,0.0,0.0,0.0,0.0,2.0,8.0,10.0,0.0,0.9393347715666731
1.0,0.0,0.0,0.0,0.0,0.0,0.0,3.0,8.0,10.0,0.0,0.6716049045577432
1.0,0.0,0.0,0.0,0.0,0.0,0.0,4.0,8.0,10.0,0.0,0.6994046806302738
1.0,0.0,0.0,0.0,0.0,0.0,0.0,1.0,10.0,10.0,0.0,0.7471667713482073
1.0,0.0,0.0,0.0,0.0,0.0,0.0,2.0,10.0,10.0,0.0,0.6757011387531064
1.0,0.0,0.0,0.0,0.0,0.0,0.0,3.0,10.0,10.0,0.0,0.5660449493432371
1.0,0.0,0.0,0.0,0.0,0.0,0.0,4.0,10.0,10.0,0.0,0.5602282967858216
1.0,0.0,0.0,0.0,0.0,0.0,0.0,1.0,16.0,10.0,0.0,0.5428875720254513
1.0,0.0,0.0,0.0,0.0,0.0,0.0,2.0,16.0,10.0,0.0,0.5120019661924138
1.0,0.0,0.0,0.0,0.0,0.0,0.0,3.0,16.0,10.0,0.0,0.41799339140883157
1.0,0.0,0.0,0.0,0.0,0.0,0.0,4.0,16.0,10.0,0.0,0.4099511182719355
1.0,0.0,0.0,0.0,0.0,0.0,0.0,1.0,20.0,10.0,0.0,0.4888309347606435
1.0,0.0,0.0,0.0,0.0,0.0,0.0,2.0,20.0,10.0,0.0,0.4738660258335838
1.0,0.0,0.0,0.0,0.0,0.0,0.0,3.0,20.0,10.0,0.0,0.375925066222453
1.0,0.0,0.0,0.0,0.0,0.0,0.0,4.0,20.0,10.0,0.0,0.3637182883202709
1.0,0.0,0.0,0.0,0.0,0.0,0.0,1.0,32.0,10.0,0.0,0.39890494005843974
1.0,0.0,0.0,0.0,0.0,0.0,0.0,2.0,32.0,10.0,0.0,0.3785056937655316
1.0,0.0,0.0,0.0,0.0,0.0,0.0,3.0,32.0,10.0,0.0,0.3061252355334663
1.0,0.0,0.0,0.0,0.0,0.0,0.0,4.0,32.0,10.0,0.0,0.29286709085447454
1.0,0.0,0.0,0.0,0.0,0.0,0.0,1.0,64.0,10.0,0.0,0.3149731013954505
1.0,0.0,0.0,0.0,0.0,0.0,0.0,2.0,64.0,10.0,0.0,0.3078183456675497
1.0,0.0,0.0,0.0,0.0,0.0,0.0,3.0,64.0,10.0,0.0,0.24621098336928932
1.0,0.0,0.0,0.0,0.0,0.0,0.0,4.0,64.0,10.0,0.0,0.24260629727736965
1.0,0.0,0.0,0.0,0.0,0.0,0.0,1.0,128.0,10.0,0.0,0.2125126300554358
1.0,0.0,0.0,0.0,0.0,0.0,0.0,2.0,128.0,10.0,0.0,0.2127857123351266
1.0,0.0,0.0,0.0,0.0,0.0,0.0,3.0,128.0,10.0,0.0,0.17022583904530447
1.0,0.0,0.0,0.0,0.0,0.0,0.0,4.0,128.0,10.0,0.0,0.16761790327425657
1.0,0.0,0.0,0.0,0.0,0.0,0.0,1.0,0.0,16.0,0.0,0.08334471176165381
1.0,0.0,0.0,0.0,0.0,0.0,0.0,2.0,0.0,16.0,0.0,0.0863486168382534
1.0,0.0,0.0,0.0,0.0,0.0,0.0,3.0,0.0,16.0,0.0,0.036879761872252115
1.0,0.0,0.0,0.0,0.0,0.0,0.0,4.0,0.0,16.0,0.0,0.042245828668177776
1.0,0.0,0.0,0.0,0.0,0.0,0.0,1.0,8.0,16.0,0.0,0.6581146399410143
1.0,0.0,0.0,0.0,0.0,0.0,0.0,2.0,8.0,16.0,0.0,0.6520522133318771
1.0,0.0,0.0,0.0,0.0,0.0,0.0,3.0,8.0,16.0,0.0,0.45602009885578526
1.0,0.0,0.0,0.0,0.0,0.0,0.0,4.0,8.0,16.0,0.0,0.4756274065375899
1.0,0.0,0.0,0.0,0.0,0.0,0.0,1.0,10.0,16.0,0.0,0.5606106119773888
1.0,0.0,0.0,0.0,0.0,0.0,0.0,2.0,10.0,16.0,0.0,0.5005871269013356
1.0,0.0,0.0,0.0,0.0,0.0,0.0,3.0,10.0,16.0,0.0,0.39774434036975354
1.0,0.0,0.0,0.0,0.0,0.0,0.0,4.0,10.0,16.0,0.0,0.3891968650154292
1.0,0.0,0.0,0.0,0.0,0.0,0.0,1.0,16.0,16.0,0.0,0.4088724432671565
1.0,0.0,0.0,0.0,0.0,0.0,0.0,2.0,16.0,16.0,0.0,0.38713509380376315
1.0,0.0,0.0,0.0,0.0,0.0,0.0,3.0,16.0,16.0,0.0,0.29686774625194584
1.0,0.0,0.0,0.0,0.0,0.0,0.0,4.0,16.0,16.0,0.0,0.2901089598295968
1.0,0.0,0.0,0.0,0.0,0.0,0.0,1.0,20.0,16.0,0.0,0.3664354570031952
1.0,0.0,0.0,0.0,0.0,0.0,0.0,2.0,20.0,16.0,0.0,0.3510882328845682
1.0,0.0,0.0,0.0,0.0,0.0,0.0,3.0,20.0,16.0,0.0,0.268863158469647
1.0,0.0,0.0,0.0,0.0,0.0,0.0,4.0,20.0,16.0,0.0,0.24892815205221336
1.0,0.0,0.0,0.0,0.0,0.0,0.0,1.0,32.0,16.0,0.0,0.2879652639340235
1.0,0.0,0.0,0.0,0.0,0.0,0.0,2.0,32.0,16.0,0.0,0.2771785138862341
1.0,0.0,0.0,0.0,0.0,0.0,0.0,3.0,32.0,16.0,0.0,0.21166607498839413
1.0,0.0,0.0,0.0,0.0,0.0,0.0,4.0,32.0,16.0,0.0,0.2017258800076464
1.0,0.0,0.0,0.0,0.0,0.0,0.0,1.0,64.0,16.0,0.0,0.22338130478713253
1.0,0.0,0.0,0.0,0.0,0.0,0.0,2.0,64.0,16.0,0.0,0.22106010540976012
1.0,0.0,0.0,0.0,0.0,0.0,0.0,3.0,64.0,16.0,0.0,0.16970698271389179
1.0,0.0,0.0,0.0,0.0,0.0,0.0,4.0,64.0,16.0,0.0,0.16707173871487485
1.0,0.0,0.0,0.0,0.0,0.0,0.0,1.0,128.0,16.0,0.0,0.14735519812119402
1.0,0.0,0.0,0.0,0.0,0.0,0.0,2.0,128.0,16.0,0.0,0.1452661186815588
1.0,0.0,0.0,0.0,0.0,0.0,0.0,3.0,128.0,16.0,0.0,0.10824981566946129
1.0,0.0,0.0,0.0,0.0,0.0,0.0,4.0,128.0,16.0,0.0,0.10737595237445047
1.0,0.0,0.0,0.0,0.0,0.0,0.0,1.0,0.0,20.0,0.0,0.08013599497528612
1.0,0.0,0.0,0.0,0.0,0.0,0.0,2.0,0.0,20.0,0.0,0.08278489308828757
1.0,0.0,0.0,0.0,0.0,0.0,0.0,3.0,0.0,20.0,0.0,0.030830989377099383
1.0,0.0,0.0,0.0,0.0,0.0,0.0,4.0,0.0,20.0,0.0,0.03472241186269431
1.0,0.0,0.0,0.0,0.0,0.0,0.0,1.0,8.0,20.0,0.0,0.6008765941178078
1.0,0.0,0.0,0.0,0.0,0.0,0.0,2.0,8.0,20.0,0.0,0.5878096070345997
1.0,0.0,0.0,0.0,0.0,0.0,0.0,3.0,8.0,20.0,0.0,0.4140336983533139
1.0,0.0,0.0,0.0,0.0,0.0,0.0,4.0,8.0,20.0,0.0,0.4198913132526832
1.0,0.0,0.0,0.0,0.0,0.0,0.0,1.0,10.0,20.0,0.0,0.5325787159671211
1.0,0.0,0.0,0.0,0.0,0.0,0.0,2.0,10.0,20.0,0.0,0.4657145197848112
1.0,0.0,0.0,0.0,0.0,0.0,0.0,3.0,10.0,20.0,0.0,0.3664764193451488
1.0,0.0,0.0,0.0,0.0,0.0,0.0,4.0,10.0,20.0,0.0,0.3541194461891369
1.0,0.0,0.0,0.0,0.0,0.0,0.0,1.0,16.0,20.0,0.0,0.39736202517818636
1.0,0.0,0.0,0.0,0.0,0.0,0.0,2.0,16.0,20.0,0.0,0.36179305824845037
1.0,0.0,0.0,0.0,0.0,0.0,0.0,3.0,16.0,20.0,0.0,0.27538982495425884
1.0,0.0,0.0,0.0,0.0,0.0,0.0,4.0,16.0,20.0,0.0,0.2639613315491958
1.0,0.0,0.0,0.0,0.0,0.0,0.0,1.0,20.0,20.0,0.0,0.343824244244791
1.0,0.0,0.0,0.0,0.0,0.0,0.0,2.0,20.0,20.0,0.0,0.33451213850733236
1.0,0.0,0.0,0.0,0.0,0.0,0.0,3.0,20.0,20.0,0.0,0.24480460962888123
1.0,0.0,0.0,0.0,0.0,0.0,0.0,4.0,20.0,20.0,0.0,0.22628963106584016
1.0,0.0,0.0,0.0,0.0,0.0,0.0,1.0,32.0,20.0,0.0,0.274338458177449
1.0,0.0,0.0,0.0,0.0,0.0,0.0,2.0,32.0,20.0,0.0,0.25422594827821626
1.0,0.0,0.0,0.0,0.0,0.0,0.0,3.0,32.0,20.0,0.0,0.19280974357573938
1.0,0.0,0.0,0.0,0.0,0.0,0.0,4.0,32.0,20.0,0.0,0.1812720172588001
1.0,0.0,0.0,0.0,0.0,0.0,0.0,1.0,64.0,20.0,0.0,0.20799311832655182
1.0,0.0,0.0,0.0,0.0,0.0,0.0,2.0,64.0,20.0,0.0,0.19883120784292313
1.0,0.0,0.0,0.0,0.0,0.0,0.0,3.0,64.0,20.0,0.0,0.15147874054452615
1.0,0.0,0.0,0.0,0.0,0.0,0.0,4.0,64.0,20.0,0.0,0.1481471367322975
1.0,0.0,0.0,0.0,0.0,0.0,0.0,1.0,128.0,20.0,0.0,0.13977716485977232
1.0,0.0,0.0,0.0,0.0,0.0,0.0,2.0,128.0,20.0,0.0,0.13858925694311702
1.0,0.0,0.0,0.0,0.0,0.0,0.0,3.0,128.0,20.0,0.0,0.09552418143586666
1.0,0.0,0.0,0.0,0.0,0.0,0.0,4.0,128.0,20.0,0.0,0.09379010895982964
1.0,0.0,0.0,0.0,0.0,0.0,0.0,1.0,0.0,32.0,0.0,0.07412818482208694
1.0,0.0,0.0,0.0,0.0,0.0,0.0,2.0,0.0,32.0,0.0,0.07526147628280411
1.0,0.0,0.0,0.0,0.0,0.0,0.0,3.0,0.0,32.0,0.0,0.021600808323547938
1.0,0.0,0.0,0.0,0.0,0.0,0.0,4.0,0.0,32.0,0.0,0.024577405172178435
1.0,0.0,0.0,0.0,0.0,0.0,0.0,1.0,8.0,32.0,0.0,0.518788060842732
1.0,0.0,0.0,0.0,0.0,0.0,0.0,2.0,8.0,32.0,0.0,0.5012971408285318
1.0,0.0,0.0,0.0,0.0,0.0,0.0,3.0,8.0,32.0,0.0,0.3636500177503483
1.0,0.0,0.0,0.0,0.0,0.0,0.0,4.0,8.0,32.0,0.0,0.34595428602637984
1.0,0.0,0.0,0.0,0.0,0.0,0.0,1.0,10.0,32.0,0.0,0.47374313880772284
1.0,0.0,0.0,0.0,0.0,0.0,0.0,2.0,10.0,32.0,0.0,0.4263906715093258
1.0,0.0,0.0,0.0,0.0,0.0,0.0,3.0,10.0,32.0,0.0,0.3256915808733171
1.0,0.0,0.0,0.0,0.0,0.0,0.0,4.0,10.0,32.0,0.0,0.30491001938884194
1.0,0.0,0.0,0.0,0.0,0.0,0.0,1.0,16.0,32.0,0.0,0.3446707993118327
1.0,0.0,0.0,0.0,0.0,0.0,0.0,2.0,16.0,32.0,0.0,0.33362462109833707
1.0,0.0,0.0,0.0,0.0,0.0,0.0,3.0,16.0,32.0,0.0,0.23345804090772554
1.0,0.0,0.0,0.0,0.0,0.0,0.0,4.0,16.0,32.0,0.0,0.22522461017504586
1.0,0.0,0.0,0.0,0.0,0.0,0.0,1.0,20.0,32.0,0.0,0.304459433627352
1.0,0.0,0.0,0.0,0.0,0.0,0.0,2.0,20.0,32.0,0.0,0.30299844343100585
1.0,0.0,0.0,0.0,0.0,0.0,0.0,3.0,20.0,32.0,0.0,0.20587673065894757
1.0,0.0,0.0,0.0,0.0,0.0,0.0,4.0,20.0,32.0,0.0,0.19048854419836697
1.0,0.0,0.0,0.0,0.0,0.0,0.0,1.0,32.0,32.0,0.0,0.23298014691826646
1.0,0.0,0.0,0.0,0.0,0.0,0.0,2.0,32.0,32.0,0.0,0.2279008165160163
1.0,0.0,0.0,0.0,0.0,0.0,0.0,3.0,32.0,32.0,0.0,0.16148720609519657
1.0,0.0,0.0,0.0,0.0,0.0,0.0,4.0,32.0,32.0,0.0,0.1507823807313144
1.0,0.0,0.0,0.0,0.0,0.0,0.0,1.0,64.0,32.0,0.0,0.1781998416122778
1.0,0.0,0.0,0.0,0.0,0.0,0.0,2.0,64.0,32.0,0.0,0.17275185013244504
1.0,0.0,0.0,0.0,0.0,0.0,0.0,3.0,64.0,32.0,0.0,0.1248395641606817
1.0,0.0,0.0,0.0,0.0,0.0,0.0,4.0,64.0,32.0,0.0,0.11976023375843142
1.0,0.0,0.0,0.0,0.0,0.0,0.0,1.0,128.0,32.0,0.0,0.133714738250635
1.0,0.0,0.0,0.0,0.0,0.0,0.0,2.0,128.0,32.0,0.0,0.1276796198694667
1.0,0.0,0.0,0.0,0.0,0.0,0.0,3.0,128.0,32.0,0.0,0.08653977443403704
1.0,0.0,0.0,0.0,0.0,0.0,0.0,4.0,128.0,32.0,0.0,0.08380895163712831
1.0,0.0,0.0,0.0,0.0,0.0,0.0,1.0,0.0,64.0,0.0,0.07425107184794782
1.0,0.0,0.0,0.0,0.0,0.0,0.0,2.0,0.0,64.0,0.0,0.07534340096671133
1.0,0.0,0.0,0.0,0.0,0.0,0.0,3.0,0.0,64.0,0.0,0.02636609410415358
1.0,0.0,0.0,0.0,0.0,0.0,0.0,4.0,0.0,64.0,0.0,0.029765968486304972
1.0,0.0,0.0,0.0,0.0,0.0,0.0,1.0,8.0,64.0,0.0,0.46333870395150073
1.0,0.0,0.0,0.0,0.0,0.0,0.0,2.0,8.0,64.0,0.0,0.44528796526393416
1.0,0.0,0.0,0.0,0.0,0.0,0.0,3.0,8.0,64.0,0.0,0.3183593216636173
1.0,0.0,0.0,0.0,0.0,0.0,0.0,4.0,8.0,64.0,0.0,0.2844834648679649
1.0,0.0,0.0,0.0,0.0,0.0,0.0,1.0,10.0,64.0,0.0,0.4174608809634344
1.0,0.0,0.0,0.0,0.0,0.0,0.0,2.0,10.0,64.0,0.0,0.39243289002976606
1.0,0.0,0.0,0.0,0.0,0.0,0.0,3.0,10.0,64.0,0.0,0.27831180534695105
1.0,0.0,0.0,0.0,0.0,0.0,0.0,4.0,10.0,64.0,0.0,0.26460307490646945
1.0,0.0,0.0,0.0,0.0,0.0,0.0,1.0,16.0,64.0,0.0,0.30029492886206616
1.0,0.0,0.0,0.0,0.0,0.0,0.0,2.0,16.0,64.0,0.0,0.30215188836396417
1.0,0.0,0.0,0.0,0.0,0.0,0.0,3.0,16.0,64.0,0.0,0.1947622818755292
1.0,0.0,0.0,0.0,0.0,0.0,0.0,4.0,16.0,64.0,0.0,0.19046123597039794
1.0,0.0,0.0,0.0,0.0,0.0,0.0,1.0,20.0,64.0,0.0,0.2684262268221416
1.0,0.0,0.0,0.0,0.0,0.0,0.0,2.0,20.0,64.0,0.0,0.273737677162129
1.0,0.0,0.0,0.0,0.0,0.0,0.0,3.0,20.0,64.0,0.0,0.16989814030967537
1.0,0.0,0.0,0.0,0.0,0.0,0.0,4.0,20.0,64.0,0.0,0.1588246538682106
1.0,0.0,0.0,0.0,0.0,0.0,0.0,1.0,32.0,64.0,0.0,0.20478440154018412
1.0,0.0,0.0,0.0,0.0,0.0,0.0,2.0,32.0,64.0,0.0,0.20229935279499717
1.0,0.0,0.0,0.0,0.0,0.0,0.0,3.0,32.0,64.0,0.0,0.13312761134929957
1.0,0.0,0.0,0.0,0.0,0.0,0.0,4.0,32.0,64.0,0.0,0.12320107048253648
1.0,0.0,0.0,0.0,0.0,0.0,0.0,1.0,64.0,64.0,0.0,0.16548786149266775
1.0,0.0,0.0,0.0,0.0,0.0,0.0,2.0,64.0,64.0,0.0,0.15445533739315664
1.0,0.0,0.0,0.0,0.0,0.0,0.0,3.0,64.0,64.0,0.0,0.10809962041563131
1.0,0.0,0.0,0.0,0.0,0.0,0.0,4.0,64.0,64.0,0.0,0.09699882574619739
1.0,0.0,0.0,0.0,0.0,0.0,0.0,1.0,128.0,64.0,0.0,0.12975504519511738
1.0,0.0,0.0,0.0,0.0,0.0,0.0,2.0,128.0,64.0,0.0,0.11578688658892927
1.0,0.0,0.0,0.0,0.0,0.0,0.0,3.0,128.0,64.0,0.0,0.07762363800213007
1.0,0.0,0.0,0.0,0.0,0.0,0.0,4.0,128.0,64.0,0.0,0.06981348480297117
1.0,0.0,0.0,0.0,0.0,0.0,0.0,1.0,0.0,128.0,0.0,0.17492285425598736
1.0,0.0,0.0,0.0,0.0,0.0,0.0,2.0,0.0,128.0,0.0,0.1756465222971682
1.0,0.0,0.0,0.0,0.0,0.0,0.0,3.0,0.0,128.0,0.0,0.1489663835713701
1.0,0.0,0.0,0.0,0.0,0.0,0.0,4.0,0.0,128.0,0.0,0.15973947950517492
1.0,0.0,0.0,0.0,0.0,0.0,0.0,1.0,8.0,128.0,0.0,0.43129249842977707
1.0,0.0,0.0,0.0,0.0,0.0,0.0,2.0,8.0,128.0,0.0,0.41511237335809287
1.0,0.0,0.0,0.0,0.0,0.0,0.0,3.0,8.0,128.0,0.0,0.2877741063382398
1.0,0.0,0.0,0.0,0.0,0.0,0.0,4.0,8.0,128.0,0.0,0.2594145115923428
1.0,0.0,0.0,0.0,0.0,0.0,0.0,1.0,10.0,128.0,0.0,0.383011551380431
1.0,0.0,0.0,0.0,0.0,0.0,0.0,2.0,10.0,128.0,0.0,0.36724104972828325
1.0,0.0,0.0,0.0,0.0,0.0,0.0,3.0,10.0,128.0,0.0,0.2521232147245967
1.0,0.0,0.0,0.0,0.0,0.0,0.0,4.0,10.0,128.0,0.0,0.24648406564898012
1.0,0.0,0.0,0.0,0.0,0.0,0.0,1.0,16.0,128.0,0.0,0.27846200060078113
1.0,0.0,0.0,0.0,0.0,0.0,0.0,2.0,16.0,128.0,0.0,0.2848930882875012
1.0,0.0,0.0,0.0,0.0,0.0,0.0,3.0,16.0,128.0,0.0,0.17512766596575552
1.0,0.0,0.0,0.0,0.0,0.0,0.0,4.0,16.0,128.0,0.0,0.17478631311614196
1.0,0.0,0.0,0.0,0.0,0.0,0.0,1.0,20.0,128.0,0.0,0.24996586471503873
1.0,0.0,0.0,0.0,0.0,0.0,0.0,2.0,20.0,128.0,0.0,0.2595920150741419
1.0,0.0,0.0,0.0,0.0,0.0,0.0,3.0,20.0,128.0,0.0,0.15434610448128028
1.0,0.0,0.0,0.0,0.0,0.0,0.0,4.0,20.0,128.0,0.0,0.14507496108577517
1.0,0.0,0.0,0.0,0.0,0.0,0.0,1.0,32.0,128.0,0.0,0.1943390043420083
1.0,0.0,0.0,0.0,0.0,0.0,0.0,2.0,32.0,128.0,0.0,0.19031104071656796
1.0,0.0,0.0,0.0,0.0,0.0,0.0,3.0,32.0,128.0,0.0,0.1230508752287065
1.0,0.0,0.0,0.0,0.0,0.0,0.0,4.0,32.0,128.0,0.0,0.11330183784374237
1.0,0.0,0.0,0.0,0.0,0.0,0.0,1.0,64.0,128.0,0.0,0.16520112509899237
1.0,0.0,0.0,0.0,0.0,0.0,0.0,2.0,64.0,128.0,0.0,0.14984024686638092
1.0,0.0,0.0,0.0,0.0,0.0,0.0,3.0,64.0,128.0,0.0,0.11006581282940553
1.0,0.0,0.0,0.0,0.0,0.0,0.0,4.0,64.0,128.0,0.0,0.10846828149321397
1.0,0.0,0.0,0.0,0.0,0.0,0.0,1.0,128.0,128.0,0.0,0.16424533712007433
1.0,0.0,0.0,0.0,0.0,0.0,0.0,2.0,128.0,128.0,0.0,0.12661459897867233
1.0,0.0,0.0,0.0,0.0,0.0,0.0,3.0,128.0,128.0,0.0,0.09351702668013878
1.0,0.0,0.0,0.0,0.0,0.0,0.0,4.0,128.0,128.0,0.0,0.08110543706818868
1.0,0.0,0.0,0.0,0.0,0.0,0.0,1.0,0.0,0.0,8.0,0.2182337038149595
1.0,0.0,0.0,0.0,0.0,0.0,0.0,2.0,0.0,0.0,8.0,0.21786504273737678
1.0,0.0,0.0,0.0,0.0,0.0,0.0,3.0,0.0,0.0,8.0,0.20691444332177295
1.0,0.0,0.0,0.0,0.0,0.0,0.0,4.0,0.0,0.0,8.0,0.20991834839837248
1.0,0.0,0.0,0.0,0.0,0.0,0.0,1.0,8.0,0.0,8.0,0.3669270051066387
1.0,0.0,0.0,0.0,0.0,0.0,0.0,2.0,8.0,0.0,8.0,0.3571779677216746
1.0,0.0,0.0,0.0,0.0,0.0,0.0,3.0,8.0,0.0,8.0,0.15651710860482265
1.0,0.0,0.0,0.0,0.0,0.0,0.0,4.0,8.0,0.0,8.0,0.1787596602856441
1.0,0.0,0.0,0.0,0.0,0.0,0.0,1.0,10.0,0.0,8.0,0.268712963215817
1.0,0.0,0.0,0.0,0.0,0.0,0.0,2.0,10.0,0.0,8.0,0.28434692372811937
1.0,0.0,0.0,0.0,0.0,0.0,0.0,3.0,10.0,0.0,8.0,0.14265818291051102
1.0,0.0,0.0,0.0,0.0,0.0,0.0,4.0,10.0,0.0,8.0,0.1507550725033453
1.0,0.0,0.0,0.0,0.0,0.0,0.0,1.0,16.0,0.0,8.0,0.22443267156394237
1.0,0.0,0.0,0.0,0.0,0.0,0.0,2.0,16.0,0.0,8.0,0.26539501351757294
1.0,0.0,0.0,0.0,0.0,0.0,0.0,3.0,16.0,0.0,8.0,0.13565362243644014
1.0,0.0,0.0,0.0,0.0,0.0,0.0,4.0,16.0,0.0,8.0,0.15972582539119046
1.0,0.0,0.0,0.0,0.0,0.0,0.0,1.0,20.0,0.0,8.0,0.21491575411671554
1.0,0.0,0.0,0.0,0.0,0.0,0.0,2.0,20.0,0.0,8.0,0.25920969988257475
1.0,0.0,0.0,0.0,0.0,0.0,0.0,3.0,20.0,0.0,8.0,0.1391081132745297
1.0,0.0,0.0,0.0,0.0,0.0,0.0,4.0,20.0,0.0,8.0,0.16200606242660914
1.0,0.0,0.0,0.0,0.0,0.0,0.0,1.0,32.0,0.0,8.0,0.20643654933231387
1.0,0.0,0.0,0.0,0.0,0.0,0.0,2.0,32.0,0.0,8.0,0.22974412190392973
1.0,0.0,0.0,0.0,0.0,0.0,0.0,3.0,32.0,0.0,8.0,0.14502034462983698
1.0,0.0,0.0,0.0,0.0,0.0,0.0,4.0,32.0,0.0,8.0,0.16144624375324296
1.0,0.0,0.0,0.0,0.0,0.0,0.0,1.0,64.0,0.0,8.0,0.2694093230290287
1.0,0.0,0.0,0.0,0.0,0.0,0.0,2.0,64.0,0.0,8.0,0.3692072421420575
1.0,0.0,0.0,0.0,0.0,0.0,0.0,3.0,64.0,0.0,8.0,0.18482208689478147
1.0,0.0,0.0,0.0,0.0,0.0,0.0,4.0,64.0,0.0,8.0,0.2403124061279665
1.0,0.0,0.0,0.0,0.0,0.0,0.0,1.0,128.0,0.0,8.0,0.3300199350064175
1.0,0.0,0.0,0.0,0.0,0.0,0.0,2.0,128.0,0.0,8.0,0.3506103388951091
1.0,0.0,0.0,0.0,0.0,0.0,0.0,3.0,128.0,0.0,8.0,0.29430077282285155
1.0,0.0,0.0,0.0,0.0,0.0,0.0,4.0,128.0,0.0,8.0,0.3246265599825228
1.0,0.0,0.0,0.0,0.0,0.0,0.0,1.0,0.0,8.0,8.0,0.11550015019525389
1.0,0.0,0.0,0.0,0.0,0.0,0.0,2.0,0.0,8.0,8.0,0.1124962451186543
1.0,0.0,0.0,0.0,0.0,0.0,0.0,3.0,0.0,8.0,8.0,0.05670553537780937
1.0,0.0,0.0,0.0,0.0,0.0,0.0,4.0,0.0,8.0,8.0,0.060747153117234276
1.0,0.0,0.0,0.0,0.0,0.0,0.0,1.0,8.0,8.0,8.0,0.9194270733772085
1.0,0.0,0.0,0.0,0.0,0.0,0.0,2.0,8.0,8.0,8.0,0.9156995002594284
1.0,0.0,0.0,0.0,0.0,0.0,0.0,3.0,8.0,8.0,8.0,0.6987629372730004
1.0,0.0,0.0,0.0,0.0,0.0,0.0,4.0,8.0,8.0,8.0,0.715885196209618
1.0,0.0,0.0,0.0,0.0,0.0,0.0,1.0,10.0,8.0,8.0,0.730003550069636
1.0,0.0,0.0,0.0,0.0,0.0,0.0,2.0,10.0,8.0,8.0,0.677121166607499
1.0,0.0,0.0,0.0,0.0,0.0,0.0,3.0,10.0,8.0,8.0,0.5727218110816792
1.0,0.0,0.0,0.0,0.0,0.0,0.0,4.0,10.0,8.0,8.0,0.5611431224227861
1.0,0.0,0.0,0.0,0.0,0.0,0.0,1.0,16.0,8.0,8.0,0.4801742264944429
1.0,0.0,0.0,0.0,0.0,0.0,0.0,2.0,16.0,8.0,8.0,0.47299216253857296
1.0,0.0,0.0,0.0,0.0,0.0,0.0,3.0,16.0,8.0,8.0,0.38671181627024237
1.0,0.0,0.0,0.0,0.0,0.0,0.0,4.0,16.0,8.0,8.0,0.3817144105518993
1.0,0.0,0.0,0.0,0.0,0.0,0.0,1.0,20.0,8.0,8.0,0.42371446516835537
1.0,0.0,0.0,0.0,0.0,0.0,0.0,2.0,20.0,8.0,8.0,0.42419235915781434
1.0,0.0,0.0,0.0,0.0,0.0,0.0,3.0,20.0,8.0,8.0,0.3366831426308747
1.0,0.0,0.0,0.0,0.0,0.0,0.0,4.0,20.0,8.0,8.0,0.3281220131625659
1.0,0.0,0.0,0.0,0.0,0.0,0.0,1.0,32.0,8.0,8.0,0.3194379966683963
1.0,0.0,0.0,0.0,0.0,0.0,0.0,2.0,32.0,8.0,8.0,0.31405827575848605
1.0,0.0,0.0,0.0,0.0,0.0,0.0,3.0,32.0,8.0,8.0,0.24432671563942227
1.0,0.0,0.0,0.0,0.0,0.0,0.0,4.0,32.0,8.0,8.0,0.2434255441164423
1.0,0.0,0.0,0.0,0.0,0.0,0.0,1.0,64.0,8.0,8.0,0.23007182063955883
1.0,0.0,0.0,0.0,0.0,0.0,0.0,2.0,64.0,8.0,8.0,0.2248832573254323
1.0,0.0,0.0,0.0,0.0,0.0,0.0,3.0,64.0,8.0,8.0,0.1699254485376444
1.0,0.0,0.0,0.0,0.0,0.0,0.0,4.0,64.0,8.0,8.0,0.16846445834129836
1.0,0.0,0.0,0.0,0.0,0.0,0.0,1.0,128.0,8.0,8.0,0.1627706928097436
1.0,0.0,0.0,0.0,0.0,0.0,0.0,2.0,128.0,8.0,8.0,0.16312569977334185
1.0,0.0,0.0,0.0,0.0,0.0,0.0,3.0,128.0,8.0,8.0,0.10489090362926357
1.0,0.0,0.0,0.0,0.0,0.0,0.0,4.0,128.0,8.0,8.0,0.10479532483137172
1.0,0.0,0.0,0.0,0.0,0.0,0.0,1.0,0.0,10.0,8.0,0.14444687184248622
1.0,0.0,0.0,0.0,0.0,0.0,0.0,2.0,0.0,10.0,8.0,0.14316338512793908
1.0,0.0,0.0,0.0,0.0,0.0,0.0,3.0,0.0,10.0,8.0,0.07388241077036511
1.0,0.0,0.0,0.0,0.0,0.0,0.0,4.0,0.0,10.0,8.0,0.07877058357683175
1.0,0.0,0.0,0.0,0.0,0.0,0.0,1.0,8.0,10.0,8.0,0.896324312515361
1.0,0.0,0.0,0.0,0.0,0.0,0.0,2.0,8.0,10.0,8.0,0.8851006308200662
1.0,0.0,0.0,0.0,0.0,0.0,0.0,3.0,8.0,10.0,8.0,0.6298915863349628
1.0,0.0,0.0,0.0,0.0,0.0,0.0,4.0,8.0,10.0,8.0,0.6452115022256206
1.0,0.0,0.0,0.0,0.0,0.0,0.0,1.0,10.0,10.0,8.0,0.6975886834703298
1.0,0.0,0.0,0.0,0.0,0.0,0.0,2.0,10.0,10.0,8.0,0.6414702749938559
1.0,0.0,0.0,0.0,0.0,0.0,0.0,3.0,10.0,10.0,8.0,0.5187061361588248
1.0,0.0,0.0,0.0,0.0,0.0,0.0,4.0,10.0,10.0,8.0,0.4964635844780034
1.0,0.0,0.0,0.0,0.0,0.0,0.0,1.0,16.0,10.0,8.0,0.4548868073950683
1.0,0.0,0.0,0.0,0.0,0.0,0.0,2.0,16.0,10.0,8.0,0.45578797891804806
1.0,0.0,0.0,0.0,0.0,0.0,0.0,3.0,16.0,10.0,8.0,0.3706955405663727
1.0,0.0,0.0,0.0,0.0,0.0,0.0,4.0,16.0,10.0,8.0,0.3576012452551955
1.0,0.0,0.0,0.0,0.0,0.0,0.0,1.0,20.0,10.0,8.0,0.40749337775471756
1.0,0.0,0.0,0.0,0.0,0.0,0.0,2.0,20.0,10.0,8.0,0.4245746743493816
1.0,0.0,0.0,0.0,0.0,0.0,0.0,3.0,20.0,10.0,8.0,0.32190939129959867
1.0,0.0,0.0,0.0,0.0,0.0,0.0,4.0,20.0,10.0,8.0,0.3162702422239821
1.0,0.0,0.0,0.0,0.0,0.0,0.0,1.0,32.0,10.0,8.0,0.32237363117507317
1.0,0.0,0.0,0.0,0.0,0.0,0.0,2.0,32.0,10.0,8.0,0.3219503536415523
1.0,0.0,0.0,0.0,0.0,0.0,0.0,3.0,32.0,10.0,8.0,0.24876430268439892
1.0,0.0,0.0,0.0,0.0,0.0,0.0,4.0,32.0,10.0,8.0,0.24387612987793222
1.0,0.0,0.0,0.0,0.0,0.0,0.0,1.0,64.0,10.0,8.0,0.24416286627160771
1.0,0.0,0.0,0.0,0.0,0.0,0.0,2.0,64.0,10.0,8.0,0.24182801278025073
1.0,0.0,0.0,0.0,0.0,0.0,0.0,3.0,64.0,10.0,8.0,0.18284224036702262
1.0,0.0,0.0,0.0,0.0,0.0,0.0,4.0,64.0,10.0,8.0,0.18008410934214486
1.0,0.0,0.0,0.0,0.0,0.0,0.0,1.0,128.0,10.0,8.0,0.18138125017067647
1.0,0.0,0.0,0.0,0.0,0.0,0.0,2.0,128.0,10.0,8.0,0.18207760998388817
1.0,0.0,0.0,0.0,0.0,0.0,0.0,3.0,128.0,10.0,8.0,0.1126600944864688
1.0,0.0,0.0,0.0,0.0,0.0,0.0,4.0,128.0,10.0,8.0,0.111936426445288
1.0,0.0,0.0,0.0,0.0,0.0,0.0,1.0,0.0,16.0,8.0,0.107689996996095
1.0,0.0,0.0,0.0,0.0,0.0,0.0,2.0,0.0,16.0,8.0,0.10688440427100693
1.0,0.0,0.0,0.0,0.0,0.0,0.0,3.0,0.0,16.0,8.0,0.05127119801196106
1.0,0.0,0.0,0.0,0.0,0.0,0.0,4.0,0.0,16.0,8.0,0.054684726508096915
1.0,0.0,0.0,0.0,0.0,0.0,0.0,1.0,8.0,16.0,8.0,0.643914361397089
1.0,0.0,0.0,0.0,0.0,0.0,0.0,2.0,8.0,16.0,8.0,0.6311750730495098
1.0,0.0,0.0,0.0,0.0,0.0,0.0,3.0,8.0,16.0,8.0,0.42065594363581754
1.0,0.0,0.0,0.0,0.0,0.0,0.0,4.0,8.0,16.0,8.0,0.433832163630902
1.0,0.0,0.0,0.0,0.0,0.0,0.0,1.0,10.0,16.0,8.0,0.464553920096125
1.0,0.0,0.0,0.0,0.0,0.0,0.0,2.0,10.0,16.0,8.0,0.44255714246702543
1.0,0.0,0.0,0.0,0.0,0.0,0.0,3.0,10.0,16.0,8.0,0.3464048717878698
1.0,0.0,0.0,0.0,0.0,0.0,0.0,4.0,10.0,16.0,8.0,0.3245446352986156
1.0,0.0,0.0,0.0,0.0,0.0,0.0,1.0,16.0,16.0,8.0,0.31792239001611194
1.0,0.0,0.0,0.0,0.0,0.0,0.0,2.0,16.0,16.0,8.0,0.317949698244081
1.0,0.0,0.0,0.0,0.0,0.0,0.0,3.0,16.0,16.0,8.0,0.2479860181872799
1.0,0.0,0.0,0.0,0.0,0.0,0.0,4.0,16.0,16.0,8.0,0.24089953302930173
1.0,0.0,0.0,0.0,0.0,0.0,0.0,1.0,20.0,16.0,8.0,0.2935907588956554
1.0,0.0,0.0,0.0,0.0,0.0,0.0,2.0,20.0,16.0,8.0,0.30224746716185596
1.0,0.0,0.0,0.0,0.0,0.0,0.0,3.0,20.0,16.0,8.0,0.22066413610420826
1.0,0.0,0.0,0.0,0.0,0.0,0.0,4.0,20.0,16.0,8.0,0.21371419208607562
1.0,0.0,0.0,0.0,0.0,0.0,0.0,1.0,32.0,16.0,8.0,0.23247494470083846
1.0,0.0,0.0,0.0,0.0,0.0,0.0,2.0,32.0,16.0,8.0,0.23160108140582764
1.0,0.0,0.0,0.0,0.0,0.0,0.0,3.0,32.0,16.0,8.0,0.17497747071192554
1.0,0.0,0.0,0.0,0.0,0.0,0.0,4.0,32.0,16.0,8.0,0.17056719189491804
1.0,0.0,0.0,0.0,0.0,0.0,0.0,1.0,64.0,16.0,8.0,0.18105355143504748
1.0,0.0,0.0,0.0,0.0,0.0,0.0,2.0,64.0,16.0,8.0,0.17850023211993776
1.0,0.0,0.0,0.0,0.0,0.0,0.0,3.0,64.0,16.0,8.0,0.13281356672765515
1.0,0.0,0.0,0.0,0.0,0.0,0.0,4.0,64.0,16.0,8.0,0.128539829050493
1.0,0.0,0.0,0.0,0.0,0.0,0.0,1.0,128.0,16.0,8.0,0.13640459870559002
1.0,0.0,0.0,0.0,0.0,0.0,0.0,2.0,128.0,16.0,8.0,0.13386493350446493
1.0,0.0,0.0,0.0,0.0,0.0,0.0,3.0,128.0,16.0,8.0,0.0837270269532211
1.0,0.0,0.0,0.0,0.0,0.0,0.0,4.0,128.0,16.0,8.0,0.08206122504710672
1.0,0.0,0.0,0.0,0.0,0.0,0.0,1.0,0.0,20.0,8.0,0.10572380458232072
1.0,0.0,0.0,0.0,0.0,0.0,0.0,2.0,0.0,20.0,8.0,0.10508206122504715
1.0,0.0,0.0,0.0,0.0,0.0,0.0,3.0,0.0,20.0,8.0,0.049031923318495874
1.0,0.0,0.0,0.0,0.0,0.0,0.0,4.0,0.0,20.0,8.0,0.052226985990879105
1.0,0.0,0.0,0.0,0.0,0.0,0.0,1.0,8.0,20.0,8.0,0.5868128567137281
1.0,0.0,0.0,0.0,0.0,0.0,0.0,2.0,8.0,20.0,8.0,0.575684753816325
1.0,0.0,0.0,0.0,0.0,0.0,0.0,3.0,8.0,20.0,8.0,0.3677735601736805
1.0,0.0,0.0,0.0,0.0,0.0,0.0,4.0,8.0,20.0,8.0,0.3813184412463477
1.0,0.0,0.0,0.0,0.0,0.0,0.0,1.0,10.0,20.0,8.0,0.44523334880799587
1.0,0.0,0.0,0.0,0.0,0.0,0.0,2.0,10.0,20.0,8.0,0.3942352330757258
1.0,0.0,0.0,0.0,0.0,0.0,0.0,3.0,10.0,20.0,8.0,0.3027936317212377
1.0,0.0,0.0,0.0,0.0,0.0,0.0,4.0,10.0,20.0,8.0,0.2807968540921381
1.0,0.0,0.0,0.0,0.0,0.0,0.0,1.0,16.0,20.0,8.0,0.29499713263606336
1.0,0.0,0.0,0.0,0.0,0.0,0.0,2.0,16.0,20.0,8.0,0.2837871050547531
1.0,0.0,0.0,0.0,0.0,0.0,0.0,3.0,16.0,20.0,8.0,0.2231082225074416
1.0,0.0,0.0,0.0,0.0,0.0,0.0,4.0,16.0,20.0,8.0,0.21090144460525956
1.0,0.0,0.0,0.0,0.0,0.0,0.0,1.0,20.0,20.0,8.0,0.26659657554821276
1.0,0.0,0.0,0.0,0.0,0.0,0.0,2.0,20.0,20.0,8.0,0.27635926704716146
1.0,0.0,0.0,0.0,0.0,0.0,0.0,3.0,20.0,20.0,8.0,0.1991725606925368
1.0,0.0,0.0,0.0,0.0,0.0,0.0,4.0,20.0,20.0,8.0,0.1930282093994921
1.0,0.0,0.0,0.0,0.0,0.0,0.0,1.0,32.0,20.0,8.0,0.22216608864250803
1.0,0.0,0.0,0.0,0.0,0.0,0.0,2.0,32.0,20.0,8.0,0.21408285316365833
1.0,0.0,0.0,0.0,0.0,0.0,0.0,3.0,32.0,20.0,8.0,0.16199240831262468
1.0,0.0,0.0,0.0,0.0,0.0,0.0,4.0,32.0,20.0,8.0,0.1565444168327918
1.0,0.0,0.0,0.0,0.0,0.0,0.0,1.0,64.0,20.0,8.0,0.1738851415931621
1.0,0.0,0.0,0.0,0.0,0.0,0.0,2.0,64.0,20.0,8.0,0.16805483492176204
1.0,0.0,0.0,0.0,0.0,0.0,0.0,3.0,64.0,20.0,8.0,0.12759769518555947
1.0,0.0,0.0,0.0,0.0,0.0,0.0,4.0,64.0,20.0,8.0,0.12227259073158747
1.0,0.0,0.0,0.0,0.0,0.0,0.0,1.0,128.0,20.0,8.0,0.1305333296922363
1.0,0.0,0.0,0.0,0.0,0.0,0.0,2.0,128.0,20.0,8.0,0.12803462683306488
1.0,0.0,0.0,0.0,0.0,0.0,0.0,3.0,128.0,20.0,8.0,0.07935771047816714
1.0,0.0,0.0,0.0,0.0,0.0,0.0,4.0,128.0,20.0,8.0,0.07715939812665557
1.0,0.0,0.0,0.0,0.0,0.0,0.0,1.0,0.0,32.0,8.0,0.1006444741800705
1.0,0.0,0.0,0.0,0.0,0.0,0.0,2.0,0.0,32.0,8.0,0.10106775171359139
1.0,0.0,0.0,0.0,0.0,0.0,0.0,3.0,0.0,32.0,8.0,0.0492776973702177
1.0,0.0,0.0,0.0,0.0,0.0,0.0,4.0,0.0,32.0,8.0,0.05281411289221449
1.0,0.0,0.0,0.0,0.0,0.0,0.0,1.0,8.0,32.0,8.0,0.5010923291187637
1.0,0.0,0.0,0.0,0.0,0.0,0.0,2.0,8.0,32.0,8.0,0.48564952620224483
1.0,0.0,0.0,0.0,0.0,0.0,0.0,3.0,8.0,32.0,8.0,0.2812747480815971
1.0,0.0,0.0,0.0,0.0,0.0,0.0,4.0,8.0,32.0,8.0,0.29969414784674636
1.0,0.0,0.0,0.0,0.0,0.0,0.0,1.0,10.0,32.0,8.0,0.3373658483301019
1.0,0.0,0.0,0.0,0.0,0.0,0.0,2.0,10.0,32.0,8.0,0.3185095169174474
1.0,0.0,0.0,0.0,0.0,0.0,0.0,3.0,10.0,32.0,8.0,0.23422267129086
1.0,0.0,0.0,0.0,0.0,0.0,0.0,4.0,10.0,32.0,8.0,0.21004123542423342
1.0,0.0,0.0,0.0,0.0,0.0,0.0,1.0,16.0,32.0,8.0,0.23911084409732658
1.0,0.0,0.0,0.0,0.0,0.0,0.0,2.0,16.0,32.0,8.0,0.23805947732051674
1.0,0.0,0.0,0.0,0.0,0.0,0.0,3.0,16.0,32.0,8.0,0.1802479587099593
1.0,0.0,0.0,0.0,0.0,0.0,0.0,4.0,16.0,32.0,8.0,0.16921543461044825
1.0,0.0,0.0,0.0,0.0,0.0,0.0,1.0,20.0,32.0,8.0,0.2273956142985883
1.0,0.0,0.0,0.0,0.0,0.0,0.0,2.0,20.0,32.0,8.0,0.2368306070619079
1.0,0.0,0.0,0.0,0.0,0.0,0.0,3.0,20.0,32.0,8.0,0.16602037193806501
1.0,0.0,0.0,0.0,0.0,0.0,0.0,4.0,20.0,32.0,8.0,0.15957563013736048
1.0,0.0,0.0,0.0,0.0,0.0,0.0,1.0,32.0,32.0,8.0,0.1947486277615446
1.0,0.0,0.0,0.0,0.0,0.0,0.0,2.0,32.0,32.0,8.0,0.1889456293181136
1.0,0.0,0.0,0.0,0.0,0.0,0.0,3.0,32.0,32.0,8.0,0.1429449193041864
1.0,0.0,0.0,0.0,0.0,0.0,0.0,4.0,32.0,32.0,8.0,0.13634998224965184
1.0,0.0,0.0,0.0,0.0,0.0,0.0,1.0,64.0,32.0,8.0,0.16024468172260303
1.0,0.0,0.0,0.0,0.0,0.0,0.0,2.0,64.0,32.0,8.0,0.15390917283377492
1.0,0.0,0.0,0.0,0.0,0.0,0.0,3.0,64.0,32.0,8.0,0.12183565908408212
1.0,0.0,0.0,0.0,0.0,0.0,0.0,4.0,64.0,32.0,8.0,0.11343837898358783
1.0,0.0,0.0,0.0,0.0,0.0,0.0,1.0,128.0,32.0,8.0,0.12720172588000767
1.0,0.0,0.0,0.0,0.0,0.0,0.0,2.0,128.0,32.0,8.0,0.12051121002758136
1.0,0.0,0.0,0.0,0.0,0.0,0.0,3.0,128.0,32.0,8.0,0.07653130888336662
1.0,0.0,0.0,0.0,0.0,0.0,0.0,4.0,128.0,32.0,8.0,0.07460607881154596
1.0,0.0,0.0,0.0,0.0,0.0,0.0,1.0,0.0,64.0,8.0,0.10295201944345833
1.0,0.0,0.0,0.0,0.0,0.0,0.0,2.0,0.0,64.0,8.0,0.10374395805456188
1.0,0.0,0.0,0.0,0.0,0.0,0.0,3.0,0.0,64.0,8.0,0.05756574455883562
1.0,0.0,0.0,0.0,0.0,0.0,0.0,4.0,0.0,64.0,8.0,0.06179851989404411
1.0,0.0,0.0,0.0,0.0,0.0,0.0,1.0,8.0,64.0,8.0,0.4297768917774926
1.0,0.0,0.0,0.0,0.0,0.0,0.0,2.0,8.0,64.0,8.0,0.41290040689259694
1.0,0.0,0.0,0.0,0.0,0.0,0.0,3.0,8.0,64.0,8.0,0.21151587973456404
1.0,0.0,0.0,0.0,0.0,0.0,0.0,4.0,8.0,64.0,8.0,0.2313416532401213
1.0,0.0,0.0,0.0,0.0,0.0,0.0,1.0,10.0,64.0,8.0,0.277929490155384
1.0,0.0,0.0,0.0,0.0,0.0,0.0,2.0,10.0,64.0,8.0,0.2583494907015484
1.0,0.0,0.0,0.0,0.0,0.0,0.0,3.0,10.0,64.0,8.0,0.17751713591305068
1.0,0.0,0.0,0.0,0.0,0.0,0.0,4.0,10.0,64.0,8.0,0.15164258991234064
1.0,0.0,0.0,0.0,0.0,0.0,0.0,1.0,16.0,64.0,8.0,0.20475709331221498
1.0,0.0,0.0,0.0,0.0,0.0,0.0,2.0,16.0,64.0,8.0,0.1991725606925368
1.0,0.0,0.0,0.0,0.0,0.0,0.0,3.0,16.0,64.0,8.0,0.14459706709631615
1.0,0.0,0.0,0.0,0.0,0.0,0.0,4.0,16.0,64.0,8.0,0.13154373412709253
1.0,0.0,0.0,0.0,0.0,0.0,0.0,1.0,20.0,64.0,8.0,0.1982440809415878
1.0,0.0,0.0,0.0,0.0,0.0,0.0,2.0,20.0,64.0,8.0,0.20466151451432318
1.0,0.0,0.0,0.0,0.0,0.0,0.0,3.0,20.0,64.0,8.0,0.13673229744121912
1.0,0.0,0.0,0.0,0.0,0.0,0.0,4.0,20.0,64.0,8.0,0.12845790436658572
1.0,0.0,0.0,0.0,0.0,0.0,0.0,1.0,32.0,64.0,8.0,0.17863677325978328
1.0,0.0,0.0,0.0,0.0,0.0,0.0,2.0,32.0,64.0,8.0,0.1692837051803709
1.0,0.0,0.0,0.0,0.0,0.0,0.0,3.0,32.0,64.0,8.0,0.12549496163193974
1.0,0.0,0.0,0.0,0.0,0.0,0.0,4.0,32.0,64.0,8.0,0.11674267456784732
1.0,0.0,0.0,0.0,0.0,0.0,0.0,1.0,64.0,64.0,8.0,0.15878369152625688
1.0,0.0,0.0,0.0,0.0,0.0,0.0,2.0,64.0,64.0,8.0,0.14458341298233163
1.0,0.0,0.0,0.0,0.0,0.0,0.0,3.0,64.0,64.0,8.0,0.12034736065976687
1.0,0.0,0.0,0.0,0.0,0.0,0.0,4.0,64.0,64.0,8.0,0.1029656735574429
1.0,0.0,0.0,0.0,0.0,0.0,0.0,1.0,128.0,64.0,8.0,0.13786558890193623
1.0,0.0,0.0,0.0,0.0,0.0,0.0,2.0,128.0,64.0,8.0,0.12489418061661989
1.0,0.0,0.0,0.0,0.0,0.0,0.0,3.0,128.0,64.0,8.0,0.08637592506622249
1.0,0.0,0.0,0.0,0.0,0.0,0.0,4.0,128.0,64.0,8.0,0.07931674813621348
1.0,0.0,0.0,0.0,0.0,0.0,0.0,1.0,0.0,128.0,8.0,0.1804800786476966
1.0,0.0,0.0,0.0,0.0,0.0,0.0,2.0,0.0,128.0,8.0,0.1874573308937984
1.0,0.0,0.0,0.0,0.0,0.0,0.0,3.0,0.0,128.0,8.0,0.15887927032414867
1.0,0.0,0.0,0.0,0.0,0.0,0.0,4.0,0.0,128.0,8.0,0.16371282667467718
1.0,0.0,0.0,0.0,0.0,0.0,0.0,1.0,8.0,128.0,8.0,0.39550506567628835
1.0,0.0,0.0,0.0,0.0,0.0,0.0,2.0,8.0,128.0,8.0,0.38137305770228574
1.0,0.0,0.0,0.0,0.0,0.0,0.0,3.0,8.0,128.0,8.0,0.176998279581638
1.0,0.0,0.0,0.0,0.0,0.0,0.0,4.0,8.0,128.0,8.0,0.19896774898276864
1.0,0.0,0.0,0.0,0.0,0.0,0.0,1.0,10.0,128.0,8.0,0.2573800486086459
1.0,0.0,0.0,0.0,0.0,0.0,0.0,2.0,10.0,128.0,8.0,0.23363554438952466
1.0,0.0,0.0,0.0,0.0,0.0,0.0,3.0,10.0,128.0,8.0,0.1500314044621645
1.0,0.0,0.0,0.0,0.0,0.0,0.0,4.0,10.0,128.0,8.0,0.12696960594227047
1.0,0.0,0.0,0.0,0.0,0.0,0.0,1.0,16.0,128.0,8.0,0.1910347087577488
1.0,0.0,0.0,0.0,0.0,0.0,0.0,2.0,16.0,128.0,8.0,0.18535459734017862
1.0,0.0,0.0,0.0,0.0,0.0,0.0,3.0,16.0,128.0,8.0,0.12763865752751313
1.0,0.0,0.0,0.0,0.0,0.0,0.0,4.0,16.0,128.0,8.0,0.11771211666074993
1.0,0.0,0.0,0.0,0.0,0.0,0.0,1.0,20.0,128.0,8.0,0.18835850241677826
1.0,0.0,0.0,0.0,0.0,0.0,0.0,2.0,20.0,128.0,8.0,0.19326032933722942
1.0,0.0,0.0,0.0,0.0,0.0,0.0,3.0,20.0,128.0,8.0,0.12254567301127833
1.0,0.0,0.0,0.0,0.0,0.0,0.0,4.0,20.0,128.0,8.0,0.11485840683798038
1.0,0.0,0.0,0.0,0.0,0.0,0.0,1.0,32.0,128.0,8.0,0.17168682924165052
1.0,0.0,0.0,0.0,0.0,0.0,0.0,2.0,32.0,128.0,8.0,0.16171932603293376
1.0,0.0,0.0,0.0,0.0,0.0,0.0,3.0,32.0,128.0,8.0,0.11763019197684266
1.0,0.0,0.0,0.0,0.0,0.0,0.0,4.0,32.0,128.0,8.0,0.10848193560719849
1.0,0.0,0.0,0.0,0.0,0.0,0.0,1.0,64.0,128.0,8.0,0.16962505802998457
1.0,0.0,0.0,0.0,0.0,0.0,0.0,2.0,64.0,128.0,8.0,0.1530353095387641
1.0,0.0,0.0,0.0,0.0,0.0,0.0,3.0,64.0,128.0,8.0,0.12354242333215004
1.0,0.0,0.0,0.0,0.0,0.0,0.0,4.0,64.0,128.0,8.0,0.10751249351429593
1.0,0.0,0.0,0.0,0.0,0.0,0.0,1.0,128.0,128.0,8.0,0.17728501597531338
1.0,0.0,0.0,0.0,0.0,0.0,0.0,2.0,128.0,128.0,8.0,0.15287146017094955
1.0,0.0,0.0,0.0,0.0,0.0,0.0,3.0,128.0,128.0,8.0,0.12235451541549475
1.0,0.0,0.0,0.0,0.0,0.0,0.0,4.0,128.0,128.0,8.0,0.11216854638302526
1.0,0.0,0.0,0.0,0.0,0.0,0.0,1.0,0.0,0.0,10.0,0.21882083071629482
1.0,0.0,0.0,0.0,0.0,0.0,0.0,2.0,0.0,0.0,10.0,0.21755099811573225
1.0,0.0,0.0,0.0,0.0,0.0,0.0,3.0,0.0,0.0,10.0,0.2067505939539584
1.0,0.0,0.0,0.0,0.0,0.0,0.0,4.0,0.0,0.0,10.0,0.21006854365220246
1.0,0.0,0.0,0.0,0.0,0.0,0.0,1.0,8.0,0.0,10.0,0.3598405199486607
1.0,0.0,0.0,0.0,0.0,0.0,0.0,2.0,8.0,0.0,10.0,0.353218274666157
1.0,0.0,0.0,0.0,0.0,0.0,0.0,3.0,8.0,0.0,10.0,0.15415494688549664
1.0,0.0,0.0,0.0,0.0,0.0,0.0,4.0,8.0,0.0,10.0,0.17824080395423142
1.0,0.0,0.0,0.0,0.0,0.0,0.0,1.0,10.0,0.0,10.0,0.27525328381441333
1.0,0.0,0.0,0.0,0.0,0.0,0.0,2.0,10.0,0.0,10.0,0.3078183456675497
1.0,0.0,0.0,0.0,0.0,0.0,0.0,3.0,10.0,0.0,10.0,0.14373685791528995
1.0,0.0,0.0,0.0,0.0,0.0,0.0,4.0,10.0,0.0,10.0,0.16490073459133242
1.0,0.0,0.0,0.0,0.0,0.0,0.0,1.0,16.0,0.0,10.0,0.232461290586854
1.0,0.0,0.0,0.0,0.0,0.0,0.0,2.0,16.0,0.0,10.0,0.2787896993364101
1.0,0.0,0.0,0.0,0.0,0.0,0.0,3.0,16.0,0.0,10.0,0.1380840547256889
1.0,0.0,0.0,0.0,0.0,0.0,0.0,4.0,16.0,0.0,10.0,0.17165952101368148
1.0,0.0,0.0,0.0,0.0,0.0,0.0,1.0,20.0,0.0,10.0,0.22062317376225454
1.0,0.0,0.0,0.0,0.0,0.0,0.0,2.0,20.0,0.0,10.0,0.27193533411616927
1.0,0.0,0.0,0.0,0.0,0.0,0.0,3.0,20.0,0.0,10.0,0.13944946612414327
1.0,0.0,0.0,0.0,0.0,0.0,0.0,4.0,20.0,0.0,10.0,0.16917447226849452
1.0,0.0,0.0,0.0,0.0,0.0,0.0,1.0,32.0,0.0,10.0,0.20621808350856125
1.0,0.0,0.0,0.0,0.0,0.0,0.0,2.0,32.0,0.0,10.0,0.22491056555340133
1.0,0.0,0.0,0.0,0.0,0.0,0.0,3.0,32.0,0.0,10.0,0.14320434746989275
1.0,0.0,0.0,0.0,0.0,0.0,0.0,4.0,32.0,0.0,10.0,0.1608181545099539
1.0,0.0,0.0,0.0,0.0,0.0,0.0,1.0,64.0,0.0,10.0,0.2646303831344385
1.0,0.0,0.0,0.0,0.0,0.0,0.0,2.0,64.0,0.0,10.0,0.3663944946612416
1.0,0.0,0.0,0.0,0.0,0.0,0.0,3.0,64.0,0.0,10.0,0.17938774952893316
1.0,0.0,0.0,0.0,0.0,0.0,0.0,4.0,64.0,0.0,10.0,0.23870122067779037
1.0,0.0,0.0,0.0,0.0,0.0,0.0,1.0,128.0,0.0,10.0,0.3238482754854038
1.0,0.0,0.0,0.0,0.0,0.0,0.0,2.0,128.0,0.0,10.0,0.3495862803462683
1.0,0.0,0.0,0.0,0.0,0.0,0.0,3.0,128.0,0.0,10.0,0.291624566481881
1.0,0.0,0.0,0.0,0.0,0.0,0.0,4.0,128.0,0.0,10.0,0.32155438433600053
1.0,0.0,0.0,0.0,0.0,0.0,0.0,1.0,0.0,8.0,10.0,0.11044812802097276
1.0,0.0,0.0,0.0,0.0,0.0,0.0,2.0,0.0,8.0,10.0,0.10680247958709965
1.0,0.0,0.0,0.0,0.0,0.0,0.0,3.0,0.0,8.0,10.0,0.05019252300718208
1.0,0.0,0.0,0.0,0.0,0.0,0.0,4.0,0.0,8.0,10.0,0.05461645593817421
1.0,0.0,0.0,0.0,0.0,0.0,0.0,1.0,8.0,8.0,10.0,0.9399765149239465
1.0,0.0,0.0,0.0,0.0,0.0,0.0,2.0,8.0,8.0,10.0,0.9160954695649799
1.0,0.0,0.0,0.0,0.0,0.0,0.0,3.0,8.0,8.0,10.0,0.694407274911931
1.0,0.0,0.0,0.0,0.0,0.0,0.0,4.0,8.0,8.0,10.0,0.7137551544280292
1.0,0.0,0.0,0.0,0.0,0.0,0.0,1.0,10.0,8.0,10.0,0.7252246101750459
1.0,0.0,0.0,0.0,0.0,0.0,0.0,2.0,10.0,8.0,10.0,0.6717550998115733
1.0,0.0,0.0,0.0,0.0,0.0,0.0,3.0,10.0,8.0,10.0,0.5687348097981924
1.0,0.0,0.0,0.0,0.0,0.0,0.0,4.0,10.0,8.0,10.0,0.5603102214697289
1.0,0.0,0.0,0.0,0.0,0.0,0.0,1.0,16.0,8.0,10.0,0.4749310467243781
1.0,0.0,0.0,0.0,0.0,0.0,0.0,2.0,16.0,8.0,10.0,0.470356918539556
1.0,0.0,0.0,0.0,0.0,0.0,0.0,3.0,16.0,8.0,10.0,0.3824790409350339
1.0,0.0,0.0,0.0,0.0,0.0,0.0,4.0,16.0,8.0,10.0,0.3792976323766352
1.0,0.0,0.0,0.0,0.0,0.0,0.0,1.0,20.0,8.0,10.0,0.4142248559490976
1.0,0.0,0.0,0.0,0.0,0.0,0.0,2.0,20.0,8.0,10.0,0.418908217045796
1.0,0.0,0.0,0.0,0.0,0.0,0.0,3.0,20.0,8.0,10.0,0.332245555585898
1.0,0.0,0.0,0.0,0.0,0.0,0.0,4.0,20.0,8.0,10.0,0.32629236188863714
1.0,0.0,0.0,0.0,0.0,0.0,0.0,1.0,32.0,8.0,10.0,0.3126109396761246
1.0,0.0,0.0,0.0,0.0,0.0,0.0,2.0,32.0,8.0,10.0,0.3091018323820967
1.0,0.0,0.0,0.0,0.0,0.0,0.0,3.0,32.0,8.0,10.0,0.2412408858789153
1.0,0.0,0.0,0.0,0.0,0.0,0.0,4.0,32.0,8.0,10.0,0.23874218301974398
1.0,0.0,0.0,0.0,0.0,0.0,0.0,1.0,64.0,8.0,10.0,0.22261667440399796
1.0,0.0,0.0,0.0,0.0,0.0,0.0,2.0,64.0,8.0,10.0,0.22089625604194546
1.0,0.0,0.0,0.0,0.0,0.0,0.0,3.0,64.0,8.0,10.0,0.16562440263251327
1.0,0.0,0.0,0.0,0.0,0.0,0.0,4.0,64.0,8.0,10.0,0.1645866899696879
1.0,0.0,0.0,0.0,0.0,0.0,0.0,1.0,128.0,8.0,10.0,0.159138698489855
1.0,0.0,0.0,0.0,0.0,0.0,0.0,2.0,128.0,8.0,10.0,0.15917966083180873
1.0,0.0,0.0,0.0,0.0,0.0,0.0,3.0,128.0,8.0,10.0,0.10041235424233325
1.0,0.0,0.0,0.0,0.0,0.0,0.0,4.0,128.0,8.0,10.0,0.09982522734099786
1.0,0.0,0.0,0.0,0.0,0.0,0.0,1.0,0.0,10.0,10.0,0.14080122340861312
1.0,0.0,0.0,0.0,0.0,0.0,0.0,2.0,0.0,10.0,10.0,0.13853464048717884
1.0,0.0,0.0,0.0,0.0,0.0,0.0,3.0,0.0,10.0,10.0,0.06846172751850138
1.0,0.0,0.0,0.0,0.0,0.0,0.0,4.0,0.0,10.0,10.0,0.07263988639777169
1.0,0.0,0.0,0.0,0.0,0.0,0.0,1.0,8.0,10.0,10.0,0.8844588874627928
1.0,0.0,0.0,0.0,0.0,0.0,0.0,2.0,8.0,10.0,10.0,0.8712963215816927
1.0,0.0,0.0,0.0,0.0,0.0,0.0,3.0,8.0,10.0,10.0,0.6260138179633525
1.0,0.0,0.0,0.0,0.0,0.0,0.0,4.0,8.0,10.0,10.0,0.6435457003195064
1.0,0.0,0.0,0.0,0.0,0.0,0.0,1.0,10.0,10.0,10.0,0.6910347087577489
1.0,0.0,0.0,0.0,0.0,0.0,0.0,2.0,10.0,10.0,10.0,0.6367322974412191
1.0,0.0,0.0,0.0,0.0,0.0,0.0,3.0,10.0,10.0,10.0,0.51346295638876
1.0,0.0,0.0,0.0,0.0,0.0,0.0,4.0,10.0,10.0,10.0,0.49266774079030023
1.0,0.0,0.0,0.0,0.0,0.0,0.0,1.0,16.0,10.0,10.0,0.4537262077063821
1.0,0.0,0.0,0.0,0.0,0.0,0.0,2.0,16.0,10.0,10.0,0.45249733744777315
1.0,0.0,0.0,0.0,0.0,0.0,0.0,3.0,16.0,10.0,10.0,0.36412791173980724
1.0,0.0,0.0,0.0,0.0,0.0,0.0,4.0,16.0,10.0,10.0,0.3837215653076272
1.0,0.0,0.0,0.0,0.0,0.0,0.0,1.0,20.0,10.0,10.0,0.403560992927169
1.0,0.0,0.0,0.0,0.0,0.0,0.0,2.0,20.0,10.0,10.0,0.42129768699309117
1.0,0.0,0.0,0.0,0.0,0.0,0.0,3.0,20.0,10.0,10.0,0.31797700647205
1.0,0.0,0.0,0.0,0.0,0.0,0.0,4.0,20.0,10.0,10.0,0.3130069089816762
1.0,0.0,0.0,0.0,0.0,0.0,0.0,1.0,32.0,10.0,10.0,0.31588792703241503
1.0,0.0,0.0,0.0,0.0,0.0,0.0,2.0,32.0,10.0,10.0,0.313703268794888
1.0,0.0,0.0,0.0,0.0,0.0,0.0,3.0,32.0,10.0,10.0,0.24292034189901418
1.0,0.0,0.0,0.0,0.0,0.0,0.0,4.0,32.0,10.0,10.0,0.2400393238482756
1.0,0.0,0.0,0.0,0.0,0.0,0.0,1.0,64.0,10.0,10.0,0.238919686501543
1.0,0.0,0.0,0.0,0.0,0.0,0.0,2.0,64.0,10.0,10.0,0.23726753870941325
1.0,0.0,0.0,0.0,0.0,0.0,0.0,3.0,64.0,10.0,10.0,0.1784865780059533
1.0,0.0,0.0,0.0,0.0,0.0,0.0,4.0,64.0,10.0,10.0,0.1765750020481172
1.0,0.0,0.0,0.0,0.0,0.0,0.0,1.0,128.0,10.0,10.0,0.17886889319752047
1.0,0.0,0.0,0.0,0.0,0.0,0.0,2.0,128.0,10.0,10.0,0.179360441300964
1.0,0.0,0.0,0.0,0.0,0.0,0.0,3.0,128.0,10.0,10.0,0.10789480870586315
1.0,0.0,0.0,0.0,0.0,0.0,0.0,4.0,128.0,10.0,10.0,0.10751249351429593
1.0,0.0,0.0,0.0,0.0,0.0,0.0,1.0,0.0,16.0,10.0,0.10288374887353563
1.0,0.0,0.0,0.0,0.0,0.0,0.0,2.0,0.0,16.0,10.0,0.10155929981703493
1.0,0.0,0.0,0.0,0.0,0.0,0.0,3.0,0.0,16.0,10.0,0.04535896665665373
1.0,0.0,0.0,0.0,0.0,0.0,0.0,4.0,0.0,16.0,10.0,0.048608645784975035
1.0,0.0,0.0,0.0,0.0,0.0,0.0,1.0,8.0,16.0,10.0,0.6357628553483166
1.0,0.0,0.0,0.0,0.0,0.0,0.0,2.0,8.0,16.0,10.0,0.6255359239738933
1.0,0.0,0.0,0.0,0.0,0.0,0.0,3.0,8.0,16.0,10.0,0.4140883148092522
1.0,0.0,0.0,0.0,0.0,0.0,0.0,4.0,8.0,16.0,10.0,0.43432371173434564
1.0,0.0,0.0,0.0,0.0,0.0,0.0,1.0,10.0,16.0,10.0,0.45834129823315767
1.0,0.0,0.0,0.0,0.0,0.0,0.0,2.0,10.0,16.0,10.0,0.4401949807476994
1.0,0.0,0.0,0.0,0.0,0.0,0.0,3.0,10.0,16.0,10.0,0.34386520658674463
1.0,0.0,0.0,0.0,0.0,0.0,0.0,4.0,10.0,16.0,10.0,0.32229170649116584
1.0,0.0,0.0,0.0,0.0,0.0,0.0,1.0,16.0,16.0,10.0,0.31409923810043977
1.0,0.0,0.0,0.0,0.0,0.0,0.0,2.0,16.0,16.0,10.0,0.3134711488571507
1.0,0.0,0.0,0.0,0.0,0.0,0.0,3.0,16.0,16.0,10.0,0.24544635298615475
1.0,0.0,0.0,0.0,0.0,0.0,0.0,4.0,16.0,16.0,10.0,0.2389606488434966
1.0,0.0,0.0,0.0,0.0,0.0,0.0,1.0,20.0,16.0,10.0,0.28770583576831704
1.0,0.0,0.0,0.0,0.0,0.0,0.0,2.0,20.0,16.0,10.0,0.29764603074906476
1.0,0.0,0.0,0.0,0.0,0.0,0.0,3.0,20.0,16.0,10.0,0.2173052240640106
1.0,0.0,0.0,0.0,0.0,0.0,0.0,4.0,20.0,16.0,10.0,0.2121439689778531
1.0,0.0,0.0,0.0,0.0,0.0,0.0,1.0,32.0,16.0,10.0,0.2280373576558618
1.0,0.0,0.0,0.0,0.0,0.0,0.0,2.0,32.0,16.0,10.0,0.22648078866162386
1.0,0.0,0.0,0.0,0.0,0.0,0.0,3.0,32.0,16.0,10.0,0.17045795898304167
1.0,0.0,0.0,0.0,0.0,0.0,0.0,4.0,32.0,16.0,10.0,0.16776809852808655
1.0,0.0,0.0,0.0,0.0,0.0,0.0,1.0,64.0,16.0,10.0,0.17619268685654993
1.0,0.0,0.0,0.0,0.0,0.0,0.0,2.0,64.0,16.0,10.0,0.17503208716786373
1.0,0.0,0.0,0.0,0.0,0.0,0.0,3.0,64.0,16.0,10.0,0.12909964772385923
1.0,0.0,0.0,0.0,0.0,0.0,0.0,4.0,64.0,16.0,10.0,0.12557688631584707
1.0,0.0,0.0,0.0,0.0,0.0,0.0,1.0,128.0,16.0,10.0,0.13295010786750056
1.0,0.0,0.0,0.0,0.0,0.0,0.0,2.0,128.0,16.0,10.0,0.13043775089434456
1.0,0.0,0.0,0.0,0.0,0.0,0.0,3.0,128.0,16.0,10.0,0.07924847756629078
1.0,0.0,0.0,0.0,0.0,0.0,0.0,4.0,128.0,16.0,10.0,0.07825172724541907
1.0,0.0,0.0,0.0,0.0,0.0,0.0,1.0,0.0,20.0,10.0,0.10154564570305041
1.0,0.0,0.0,0.0,0.0,0.0,0.0,2.0,0.0,20.0,10.0,0.10026215898850332
1.0,0.0,0.0,0.0,0.0,0.0,0.0,3.0,0.0,20.0,10.0,0.043979901144214795
1.0,0.0,0.0,0.0,0.0,0.0,0.0,4.0,0.0,20.0,10.0,0.04766651192004151
1.0,0.0,0.0,0.0,0.0,0.0,0.0,1.0,8.0,20.0,10.0,0.5809415877003743
1.0,0.0,0.0,0.0,0.0,0.0,0.0,2.0,8.0,20.0,10.0,0.5704552281602449
1.0,0.0,0.0,0.0,0.0,0.0,0.0,3.0,8.0,20.0,10.0,0.3637865588901937
1.0,0.0,0.0,0.0,0.0,0.0,0.0,4.0,8.0,20.0,10.0,0.38081323902891956
1.0,0.0,0.0,0.0,0.0,0.0,0.0,1.0,10.0,20.0,10.0,0.48159425434883535
1.0,0.0,0.0,0.0,0.0,0.0,0.0,2.0,10.0,20.0,10.0,0.3920505748381988
1.0,0.0,0.0,0.0,0.0,0.0,0.0,3.0,10.0,20.0,10.0,0.29984434310057634
1.0,0.0,0.0,0.0,0.0,0.0,0.0,4.0,10.0,20.0,10.0,0.27885796990633277
1.0,0.0,0.0,0.0,0.0,0.0,0.0,1.0,16.0,20.0,10.0,0.29249842977689183
1.0,0.0,0.0,0.0,0.0,0.0,0.0,2.0,16.0,20.0,10.0,0.28008684016494173
1.0,0.0,0.0,0.0,0.0,0.0,0.0,3.0,16.0,20.0,10.0,0.22033643736857927
1.0,0.0,0.0,0.0,0.0,0.0,0.0,4.0,16.0,20.0,10.0,0.21084682814932149
1.0,0.0,0.0,0.0,0.0,0.0,0.0,1.0,20.0,20.0,10.0,0.2620634097053442
1.0,0.0,0.0,0.0,0.0,0.0,0.0,2.0,20.0,20.0,10.0,0.2719762964581229
1.0,0.0,0.0,0.0,0.0,0.0,0.0,3.0,20.0,20.0,10.0,0.19660558726344252
1.0,0.0,0.0,0.0,0.0,0.0,0.0,4.0,20.0,20.0,10.0,0.19128048280947058
1.0,0.0,0.0,0.0,0.0,0.0,0.0,1.0,32.0,20.0,10.0,0.2180425462191759
1.0,0.0,0.0,0.0,0.0,0.0,0.0,2.0,32.0,20.0,10.0,0.20929025915508354
1.0,0.0,0.0,0.0,0.0,0.0,0.0,3.0,32.0,20.0,10.0,0.1594254348835304
1.0,0.0,0.0,0.0,0.0,0.0,0.0,4.0,32.0,20.0,10.0,0.15415494688549664
1.0,0.0,0.0,0.0,0.0,0.0,0.0,1.0,64.0,20.0,10.0,0.1702531472732735
1.0,0.0,0.0,0.0,0.0,0.0,0.0,2.0,64.0,20.0,10.0,0.16520112509899237
1.0,0.0,0.0,0.0,0.0,0.0,0.0,3.0,64.0,20.0,10.0,0.1248395641606817
1.0,0.0,0.0,0.0,0.0,0.0,0.0,4.0,64.0,20.0,10.0,0.12067505939539591
1.0,0.0,0.0,0.0,0.0,0.0,0.0,1.0,128.0,20.0,10.0,0.12762500341352856
1.0,0.0,0.0,0.0,0.0,0.0,0.0,2.0,128.0,20.0,10.0,0.12512630055435708
1.0,0.0,0.0,0.0,0.0,0.0,0.0,3.0,128.0,20.0,10.0,0.07584860318413944
1.0,0.0,0.0,0.0,0.0,0.0,0.0,4.0,128.0,20.0,10.0,0.07375952374450429
1.0,0.0,0.0,0.0,0.0,0.0,0.0,1.0,0.0,32.0,10.0,0.0963707365029084
1.0,0.0,0.0,0.0,0.0,0.0,0.0,2.0,0.0,32.0,10.0,0.0965482399847074
1.0,0.0,0.0,0.0,0.0,0.0,0.0,3.0,0.0,32.0,10.0,0.0446489527294574
1.0,0.0,0.0,0.0,0.0,0.0,0.0,4.0,0.0,32.0,10.0,0.04759824135011881
1.0,0.0,0.0,0.0,0.0,0.0,0.0,1.0,8.0,32.0,10.0,0.49563068352494616
1.0,0.0,0.0,0.0,0.0,0.0,0.0,2.0,8.0,32.0,10.0,0.4813484802971136
1.0,0.0,0.0,0.0,0.0,0.0,0.0,3.0,8.0,32.0,10.0,0.2776290996477239
1.0,0.0,0.0,0.0,0.0,0.0,0.0,4.0,8.0,32.0,10.0,0.298001037712663
1.0,0.0,0.0,0.0,0.0,0.0,0.0,1.0,10.0,32.0,10.0,0.3313307299489337
1.0,0.0,0.0,0.0,0.0,0.0,0.0,2.0,10.0,32.0,10.0,0.3156694612086623
1.0,0.0,0.0,0.0,0.0,0.0,0.0,3.0,10.0,32.0,10.0,0.2313826155820749
1.0,0.0,0.0,0.0,0.0,0.0,0.0,4.0,10.0,32.0,10.0,0.2073513749692783
1.0,0.0,0.0,0.0,0.0,0.0,0.0,1.0,16.0,32.0,10.0,0.23699445642972233
1.0,0.0,0.0,0.0,0.0,0.0,0.0,2.0,16.0,32.0,10.0,0.23471421939430365
1.0,0.0,0.0,0.0,0.0,0.0,0.0,3.0,16.0,32.0,10.0,0.17637019033834905
1.0,0.0,0.0,0.0,0.0,0.0,0.0,4.0,16.0,32.0,10.0,0.16715366339878218
1.0,0.0,0.0,0.0,0.0,0.0,0.0,1.0,20.0,32.0,10.0,0.22476037029957135
1.0,0.0,0.0,0.0,0.0,0.0,0.0,2.0,20.0,32.0,10.0,0.23326688331194195
1.0,0.0,0.0,0.0,0.0,0.0,0.0,3.0,20.0,32.0,10.0,0.16324858679920268
1.0,0.0,0.0,0.0,0.0,0.0,0.0,4.0,20.0,32.0,10.0,0.15587536524754914
1.0,0.0,0.0,0.0,0.0,0.0,0.0,1.0,32.0,32.0,10.0,0.19100740052977966
1.0,0.0,0.0,0.0,0.0,0.0,0.0,2.0,32.0,32.0,10.0,0.1859690324694831
1.0,0.0,0.0,0.0,0.0,0.0,0.0,3.0,32.0,32.0,10.0,0.13903984270460695
1.0,0.0,0.0,0.0,0.0,0.0,0.0,4.0,32.0,32.0,10.0,0.1328545290696087
1.0,0.0,0.0,0.0,0.0,0.0,0.0,1.0,64.0,32.0,10.0,0.15707692727818895
1.0,0.0,0.0,0.0,0.0,0.0,0.0,2.0,64.0,32.0,10.0,0.15053660667959262
1.0,0.0,0.0,0.0,0.0,0.0,0.0,3.0,64.0,32.0,10.0,0.1177530790027036
1.0,0.0,0.0,0.0,0.0,0.0,0.0,4.0,64.0,32.0,10.0,0.1106392856167564
1.0,0.0,0.0,0.0,0.0,0.0,0.0,1.0,128.0,32.0,10.0,0.12494879707255802
1.0,0.0,0.0,0.0,0.0,0.0,0.0,2.0,128.0,32.0,10.0,0.11825828122013166
1.0,0.0,0.0,0.0,0.0,0.0,0.0,3.0,128.0,32.0,10.0,0.07345913323684428
1.0,0.0,0.0,0.0,0.0,0.0,0.0,4.0,128.0,32.0,10.0,0.07128812911330185
1.0,0.0,0.0,0.0,0.0,0.0,0.0,1.0,0.0,64.0,10.0,0.09773614790136276
1.0,0.0,0.0,0.0,0.0,0.0,0.0,2.0,0.0,64.0,10.0,0.09777711024331631
1.0,0.0,0.0,0.0,0.0,0.0,0.0,3.0,0.0,64.0,10.0,0.05211775307900279
1.0,0.0,0.0,0.0,0.0,0.0,0.0,4.0,0.0,64.0,10.0,0.054807613533957855
1.0,0.0,0.0,0.0,0.0,0.0,0.0,1.0,8.0,64.0,10.0,0.4233594582047571
1.0,0.0,0.0,0.0,0.0,0.0,0.0,2.0,8.0,64.0,10.0,0.4059504628744642
1.0,0.0,0.0,0.0,0.0,0.0,0.0,3.0,8.0,64.0,10.0,0.20617712116660752
1.0,0.0,0.0,0.0,0.0,0.0,0.0,4.0,8.0,64.0,10.0,0.22663098391545372
1.0,0.0,0.0,0.0,0.0,0.0,0.0,1.0,10.0,64.0,10.0,0.2739697970998663
1.0,0.0,0.0,0.0,0.0,0.0,0.0,2.0,10.0,64.0,10.0,0.2563559900598052
1.0,0.0,0.0,0.0,0.0,0.0,0.0,3.0,10.0,64.0,10.0,0.17437668969660564
1.0,0.0,0.0,0.0,0.0,0.0,0.0,4.0,10.0,64.0,10.0,0.14724596520931765
1.0,0.0,0.0,0.0,0.0,0.0,0.0,1.0,16.0,64.0,10.0,0.20206723285725997
1.0,0.0,0.0,0.0,0.0,0.0,0.0,2.0,16.0,64.0,10.0,0.19761599169829874
1.0,0.0,0.0,0.0,0.0,0.0,0.0,3.0,16.0,64.0,10.0,0.13972254840383413
1.0,0.0,0.0,0.0,0.0,0.0,0.0,4.0,16.0,64.0,10.0,0.12789808569321948
1.0,0.0,0.0,0.0,0.0,0.0,0.0,1.0,20.0,64.0,10.0,0.19541767934678728
1.0,0.0,0.0,0.0,0.0,0.0,0.0,2.0,20.0,64.0,10.0,0.20191703760343
1.0,0.0,0.0,0.0,0.0,0.0,0.0,3.0,20.0,64.0,10.0,0.13173489172287617
1.0,0.0,0.0,0.0,0.0,0.0,0.0,4.0,20.0,64.0,10.0,0.12268221415112379
1.0,0.0,0.0,0.0,0.0,0.0,0.0,1.0,32.0,64.0,10.0,0.17217837734509417
1.0,0.0,0.0,0.0,0.0,0.0,0.0,2.0,32.0,64.0,10.0,0.1652420874409461
1.0,0.0,0.0,0.0,0.0,0.0,0.0,3.0,32.0,64.0,10.0,0.11939157268084882
1.0,0.0,0.0,0.0,0.0,0.0,0.0,4.0,32.0,64.0,10.0,0.11066659384472544
1.0,0.0,0.0,0.0,0.0,0.0,0.0,1.0,64.0,64.0,10.0,0.15537016303012102
1.0,0.0,0.0,0.0,0.0,0.0,0.0,2.0,64.0,64.0,10.0,0.1413200797400257
1.0,0.0,0.0,0.0,0.0,0.0,0.0,3.0,64.0,64.0,10.0,0.11330183784374237
1.0,0.0,0.0,0.0,0.0,0.0,0.0,4.0,64.0,64.0,10.0,0.09754499030557912
1.0,0.0,0.0,0.0,0.0,0.0,0.0,1.0,128.0,64.0,10.0,0.13838444523334886
1.0,0.0,0.0,0.0,0.0,0.0,0.0,2.0,128.0,64.0,10.0,0.1250307217564653
1.0,0.0,0.0,0.0,0.0,0.0,0.0,3.0,128.0,64.0,10.0,0.08563860291105718
1.0,0.0,0.0,0.0,0.0,0.0,0.0,4.0,128.0,64.0,10.0,0.07831999781534177
1.0,0.0,0.0,0.0,0.0,0.0,0.0,1.0,0.0,128.0,10.0,0.1763428821103799
1.0,0.0,0.0,0.0,0.0,0.0,0.0,2.0,0.0,128.0,10.0,0.1799748764302685
1.0,0.0,0.0,0.0,0.0,0.0,0.0,3.0,0.0,128.0,10.0,0.15917966083180873
1.0,0.0,0.0,0.0,0.0,0.0,0.0,4.0,0.0,128.0,10.0,0.16251126464403737
1.0,0.0,0.0,0.0,0.0,0.0,0.0,1.0,8.0,128.0,10.0,0.38615199759687596
1.0,0.0,0.0,0.0,0.0,0.0,0.0,2.0,8.0,128.0,10.0,0.3799120675059396
1.0,0.0,0.0,0.0,0.0,0.0,0.0,3.0,8.0,128.0,10.0,0.17221933968704778
1.0,0.0,0.0,0.0,0.0,0.0,0.0,4.0,8.0,128.0,10.0,0.19407957617630195
1.0,0.0,0.0,0.0,0.0,0.0,0.0,1.0,10.0,128.0,10.0,0.24946066249761062
1.0,0.0,0.0,0.0,0.0,0.0,0.0,2.0,10.0,128.0,10.0,0.23030394057729603
1.0,0.0,0.0,0.0,0.0,0.0,0.0,3.0,10.0,128.0,10.0,0.14556650918921876
1.0,0.0,0.0,0.0,0.0,0.0,0.0,4.0,10.0,128.0,10.0,0.12184931319806663
1.0,0.0,0.0,0.0,0.0,0.0,0.0,1.0,16.0,128.0,10.0,0.1883448483027937
1.0,0.0,0.0,0.0,0.0,0.0,0.0,2.0,16.0,128.0,10.0,0.1826237745432699
1.0,0.0,0.0,0.0,0.0,0.0,0.0,3.0,16.0,128.0,10.0,0.12231355307354114
1.0,0.0,0.0,0.0,0.0,0.0,0.0,4.0,16.0,128.0,10.0,0.11311068024795878
1.0,0.0,0.0,0.0,0.0,0.0,0.0,1.0,20.0,128.0,10.0,0.18400284005570883
1.0,0.0,0.0,0.0,0.0,0.0,0.0,2.0,20.0,128.0,10.0,0.18872716349436097
1.0,0.0,0.0,0.0,0.0,0.0,0.0,3.0,20.0,128.0,10.0,0.11716595210136815
1.0,0.0,0.0,0.0,0.0,0.0,0.0,4.0,20.0,128.0,10.0,0.10886425079876572
1.0,0.0,0.0,0.0,0.0,0.0,0.0,1.0,32.0,128.0,10.0,0.16668942352330768
1.0,0.0,0.0,0.0,0.0,0.0,0.0,2.0,32.0,128.0,10.0,0.15568420765176555
1.0,0.0,0.0,0.0,0.0,0.0,0.0,3.0,32.0,128.0,10.0,0.11160872770965896
1.0,0.0,0.0,0.0,0.0,0.0,0.0,4.0,32.0,128.0,10.0,0.10271989950572114
1.0,0.0,0.0,0.0,0.0,0.0,0.0,1.0,64.0,128.0,10.0,0.16891504410278818
1.0,0.0,0.0,0.0,0.0,0.0,0.0,2.0,64.0,128.0,10.0,0.15115104180889705
1.0,0.0,0.0,0.0,0.0,0.0,0.0,3.0,64.0,128.0,10.0,0.1181217400802862
1.0,0.0,0.0,0.0,0.0,0.0,0.0,4.0,64.0,128.0,10.0,0.10321144760916467
1.0,0.0,0.0,0.0,0.0,0.0,0.0,1.0,128.0,128.0,10.0,0.1767661596439008
1.0,0.0,0.0,0.0,0.0,0.0,0.0,2.0,128.0,128.0,10.0,0.1496627433845818
1.0,0.0,0.0,0.0,0.0,0.0,0.0,3.0,128.0,128.0,10.0,0.11910483628717339
1.0,0.0,0.0,0.0,0.0,0.0,0.0,4.0,128.0,128.0,10.0,0.10867309320298213
1.0,0.0,0.0,0.0,0.0,0.0,0.0,1.0,0.0,0.0,16.0,0.21815177913105227
1.0,0.0,0.0,0.0,0.0,0.0,0.0,2.0,0.0,0.0,16.0,0.21798792976323783
1.0,0.0,0.0,0.0,0.0,0.0,0.0,3.0,0.0,0.0,16.0,0.20649116578825205
1.0,0.0,0.0,0.0,0.0,0.0,0.0,4.0,0.0,0.0,16.0,0.210232393020017
1.0,0.0,0.0,0.0,0.0,0.0,0.0,1.0,8.0,0.0,16.0,0.3526584559927907
1.0,0.0,0.0,0.0,0.0,0.0,0.0,2.0,8.0,0.0,16.0,0.36165651710860497
1.0,0.0,0.0,0.0,0.0,0.0,0.0,3.0,8.0,0.0,16.0,0.17275185013244504
1.0,0.0,0.0,0.0,0.0,0.0,0.0,4.0,8.0,0.0,16.0,0.19091182173188787
1.0,0.0,0.0,0.0,0.0,0.0,0.0,1.0,10.0,0.0,16.0,0.3113957235315001
1.0,0.0,0.0,0.0,0.0,0.0,0.0,2.0,10.0,0.0,16.0,0.3676779813757886
1.0,0.0,0.0,0.0,0.0,0.0,0.0,3.0,10.0,0.0,16.0,0.16976159916982997
1.0,0.0,0.0,0.0,0.0,0.0,0.0,4.0,10.0,0.0,16.0,0.21368688385810647
1.0,0.0,0.0,0.0,0.0,0.0,0.0,1.0,16.0,0.0,16.0,0.2574210109505995
1.0,0.0,0.0,0.0,0.0,0.0,0.0,2.0,16.0,0.0,16.0,0.29345421775581
1.0,0.0,0.0,0.0,0.0,0.0,0.0,3.0,16.0,0.0,16.0,0.15427783391135758
1.0,0.0,0.0,0.0,0.0,0.0,0.0,4.0,16.0,0.0,16.0,0.19204511319260503
1.0,0.0,0.0,0.0,0.0,0.0,0.0,1.0,20.0,0.0,16.0,0.23739042573527408
1.0,0.0,0.0,0.0,0.0,0.0,0.0,2.0,20.0,0.0,16.0,0.28132936453753526
1.0,0.0,0.0,0.0,0.0,0.0,0.0,3.0,20.0,0.0,16.0,0.14882984243152464
1.0,0.0,0.0,0.0,0.0,0.0,0.0,4.0,20.0,0.0,16.0,0.1757011387531064
1.0,0.0,0.0,0.0,0.0,0.0,0.0,1.0,32.0,0.0,16.0,0.20635462464840665
1.0,0.0,0.0,0.0,0.0,0.0,0.0,2.0,32.0,0.0,16.0,0.2144242060132719
1.0,0.0,0.0,0.0,0.0,0.0,0.0,3.0,32.0,0.0,16.0,0.14175701138753116
1.0,0.0,0.0,0.0,0.0,0.0,0.0,4.0,32.0,0.0,16.0,0.15045468199568535
1.0,0.0,0.0,0.0,0.0,0.0,0.0,1.0,64.0,0.0,16.0,0.25925066222452836
1.0,0.0,0.0,0.0,0.0,0.0,0.0,2.0,64.0,0.0,16.0,0.3579562522187936
1.0,0.0,0.0,0.0,0.0,0.0,0.0,3.0,64.0,0.0,16.0,0.17149567164586693
1.0,0.0,0.0,0.0,0.0,0.0,0.0,4.0,64.0,0.0,16.0,0.23550615800540703
1.0,0.0,0.0,0.0,0.0,0.0,0.0,1.0,128.0,0.0,16.0,0.31179169283705194
1.0,0.0,0.0,0.0,0.0,0.0,0.0,2.0,128.0,0.0,16.0,0.3460225565963026
1.0,0.0,0.0,0.0,0.0,0.0,0.0,3.0,128.0,0.0,16.0,0.27929490155383835
1.0,0.0,0.0,0.0,0.0,0.0,0.0,4.0,128.0,0.0,16.0,0.3163521669078894
1.0,0.0,0.0,0.0,0.0,0.0,0.0,1.0,0.0,8.0,16.0,0.10239220077009209
1.0,0.0,0.0,0.0,0.0,0.0,0.0,2.0,0.0,8.0,16.0,0.09911521341380164
1.0,0.0,0.0,0.0,0.0,0.0,0.0,3.0,0.0,8.0,16.0,0.04198640050247143
1.0,0.0,0.0,0.0,0.0,0.0,0.0,4.0,0.0,8.0,16.0,0.04646494988940175
1.0,0.0,0.0,0.0,0.0,0.0,0.0,1.0,8.0,8.0,16.0,0.9049537125535925
1.0,0.0,0.0,0.0,0.0,0.0,0.0,2.0,8.0,8.0,16.0,0.9113438378983589
1.0,0.0,0.0,0.0,0.0,0.0,0.0,3.0,8.0,8.0,16.0,0.690611431224228
1.0,0.0,0.0,0.0,0.0,0.0,0.0,4.0,8.0,8.0,16.0,0.717114066468227
1.0,0.0,0.0,0.0,0.0,0.0,0.0,1.0,10.0,8.0,16.0,0.7181517791310523
1.0,0.0,0.0,0.0,0.0,0.0,0.0,2.0,10.0,8.0,16.0,0.669133509926541
1.0,0.0,0.0,0.0,0.0,0.0,0.0,3.0,10.0,8.0,16.0,0.5668778502962943
1.0,0.0,0.0,0.0,0.0,0.0,0.0,4.0,10.0,8.0,16.0,0.557770556268604
1.0,0.0,0.0,0.0,0.0,0.0,0.0,1.0,16.0,8.0,16.0,0.4692645894207926
1.0,0.0,0.0,0.0,0.0,0.0,0.0,2.0,16.0,8.0,16.0,0.46555067041699677
1.0,0.0,0.0,0.0,0.0,0.0,0.0,3.0,16.0,8.0,16.0,0.38058111909118225
1.0,0.0,0.0,0.0,0.0,0.0,0.0,4.0,16.0,8.0,16.0,0.3783418443977172
1.0,0.0,0.0,0.0,0.0,0.0,0.0,1.0,20.0,8.0,16.0,0.4087905185832493
1.0,0.0,0.0,0.0,0.0,0.0,0.0,2.0,20.0,8.0,16.0,0.4119855812556324
1.0,0.0,0.0,0.0,0.0,0.0,0.0,3.0,20.0,8.0,16.0,0.3309211065293974
1.0,0.0,0.0,0.0,0.0,0.0,0.0,4.0,20.0,8.0,16.0,0.32237363117507317
1.0,0.0,0.0,0.0,0.0,0.0,0.0,1.0,32.0,8.0,16.0,0.30684890357464706
1.0,0.0,0.0,0.0,0.0,0.0,0.0,2.0,32.0,8.0,16.0,0.30249324121357773
1.0,0.0,0.0,0.0,0.0,0.0,0.0,3.0,32.0,8.0,16.0,0.23680329883393864
1.0,0.0,0.0,0.0,0.0,0.0,0.0,4.0,32.0,8.0,16.0,0.23657117889620144
1.0,0.0,0.0,0.0,0.0,0.0,0.0,1.0,64.0,8.0,16.0,0.21816543324503673
1.0,0.0,0.0,0.0,0.0,0.0,0.0,2.0,64.0,8.0,16.0,0.2152980693082826
1.0,0.0,0.0,0.0,0.0,0.0,0.0,3.0,64.0,8.0,16.0,0.16167836369098015
1.0,0.0,0.0,0.0,0.0,0.0,0.0,4.0,64.0,8.0,16.0,0.16139162729730477
1.0,0.0,0.0,0.0,0.0,0.0,0.0,1.0,128.0,8.0,16.0,0.1545918785330021
1.0,0.0,0.0,0.0,0.0,0.0,0.0,2.0,128.0,8.0,16.0,0.15464649498894018
1.0,0.0,0.0,0.0,0.0,0.0,0.0,3.0,128.0,8.0,16.0,0.09394030421365962
1.0,0.0,0.0,0.0,0.0,0.0,0.0,4.0,128.0,8.0,16.0,0.09400857478358232
1.0,0.0,0.0,0.0,0.0,0.0,0.0,1.0,0.0,10.0,16.0,0.13312761134929957
1.0,0.0,0.0,0.0,0.0,0.0,0.0,2.0,0.0,10.0,16.0,0.13178950817881435
1.0,0.0,0.0,0.0,0.0,0.0,0.0,3.0,0.0,10.0,16.0,0.05966847811245529
1.0,0.0,0.0,0.0,0.0,0.0,0.0,4.0,0.0,10.0,16.0,0.06532128130205633
1.0,0.0,0.0,0.0,0.0,0.0,0.0,1.0,8.0,10.0,16.0,0.878669543133346
1.0,0.0,0.0,0.0,0.0,0.0,0.0,2.0,8.0,10.0,16.0,0.8705043829705892
1.0,0.0,0.0,0.0,0.0,0.0,0.0,3.0,8.0,10.0,16.0,0.6222452825036184
1.0,0.0,0.0,0.0,0.0,0.0,0.0,4.0,8.0,10.0,16.0,0.6439962860809965
1.0,0.0,0.0,0.0,0.0,0.0,0.0,1.0,10.0,10.0,16.0,0.6848220868947816
1.0,0.0,0.0,0.0,0.0,0.0,0.0,2.0,10.0,10.0,16.0,0.631953357546629
1.0,0.0,0.0,0.0,0.0,0.0,0.0,3.0,10.0,10.0,16.0,0.5119473497364757
1.0,0.0,0.0,0.0,0.0,0.0,0.0,4.0,10.0,10.0,16.0,0.4884895819110299
1.0,0.0,0.0,0.0,0.0,0.0,0.0,1.0,16.0,10.0,16.0,0.4490428466096836
1.0,0.0,0.0,0.0,0.0,0.0,0.0,2.0,16.0,10.0,16.0,0.4476910893252138
1.0,0.0,0.0,0.0,0.0,0.0,0.0,3.0,16.0,10.0,16.0,0.3624621098336929
1.0,0.0,0.0,0.0,0.0,0.0,0.0,4.0,16.0,10.0,16.0,0.35306807941232693
1.0,0.0,0.0,0.0,0.0,0.0,0.0,1.0,20.0,10.0,16.0,0.39676124416286634
1.0,0.0,0.0,0.0,0.0,0.0,0.0,2.0,20.0,10.0,16.0,0.41578142494333553
1.0,0.0,0.0,0.0,0.0,0.0,0.0,3.0,20.0,10.0,16.0,0.3148775225975587
1.0,0.0,0.0,0.0,0.0,0.0,0.0,4.0,20.0,10.0,16.0,0.31192823397689734
1.0,0.0,0.0,0.0,0.0,0.0,0.0,1.0,32.0,10.0,16.0,0.3113820694175156
1.0,0.0,0.0,0.0,0.0,0.0,0.0,2.0,32.0,10.0,16.0,0.30899259947022056
1.0,0.0,0.0,0.0,0.0,0.0,0.0,3.0,32.0,10.0,16.0,0.24092684125727098
1.0,0.0,0.0,0.0,0.0,0.0,0.0,4.0,32.0,10.0,16.0,0.2382233266883313
1.0,0.0,0.0,0.0,0.0,0.0,0.0,1.0,64.0,10.0,16.0,0.23777274092684136
1.0,0.0,0.0,0.0,0.0,0.0,0.0,2.0,64.0,10.0,16.0,0.23401785958109184
1.0,0.0,0.0,0.0,0.0,0.0,0.0,3.0,64.0,10.0,16.0,0.17912832136322682
1.0,0.0,0.0,0.0,0.0,0.0,0.0,4.0,64.0,10.0,16.0,0.1760151833747508
1.0,0.0,0.0,0.0,0.0,0.0,0.0,1.0,128.0,10.0,16.0,0.17473169666020377
1.0,0.0,0.0,0.0,0.0,0.0,0.0,2.0,128.0,10.0,16.0,0.17418553210082205
1.0,0.0,0.0,0.0,0.0,0.0,0.0,3.0,128.0,10.0,16.0,0.10218738906032393
1.0,0.0,0.0,0.0,0.0,0.0,0.0,4.0,128.0,10.0,16.0,0.10237854665610757
1.0,0.0,0.0,0.0,0.0,0.0,0.0,1.0,0.0,16.0,16.0,0.09646631530080019
1.0,0.0,0.0,0.0,0.0,0.0,0.0,2.0,0.0,16.0,16.0,0.0958109178295421
1.0,0.0,0.0,0.0,0.0,0.0,0.0,3.0,0.0,16.0,16.0,0.038736721374150074
1.0,0.0,0.0,0.0,0.0,0.0,0.0,4.0,0.0,16.0,16.0,0.043597585952647566
1.0,0.0,0.0,0.0,0.0,0.0,0.0,1.0,8.0,16.0,16.0,0.6358720882601929
1.0,0.0,0.0,0.0,0.0,0.0,0.0,2.0,8.0,16.0,16.0,0.6315300800131081
1.0,0.0,0.0,0.0,0.0,0.0,0.0,3.0,8.0,16.0,16.0,0.41578142494333553
1.0,0.0,0.0,0.0,0.0,0.0,0.0,4.0,8.0,16.0,16.0,0.4361670171222591
1.0,0.0,0.0,0.0,0.0,0.0,0.0,1.0,10.0,16.0,16.0,0.45843687703104957
1.0,0.0,0.0,0.0,0.0,0.0,0.0,2.0,10.0,16.0,16.0,0.43762800731860513
1.0,0.0,0.0,0.0,0.0,0.0,0.0,3.0,10.0,16.0,16.0,0.3444386793740955
1.0,0.0,0.0,0.0,0.0,0.0,0.0,4.0,10.0,16.0,16.0,0.3260738960648844
1.0,0.0,0.0,0.0,0.0,0.0,0.0,1.0,16.0,16.0,16.0,0.3116278434692373
1.0,0.0,0.0,0.0,0.0,0.0,0.0,2.0,16.0,16.0,16.0,0.3142357792402852
1.0,0.0,0.0,0.0,0.0,0.0,0.0,3.0,16.0,16.0,16.0,0.24548731532810847
1.0,0.0,0.0,0.0,0.0,0.0,0.0,4.0,16.0,16.0,16.0,0.24219667385783344
1.0,0.0,0.0,0.0,0.0,0.0,0.0,1.0,20.0,16.0,16.0,0.2868456265872908
1.0,0.0,0.0,0.0,0.0,0.0,0.0,2.0,20.0,16.0,16.0,0.29509271143395516
1.0,0.0,0.0,0.0,0.0,0.0,0.0,3.0,20.0,16.0,16.0,0.2187935224883258
1.0,0.0,0.0,0.0,0.0,0.0,0.0,4.0,20.0,16.0,16.0,0.21352303449029203
1.0,0.0,0.0,0.0,0.0,0.0,0.0,1.0,32.0,16.0,16.0,0.22557961713864388
1.0,0.0,0.0,0.0,0.0,0.0,0.0,2.0,32.0,16.0,16.0,0.22645348043365482
1.0,0.0,0.0,0.0,0.0,0.0,0.0,3.0,32.0,16.0,16.0,0.17026680138725808
1.0,0.0,0.0,0.0,0.0,0.0,0.0,4.0,32.0,16.0,16.0,0.16894235233075733
1.0,0.0,0.0,0.0,0.0,0.0,0.0,1.0,64.0,16.0,16.0,0.17598787514678177
1.0,0.0,0.0,0.0,0.0,0.0,0.0,2.0,64.0,16.0,16.0,0.1741172615308994
1.0,0.0,0.0,0.0,0.0,0.0,0.0,3.0,64.0,16.0,16.0,0.131052186023649
1.0,0.0,0.0,0.0,0.0,0.0,0.0,4.0,64.0,16.0,16.0,0.12946830880144194
1.0,0.0,0.0,0.0,0.0,0.0,0.0,1.0,128.0,16.0,16.0,0.12938638411753467
1.0,0.0,0.0,0.0,0.0,0.0,0.0,2.0,128.0,16.0,16.0,0.12772058221142035
1.0,0.0,0.0,0.0,0.0,0.0,0.0,3.0,128.0,16.0,16.0,0.07573937027226313
1.0,0.0,0.0,0.0,0.0,0.0,0.0,4.0,128.0,16.0,16.0,0.07455146235560778
1.0,0.0,0.0,0.0,0.0,0.0,0.0,1.0,0.0,20.0,16.0,0.09394030421365962
1.0,0.0,0.0,0.0,0.0,0.0,0.0,2.0,0.0,20.0,16.0,0.09433627351921137
1.0,0.0,0.0,0.0,0.0,0.0,0.0,3.0,0.0,20.0,16.0,0.03900980365384099
1.0,0.0,0.0,0.0,0.0,0.0,0.0,4.0,0.0,20.0,16.0,0.04306507550725036
1.0,0.0,0.0,0.0,0.0,0.0,0.0,1.0,8.0,20.0,16.0,0.5831945165078241
1.0,0.0,0.0,0.0,0.0,0.0,0.0,2.0,8.0,20.0,16.0,0.5725033452579262
1.0,0.0,0.0,0.0,0.0,0.0,0.0,3.0,8.0,20.0,16.0,0.3647969633250499
1.0,0.0,0.0,0.0,0.0,0.0,0.0,4.0,8.0,20.0,16.0,0.3821923045413584
1.0,0.0,0.0,0.0,0.0,0.0,0.0,1.0,10.0,20.0,16.0,0.4407957617630192
1.0,0.0,0.0,0.0,0.0,0.0,0.0,2.0,10.0,20.0,16.0,0.38806357355471216
1.0,0.0,0.0,0.0,0.0,0.0,0.0,3.0,10.0,20.0,16.0,0.3008274393074634
1.0,0.0,0.0,0.0,0.0,0.0,0.0,4.0,10.0,20.0,16.0,0.28068762118026175
1.0,0.0,0.0,0.0,0.0,0.0,0.0,1.0,16.0,20.0,16.0,0.2921024604713401
1.0,0.0,0.0,0.0,0.0,0.0,0.0,2.0,16.0,20.0,16.0,0.28035992244463265
1.0,0.0,0.0,0.0,0.0,0.0,0.0,3.0,16.0,20.0,16.0,0.22067779021819284
1.0,0.0,0.0,0.0,0.0,0.0,0.0,4.0,16.0,20.0,16.0,0.21211666074988395
1.0,0.0,0.0,0.0,0.0,0.0,0.0,1.0,20.0,20.0,16.0,0.26209071793331346
1.0,0.0,0.0,0.0,0.0,0.0,0.0,2.0,20.0,20.0,16.0,0.26990087113247235
1.0,0.0,0.0,0.0,0.0,0.0,0.0,3.0,20.0,20.0,16.0,0.19623692618585992
1.0,0.0,0.0,0.0,0.0,0.0,0.0,4.0,20.0,20.0,16.0,0.19151260274720777
1.0,0.0,0.0,0.0,0.0,0.0,0.0,1.0,32.0,20.0,16.0,0.21729156995002602
1.0,0.0,0.0,0.0,0.0,0.0,0.0,2.0,32.0,20.0,16.0,0.21021873890603243
1.0,0.0,0.0,0.0,0.0,0.0,0.0,3.0,32.0,20.0,16.0,0.1584969551325815
1.0,0.0,0.0,0.0,0.0,0.0,0.0,4.0,32.0,20.0,16.0,0.15455091619104838
1.0,0.0,0.0,0.0,0.0,0.0,0.0,1.0,64.0,20.0,16.0,0.17037603429913445
1.0,0.0,0.0,0.0,0.0,0.0,0.0,2.0,64.0,20.0,16.0,0.16432726180398155
1.0,0.0,0.0,0.0,0.0,0.0,0.0,3.0,64.0,20.0,16.0,0.12617766733116692
1.0,0.0,0.0,0.0,0.0,0.0,0.0,4.0,64.0,20.0,16.0,0.12247740244135563
1.0,0.0,0.0,0.0,0.0,0.0,0.0,1.0,128.0,20.0,16.0,0.1256315027717852
1.0,0.0,0.0,0.0,0.0,0.0,0.0,2.0,128.0,20.0,16.0,0.12249105655534015
1.0,0.0,0.0,0.0,0.0,0.0,0.0,3.0,128.0,20.0,16.0,0.07397798956825696
1.0,0.0,0.0,0.0,0.0,0.0,0.0,4.0,128.0,20.0,16.0,0.07117889620142553
1.0,0.0,0.0,0.0,0.0,0.0,0.0,1.0,0.0,32.0,16.0,0.08841038804991946
1.0,0.0,0.0,0.0,0.0,0.0,0.0,2.0,0.0,32.0,16.0,0.09013080641197196
1.0,0.0,0.0,0.0,0.0,0.0,0.0,3.0,0.0,32.0,16.0,0.03791747453507749
1.0,0.0,0.0,0.0,0.0,0.0,0.0,4.0,0.0,32.0,16.0,0.04051175619214076
1.0,0.0,0.0,0.0,0.0,0.0,0.0,1.0,8.0,32.0,16.0,0.49253119965045483
1.0,0.0,0.0,0.0,0.0,0.0,0.0,2.0,8.0,32.0,16.0,0.47635107457877074
1.0,0.0,0.0,0.0,0.0,0.0,0.0,3.0,8.0,32.0,16.0,0.2745842322291708
1.0,0.0,0.0,0.0,0.0,0.0,0.0,4.0,8.0,32.0,16.0,0.2943826975067589
1.0,0.0,0.0,0.0,0.0,0.0,0.0,1.0,10.0,32.0,16.0,0.32832682487233406
1.0,0.0,0.0,0.0,0.0,0.0,0.0,2.0,10.0,32.0,16.0,0.3117234222671292
1.0,0.0,0.0,0.0,0.0,0.0,0.0,3.0,10.0,32.0,16.0,0.22833774816352165
1.0,0.0,0.0,0.0,0.0,0.0,0.0,4.0,10.0,32.0,16.0,0.20350091482563698
1.0,0.0,0.0,0.0,0.0,0.0,0.0,1.0,16.0,32.0,16.0,0.23424997951882903
1.0,0.0,0.0,0.0,0.0,0.0,0.0,2.0,16.0,32.0,16.0,0.23498730167399445
1.0,0.0,0.0,0.0,0.0,0.0,0.0,3.0,16.0,32.0,16.0,0.17329801469182676
1.0,0.0,0.0,0.0,0.0,0.0,0.0,4.0,16.0,32.0,16.0,0.16354897730686263
1.0,0.0,0.0,0.0,0.0,0.0,0.0,1.0,20.0,32.0,16.0,0.22178377345094075
1.0,0.0,0.0,0.0,0.0,0.0,0.0,2.0,20.0,32.0,16.0,0.23067260165487874
1.0,0.0,0.0,0.0,0.0,0.0,0.0,3.0,20.0,32.0,16.0,0.1584423386766433
1.0,0.0,0.0,0.0,0.0,0.0,0.0,4.0,20.0,32.0,16.0,0.15169720636827883
1.0,0.0,0.0,0.0,0.0,0.0,0.0,1.0,32.0,32.0,16.0,0.1888090881782682
1.0,0.0,0.0,0.0,0.0,0.0,0.0,2.0,32.0,32.0,16.0,0.18291051093694538
1.0,0.0,0.0,0.0,0.0,0.0,0.0,3.0,32.0,32.0,16.0,0.13550342718261016
1.0,0.0,0.0,0.0,0.0,0.0,0.0,4.0,32.0,32.0,16.0,0.12856713727846203
1.0,0.0,0.0,0.0,0.0,0.0,0.0,1.0,64.0,32.0,16.0,0.15415494688549664
1.0,0.0,0.0,0.0,0.0,0.0,0.0,2.0,64.0,32.0,16.0,0.14750539337502394
1.0,0.0,0.0,0.0,0.0,0.0,0.0,3.0,64.0,32.0,16.0,0.11566399956306839
1.0,0.0,0.0,0.0,0.0,0.0,0.0,4.0,64.0,32.0,16.0,0.10687075015702241
1.0,0.0,0.0,0.0,0.0,0.0,0.0,1.0,128.0,32.0,16.0,0.12640978726890417
1.0,0.0,0.0,0.0,0.0,0.0,0.0,2.0,128.0,32.0,16.0,0.11980119610038509
1.0,0.0,0.0,0.0,0.0,0.0,0.0,3.0,128.0,32.0,16.0,0.07382779431442699
1.0,0.0,0.0,0.0,0.0,0.0,0.0,4.0,128.0,32.0,16.0,0.07056446107212111
1.0,0.0,0.0,0.0,0.0,0.0,0.0,1.0,0.0,64.0,16.0,0.08882001146945578
1.0,0.0,0.0,0.0,0.0,0.0,0.0,2.0,0.0,64.0,16.0,0.08948906305469845
1.0,0.0,0.0,0.0,0.0,0.0,0.0,3.0,0.0,64.0,16.0,0.041153499549414274
1.0,0.0,0.0,0.0,0.0,0.0,0.0,4.0,0.0,64.0,16.0,0.04600071001392725
1.0,0.0,0.0,0.0,0.0,0.0,0.0,1.0,8.0,64.0,16.0,0.4100193888418581
1.0,0.0,0.0,0.0,0.0,0.0,0.0,2.0,8.0,64.0,16.0,0.3991097517682079
1.0,0.0,0.0,0.0,0.0,0.0,0.0,3.0,8.0,64.0,16.0,0.19941833474425846
1.0,0.0,0.0,0.0,0.0,0.0,0.0,4.0,8.0,64.0,16.0,0.2197629645812284
1.0,0.0,0.0,0.0,0.0,0.0,0.0,1.0,10.0,64.0,16.0,0.2688085420137088
1.0,0.0,0.0,0.0,0.0,0.0,0.0,2.0,10.0,64.0,16.0,0.25250552991616376
1.0,0.0,0.0,0.0,0.0,0.0,0.0,3.0,10.0,64.0,16.0,0.16765886561621018
1.0,0.0,0.0,0.0,0.0,0.0,0.0,4.0,10.0,64.0,16.0,0.14167508670362383
1.0,0.0,0.0,0.0,0.0,0.0,0.0,1.0,16.0,64.0,16.0,0.2012206777902183
1.0,0.0,0.0,0.0,0.0,0.0,0.0,2.0,16.0,64.0,16.0,0.19738387176056155
1.0,0.0,0.0,0.0,0.0,0.0,0.0,3.0,16.0,64.0,16.0,0.13359185122477407
1.0,0.0,0.0,0.0,0.0,0.0,0.0,4.0,16.0,64.0,16.0,0.12320107048253648
1.0,0.0,0.0,0.0,0.0,0.0,0.0,1.0,20.0,64.0,16.0,0.1907616264780579
1.0,0.0,0.0,0.0,0.0,0.0,0.0,2.0,20.0,64.0,16.0,0.19790272809197423
1.0,0.0,0.0,0.0,0.0,0.0,0.0,3.0,20.0,64.0,16.0,0.12486687238865074
1.0,0.0,0.0,0.0,0.0,0.0,0.0,4.0,20.0,64.0,16.0,0.11599169829869743
1.0,0.0,0.0,0.0,0.0,0.0,0.0,1.0,32.0,64.0,16.0,0.16580190611431228
1.0,0.0,0.0,0.0,0.0,0.0,0.0,2.0,32.0,64.0,16.0,0.1578961741172616
1.0,0.0,0.0,0.0,0.0,0.0,0.0,3.0,32.0,64.0,16.0,0.11089871378246274
1.0,0.0,0.0,0.0,0.0,0.0,0.0,4.0,32.0,64.0,16.0,0.10190065266664855
1.0,0.0,0.0,0.0,0.0,0.0,0.0,1.0,64.0,64.0,16.0,0.15288511428493412
1.0,0.0,0.0,0.0,0.0,0.0,0.0,2.0,64.0,64.0,16.0,0.1380021300417817
1.0,0.0,0.0,0.0,0.0,0.0,0.0,3.0,64.0,64.0,16.0,0.1054780305305989
1.0,0.0,0.0,0.0,0.0,0.0,0.0,4.0,64.0,64.0,16.0,0.09130506021464274
1.0,0.0,0.0,0.0,0.0,0.0,0.0,1.0,128.0,64.0,16.0,0.1423441382888665
1.0,0.0,0.0,0.0,0.0,0.0,0.0,2.0,128.0,64.0,16.0,0.128539829050493
1.0,0.0,0.0,0.0,0.0,0.0,0.0,3.0,128.0,64.0,16.0,0.08958464185259019
1.0,0.0,0.0,0.0,0.0,0.0,0.0,4.0,128.0,64.0,16.0,0.08140582757584869
1.0,0.0,0.0,0.0,0.0,0.0,0.0,1.0,0.0,128.0,16.0,0.17791310521860243
1.0,0.0,0.0,0.0,0.0,0.0,0.0,2.0,0.0,128.0,16.0,0.17888254731150505
1.0,0.0,0.0,0.0,0.0,0.0,0.0,3.0,0.0,128.0,16.0,0.15696769436631258
1.0,0.0,0.0,0.0,0.0,0.0,0.0,4.0,0.0,128.0,16.0,0.16181490483082556
1.0,0.0,0.0,0.0,0.0,0.0,0.0,1.0,8.0,128.0,16.0,0.37430022665829216
1.0,0.0,0.0,0.0,0.0,0.0,0.0,2.0,8.0,128.0,16.0,0.3636363636363637
1.0,0.0,0.0,0.0,0.0,0.0,0.0,3.0,8.0,128.0,16.0,0.16414975832218254
1.0,0.0,0.0,0.0,0.0,0.0,0.0,4.0,8.0,128.0,16.0,0.18605095715339032
1.0,0.0,0.0,0.0,0.0,0.0,0.0,1.0,10.0,128.0,16.0,0.24466806848903583
1.0,0.0,0.0,0.0,0.0,0.0,0.0,2.0,10.0,128.0,16.0,0.22541576777082944
1.0,0.0,0.0,0.0,0.0,0.0,0.0,3.0,10.0,128.0,16.0,0.1381796335235807
1.0,0.0,0.0,0.0,0.0,0.0,0.0,4.0,10.0,128.0,16.0,0.1156366913350993
1.0,0.0,0.0,0.0,0.0,0.0,0.0,1.0,16.0,128.0,16.0,0.18538190556814776
1.0,0.0,0.0,0.0,0.0,0.0,0.0,2.0,16.0,128.0,16.0,0.17993391408831488
1.0,0.0,0.0,0.0,0.0,0.0,0.0,3.0,16.0,128.0,16.0,0.11463994101422764
1.0,0.0,0.0,0.0,0.0,0.0,0.0,4.0,16.0,128.0,16.0,0.10652939730740879
1.0,0.0,0.0,0.0,0.0,0.0,0.0,1.0,20.0,128.0,16.0,0.1788552390835359
1.0,0.0,0.0,0.0,0.0,0.0,0.0,2.0,20.0,128.0,16.0,0.18529998088424043
1.0,0.0,0.0,0.0,0.0,0.0,0.0,3.0,20.0,128.0,16.0,0.10938310713017835
1.0,0.0,0.0,0.0,0.0,0.0,0.0,4.0,20.0,128.0,16.0,0.10168218684289582
1.0,0.0,0.0,0.0,0.0,0.0,0.0,1.0,32.0,128.0,16.0,0.1621152953384855
1.0,0.0,0.0,0.0,0.0,0.0,0.0,2.0,32.0,128.0,16.0,0.15276222725907324
1.0,0.0,0.0,0.0,0.0,0.0,0.0,3.0,32.0,128.0,16.0,0.10422185204402096
1.0,0.0,0.0,0.0,0.0,0.0,0.0,4.0,32.0,128.0,16.0,0.09566072257571206
1.0,0.0,0.0,0.0,0.0,0.0,0.0,1.0,64.0,128.0,16.0,0.1715093257598515
1.0,0.0,0.0,0.0,0.0,0.0,0.0,2.0,64.0,128.0,16.0,0.15438706682323394
1.0,0.0,0.0,0.0,0.0,0.0,0.0,3.0,64.0,128.0,16.0,0.11356126600944871
1.0,0.0,0.0,0.0,0.0,0.0,0.0,4.0,64.0,128.0,16.0,0.10005734727873516
1.0,0.0,0.0,0.0,0.0,0.0,0.0,1.0,128.0,128.0,16.0,0.17047161309702613
1.0,0.0,0.0,0.0,0.0,0.0,0.0,2.0,128.0,128.0,16.0,0.14227586771894374
1.0,0.0,0.0,0.0,0.0,0.0,0.0,3.0,128.0,128.0,16.0,0.11218220049700978
1.0,0.0,0.0,0.0,0.0,0.0,0.0,4.0,128.0,128.0,16.0,0.09974330265709064
1.0,0.0,0.0,0.0,0.0,0.0,0.0,1.0,0.0,0.0,20.0,0.2183702449548049
1.0,0.0,0.0,0.0,0.0,0.0,0.0,2.0,0.0,0.0,20.0,0.21768753925557777
1.0,0.0,0.0,0.0,0.0,0.0,0.0,3.0,0.0,0.0,20.0,0.20643654933231387
1.0,0.0,0.0,0.0,0.0,0.0,0.0,4.0,0.0,0.0,20.0,0.21091509871924424
1.0,0.0,0.0,0.0,0.0,0.0,0.0,1.0,8.0,0.0,20.0,0.3569048854419838
1.0,0.0,0.0,0.0,0.0,0.0,0.0,2.0,8.0,0.0,20.0,0.37356290450312685
1.0,0.0,0.0,0.0,0.0,0.0,0.0,3.0,8.0,0.0,20.0,0.1916901062290069
1.0,0.0,0.0,0.0,0.0,0.0,0.0,4.0,8.0,0.0,20.0,0.20882601927960903
1.0,0.0,0.0,0.0,0.0,0.0,0.0,1.0,10.0,0.0,20.0,0.33060706190775285
1.0,0.0,0.0,0.0,0.0,0.0,0.0,2.0,10.0,0.0,20.0,0.3792157076927279
1.0,0.0,0.0,0.0,0.0,0.0,0.0,3.0,10.0,0.0,20.0,0.18835850241677826
1.0,0.0,0.0,0.0,0.0,0.0,0.0,4.0,10.0,0.0,20.0,0.2337038149594473
1.0,0.0,0.0,0.0,0.0,0.0,0.0,1.0,16.0,0.0,20.0,0.26539501351757294
1.0,0.0,0.0,0.0,0.0,0.0,0.0,2.0,16.0,0.0,20.0,0.2890712471667714
1.0,0.0,0.0,0.0,0.0,0.0,0.0,3.0,16.0,0.0,20.0,0.16181490483082556
1.0,0.0,0.0,0.0,0.0,0.0,0.0,4.0,16.0,0.0,20.0,0.19171741445697593
1.0,0.0,0.0,0.0,0.0,0.0,0.0,1.0,20.0,0.0,20.0,0.24287937955706057
1.0,0.0,0.0,0.0,0.0,0.0,0.0,2.0,20.0,0.0,20.0,0.2791310521860237
1.0,0.0,0.0,0.0,0.0,0.0,0.0,3.0,20.0,0.0,20.0,0.15268030257516596
1.0,0.0,0.0,0.0,0.0,0.0,0.0,4.0,20.0,0.0,20.0,0.17279281247439854
1.0,0.0,0.0,0.0,0.0,0.0,0.0,1.0,32.0,0.0,20.0,0.2049755591359677
1.0,0.0,0.0,0.0,0.0,0.0,0.0,2.0,32.0,0.0,20.0,0.21016412245009436
1.0,0.0,0.0,0.0,0.0,0.0,0.0,3.0,32.0,0.0,20.0,0.14037794587509222
1.0,0.0,0.0,0.0,0.0,0.0,0.0,4.0,32.0,0.0,20.0,0.14593517026680147
1.0,0.0,0.0,0.0,0.0,0.0,0.0,1.0,64.0,0.0,20.0,0.2610803134984571
1.0,0.0,0.0,0.0,0.0,0.0,0.0,2.0,64.0,0.0,20.0,0.3530953876402962
1.0,0.0,0.0,0.0,0.0,0.0,0.0,3.0,64.0,0.0,20.0,0.16786367732597834
1.0,0.0,0.0,0.0,0.0,0.0,0.0,4.0,64.0,0.0,20.0,0.22441901744995768
1.0,0.0,0.0,0.0,0.0,0.0,0.0,1.0,128.0,0.0,20.0,0.30858297605068424
1.0,0.0,0.0,0.0,0.0,0.0,0.0,2.0,128.0,0.0,20.0,0.3441929053223736
1.0,0.0,0.0,0.0,0.0,0.0,0.0,3.0,128.0,0.0,20.0,0.27496654742073795
1.0,0.0,0.0,0.0,0.0,0.0,0.0,4.0,128.0,0.0,20.0,0.31336191594527446
1.0,0.0,0.0,0.0,0.0,0.0,0.0,1.0,0.0,8.0,20.0,0.09968868620115245
1.0,0.0,0.0,0.0,0.0,0.0,0.0,2.0,0.0,8.0,20.0,0.09678035992244471
1.0,0.0,0.0,0.0,0.0,0.0,0.0,3.0,0.0,8.0,20.0,0.03900980365384099
1.0,0.0,0.0,0.0,0.0,0.0,0.0,4.0,0.0,8.0,20.0,0.04396624703023022
1.0,0.0,0.0,0.0,0.0,0.0,0.0,1.0,8.0,8.0,20.0,0.9064010486359542
1.0,0.0,0.0,0.0,0.0,0.0,0.0,2.0,8.0,8.0,20.0,0.908886097381141
1.0,0.0,0.0,0.0,0.0,0.0,0.0,3.0,8.0,8.0,20.0,0.6915672192031459
1.0,0.0,0.0,0.0,0.0,0.0,0.0,4.0,8.0,8.0,20.0,0.7201316256588111
1.0,0.0,0.0,0.0,0.0,0.0,0.0,1.0,10.0,8.0,20.0,0.7151205658264836
1.0,0.0,0.0,0.0,0.0,0.0,0.0,2.0,10.0,8.0,20.0,0.6650918921871161
1.0,0.0,0.0,0.0,0.0,0.0,0.0,3.0,10.0,8.0,20.0,0.567751713591305
1.0,0.0,0.0,0.0,0.0,0.0,0.0,4.0,10.0,8.0,20.0,0.561743903438106
1.0,0.0,0.0,0.0,0.0,0.0,0.0,1.0,16.0,8.0,20.0,0.49601299871651344
1.0,0.0,0.0,0.0,0.0,0.0,0.0,2.0,16.0,8.0,20.0,0.4652912422512904
1.0,0.0,0.0,0.0,0.0,0.0,0.0,3.0,16.0,8.0,20.0,0.3832436713181682
1.0,0.0,0.0,0.0,0.0,0.0,0.0,4.0,16.0,8.0,20.0,0.3788880089570989
1.0,0.0,0.0,0.0,0.0,0.0,0.0,1.0,20.0,8.0,20.0,0.4078893470602693
1.0,0.0,0.0,0.0,0.0,0.0,0.0,2.0,20.0,8.0,20.0,0.411698844861957
1.0,0.0,0.0,0.0,0.0,0.0,0.0,3.0,20.0,8.0,20.0,0.3333378847046616
1.0,0.0,0.0,0.0,0.0,0.0,0.0,4.0,20.0,8.0,20.0,0.3263606324585599
1.0,0.0,0.0,0.0,0.0,0.0,0.0,1.0,32.0,8.0,20.0,0.30646658838308
1.0,0.0,0.0,0.0,0.0,0.0,0.0,2.0,32.0,8.0,20.0,0.30340806685054217
1.0,0.0,0.0,0.0,0.0,0.0,0.0,3.0,32.0,8.0,20.0,0.2390152652994349
1.0,0.0,0.0,0.0,0.0,0.0,0.0,4.0,32.0,8.0,20.0,0.23930200169311017
1.0,0.0,0.0,0.0,0.0,0.0,0.0,1.0,64.0,8.0,20.0,0.21693656298642788
1.0,0.0,0.0,0.0,0.0,0.0,0.0,2.0,64.0,8.0,20.0,0.21462901772304005
1.0,0.0,0.0,0.0,0.0,0.0,0.0,3.0,64.0,8.0,20.0,0.16338512793904808
1.0,0.0,0.0,0.0,0.0,0.0,0.0,4.0,64.0,8.0,20.0,0.1632349326852181
1.0,0.0,0.0,0.0,0.0,0.0,0.0,1.0,128.0,8.0,20.0,0.15283049782899594
1.0,0.0,0.0,0.0,0.0,0.0,0.0,2.0,128.0,8.0,20.0,0.15379993992189855
1.0,0.0,0.0,0.0,0.0,0.0,0.0,3.0,128.0,8.0,20.0,0.09164641306425636
1.0,0.0,0.0,0.0,0.0,0.0,0.0,4.0,128.0,8.0,20.0,0.0921379611676999
1.0,0.0,0.0,0.0,0.0,0.0,0.0,1.0,0.0,10.0,20.0,0.13335973128703688
1.0,0.0,0.0,0.0,0.0,0.0,0.0,2.0,0.0,10.0,20.0,0.129645812283241
1.0,0.0,0.0,0.0,0.0,0.0,0.0,3.0,0.0,10.0,20.0,0.05848057019580005
1.0,0.0,0.0,0.0,0.0,0.0,0.0,4.0,0.0,10.0,20.0,0.06526666484611815
1.0,0.0,0.0,0.0,0.0,0.0,0.0,1.0,8.0,10.0,20.0,0.8780414538900574
1.0,0.0,0.0,0.0,0.0,0.0,0.0,2.0,8.0,10.0,20.0,0.8736038668450807
1.0,0.0,0.0,0.0,0.0,0.0,0.0,3.0,8.0,10.0,20.0,0.6250307217564652
1.0,0.0,0.0,0.0,0.0,0.0,0.0,4.0,8.0,10.0,20.0,0.6463038313443843
1.0,0.0,0.0,0.0,0.0,0.0,0.0,1.0,10.0,10.0,20.0,0.6847401622108742
1.0,0.0,0.0,0.0,0.0,0.0,0.0,2.0,10.0,10.0,20.0,0.6306698708320819
1.0,0.0,0.0,0.0,0.0,0.0,0.0,3.0,10.0,10.0,20.0,0.5153335700046426
1.0,0.0,0.0,0.0,0.0,0.0,0.0,4.0,10.0,10.0,20.0,0.4939375733908628
1.0,0.0,0.0,0.0,0.0,0.0,0.0,1.0,16.0,10.0,20.0,0.4477320516671674
1.0,0.0,0.0,0.0,0.0,0.0,0.0,2.0,16.0,10.0,20.0,0.4496845899669571
1.0,0.0,0.0,0.0,0.0,0.0,0.0,3.0,16.0,10.0,20.0,0.36384117534613186
1.0,0.0,0.0,0.0,0.0,0.0,0.0,4.0,16.0,10.0,20.0,0.35812010158660806
1.0,0.0,0.0,0.0,0.0,0.0,0.0,1.0,20.0,10.0,20.0,0.39809934733335156
1.0,0.0,0.0,0.0,0.0,0.0,0.0,2.0,20.0,10.0,20.0,0.41246347524509136
1.0,0.0,0.0,0.0,0.0,0.0,0.0,3.0,20.0,10.0,20.0,0.31670717387148767
1.0,0.0,0.0,0.0,0.0,0.0,0.0,4.0,20.0,10.0,20.0,0.3155602282967859
1.0,0.0,0.0,0.0,0.0,0.0,0.0,1.0,32.0,10.0,20.0,0.3110953330238401
1.0,0.0,0.0,0.0,0.0,0.0,0.0,2.0,32.0,10.0,20.0,0.3100303121330457
1.0,0.0,0.0,0.0,0.0,0.0,0.0,3.0,32.0,10.0,20.0,0.24368497228214875
1.0,0.0,0.0,0.0,0.0,0.0,0.0,4.0,32.0,10.0,20.0,0.241432043474699
1.0,0.0,0.0,0.0,0.0,0.0,0.0,1.0,64.0,10.0,20.0,0.23536961686556163
1.0,0.0,0.0,0.0,0.0,0.0,0.0,2.0,64.0,10.0,20.0,0.23587481908298985
1.0,0.0,0.0,0.0,0.0,0.0,0.0,3.0,64.0,10.0,20.0,0.18162702422239835
1.0,0.0,0.0,0.0,0.0,0.0,0.0,4.0,64.0,10.0,20.0,0.1810808596630165
1.0,0.0,0.0,0.0,0.0,0.0,0.0,1.0,128.0,10.0,20.0,0.17428111089871384
1.0,0.0,0.0,0.0,0.0,0.0,0.0,2.0,128.0,10.0,20.0,0.17396706627706932
1.0,0.0,0.0,0.0,0.0,0.0,0.0,3.0,128.0,10.0,20.0,0.10168218684289582
1.0,0.0,0.0,0.0,0.0,0.0,0.0,4.0,128.0,10.0,20.0,0.10243316311204576
1.0,0.0,0.0,0.0,0.0,0.0,0.0,1.0,0.0,16.0,20.0,0.09403588301155147
1.0,0.0,0.0,0.0,0.0,0.0,0.0,2.0,0.0,16.0,20.0,0.09433627351921137
1.0,0.0,0.0,0.0,0.0,0.0,0.0,3.0,0.0,16.0,20.0,0.03862748846227371
1.0,0.0,0.0,0.0,0.0,0.0,0.0,4.0,0.0,16.0,20.0,0.04369316475053936
1.0,0.0,0.0,0.0,0.0,0.0,0.0,1.0,8.0,16.0,20.0,0.6439007072831044
1.0,0.0,0.0,0.0,0.0,0.0,0.0,2.0,8.0,16.0,20.0,0.6404052541030614
1.0,0.0,0.0,0.0,0.0,0.0,0.0,3.0,8.0,16.0,20.0,0.4184849395122751
1.0,0.0,0.0,0.0,0.0,0.0,0.0,4.0,8.0,16.0,20.0,0.44100057347278737
1.0,0.0,0.0,0.0,0.0,0.0,0.0,1.0,10.0,16.0,20.0,0.45849149348698776
1.0,0.0,0.0,0.0,0.0,0.0,0.0,2.0,10.0,16.0,20.0,0.4396488161883177
1.0,0.0,0.0,0.0,0.0,0.0,0.0,3.0,10.0,16.0,20.0,0.34716950217100423
1.0,0.0,0.0,0.0,0.0,0.0,0.0,4.0,10.0,16.0,20.0,0.32884568120374674
1.0,0.0,0.0,0.0,0.0,0.0,0.0,1.0,16.0,16.0,20.0,0.31098610011196376
1.0,0.0,0.0,0.0,0.0,0.0,0.0,2.0,16.0,16.0,20.0,0.3150686801933424
1.0,0.0,0.0,0.0,0.0,0.0,0.0,3.0,16.0,16.0,20.0,0.2482591004669708
1.0,0.0,0.0,0.0,0.0,0.0,0.0,4.0,16.0,16.0,20.0,0.2443949862093449
1.0,0.0,0.0,0.0,0.0,0.0,0.0,1.0,20.0,16.0,20.0,0.28538463639094463
1.0,0.0,0.0,0.0,0.0,0.0,0.0,2.0,20.0,16.0,20.0,0.296471776946394
1.0,0.0,0.0,0.0,0.0,0.0,0.0,3.0,20.0,16.0,20.0,0.22010431743084208
1.0,0.0,0.0,0.0,0.0,0.0,0.0,4.0,20.0,16.0,20.0,0.21689560064447427
1.0,0.0,0.0,0.0,0.0,0.0,0.0,1.0,32.0,16.0,20.0,0.22698599087905197
1.0,0.0,0.0,0.0,0.0,0.0,0.0,2.0,32.0,16.0,20.0,0.22828313170758358
1.0,0.0,0.0,0.0,0.0,0.0,0.0,3.0,32.0,16.0,20.0,0.17306589475408946
1.0,0.0,0.0,0.0,0.0,0.0,0.0,4.0,32.0,16.0,20.0,0.1719326032933724
1.0,0.0,0.0,0.0,0.0,0.0,0.0,1.0,64.0,16.0,20.0,0.1762609574264727
1.0,0.0,0.0,0.0,0.0,0.0,0.0,2.0,64.0,16.0,20.0,0.17511401185177095
1.0,0.0,0.0,0.0,0.0,0.0,0.0,3.0,64.0,16.0,20.0,0.13370108413665044
1.0,0.0,0.0,0.0,0.0,0.0,0.0,4.0,64.0,16.0,20.0,0.1328408749556242
1.0,0.0,0.0,0.0,0.0,0.0,0.0,1.0,128.0,16.0,20.0,0.12888118190010656
1.0,0.0,0.0,0.0,0.0,0.0,0.0,2.0,128.0,16.0,20.0,0.12658729075070324
1.0,0.0,0.0,0.0,0.0,0.0,0.0,3.0,128.0,16.0,20.0,0.07654496299735114
1.0,0.0,0.0,0.0,0.0,0.0,0.0,4.0,128.0,16.0,20.0,0.07553455856249497
1.0,0.0,0.0,0.0,0.0,0.0,0.0,1.0,0.0,20.0,20.0,0.09078620388323005
1.0,0.0,0.0,0.0,0.0,0.0,0.0,2.0,0.0,20.0,20.0,0.09257489281520526
1.0,0.0,0.0,0.0,0.0,0.0,0.0,3.0,0.0,20.0,20.0,0.03881864605805735
1.0,0.0,0.0,0.0,0.0,0.0,0.0,4.0,0.0,20.0,20.0,0.0424916027198996
1.0,0.0,0.0,0.0,0.0,0.0,0.0,1.0,8.0,20.0,20.0,0.5876594117807696
1.0,0.0,0.0,0.0,0.0,0.0,0.0,2.0,8.0,20.0,20.0,0.5756984079303096
1.0,0.0,0.0,0.0,0.0,0.0,0.0,3.0,8.0,20.0,20.0,0.3662989158633498
1.0,0.0,0.0,0.0,0.0,0.0,0.0,4.0,8.0,20.0,20.0,0.3835440618258283
1.0,0.0,0.0,0.0,0.0,0.0,0.0,1.0,10.0,20.0,20.0,0.4404271006854366
1.0,0.0,0.0,0.0,0.0,0.0,0.0,2.0,10.0,20.0,20.0,0.3895791802069965
1.0,0.0,0.0,0.0,0.0,0.0,0.0,3.0,10.0,20.0,20.0,0.3009776345612934
1.0,0.0,0.0,0.0,0.0,0.0,0.0,4.0,10.0,20.0,20.0,0.28272208416395866
1.0,0.0,0.0,0.0,0.0,0.0,0.0,1.0,16.0,20.0,20.0,0.2917201452797729
1.0,0.0,0.0,0.0,0.0,0.0,0.0,2.0,16.0,20.0,20.0,0.2836915262568613
1.0,0.0,0.0,0.0,0.0,0.0,0.0,3.0,16.0,20.0,20.0,0.22202954750266263
1.0,0.0,0.0,0.0,0.0,0.0,0.0,4.0,16.0,20.0,20.0,0.21382342499795198
1.0,0.0,0.0,0.0,0.0,0.0,0.0,1.0,20.0,20.0,20.0,0.2625276495808188
1.0,0.0,0.0,0.0,0.0,0.0,0.0,2.0,20.0,20.0,20.0,0.27204456702804564
1.0,0.0,0.0,0.0,0.0,0.0,0.0,3.0,20.0,20.0,20.0,0.19827138916955683
1.0,0.0,0.0,0.0,0.0,0.0,0.0,4.0,20.0,20.0,20.0,0.19472131953357547
1.0,0.0,0.0,0.0,0.0,0.0,0.0,1.0,32.0,20.0,20.0,0.21759196045768597
1.0,0.0,0.0,0.0,0.0,0.0,0.0,2.0,32.0,20.0,20.0,0.21238974302957486
1.0,0.0,0.0,0.0,0.0,0.0,0.0,3.0,32.0,20.0,20.0,0.15997159944291223
1.0,0.0,0.0,0.0,0.0,0.0,0.0,4.0,32.0,20.0,20.0,0.15633960512302364
1.0,0.0,0.0,0.0,0.0,0.0,0.0,1.0,64.0,20.0,20.0,0.17187798683743422
1.0,0.0,0.0,0.0,0.0,0.0,0.0,2.0,64.0,20.0,20.0,0.1661159507359568
1.0,0.0,0.0,0.0,0.0,0.0,0.0,3.0,64.0,20.0,20.0,0.12908599360987472
1.0,0.0,0.0,0.0,0.0,0.0,0.0,4.0,64.0,20.0,20.0,0.12455282776700627
1.0,0.0,0.0,0.0,0.0,0.0,0.0,1.0,128.0,20.0,20.0,0.12539938283404795
1.0,0.0,0.0,0.0,0.0,0.0,0.0,2.0,128.0,20.0,20.0,0.12287337174690738
1.0,0.0,0.0,0.0,0.0,0.0,0.0,3.0,128.0,20.0,20.0,0.07418280127802512
1.0,0.0,0.0,0.0,0.0,0.0,0.0,4.0,128.0,20.0,20.0,0.07165679019088456
1.0,0.0,0.0,0.0,0.0,0.0,0.0,1.0,0.0,32.0,20.0,0.0848876266419073
1.0,0.0,0.0,0.0,0.0,0.0,0.0,2.0,0.0,32.0,20.0,0.08714055544935695
1.0,0.0,0.0,0.0,0.0,0.0,0.0,3.0,0.0,32.0,20.0,0.03436740489909618
1.0,0.0,0.0,0.0,0.0,0.0,0.0,4.0,0.0,32.0,20.0,0.03793112864906201
1.0,0.0,0.0,0.0,0.0,0.0,0.0,1.0,8.0,32.0,20.0,0.488817280646659
1.0,0.0,0.0,0.0,0.0,0.0,0.0,2.0,8.0,32.0,20.0,0.4747808514705482
1.0,0.0,0.0,0.0,0.0,0.0,0.0,3.0,8.0,32.0,20.0,0.2718261012042929
1.0,0.0,0.0,0.0,0.0,0.0,0.0,4.0,8.0,32.0,20.0,0.29346787186979445
1.0,0.0,0.0,0.0,0.0,0.0,0.0,1.0,10.0,32.0,20.0,0.32754854037521514
1.0,0.0,0.0,0.0,0.0,0.0,0.0,2.0,10.0,32.0,20.0,0.3110680247958711
1.0,0.0,0.0,0.0,0.0,0.0,0.0,3.0,10.0,32.0,20.0,0.2274775389824955
1.0,0.0,0.0,0.0,0.0,0.0,0.0,4.0,10.0,32.0,20.0,0.2022310822250744
1.0,0.0,0.0,0.0,0.0,0.0,0.0,1.0,16.0,32.0,20.0,0.23461864059641174
1.0,0.0,0.0,0.0,0.0,0.0,0.0,2.0,16.0,32.0,20.0,0.23196974248341035
1.0,0.0,0.0,0.0,0.0,0.0,0.0,3.0,16.0,32.0,20.0,0.1718370244954805
1.0,0.0,0.0,0.0,0.0,0.0,0.0,4.0,16.0,32.0,20.0,0.16251126464403737
1.0,0.0,0.0,0.0,0.0,0.0,0.0,1.0,20.0,32.0,20.0,0.2220022392746936
1.0,0.0,0.0,0.0,0.0,0.0,0.0,2.0,20.0,32.0,20.0,0.2301264370954969
1.0,0.0,0.0,0.0,0.0,0.0,0.0,3.0,20.0,32.0,20.0,0.15669461208662178
1.0,0.0,0.0,0.0,0.0,0.0,0.0,4.0,20.0,32.0,20.0,0.1500314044621645
1.0,0.0,0.0,0.0,0.0,0.0,0.0,1.0,32.0,32.0,20.0,0.18673366285261755
1.0,0.0,0.0,0.0,0.0,0.0,0.0,2.0,32.0,32.0,20.0,0.18236434637756355
1.0,0.0,0.0,0.0,0.0,0.0,0.0,3.0,32.0,32.0,20.0,0.13914907561648326
1.0,0.0,0.0,0.0,0.0,0.0,0.0,4.0,32.0,32.0,20.0,0.12645074961085778
1.0,0.0,0.0,0.0,0.0,0.0,0.0,1.0,64.0,32.0,20.0,0.1534995494142386
1.0,0.0,0.0,0.0,0.0,0.0,0.0,2.0,64.0,32.0,20.0,0.14691826647368855
1.0,0.0,0.0,0.0,0.0,0.0,0.0,3.0,64.0,32.0,20.0,0.11278298151232968
1.0,0.0,0.0,0.0,0.0,0.0,0.0,4.0,64.0,32.0,20.0,0.10504109888309354
1.0,0.0,0.0,0.0,0.0,0.0,0.0,1.0,128.0,32.0,20.0,0.12777519866735854
1.0,0.0,0.0,0.0,0.0,0.0,0.0,2.0,128.0,32.0,20.0,0.12206777902181931
1.0,0.0,0.0,0.0,0.0,0.0,0.0,3.0,128.0,32.0,20.0,0.07524782216881948
1.0,0.0,0.0,0.0,0.0,0.0,0.0,4.0,128.0,32.0,20.0,0.07186160190065272
1.0,0.0,0.0,0.0,0.0,0.0,0.0,1.0,0.0,64.0,20.0,0.08517436303558268
1.0,0.0,0.0,0.0,0.0,0.0,0.0,2.0,0.0,64.0,20.0,0.08685381905568151
1.0,0.0,0.0,0.0,0.0,0.0,0.0,3.0,0.0,64.0,20.0,0.039883666948851704
1.0,0.0,0.0,0.0,0.0,0.0,0.0,4.0,0.0,64.0,20.0,0.04243698626396136
1.0,0.0,0.0,0.0,0.0,0.0,0.0,1.0,8.0,64.0,20.0,0.406824326169475
1.0,0.0,0.0,0.0,0.0,0.0,0.0,2.0,8.0,64.0,20.0,0.3985499330948416
1.0,0.0,0.0,0.0,0.0,0.0,0.0,3.0,8.0,64.0,20.0,0.19746579644446877
1.0,0.0,0.0,0.0,0.0,0.0,0.0,4.0,8.0,64.0,20.0,0.21752368988776322
1.0,0.0,0.0,0.0,0.0,0.0,0.0,1.0,10.0,64.0,20.0,0.2713482072148338
1.0,0.0,0.0,0.0,0.0,0.0,0.0,2.0,10.0,64.0,20.0,0.2518910947868593
1.0,0.0,0.0,0.0,0.0,0.0,0.0,3.0,10.0,64.0,20.0,0.16552882383462147
1.0,0.0,0.0,0.0,0.0,0.0,0.0,4.0,10.0,64.0,20.0,0.14021409650727767
1.0,0.0,0.0,0.0,0.0,0.0,0.0,1.0,16.0,64.0,20.0,0.19969141702394938
1.0,0.0,0.0,0.0,0.0,0.0,0.0,2.0,16.0,64.0,20.0,0.19588191922226167
1.0,0.0,0.0,0.0,0.0,0.0,0.0,3.0,16.0,64.0,20.0,0.13061525437614357
1.0,0.0,0.0,0.0,0.0,0.0,0.0,4.0,16.0,64.0,20.0,0.1208662169911795
1.0,0.0,0.0,0.0,0.0,0.0,0.0,1.0,20.0,64.0,20.0,0.18935525273764992
1.0,0.0,0.0,0.0,0.0,0.0,0.0,2.0,20.0,64.0,20.0,0.1963871214396899
1.0,0.0,0.0,0.0,0.0,0.0,0.0,3.0,20.0,64.0,20.0,0.12183565908408212
1.0,0.0,0.0,0.0,0.0,0.0,0.0,4.0,20.0,64.0,20.0,0.11346568721155686
1.0,0.0,0.0,0.0,0.0,0.0,0.0,1.0,32.0,64.0,20.0,0.16454572762773428
1.0,0.0,0.0,0.0,0.0,0.0,0.0,2.0,32.0,64.0,20.0,0.1550561184084765
1.0,0.0,0.0,0.0,0.0,0.0,0.0,3.0,32.0,64.0,20.0,0.10788115459187858
1.0,0.0,0.0,0.0,0.0,0.0,0.0,4.0,32.0,64.0,20.0,0.09990715202490519
1.0,0.0,0.0,0.0,0.0,0.0,0.0,1.0,64.0,64.0,20.0,0.15337666238837772
1.0,0.0,0.0,0.0,0.0,0.0,0.0,2.0,64.0,64.0,20.0,0.13838444523334886
1.0,0.0,0.0,0.0,0.0,0.0,0.0,3.0,64.0,64.0,20.0,0.10347087577487102
1.0,0.0,0.0,0.0,0.0,0.0,0.0,4.0,64.0,64.0,20.0,0.08981676179032749
1.0,0.0,0.0,0.0,0.0,0.0,0.0,1.0,128.0,64.0,20.0,0.14182528195745386
1.0,0.0,0.0,0.0,0.0,0.0,0.0,2.0,128.0,64.0,20.0,0.1273928834757913
1.0,0.0,0.0,0.0,0.0,0.0,0.0,3.0,128.0,64.0,20.0,0.09024003932384833
1.0,0.0,0.0,0.0,0.0,0.0,0.0,4.0,128.0,64.0,20.0,0.0814467899178023
1.0,0.0,0.0,0.0,0.0,0.0,0.0,1.0,0.0,128.0,20.0,0.17697097135366885
1.0,0.0,0.0,0.0,0.0,0.0,0.0,2.0,0.0,128.0,20.0,0.1780223381304788
1.0,0.0,0.0,0.0,0.0,0.0,0.0,3.0,0.0,128.0,20.0,0.15483765258472387
1.0,0.0,0.0,0.0,0.0,0.0,0.0,4.0,0.0,128.0,20.0,0.1606816133701085
1.0,0.0,0.0,0.0,0.0,0.0,0.0,1.0,8.0,128.0,20.0,0.3693164750539338
1.0,0.0,0.0,0.0,0.0,0.0,0.0,2.0,8.0,128.0,20.0,0.3593626259592016
1.0,0.0,0.0,0.0,0.0,0.0,0.0,3.0,8.0,128.0,20.0,0.16219722002239284
1.0,0.0,0.0,0.0,0.0,0.0,0.0,4.0,8.0,128.0,20.0,0.18428957644938432
1.0,0.0,0.0,0.0,0.0,0.0,0.0,1.0,10.0,128.0,20.0,0.24339823588847326
1.0,0.0,0.0,0.0,0.0,0.0,0.0,2.0,10.0,128.0,20.0,0.22323110953330244
1.0,0.0,0.0,0.0,0.0,0.0,0.0,3.0,10.0,128.0,20.0,0.13634998224965184
1.0,0.0,0.0,0.0,0.0,0.0,0.0,4.0,10.0,128.0,20.0,0.113820694175155
1.0,0.0,0.0,0.0,0.0,0.0,0.0,1.0,16.0,128.0,20.0,0.1850405527185342
1.0,0.0,0.0,0.0,0.0,0.0,0.0,2.0,16.0,128.0,20.0,0.18162702422239835
1.0,0.0,0.0,0.0,0.0,0.0,0.0,3.0,16.0,128.0,20.0,0.11250989923263882
1.0,0.0,0.0,0.0,0.0,0.0,0.0,4.0,16.0,128.0,20.0,0.10595592452005792
1.0,0.0,0.0,0.0,0.0,0.0,0.0,1.0,20.0,128.0,20.0,0.17828176629618514
1.0,0.0,0.0,0.0,0.0,0.0,0.0,2.0,20.0,128.0,20.0,0.18416668942352338
1.0,0.0,0.0,0.0,0.0,0.0,0.0,3.0,20.0,128.0,20.0,0.10784019224992497
1.0,0.0,0.0,0.0,0.0,0.0,0.0,4.0,20.0,128.0,20.0,0.10086294000382323
1.0,0.0,0.0,0.0,0.0,0.0,0.0,1.0,32.0,128.0,20.0,0.16278434692372817
1.0,0.0,0.0,0.0,0.0,0.0,0.0,2.0,32.0,128.0,20.0,0.15344493295830042
1.0,0.0,0.0,0.0,0.0,0.0,0.0,3.0,32.0,128.0,20.0,0.102992981785412
1.0,0.0,0.0,0.0,0.0,0.0,0.0,4.0,32.0,128.0,20.0,0.09419973237936596
1.0,0.0,0.0,0.0,0.0,0.0,0.0,1.0,64.0,128.0,20.0,0.1717414456975888
1.0,0.0,0.0,0.0,0.0,0.0,0.0,2.0,64.0,128.0,20.0,0.1556568994237964
1.0,0.0,0.0,0.0,0.0,0.0,0.0,3.0,64.0,128.0,20.0,0.113192604931866
1.0,0.0,0.0,0.0,0.0,0.0,0.0,4.0,64.0,128.0,20.0,0.10166853272891124
1.0,0.0,0.0,0.0,0.0,0.0,0.0,1.0,128.0,128.0,20.0,0.1679319478959011
1.0,0.0,0.0,0.0,0.0,0.0,0.0,2.0,128.0,128.0,20.0,0.1386984898549934
1.0,0.0,0.0,0.0,0.0,0.0,0.0,3.0,128.0,128.0,20.0,0.1095469564979929
1.0,0.0,0.0,0.0,0.0,0.0,0.0,4.0,128.0,128.0,20.0,0.09669843523853744
1.0,0.0,0.0,0.0,0.0,0.0,0.0,1.0,0.0,0.0,32.0,0.2181790873590213
1.0,0.0,0.0,0.0,0.0,0.0,0.0,2.0,0.0,0.0,32.0,0.21796062153526857
1.0,0.0,0.0,0.0,0.0,0.0,0.0,3.0,0.0,0.0,32.0,0.20672328572598925
1.0,0.0,0.0,0.0,0.0,0.0,0.0,4.0,0.0,0.0,32.0,0.2102870094759552
1.0,0.0,0.0,0.0,0.0,0.0,0.0,1.0,8.0,0.0,32.0,0.3767443130615255
1.0,0.0,0.0,0.0,0.0,0.0,0.0,2.0,8.0,0.0,32.0,0.4019088451350394
1.0,0.0,0.0,0.0,0.0,0.0,0.0,3.0,8.0,0.0,32.0,0.23586116496900528
1.0,0.0,0.0,0.0,0.0,0.0,0.0,4.0,8.0,0.0,32.0,0.24229225265572535
1.0,0.0,0.0,0.0,0.0,0.0,0.0,1.0,10.0,0.0,32.0,0.355908135121112
1.0,0.0,0.0,0.0,0.0,0.0,0.0,2.0,10.0,0.0,32.0,0.37612987793222113
1.0,0.0,0.0,0.0,0.0,0.0,0.0,3.0,10.0,0.0,32.0,0.21908025888200128
1.0,0.0,0.0,0.0,0.0,0.0,0.0,4.0,10.0,0.0,32.0,0.24268822196127698
1.0,0.0,0.0,0.0,0.0,0.0,0.0,1.0,16.0,0.0,32.0,0.27357382779431444
1.0,0.0,0.0,0.0,0.0,0.0,0.0,2.0,16.0,0.0,32.0,0.28091974111799894
1.0,0.0,0.0,0.0,0.0,0.0,0.0,3.0,16.0,0.0,32.0,0.17010295201944353
1.0,0.0,0.0,0.0,0.0,0.0,0.0,4.0,16.0,0.0,32.0,0.18476747043884328
1.0,0.0,0.0,0.0,0.0,0.0,0.0,1.0,20.0,0.0,32.0,0.24805428875720265
1.0,0.0,0.0,0.0,0.0,0.0,0.0,2.0,20.0,0.0,32.0,0.27133455310084936
1.0,0.0,0.0,0.0,0.0,0.0,0.0,3.0,20.0,0.0,32.0,0.15616210164122463
1.0,0.0,0.0,0.0,0.0,0.0,0.0,4.0,20.0,0.0,32.0,0.16517381687102334
1.0,0.0,0.0,0.0,0.0,0.0,0.0,1.0,32.0,0.0,32.0,0.20290013381031707
1.0,0.0,0.0,0.0,0.0,0.0,0.0,2.0,32.0,0.0,32.0,0.20246320216281172
1.0,0.0,0.0,0.0,0.0,0.0,0.0,3.0,32.0,0.0,32.0,0.13637729047762098
1.0,0.0,0.0,0.0,0.0,0.0,0.0,4.0,32.0,0.0,32.0,0.1380021300417817
1.0,0.0,0.0,0.0,0.0,0.0,0.0,1.0,64.0,0.0,32.0,0.26361997869958226
1.0,0.0,0.0,0.0,0.0,0.0,0.0,2.0,64.0,0.0,32.0,0.3494087768644694
1.0,0.0,0.0,0.0,0.0,0.0,0.0,3.0,64.0,0.0,32.0,0.16451841939976525
1.0,0.0,0.0,0.0,0.0,0.0,0.0,4.0,64.0,0.0,32.0,0.22628963106584016
1.0,0.0,0.0,0.0,0.0,0.0,0.0,1.0,128.0,0.0,32.0,0.30328517982468134
1.0,0.0,0.0,0.0,0.0,0.0,0.0,2.0,128.0,0.0,32.0,0.3426363363281358
1.0,0.0,0.0,0.0,0.0,0.0,0.0,3.0,128.0,0.0,32.0,0.26998279581637946
1.0,0.0,0.0,0.0,0.0,0.0,0.0,4.0,128.0,0.0,32.0,0.30769545864168885
1.0,0.0,0.0,0.0,0.0,0.0,0.0,1.0,0.0,8.0,32.0,0.09770883967339361
1.0,0.0,0.0,0.0,0.0,0.0,0.0,2.0,0.0,8.0,32.0,0.09667112701056835
1.0,0.0,0.0,0.0,0.0,0.0,0.0,3.0,0.0,8.0,32.0,0.04152216062699693
1.0,0.0,0.0,0.0,0.0,0.0,0.0,4.0,0.0,8.0,32.0,0.048526721101067816
1.0,0.0,0.0,0.0,0.0,0.0,0.0,1.0,8.0,8.0,32.0,0.933176766159644
1.0,0.0,0.0,0.0,0.0,0.0,0.0,2.0,8.0,8.0,32.0,0.9398126655561323
1.0,0.0,0.0,0.0,0.0,0.0,0.0,3.0,8.0,8.0,32.0,0.7080204265545209
1.0,0.0,0.0,0.0,0.0,0.0,0.0,4.0,8.0,8.0,32.0,0.7388514159316204
1.0,0.0,0.0,0.0,0.0,0.0,0.0,1.0,10.0,8.0,32.0,0.7258117370763812
1.0,0.0,0.0,0.0,0.0,0.0,0.0,2.0,10.0,8.0,32.0,0.6762746115404572
1.0,0.0,0.0,0.0,0.0,0.0,0.0,3.0,10.0,8.0,32.0,0.5844643491083865
1.0,0.0,0.0,0.0,0.0,0.0,0.0,4.0,10.0,8.0,32.0,0.5808460089024825
1.0,0.0,0.0,0.0,0.0,0.0,0.0,1.0,16.0,8.0,32.0,0.47666511920041527
1.0,0.0,0.0,0.0,0.0,0.0,0.0,2.0,16.0,8.0,32.0,0.4713536688604277
1.0,0.0,0.0,0.0,0.0,0.0,0.0,3.0,16.0,8.0,32.0,0.4003522761408013
1.0,0.0,0.0,0.0,0.0,0.0,0.0,4.0,16.0,8.0,32.0,0.39979245746743514
1.0,0.0,0.0,0.0,0.0,0.0,0.0,1.0,20.0,8.0,32.0,0.4216526939566892
1.0,0.0,0.0,0.0,0.0,0.0,0.0,2.0,20.0,8.0,32.0,0.41773396324312523
1.0,0.0,0.0,0.0,0.0,0.0,0.0,3.0,20.0,8.0,32.0,0.3513203528223055
1.0,0.0,0.0,0.0,0.0,0.0,0.0,4.0,20.0,8.0,32.0,0.34682814932139056
1.0,0.0,0.0,0.0,0.0,0.0,0.0,1.0,32.0,8.0,32.0,0.322168819465305
1.0,0.0,0.0,0.0,0.0,0.0,0.0,2.0,32.0,8.0,32.0,0.31693929380922486
1.0,0.0,0.0,0.0,0.0,0.0,0.0,3.0,32.0,8.0,32.0,0.2575575520904449
1.0,0.0,0.0,0.0,0.0,0.0,0.0,4.0,32.0,8.0,32.0,0.25930527868046643
1.0,0.0,0.0,0.0,0.0,0.0,0.0,1.0,64.0,8.0,32.0,0.22355880826893143
1.0,0.0,0.0,0.0,0.0,0.0,0.0,2.0,64.0,8.0,32.0,0.22299898959556524
1.0,0.0,0.0,0.0,0.0,0.0,0.0,3.0,64.0,8.0,32.0,0.18422130587946156
1.0,0.0,0.0,0.0,0.0,0.0,0.0,4.0,64.0,8.0,32.0,0.1841120729675852
1.0,0.0,0.0,0.0,0.0,0.0,0.0,1.0,128.0,8.0,32.0,0.15370436112400676
1.0,0.0,0.0,0.0,0.0,0.0,0.0,2.0,128.0,8.0,32.0,0.15476938201480112
1.0,0.0,0.0,0.0,0.0,0.0,0.0,3.0,128.0,8.0,32.0,0.09495070864851585
1.0,0.0,0.0,0.0,0.0,0.0,0.0,4.0,128.0,8.0,32.0,0.09551052732188214
1.0,0.0,0.0,0.0,0.0,0.0,0.0,1.0,0.0,10.0,32.0,0.12915426417979742
1.0,0.0,0.0,0.0,0.0,0.0,0.0,2.0,0.0,10.0,32.0,0.13165296703896895
1.0,0.0,0.0,0.0,0.0,0.0,0.0,3.0,0.0,10.0,32.0,0.0664545727627735
1.0,0.0,0.0,0.0,0.0,0.0,0.0,4.0,0.0,10.0,32.0,0.07343182500887524
1.0,0.0,0.0,0.0,0.0,0.0,0.0,1.0,8.0,10.0,32.0,0.9086676315573883
1.0,0.0,0.0,0.0,0.0,0.0,0.0,2.0,8.0,10.0,32.0,0.9048990960976544
1.0,0.0,0.0,0.0,0.0,0.0,0.0,3.0,8.0,10.0,32.0,0.6406373740407987
1.0,0.0,0.0,0.0,0.0,0.0,0.0,4.0,8.0,10.0,32.0,0.6653513203528223
1.0,0.0,0.0,0.0,0.0,0.0,0.0,1.0,10.0,10.0,32.0,0.697397525874546
1.0,0.0,0.0,0.0,0.0,0.0,0.0,2.0,10.0,10.0,32.0,0.6409104563204895
1.0,0.0,0.0,0.0,0.0,0.0,0.0,3.0,10.0,10.0,32.0,0.5291788415849696
1.0,0.0,0.0,0.0,0.0,0.0,0.0,4.0,10.0,10.0,32.0,0.5104453971981759
1.0,0.0,0.0,0.0,0.0,0.0,0.0,1.0,16.0,10.0,32.0,0.45905131216035405
1.0,0.0,0.0,0.0,0.0,0.0,0.0,2.0,16.0,10.0,32.0,0.45886015456457035
1.0,0.0,0.0,0.0,0.0,0.0,0.0,3.0,16.0,10.0,32.0,0.3788333925011607
1.0,0.0,0.0,0.0,0.0,0.0,0.0,4.0,16.0,10.0,32.0,0.3738769491247714
1.0,0.0,0.0,0.0,0.0,0.0,0.0,1.0,20.0,10.0,32.0,0.41325541385619496
1.0,0.0,0.0,0.0,0.0,0.0,0.0,2.0,20.0,10.0,32.0,0.4251754553647015
1.0,0.0,0.0,0.0,0.0,0.0,0.0,3.0,20.0,10.0,32.0,0.3333242305906771
1.0,0.0,0.0,0.0,0.0,0.0,0.0,4.0,20.0,10.0,32.0,0.3324503672956662
1.0,0.0,0.0,0.0,0.0,0.0,0.0,1.0,32.0,10.0,32.0,0.32791720145279774
1.0,0.0,0.0,0.0,0.0,0.0,0.0,2.0,32.0,10.0,32.0,0.33399328217591967
1.0,0.0,0.0,0.0,0.0,0.0,0.0,3.0,32.0,10.0,32.0,0.2600152926076627
1.0,0.0,0.0,0.0,0.0,0.0,0.0,4.0,32.0,10.0,32.0,0.25911412108468296
1.0,0.0,0.0,0.0,0.0,0.0,0.0,1.0,64.0,10.0,32.0,0.2480269805292336
1.0,0.0,0.0,0.0,0.0,0.0,0.0,2.0,64.0,10.0,32.0,0.24716677134820736
1.0,0.0,0.0,0.0,0.0,0.0,0.0,3.0,64.0,10.0,32.0,0.199732379365903
1.0,0.0,0.0,0.0,0.0,0.0,0.0,4.0,64.0,10.0,32.0,0.19885851607089228
1.0,0.0,0.0,0.0,0.0,0.0,0.0,1.0,128.0,10.0,32.0,0.17470438843223474
1.0,0.0,0.0,0.0,0.0,0.0,0.0,2.0,128.0,10.0,32.0,0.1759742210327973
1.0,0.0,0.0,0.0,0.0,0.0,0.0,3.0,128.0,10.0,32.0,0.10812692864360035
1.0,0.0,0.0,0.0,0.0,0.0,0.0,4.0,128.0,10.0,32.0,0.10809962041563131
1.0,0.0,0.0,0.0,0.0,0.0,0.0,1.0,0.0,16.0,32.0,0.09086812856713733
1.0,0.0,0.0,0.0,0.0,0.0,0.0,2.0,0.0,16.0,32.0,0.09257489281520526
1.0,0.0,0.0,0.0,0.0,0.0,0.0,3.0,0.0,16.0,32.0,0.04194543816051782
1.0,0.0,0.0,0.0,0.0,0.0,0.0,4.0,0.0,16.0,32.0,0.047830361287856116
1.0,0.0,0.0,0.0,0.0,0.0,0.0,1.0,8.0,16.0,32.0,0.6531581965646249
1.0,0.0,0.0,0.0,0.0,0.0,0.0,2.0,8.0,16.0,32.0,0.6461536360905542
1.0,0.0,0.0,0.0,0.0,0.0,0.0,3.0,8.0,16.0,32.0,0.4241513968158607
1.0,0.0,0.0,0.0,0.0,0.0,0.0,4.0,8.0,16.0,32.0,0.4486605314181164
1.0,0.0,0.0,0.0,0.0,0.0,0.0,1.0,10.0,16.0,32.0,0.46314754635571714
1.0,0.0,0.0,0.0,0.0,0.0,0.0,2.0,10.0,16.0,32.0,0.44045440891340565
1.0,0.0,0.0,0.0,0.0,0.0,0.0,3.0,10.0,16.0,32.0,0.3514978563041045
1.0,0.0,0.0,0.0,0.0,0.0,0.0,4.0,10.0,16.0,32.0,0.3339250116059969
1.0,0.0,0.0,0.0,0.0,0.0,0.0,1.0,16.0,16.0,32.0,0.31373057702285706
1.0,0.0,0.0,0.0,0.0,0.0,0.0,2.0,16.0,16.0,32.0,0.3199295447718398
1.0,0.0,0.0,0.0,0.0,0.0,0.0,3.0,16.0,16.0,32.0,0.2535705508069582
1.0,0.0,0.0,0.0,0.0,0.0,0.0,4.0,16.0,16.0,32.0,0.250348179906606
1.0,0.0,0.0,0.0,0.0,0.0,0.0,1.0,20.0,16.0,32.0,0.2925120838908764
1.0,0.0,0.0,0.0,0.0,0.0,0.0,2.0,20.0,16.0,32.0,0.3015784155766133
1.0,0.0,0.0,0.0,0.0,0.0,0.0,3.0,20.0,16.0,32.0,0.22495152789535494
1.0,0.0,0.0,0.0,0.0,0.0,0.0,4.0,20.0,16.0,32.0,0.22219339687047707
1.0,0.0,0.0,0.0,0.0,0.0,0.0,1.0,32.0,16.0,32.0,0.23527403806766983
1.0,0.0,0.0,0.0,0.0,0.0,0.0,2.0,32.0,16.0,32.0,0.2345913323684427
1.0,0.0,0.0,0.0,0.0,0.0,0.0,3.0,32.0,16.0,32.0,0.17960621535268578
1.0,0.0,0.0,0.0,0.0,0.0,0.0,4.0,32.0,16.0,32.0,0.17795406756055604
1.0,0.0,0.0,0.0,0.0,0.0,0.0,1.0,64.0,16.0,32.0,0.18240530871951727
1.0,0.0,0.0,0.0,0.0,0.0,0.0,2.0,64.0,16.0,32.0,0.18075316092738752
1.0,0.0,0.0,0.0,0.0,0.0,0.0,3.0,64.0,16.0,32.0,0.1417843196155002
1.0,0.0,0.0,0.0,0.0,0.0,0.0,4.0,64.0,16.0,32.0,0.1405554493568913
1.0,0.0,0.0,0.0,0.0,0.0,0.0,1.0,128.0,16.0,32.0,0.1326906797017942
1.0,0.0,0.0,0.0,0.0,0.0,0.0,2.0,128.0,16.0,32.0,0.13001447336082372
1.0,0.0,0.0,0.0,0.0,0.0,0.0,3.0,128.0,16.0,32.0,0.08438242442447913
1.0,0.0,0.0,0.0,0.0,0.0,0.0,4.0,128.0,16.0,32.0,0.08217045795898309
1.0,0.0,0.0,0.0,0.0,0.0,0.0,1.0,0.0,20.0,32.0,0.08763210355280054
1.0,0.0,0.0,0.0,0.0,0.0,0.0,2.0,0.0,20.0,32.0,0.0899259947022038
1.0,0.0,0.0,0.0,0.0,0.0,0.0,3.0,0.0,20.0,32.0,0.038777683716103684
1.0,0.0,0.0,0.0,0.0,0.0,0.0,4.0,0.0,20.0,32.0,0.04195909227450234
1.0,0.0,0.0,0.0,0.0,0.0,0.0,1.0,8.0,20.0,32.0,0.5906906250853383
1.0,0.0,0.0,0.0,0.0,0.0,0.0,2.0,8.0,20.0,32.0,0.5777874873699447
1.0,0.0,0.0,0.0,0.0,0.0,0.0,3.0,8.0,20.0,32.0,0.3681831835932167
1.0,0.0,0.0,0.0,0.0,0.0,0.0,4.0,8.0,20.0,32.0,0.38662989158633504
1.0,0.0,0.0,0.0,0.0,0.0,0.0,1.0,10.0,20.0,32.0,0.4409459570168493
1.0,0.0,0.0,0.0,0.0,0.0,0.0,2.0,10.0,20.0,32.0,0.38875993336792386
1.0,0.0,0.0,0.0,0.0,0.0,0.0,3.0,10.0,20.0,32.0,0.30262978235342314
1.0,0.0,0.0,0.0,0.0,0.0,0.0,4.0,10.0,20.0,32.0,0.2828859335317731
1.0,0.0,0.0,0.0,0.0,0.0,0.0,1.0,16.0,20.0,32.0,0.2946967421284033
1.0,0.0,0.0,0.0,0.0,0.0,0.0,2.0,16.0,20.0,32.0,0.2866681231054918
1.0,0.0,0.0,0.0,0.0,0.0,0.0,3.0,16.0,20.0,32.0,0.22317649307736437
1.0,0.0,0.0,0.0,0.0,0.0,0.0,4.0,16.0,20.0,32.0,0.21491575411671554
1.0,0.0,0.0,0.0,0.0,0.0,0.0,1.0,20.0,20.0,32.0,0.26446653376662393
1.0,0.0,0.0,0.0,0.0,0.0,0.0,2.0,20.0,20.0,32.0,0.2734509407684536
1.0,0.0,0.0,0.0,0.0,0.0,0.0,3.0,20.0,20.0,32.0,0.19956852999808844
1.0,0.0,0.0,0.0,0.0,0.0,0.0,4.0,20.0,20.0,32.0,0.19521286763701912
1.0,0.0,0.0,0.0,0.0,0.0,0.0,1.0,32.0,20.0,32.0,0.22071875256014645
1.0,0.0,0.0,0.0,0.0,0.0,0.0,2.0,32.0,20.0,32.0,0.2130724487288021
1.0,0.0,0.0,0.0,0.0,0.0,0.0,3.0,32.0,20.0,32.0,0.16113219913159843
1.0,0.0,0.0,0.0,0.0,0.0,0.0,4.0,32.0,20.0,32.0,0.15743193424178709
1.0,0.0,0.0,0.0,0.0,0.0,0.0,1.0,64.0,20.0,32.0,0.17430841912668288
1.0,0.0,0.0,0.0,0.0,0.0,0.0,2.0,64.0,20.0,32.0,0.16851907479723655
1.0,0.0,0.0,0.0,0.0,0.0,0.0,3.0,64.0,20.0,32.0,0.13082006608591173
1.0,0.0,0.0,0.0,0.0,0.0,0.0,4.0,64.0,20.0,32.0,0.12677844834648683
1.0,0.0,0.0,0.0,0.0,0.0,0.0,1.0,128.0,20.0,32.0,0.12942734645948828
1.0,0.0,0.0,0.0,0.0,0.0,0.0,2.0,128.0,20.0,32.0,0.12836232556869387
1.0,0.0,0.0,0.0,0.0,0.0,0.0,3.0,128.0,20.0,32.0,0.07946694339004345
1.0,0.0,0.0,0.0,0.0,0.0,0.0,4.0,128.0,20.0,32.0,0.07780114148392919
1.0,0.0,0.0,0.0,0.0,0.0,0.0,1.0,0.0,32.0,32.0,0.08076408421857512
1.0,0.0,0.0,0.0,0.0,0.0,0.0,2.0,0.0,32.0,32.0,0.08252546492258123
1.0,0.0,0.0,0.0,0.0,0.0,0.0,3.0,0.0,32.0,32.0,0.02977962260028949
1.0,0.0,0.0,0.0,0.0,0.0,0.0,4.0,0.0,32.0,32.0,0.03274256533493547
1.0,0.0,0.0,0.0,0.0,0.0,0.0,1.0,8.0,32.0,32.0,0.4852808651246621
1.0,0.0,0.0,0.0,0.0,0.0,0.0,2.0,8.0,32.0,32.0,0.47544990305579077
1.0,0.0,0.0,0.0,0.0,0.0,0.0,3.0,8.0,32.0,32.0,0.2694229771430133
1.0,0.0,0.0,0.0,0.0,0.0,0.0,4.0,8.0,32.0,32.0,0.2918157240776647
1.0,0.0,0.0,0.0,0.0,0.0,0.0,1.0,10.0,32.0,32.0,0.3298014691826648
1.0,0.0,0.0,0.0,0.0,0.0,0.0,2.0,10.0,32.0,32.0,0.3122286244845573
1.0,0.0,0.0,0.0,0.0,0.0,0.0,3.0,10.0,32.0,32.0,0.22579808296239662
1.0,0.0,0.0,0.0,0.0,0.0,0.0,4.0,10.0,32.0,32.0,0.20117971544826468
1.0,0.0,0.0,0.0,0.0,0.0,0.0,1.0,16.0,32.0,32.0,0.23587481908298985
1.0,0.0,0.0,0.0,0.0,0.0,0.0,2.0,16.0,32.0,32.0,0.2370081105437068
1.0,0.0,0.0,0.0,0.0,0.0,0.0,3.0,16.0,32.0,32.0,0.16957044157404627
1.0,0.0,0.0,0.0,0.0,0.0,0.0,4.0,16.0,32.0,32.0,0.16166470957699558
1.0,0.0,0.0,0.0,0.0,0.0,0.0,1.0,20.0,32.0,32.0,0.2243644009940196
1.0,0.0,0.0,0.0,0.0,0.0,0.0,2.0,20.0,32.0,32.0,0.23023567000737327
1.0,0.0,0.0,0.0,0.0,0.0,0.0,3.0,20.0,32.0,32.0,0.15390917283377492
1.0,0.0,0.0,0.0,0.0,0.0,0.0,4.0,20.0,32.0,32.0,0.14716404052541038
1.0,0.0,0.0,0.0,0.0,0.0,0.0,1.0,32.0,32.0,32.0,0.18553210082197774
1.0,0.0,0.0,0.0,0.0,0.0,0.0,2.0,32.0,32.0,32.0,0.17975641060651576
1.0,0.0,0.0,0.0,0.0,0.0,0.0,3.0,32.0,32.0,32.0,0.13084737431388083
1.0,0.0,0.0,0.0,0.0,0.0,0.0,4.0,32.0,32.0,32.0,0.12348780687621186
1.0,0.0,0.0,0.0,0.0,0.0,0.0,1.0,64.0,32.0,32.0,0.15474207378683208
1.0,0.0,0.0,0.0,0.0,0.0,0.0,2.0,64.0,32.0,32.0,0.14870695540566375
1.0,0.0,0.0,0.0,0.0,0.0,0.0,3.0,64.0,32.0,32.0,0.11053005270488003
1.0,0.0,0.0,0.0,0.0,0.0,0.0,4.0,64.0,32.0,32.0,0.10404434856222183
1.0,0.0,0.0,0.0,0.0,0.0,0.0,1.0,128.0,32.0,32.0,0.1353941942707338
1.0,0.0,0.0,0.0,0.0,0.0,0.0,2.0,128.0,32.0,32.0,0.12863540784838473
1.0,0.0,0.0,0.0,0.0,0.0,0.0,3.0,128.0,32.0,32.0,0.08487397252792267
1.0,0.0,0.0,0.0,0.0,0.0,0.0,4.0,128.0,32.0,32.0,0.08132390289194136
1.0,0.0,0.0,0.0,0.0,0.0,0.0,1.0,0.0,64.0,32.0,0.08181545099538501
1.0,0.0,0.0,0.0,0.0,0.0,0.0,2.0,0.0,64.0,32.0,0.08341298233157657
1.0,0.0,0.0,0.0,0.0,0.0,0.0,3.0,0.0,64.0,32.0,0.034422021355034305
1.0,0.0,0.0,0.0,0.0,0.0,0.0,4.0,0.0,64.0,32.0,0.03767170048335566
1.0,0.0,0.0,0.0,0.0,0.0,0.0,1.0,8.0,64.0,32.0,0.40248231792239014
1.0,0.0,0.0,0.0,0.0,0.0,0.0,2.0,8.0,64.0,32.0,0.3955869903601957
1.0,0.0,0.0,0.0,0.0,0.0,0.0,3.0,8.0,64.0,32.0,0.19418880908817832
1.0,0.0,0.0,0.0,0.0,0.0,0.0,4.0,8.0,64.0,32.0,0.21561211392992713
1.0,0.0,0.0,0.0,0.0,0.0,0.0,1.0,10.0,64.0,32.0,0.2660640651028155
1.0,0.0,0.0,0.0,0.0,0.0,0.0,2.0,10.0,64.0,32.0,0.25264207105600917
1.0,0.0,0.0,0.0,0.0,0.0,0.0,3.0,10.0,64.0,32.0,0.16380840547256897
1.0,0.0,0.0,0.0,0.0,0.0,0.0,4.0,10.0,64.0,32.0,0.1393265790982824
1.0,0.0,0.0,0.0,0.0,0.0,0.0,1.0,16.0,64.0,32.0,0.19859908790518593
1.0,0.0,0.0,0.0,0.0,0.0,0.0,2.0,16.0,64.0,32.0,0.19574537808241627
1.0,0.0,0.0,0.0,0.0,0.0,0.0,3.0,16.0,64.0,32.0,0.12747480815969853
1.0,0.0,0.0,0.0,0.0,0.0,0.0,4.0,16.0,64.0,32.0,0.12187662142603567
1.0,0.0,0.0,0.0,0.0,0.0,0.0,1.0,20.0,64.0,32.0,0.18879543406428362
1.0,0.0,0.0,0.0,0.0,0.0,0.0,2.0,20.0,64.0,32.0,0.195963843906169
1.0,0.0,0.0,0.0,0.0,0.0,0.0,3.0,20.0,64.0,32.0,0.1190775280592043
1.0,0.0,0.0,0.0,0.0,0.0,0.0,4.0,20.0,64.0,32.0,0.11106256315027724
1.0,0.0,0.0,0.0,0.0,0.0,0.0,1.0,32.0,64.0,32.0,0.16201971654059372
1.0,0.0,0.0,0.0,0.0,0.0,0.0,2.0,32.0,64.0,32.0,0.15546574182801282
1.0,0.0,0.0,0.0,0.0,0.0,0.0,3.0,32.0,64.0,32.0,0.10579207515224343
1.0,0.0,0.0,0.0,0.0,0.0,0.0,4.0,32.0,64.0,32.0,0.09761326087550182
1.0,0.0,0.0,0.0,0.0,0.0,0.0,1.0,64.0,64.0,32.0,0.16201971654059372
1.0,0.0,0.0,0.0,0.0,0.0,0.0,2.0,64.0,64.0,32.0,0.14751904748900851
1.0,0.0,0.0,0.0,0.0,0.0,0.0,3.0,64.0,64.0,32.0,0.10460416723558813
1.0,0.0,0.0,0.0,0.0,0.0,0.0,4.0,64.0,64.0,32.0,0.09335317731232429
1.0,0.0,0.0,0.0,0.0,0.0,0.0,1.0,128.0,64.0,32.0,0.13819328763756522
1.0,0.0,0.0,0.0,0.0,0.0,0.0,2.0,128.0,64.0,32.0,0.12369261858598002
1.0,0.0,0.0,0.0,0.0,0.0,0.0,3.0,128.0,64.0,32.0,0.08703132253748058
1.0,0.0,0.0,0.0,0.0,0.0,0.0,4.0,128.0,64.0,32.0,0.07890712471667721
1.0,0.0,0.0,0.0,0.0,0.0,0.0,1.0,0.0,128.0,32.0,0.17961986946667036
1.0,0.0,0.0,0.0,0.0,0.0,0.0,2.0,0.0,128.0,32.0,0.17474535077418835
1.0,0.0,0.0,0.0,0.0,0.0,0.0,3.0,0.0,128.0,32.0,0.15434610448128028
1.0,0.0,0.0,0.0,0.0,0.0,0.0,4.0,0.0,128.0,32.0,0.1570632731642045
1.0,0.0,0.0,0.0,0.0,0.0,0.0,1.0,8.0,128.0,32.0,0.3613697807149295
1.0,0.0,0.0,0.0,0.0,0.0,0.0,2.0,8.0,128.0,32.0,0.3539692509353069
1.0,0.0,0.0,0.0,0.0,0.0,0.0,3.0,8.0,128.0,32.0,0.1605860345722166
1.0,0.0,0.0,0.0,0.0,0.0,0.0,4.0,8.0,128.0,32.0,0.1848084327807969
1.0,0.0,0.0,0.0,0.0,0.0,0.0,1.0,10.0,128.0,32.0,0.24996586471503873
1.0,0.0,0.0,0.0,0.0,0.0,0.0,2.0,10.0,128.0,32.0,0.23437286654469008
1.0,0.0,0.0,0.0,0.0,0.0,0.0,3.0,10.0,128.0,32.0,0.13746961959638448
1.0,0.0,0.0,0.0,0.0,0.0,0.0,4.0,10.0,128.0,32.0,0.12968677462519462
1.0,0.0,0.0,0.0,0.0,0.0,0.0,1.0,16.0,128.0,32.0,0.20085201671263558
1.0,0.0,0.0,0.0,0.0,0.0,0.0,2.0,16.0,128.0,32.0,0.2025587809607035
1.0,0.0,0.0,0.0,0.0,0.0,0.0,3.0,16.0,128.0,32.0,0.11559572899314569
1.0,0.0,0.0,0.0,0.0,0.0,0.0,4.0,16.0,128.0,32.0,0.11874982932357525
1.0,0.0,0.0,0.0,0.0,0.0,0.0,1.0,20.0,128.0,32.0,0.18860427646850003
1.0,0.0,0.0,0.0,0.0,0.0,0.0,2.0,20.0,128.0,32.0,0.19993719107567115
1.0,0.0,0.0,0.0,0.0,0.0,0.0,3.0,20.0,128.0,32.0,0.11171796062153533
1.0,0.0,0.0,0.0,0.0,0.0,0.0,4.0,20.0,128.0,32.0,0.10713017832272864
1.0,0.0,0.0,0.0,0.0,0.0,0.0,1.0,32.0,128.0,32.0,0.17507304950981745
1.0,0.0,0.0,0.0,0.0,0.0,0.0,2.0,32.0,128.0,32.0,0.17070373303476344
1.0,0.0,0.0,0.0,0.0,0.0,0.0,3.0,32.0,128.0,32.0,0.10915098719244115
1.0,0.0,0.0,0.0,0.0,0.0,0.0,4.0,32.0,128.0,32.0,0.10302029001338109
1.0,0.0,0.0,0.0,0.0,0.0,0.0,1.0,64.0,128.0,32.0,0.17291569950025948
1.0,0.0,0.0,0.0,0.0,0.0,0.0,2.0,64.0,128.0,32.0,0.15603921461536369
1.0,0.0,0.0,0.0,0.0,0.0,0.0,3.0,64.0,128.0,32.0,0.11432589639258317
1.0,0.0,0.0,0.0,0.0,0.0,0.0,4.0,64.0,128.0,32.0,0.10142275867718953
1.0,0.0,0.0,0.0,0.0,0.0,0.0,1.0,128.0,128.0,32.0,0.16436822414593527
1.0,0.0,0.0,0.0,0.0,0.0,0.0,2.0,128.0,128.0,32.0,0.1344657145197849
1.0,0.0,0.0,0.0,0.0,0.0,0.0,3.0,128.0,128.0,32.0,0.10318413938119564
1.0,0.0,0.0,0.0,0.0,0.0,0.0,4.0,128.0,128.0,32.0,0.09221988585160712
1.0,0.0,0.0,0.0,0.0,0.0,0.0,1.0,0.0,0.0,64.0,0.21822004970097503
1.0,0.0,0.0,0.0,0.0,0.0,0.0,2.0,0.0,0.0,64.0,0.21766023102760862
1.0,0.0,0.0,0.0,0.0,0.0,0.0,3.0,0.0,0.0,64.0,0.20672328572598925
1.0,0.0,0.0,0.0,0.0,0.0,0.0,4.0,0.0,0.0,64.0,0.20991834839837248
1.0,0.0,0.0,0.0,0.0,0.0,0.0,1.0,8.0,0.0,64.0,0.39717086758240266
1.0,0.0,0.0,0.0,0.0,0.0,0.0,2.0,8.0,0.0,64.0,0.4012944100057349
1.0,0.0,0.0,0.0,0.0,0.0,0.0,3.0,8.0,0.0,64.0,0.2601654878614928
1.0,0.0,0.0,0.0,0.0,0.0,0.0,4.0,8.0,0.0,64.0,0.24367131816816406
1.0,0.0,0.0,0.0,0.0,0.0,0.0,1.0,10.0,0.0,64.0,0.3692072421420575
1.0,0.0,0.0,0.0,0.0,0.0,0.0,2.0,10.0,0.0,64.0,0.367964717769464
1.0,0.0,0.0,0.0,0.0,0.0,0.0,3.0,10.0,0.0,64.0,0.2336628526174937
1.0,0.0,0.0,0.0,0.0,0.0,0.0,4.0,10.0,0.0,64.0,0.23494633933204084
1.0,0.0,0.0,0.0,0.0,0.0,0.0,1.0,16.0,0.0,64.0,0.2755400202080888
1.0,0.0,0.0,0.0,0.0,0.0,0.0,2.0,16.0,0.0,64.0,0.2722903410797674
1.0,0.0,0.0,0.0,0.0,0.0,0.0,3.0,16.0,0.0,64.0,0.1713727846200061
1.0,0.0,0.0,0.0,0.0,0.0,0.0,4.0,16.0,0.0,64.0,0.17656134793413264
1.0,0.0,0.0,0.0,0.0,0.0,0.0,1.0,20.0,0.0,64.0,0.2479314017313417
1.0,0.0,0.0,0.0,0.0,0.0,0.0,2.0,20.0,0.0,64.0,0.26483519484420665
1.0,0.0,0.0,0.0,0.0,0.0,0.0,3.0,20.0,0.0,64.0,0.1550561184084765
1.0,0.0,0.0,0.0,0.0,0.0,0.0,4.0,20.0,0.0,64.0,0.15743193424178709
1.0,0.0,0.0,0.0,0.0,0.0,0.0,1.0,32.0,0.0,64.0,0.1977798410661133
1.0,0.0,0.0,0.0,0.0,0.0,0.0,2.0,32.0,0.0,64.0,0.19450285370982284
1.0,0.0,0.0,0.0,0.0,0.0,0.0,3.0,32.0,0.0,64.0,0.1314481553292008
1.0,0.0,0.0,0.0,0.0,0.0,0.0,4.0,32.0,0.0,64.0,0.13136623064529346
1.0,0.0,0.0,0.0,0.0,0.0,0.0,1.0,64.0,0.0,64.0,0.2546628799257216
1.0,0.0,0.0,0.0,0.0,0.0,0.0,2.0,64.0,0.0,64.0,0.336587563832983
1.0,0.0,0.0,0.0,0.0,0.0,0.0,3.0,64.0,0.0,64.0,0.1598487124170514
1.0,0.0,0.0,0.0,0.0,0.0,0.0,4.0,64.0,0.0,64.0,0.23011278298151233
1.0,0.0,0.0,0.0,0.0,0.0,0.0,1.0,128.0,0.0,64.0,0.2995712608208854
1.0,0.0,0.0,0.0,0.0,0.0,0.0,2.0,128.0,0.0,64.0,0.3366421802889212
1.0,0.0,0.0,0.0,0.0,0.0,0.0,3.0,128.0,0.0,64.0,0.26441191731068586
1.0,0.0,0.0,0.0,0.0,0.0,0.0,4.0,128.0,0.0,64.0,0.3009366722193398
1.0,0.0,0.0,0.0,0.0,0.0,0.0,1.0,0.0,8.0,64.0,0.09589284251344937
1.0,0.0,0.0,0.0,0.0,0.0,0.0,2.0,0.0,8.0,64.0,0.09854174062645082
1.0,0.0,0.0,0.0,0.0,0.0,0.0,3.0,0.0,8.0,64.0,0.05848057019580005
1.0,0.0,0.0,0.0,0.0,0.0,0.0,4.0,0.0,8.0,64.0,0.06685054206832519
1.0,0.0,0.0,0.0,0.0,0.0,0.0,1.0,8.0,8.0,64.0,0.9895682569158089
1.0,0.0,0.0,0.0,0.0,0.0,0.0,2.0,8.0,8.0,64.0,0.988667085392829
1.0,0.0,0.0,0.0,0.0,0.0,0.0,3.0,8.0,8.0,64.0,0.7269040661951447
1.0,0.0,0.0,0.0,0.0,0.0,0.0,4.0,8.0,8.0,64.0,0.7689723913815234
1.0,0.0,0.0,0.0,0.0,0.0,0.0,1.0,10.0,8.0,64.0,0.7451186542505257
1.0,0.0,0.0,0.0,0.0,0.0,0.0,2.0,10.0,8.0,64.0,0.6942707337720857
1.0,0.0,0.0,0.0,0.0,0.0,0.0,3.0,10.0,8.0,64.0,0.6093148365602559
1.0,0.0,0.0,0.0,0.0,0.0,0.0,4.0,10.0,8.0,64.0,0.6073759523744504
1.0,0.0,0.0,0.0,0.0,0.0,0.0,1.0,16.0,8.0,64.0,0.4989213249952212
1.0,0.0,0.0,0.0,0.0,0.0,0.0,2.0,16.0,8.0,64.0,0.49442912149430635
1.0,0.0,0.0,0.0,0.0,0.0,0.0,3.0,16.0,8.0,64.0,0.42166634807067377
1.0,0.0,0.0,0.0,0.0,0.0,0.0,4.0,16.0,8.0,64.0,0.42353696168655625
1.0,0.0,0.0,0.0,0.0,0.0,0.0,1.0,20.0,8.0,64.0,0.4452743111499496
1.0,0.0,0.0,0.0,0.0,0.0,0.0,2.0,20.0,8.0,64.0,0.4437860127256344
1.0,0.0,0.0,0.0,0.0,0.0,0.0,3.0,20.0,8.0,64.0,0.3721565307627189
1.0,0.0,0.0,0.0,0.0,0.0,0.0,4.0,20.0,8.0,64.0,0.37170594500122894
1.0,0.0,0.0,0.0,0.0,0.0,0.0,1.0,32.0,8.0,64.0,0.35334116169201785
1.0,0.0,0.0,0.0,0.0,0.0,0.0,2.0,32.0,8.0,64.0,0.34604986482427164
1.0,0.0,0.0,0.0,0.0,0.0,0.0,3.0,32.0,8.0,64.0,0.2833228651792787
1.0,0.0,0.0,0.0,0.0,0.0,0.0,4.0,32.0,8.0,64.0,0.2844288484120266
1.0,0.0,0.0,0.0,0.0,0.0,0.0,1.0,64.0,8.0,64.0,0.24257898904940062
1.0,0.0,0.0,0.0,0.0,0.0,0.0,2.0,64.0,8.0,64.0,0.2407356836614873
1.0,0.0,0.0,0.0,0.0,0.0,0.0,3.0,64.0,8.0,64.0,0.20946776263688255
1.0,0.0,0.0,0.0,0.0,0.0,0.0,4.0,64.0,8.0,64.0,0.21015046833610967
1.0,0.0,0.0,0.0,0.0,0.0,0.0,1.0,128.0,8.0,64.0,0.16510554630110058
1.0,0.0,0.0,0.0,0.0,0.0,0.0,2.0,128.0,8.0,64.0,0.16596575548212683
1.0,0.0,0.0,0.0,0.0,0.0,0.0,3.0,128.0,8.0,64.0,0.12078429230727222
1.0,0.0,0.0,0.0,0.0,0.0,0.0,4.0,128.0,8.0,64.0,0.11992408312624603
1.0,0.0,0.0,0.0,0.0,0.0,0.0,1.0,0.0,10.0,64.0,0.12813020563095667
1.0,0.0,0.0,0.0,0.0,0.0,0.0,2.0,0.0,10.0,64.0,0.132158169256397
1.0,0.0,0.0,0.0,0.0,0.0,0.0,3.0,0.0,10.0,64.0,0.0754253256506186
1.0,0.0,0.0,0.0,0.0,0.0,0.0,4.0,0.0,10.0,64.0,0.08296239657008658
1.0,0.0,0.0,0.0,0.0,0.0,0.0,1.0,8.0,10.0,64.0,0.9373958873808679
1.0,0.0,0.0,0.0,0.0,0.0,0.0,2.0,8.0,10.0,64.0,0.9305688303885962
1.0,0.0,0.0,0.0,0.0,0.0,0.0,3.0,8.0,10.0,64.0,0.6520931756738306
1.0,0.0,0.0,0.0,0.0,0.0,0.0,4.0,8.0,10.0,64.0,0.6804254621917585
1.0,0.0,0.0,0.0,0.0,0.0,0.0,1.0,10.0,10.0,64.0,0.7041153499549415
1.0,0.0,0.0,0.0,0.0,0.0,0.0,2.0,10.0,10.0,64.0,0.6479969414784676
1.0,0.0,0.0,0.0,0.0,0.0,0.0,3.0,10.0,10.0,64.0,0.5401021327726045
1.0,0.0,0.0,0.0,0.0,0.0,0.0,4.0,10.0,10.0,64.0,0.5255058849231276
1.0,0.0,0.0,0.0,0.0,0.0,0.0,1.0,16.0,10.0,64.0,0.47476719735656364
1.0,0.0,0.0,0.0,0.0,0.0,0.0,2.0,16.0,10.0,64.0,0.47416641634124373
1.0,0.0,0.0,0.0,0.0,0.0,0.0,3.0,16.0,10.0,64.0,0.3906032387558373
1.0,0.0,0.0,0.0,0.0,0.0,0.0,4.0,16.0,10.0,64.0,0.38527813430186525
1.0,0.0,0.0,0.0,0.0,0.0,0.0,1.0,20.0,10.0,64.0,0.42893033671045094
1.0,0.0,0.0,0.0,0.0,0.0,0.0,2.0,20.0,10.0,64.0,0.44012671017777666
1.0,0.0,0.0,0.0,0.0,0.0,0.0,3.0,20.0,10.0,64.0,0.3462137141920862
1.0,0.0,0.0,0.0,0.0,0.0,0.0,4.0,20.0,10.0,64.0,0.3450531145034
1.0,0.0,0.0,0.0,0.0,0.0,0.0,1.0,32.0,10.0,64.0,0.34669160818154515
1.0,0.0,0.0,0.0,0.0,0.0,0.0,2.0,32.0,10.0,64.0,0.3460225565963026
1.0,0.0,0.0,0.0,0.0,0.0,0.0,3.0,32.0,10.0,64.0,0.27459788634315524
1.0,0.0,0.0,0.0,0.0,0.0,0.0,4.0,32.0,10.0,64.0,0.2728501597531337
1.0,0.0,0.0,0.0,0.0,0.0,0.0,1.0,64.0,10.0,64.0,0.2643846090827166
1.0,0.0,0.0,0.0,0.0,0.0,0.0,2.0,64.0,10.0,64.0,0.26334689641989145
1.0,0.0,0.0,0.0,0.0,0.0,0.0,3.0,64.0,10.0,64.0,0.21561211392992713
1.0,0.0,0.0,0.0,0.0,0.0,0.0,4.0,64.0,10.0,64.0,0.2151205658264836
1.0,0.0,0.0,0.0,0.0,0.0,0.0,1.0,128.0,10.0,64.0,0.1889865916600672
1.0,0.0,0.0,0.0,0.0,0.0,0.0,2.0,128.0,10.0,64.0,0.18938256096561895
1.0,0.0,0.0,0.0,0.0,0.0,0.0,3.0,128.0,10.0,64.0,0.13647286927551278
1.0,0.0,0.0,0.0,0.0,0.0,0.0,4.0,128.0,10.0,64.0,0.1353259237008111
1.0,0.0,0.0,0.0,0.0,0.0,0.0,1.0,0.0,16.0,64.0,0.08711324722138786
1.0,0.0,0.0,0.0,0.0,0.0,0.0,2.0,0.0,16.0,64.0,0.08963925830852842
1.0,0.0,0.0,0.0,0.0,0.0,0.0,3.0,0.0,16.0,64.0,0.039842704606898094
1.0,0.0,0.0,0.0,0.0,0.0,0.0,4.0,0.0,16.0,64.0,0.04486741855321008
1.0,0.0,0.0,0.0,0.0,0.0,0.0,1.0,8.0,16.0,64.0,0.6503044867418555
1.0,0.0,0.0,0.0,0.0,0.0,0.0,2.0,8.0,16.0,64.0,0.6481744449602667
1.0,0.0,0.0,0.0,0.0,0.0,0.0,3.0,8.0,16.0,64.0,0.42199404680630287
1.0,0.0,0.0,0.0,0.0,0.0,0.0,4.0,8.0,16.0,64.0,0.44863322319014737
1.0,0.0,0.0,0.0,0.0,0.0,0.0,1.0,10.0,16.0,64.0,0.4643218001583878
1.0,0.0,0.0,0.0,0.0,0.0,0.0,2.0,10.0,16.0,64.0,0.44120538518255553
1.0,0.0,0.0,0.0,0.0,0.0,0.0,3.0,10.0,16.0,64.0,0.35315000409623426
1.0,0.0,0.0,0.0,0.0,0.0,0.0,4.0,10.0,16.0,64.0,0.3347579125590541
1.0,0.0,0.0,0.0,0.0,0.0,0.0,1.0,16.0,16.0,64.0,0.3177585406482974
1.0,0.0,0.0,0.0,0.0,0.0,0.0,2.0,16.0,16.0,64.0,0.3234796144078212
1.0,0.0,0.0,0.0,0.0,0.0,0.0,3.0,16.0,16.0,64.0,0.2532291979573446
1.0,0.0,0.0,0.0,0.0,0.0,0.0,4.0,16.0,16.0,64.0,0.2512903137715395
1.0,0.0,0.0,0.0,0.0,0.0,0.0,1.0,20.0,16.0,64.0,0.2962806193506104
1.0,0.0,0.0,0.0,0.0,0.0,0.0,2.0,20.0,16.0,64.0,0.30452770419727465
1.0,0.0,0.0,0.0,0.0,0.0,0.0,3.0,20.0,16.0,64.0,0.22549769245473678
1.0,0.0,0.0,0.0,0.0,0.0,0.0,4.0,20.0,16.0,64.0,0.22226166744039982
1.0,0.0,0.0,0.0,0.0,0.0,0.0,1.0,32.0,16.0,64.0,0.23616155547666512
1.0,0.0,0.0,0.0,0.0,0.0,0.0,2.0,32.0,16.0,64.0,0.23576558617111348
1.0,0.0,0.0,0.0,0.0,0.0,0.0,3.0,32.0,16.0,64.0,0.17990660586034574
1.0,0.0,0.0,0.0,0.0,0.0,0.0,4.0,32.0,16.0,64.0,0.17841830743603054
1.0,0.0,0.0,0.0,0.0,0.0,0.0,1.0,64.0,16.0,64.0,0.19027007837461435
1.0,0.0,0.0,0.0,0.0,0.0,0.0,2.0,64.0,16.0,64.0,0.18984680084109345
1.0,0.0,0.0,0.0,0.0,0.0,0.0,3.0,64.0,16.0,64.0,0.14656325951009047
1.0,0.0,0.0,0.0,0.0,0.0,0.0,4.0,64.0,16.0,64.0,0.14553920096124967
1.0,0.0,0.0,0.0,0.0,0.0,0.0,1.0,128.0,16.0,64.0,0.14312242278598553
1.0,0.0,0.0,0.0,0.0,0.0,0.0,2.0,128.0,16.0,64.0,0.13972254840383413
1.0,0.0,0.0,0.0,0.0,0.0,0.0,3.0,128.0,16.0,64.0,0.10091755645976136
1.0,0.0,0.0,0.0,0.0,0.0,0.0,4.0,128.0,16.0,64.0,0.09803653840902266
1.0,0.0,0.0,0.0,0.0,0.0,0.0,1.0,0.0,20.0,64.0,0.08338567410360748
1.0,0.0,0.0,0.0,0.0,0.0,0.0,2.0,0.0,20.0,64.0,0.08580245227887168
1.0,0.0,0.0,0.0,0.0,0.0,0.0,3.0,0.0,20.0,64.0,0.034422021355034305
1.0,0.0,0.0,0.0,0.0,0.0,0.0,4.0,0.0,20.0,64.0,0.0380949780168765
1.0,0.0,0.0,0.0,0.0,0.0,0.0,1.0,8.0,20.0,64.0,0.5879188399464759
1.0,0.0,0.0,0.0,0.0,0.0,0.0,2.0,8.0,20.0,64.0,0.5792621316802753
1.0,0.0,0.0,0.0,0.0,0.0,0.0,3.0,8.0,20.0,64.0,0.36509735383270986
1.0,0.0,0.0,0.0,0.0,0.0,0.0,4.0,8.0,20.0,64.0,0.38518255550397346
1.0,0.0,0.0,0.0,0.0,0.0,0.0,1.0,10.0,20.0,64.0,0.4419700155656901
1.0,0.0,0.0,0.0,0.0,0.0,0.0,2.0,10.0,20.0,64.0,0.39164095141866245
1.0,0.0,0.0,0.0,0.0,0.0,0.0,3.0,10.0,20.0,64.0,0.3025615117835005
1.0,0.0,0.0,0.0,0.0,0.0,0.0,4.0,10.0,20.0,64.0,0.28351402277506216
1.0,0.0,0.0,0.0,0.0,0.0,0.0,1.0,16.0,20.0,64.0,0.29849258581610644
1.0,0.0,0.0,0.0,0.0,0.0,0.0,2.0,16.0,20.0,64.0,0.2896720281820914
1.0,0.0,0.0,0.0,0.0,0.0,0.0,3.0,16.0,20.0,64.0,0.22100548895382183
1.0,0.0,0.0,0.0,0.0,0.0,0.0,4.0,16.0,20.0,64.0,0.2155848057019581
1.0,0.0,0.0,0.0,0.0,0.0,0.0,1.0,20.0,20.0,64.0,0.26622791447063004
1.0,0.0,0.0,0.0,0.0,0.0,0.0,2.0,20.0,20.0,64.0,0.274816352166908
1.0,0.0,0.0,0.0,0.0,0.0,0.0,3.0,20.0,20.0,64.0,0.19724733062071603
1.0,0.0,0.0,0.0,0.0,0.0,0.0,4.0,20.0,20.0,64.0,0.1929872470575385
1.0,0.0,0.0,0.0,0.0,0.0,0.0,1.0,32.0,20.0,64.0,0.22086894781397642
1.0,0.0,0.0,0.0,0.0,0.0,0.0,2.0,32.0,20.0,64.0,0.21386438733990548
1.0,0.0,0.0,0.0,0.0,0.0,0.0,3.0,32.0,20.0,64.0,0.15922062317376234
1.0,0.0,0.0,0.0,0.0,0.0,0.0,4.0,32.0,20.0,64.0,0.15587536524754914
1.0,0.0,0.0,0.0,0.0,0.0,0.0,1.0,64.0,20.0,64.0,0.18232338403561005
1.0,0.0,0.0,0.0,0.0,0.0,0.0,2.0,64.0,20.0,64.0,0.1759742210327973
1.0,0.0,0.0,0.0,0.0,0.0,0.0,3.0,64.0,20.0,64.0,0.1339741664163413
1.0,0.0,0.0,0.0,0.0,0.0,0.0,4.0,64.0,20.0,64.0,0.13091564488380358
1.0,0.0,0.0,0.0,0.0,0.0,0.0,1.0,128.0,20.0,64.0,0.13841175346131795
1.0,0.0,0.0,0.0,0.0,0.0,0.0,2.0,128.0,20.0,64.0,0.13774270187607535
1.0,0.0,0.0,0.0,0.0,0.0,0.0,3.0,128.0,20.0,64.0,0.0929298997788034
1.0,0.0,0.0,0.0,0.0,0.0,0.0,4.0,128.0,20.0,64.0,0.09054042983150828
1.0,0.0,0.0,0.0,0.0,0.0,0.0,1.0,0.0,32.0,64.0,0.07699554875884107
1.0,0.0,0.0,0.0,0.0,0.0,0.0,2.0,0.0,32.0,64.0,0.07855211775307908
1.0,0.0,0.0,0.0,0.0,0.0,0.0,3.0,0.0,32.0,64.0,0.02549223080914287
1.0,0.0,0.0,0.0,0.0,0.0,0.0,4.0,0.0,32.0,64.0,0.02826401594800515
1.0,0.0,0.0,0.0,0.0,0.0,0.0,1.0,8.0,32.0,64.0,0.4829187034053361
1.0,0.0,0.0,0.0,0.0,0.0,0.0,2.0,8.0,32.0,64.0,0.4769108932521369
1.0,0.0,0.0,0.0,0.0,0.0,0.0,3.0,8.0,32.0,64.0,0.2678254458068217
1.0,0.0,0.0,0.0,0.0,0.0,0.0,4.0,8.0,32.0,64.0,0.2911603266064066
1.0,0.0,0.0,0.0,0.0,0.0,0.0,1.0,10.0,32.0,64.0,0.3302247467161857
1.0,0.0,0.0,0.0,0.0,0.0,0.0,2.0,10.0,32.0,64.0,0.34092957208006786
1.0,0.0,0.0,0.0,0.0,0.0,0.0,3.0,10.0,32.0,64.0,0.22456921270378777
1.0,0.0,0.0,0.0,0.0,0.0,0.0,4.0,10.0,32.0,64.0,0.20243589393484257
1.0,0.0,0.0,0.0,0.0,0.0,0.0,1.0,16.0,32.0,64.0,0.2392883475791257
1.0,0.0,0.0,0.0,0.0,0.0,0.0,2.0,16.0,32.0,64.0,0.23911084409732658
1.0,0.0,0.0,0.0,0.0,0.0,0.0,3.0,16.0,32.0,64.0,0.1686283077091128
1.0,0.0,0.0,0.0,0.0,0.0,0.0,4.0,16.0,32.0,64.0,0.1630028127474809
1.0,0.0,0.0,0.0,0.0,0.0,0.0,1.0,20.0,32.0,64.0,0.22319014719134883
1.0,0.0,0.0,0.0,0.0,0.0,0.0,2.0,20.0,32.0,64.0,0.23169666020371943
1.0,0.0,0.0,0.0,0.0,0.0,0.0,3.0,20.0,32.0,64.0,0.15311723422267137
1.0,0.0,0.0,0.0,0.0,0.0,0.0,4.0,20.0,32.0,64.0,0.1477511674267457
1.0,0.0,0.0,0.0,0.0,0.0,0.0,1.0,32.0,32.0,64.0,0.18770310494552017
1.0,0.0,0.0,0.0,0.0,0.0,0.0,2.0,32.0,32.0,64.0,0.1807121985854338
1.0,0.0,0.0,0.0,0.0,0.0,0.0,3.0,32.0,32.0,64.0,0.129645812283241
1.0,0.0,0.0,0.0,0.0,0.0,0.0,4.0,32.0,32.0,64.0,0.12339222807832007
1.0,0.0,0.0,0.0,0.0,0.0,0.0,1.0,64.0,32.0,64.0,0.16671673175127671
1.0,0.0,0.0,0.0,0.0,0.0,0.0,2.0,64.0,32.0,64.0,0.1611868155875366
1.0,0.0,0.0,0.0,0.0,0.0,0.0,3.0,64.0,32.0,64.0,0.11562303722111478
1.0,0.0,0.0,0.0,0.0,0.0,0.0,4.0,64.0,32.0,64.0,0.11139026188590628
1.0,0.0,0.0,0.0,0.0,0.0,0.0,1.0,128.0,32.0,64.0,0.13636363636363646
1.0,0.0,0.0,0.0,0.0,0.0,0.0,2.0,128.0,32.0,64.0,0.1300008192468391
1.0,0.0,0.0,0.0,0.0,0.0,0.0,3.0,128.0,32.0,64.0,0.08957098773860567
1.0,0.0,0.0,0.0,0.0,0.0,0.0,4.0,128.0,32.0,64.0,0.08555667822714985
1.0,0.0,0.0,0.0,0.0,0.0,0.0,1.0,0.0,64.0,64.0,0.08038176902700789
1.0,0.0,0.0,0.0,0.0,0.0,0.0,2.0,0.0,64.0,64.0,0.07842923072721814
1.0,0.0,0.0,0.0,0.0,0.0,0.0,3.0,0.0,64.0,64.0,0.030994838744913877
1.0,0.0,0.0,0.0,0.0,0.0,0.0,4.0,0.0,64.0,64.0,0.03357546628799263
1.0,0.0,0.0,0.0,0.0,0.0,0.0,1.0,8.0,64.0,64.0,0.39996996094923404
1.0,0.0,0.0,0.0,0.0,0.0,0.0,2.0,8.0,64.0,64.0,0.3913542150249872
1.0,0.0,0.0,0.0,0.0,0.0,0.0,3.0,8.0,64.0,64.0,0.19439362079794648
1.0,0.0,0.0,0.0,0.0,0.0,0.0,4.0,8.0,64.0,64.0,0.21875256014637218
1.0,0.0,0.0,0.0,0.0,0.0,0.0,1.0,10.0,64.0,64.0,0.27779294901553847
1.0,0.0,0.0,0.0,0.0,0.0,0.0,2.0,10.0,64.0,64.0,0.2627188071766024
1.0,0.0,0.0,0.0,0.0,0.0,0.0,3.0,10.0,64.0,64.0,0.16670307763729214
1.0,0.0,0.0,0.0,0.0,0.0,0.0,4.0,10.0,64.0,64.0,0.15767770829350886
1.0,0.0,0.0,0.0,0.0,0.0,0.0,1.0,16.0,64.0,64.0,0.21961276932739843
1.0,0.0,0.0,0.0,0.0,0.0,0.0,2.0,16.0,64.0,64.0,0.2444496026652831
1.0,0.0,0.0,0.0,0.0,0.0,0.0,3.0,16.0,64.0,64.0,0.1333051148310987
1.0,0.0,0.0,0.0,0.0,0.0,0.0,4.0,16.0,64.0,64.0,0.13443840629181575
1.0,0.0,0.0,0.0,0.0,0.0,0.0,1.0,20.0,64.0,64.0,0.20524864141565863
1.0,0.0,0.0,0.0,0.0,0.0,0.0,2.0,20.0,64.0,64.0,0.21454709303913272
1.0,0.0,0.0,0.0,0.0,0.0,0.0,3.0,20.0,64.0,64.0,0.12552226985990889
1.0,0.0,0.0,0.0,0.0,0.0,0.0,4.0,20.0,64.0,64.0,0.11834020590403899
1.0,0.0,0.0,0.0,0.0,0.0,0.0,1.0,32.0,64.0,64.0,0.18158606188044463
1.0,0.0,0.0,0.0,0.0,0.0,0.0,2.0,32.0,64.0,64.0,0.17656134793413264
1.0,0.0,0.0,0.0,0.0,0.0,0.0,3.0,32.0,64.0,64.0,0.11631939703432648
1.0,0.0,0.0,0.0,0.0,0.0,0.0,4.0,32.0,64.0,64.0,0.1077582675660177
1.0,0.0,0.0,0.0,0.0,0.0,0.0,1.0,64.0,64.0,64.0,0.16869657827903556
1.0,0.0,0.0,0.0,0.0,0.0,0.0,2.0,64.0,64.0,64.0,0.15695404025232812
1.0,0.0,0.0,0.0,0.0,0.0,0.0,3.0,64.0,64.0,64.0,0.11033889510909639
1.0,0.0,0.0,0.0,0.0,0.0,0.0,4.0,64.0,64.0,64.0,0.09936098746552346
1.0,0.0,0.0,0.0,0.0,0.0,0.0,1.0,128.0,64.0,64.0,0.13488899205330573
1.0,0.0,0.0,0.0,0.0,0.0,0.0,2.0,128.0,64.0,64.0,0.12011524072202961
1.0,0.0,0.0,0.0,0.0,0.0,0.0,3.0,128.0,64.0,64.0,0.08258008137851941
1.0,0.0,0.0,0.0,0.0,0.0,0.0,4.0,128.0,64.0,64.0,0.07522051394085044
1.0,0.0,0.0,0.0,0.0,0.0,0.0,1.0,0.0,128.0,64.0,0.17747617357109707
1.0,0.0,0.0,0.0,0.0,0.0,0.0,2.0,0.0,128.0,64.0,0.1779813757885252
1.0,0.0,0.0,0.0,0.0,0.0,0.0,3.0,0.0,128.0,64.0,0.15120565826483523
1.0,0.0,0.0,0.0,0.0,0.0,0.0,4.0,0.0,128.0,64.0,0.15661268740271445
1.0,0.0,0.0,0.0,0.0,0.0,0.0,1.0,8.0,128.0,64.0,0.3673093202982059
1.0,0.0,0.0,0.0,0.0,0.0,0.0,2.0,8.0,128.0,64.0,0.36235287692181656
1.0,0.0,0.0,0.0,0.0,0.0,0.0,3.0,8.0,128.0,64.0,0.1981894644856496
1.0,0.0,0.0,0.0,0.0,0.0,0.0,4.0,8.0,128.0,64.0,0.22086894781397642
1.0,0.0,0.0,0.0,0.0,0.0,0.0,1.0,10.0,128.0,64.0,0.32294710396242404
1.0,0.0,0.0,0.0,0.0,0.0,0.0,2.0,10.0,128.0,64.0,0.3129659466397226
1.0,0.0,0.0,0.0,0.0,0.0,0.0,3.0,10.0,128.0,64.0,0.18650154291488036
1.0,0.0,0.0,0.0,0.0,0.0,0.0,4.0,10.0,128.0,64.0,0.20807504301045915
1.0,0.0,0.0,0.0,0.0,0.0,0.0,1.0,16.0,128.0,64.0,0.25795352139599675
1.0,0.0,0.0,0.0,0.0,0.0,0.0,2.0,16.0,128.0,64.0,0.2664327261803982
1.0,0.0,0.0,0.0,0.0,0.0,0.0,3.0,16.0,128.0,64.0,0.15288511428493412
1.0,0.0,0.0,0.0,0.0,0.0,0.0,4.0,16.0,128.0,64.0,0.16297550451951176
1.0,0.0,0.0,0.0,0.0,0.0,0.0,1.0,20.0,128.0,64.0,0.23404516780906087
1.0,0.0,0.0,0.0,0.0,0.0,0.0,2.0,20.0,128.0,64.0,0.24799967230126435
1.0,0.0,0.0,0.0,0.0,0.0,0.0,3.0,20.0,128.0,64.0,0.14563477975914146
1.0,0.0,0.0,0.0,0.0,0.0,0.0,4.0,20.0,128.0,64.0,0.13744231136841534
1.0,0.0,0.0,0.0,0.0,0.0,0.0,1.0,32.0,128.0,64.0,0.1915945274311151
1.0,0.0,0.0,0.0,0.0,0.0,0.0,2.0,32.0,128.0,64.0,0.1897785302711708
1.0,0.0,0.0,0.0,0.0,0.0,0.0,3.0,32.0,128.0,64.0,0.12292798820284556
1.0,0.0,0.0,0.0,0.0,0.0,0.0,4.0,32.0,128.0,64.0,0.1142439717086759
1.0,0.0,0.0,0.0,0.0,0.0,0.0,1.0,64.0,128.0,64.0,0.1701166061334281
1.0,0.0,0.0,0.0,0.0,0.0,0.0,2.0,64.0,128.0,64.0,0.15348589530025403
1.0,0.0,0.0,0.0,0.0,0.0,0.0,3.0,64.0,128.0,64.0,0.11175892296348894
1.0,0.0,0.0,0.0,0.0,0.0,0.0,4.0,64.0,128.0,64.0,0.09867828176629628
1.0,0.0,0.0,0.0,0.0,0.0,0.0,1.0,128.0,128.0,64.0,0.1587290750703187
1.0,0.0,0.0,0.0,0.0,0.0,0.0,2.0,128.0,128.0,64.0,0.13051967557825178
1.0,0.0,0.0,0.0,0.0,0.0,0.0,3.0,128.0,128.0,64.0,0.09859635708238895
1.0,0.0,0.0,0.0,0.0,0.0,0.0,4.0,128.0,128.0,64.0,0.08638957918020707
1.0,0.0,0.0,0.0,0.0,0.0,0.0,1.0,0.0,0.0,128.0,0.21826101204292864
1.0,0.0,0.0,0.0,0.0,0.0,0.0,2.0,0.0,0.0,128.0,0.21785138862339232
1.0,0.0,0.0,0.0,0.0,0.0,0.0,3.0,0.0,0.0,128.0,0.20683251863786573
1.0,0.0,0.0,0.0,0.0,0.0,0.0,4.0,0.0,0.0,128.0,0.20948141675086712
1.0,0.0,0.0,0.0,0.0,0.0,0.0,1.0,8.0,0.0,128.0,0.4007755536743222
1.0,0.0,0.0,0.0,0.0,0.0,0.0,2.0,8.0,0.0,128.0,0.3970206723285727
1.0,0.0,0.0,0.0,0.0,0.0,0.0,3.0,8.0,0.0,128.0,0.2643026843988095
1.0,0.0,0.0,0.0,0.0,0.0,0.0,4.0,8.0,0.0,128.0,0.2400802861902291
1.0,0.0,0.0,0.0,0.0,0.0,0.0,1.0,10.0,0.0,128.0,0.3701084136650374
1.0,0.0,0.0,0.0,0.0,0.0,0.0,2.0,10.0,0.0,128.0,0.36457849750129717
1.0,0.0,0.0,0.0,0.0,0.0,0.0,3.0,10.0,0.0,128.0,0.23520576749774708
1.0,0.0,0.0,0.0,0.0,0.0,0.0,4.0,10.0,0.0,128.0,0.2314372320380132
1.0,0.0,0.0,0.0,0.0,0.0,0.0,1.0,16.0,0.0,128.0,0.27295939266501007
1.0,0.0,0.0,0.0,0.0,0.0,0.0,2.0,16.0,0.0,128.0,0.26812583631448167
1.0,0.0,0.0,0.0,0.0,0.0,0.0,3.0,16.0,0.0,128.0,0.16957044157404627
1.0,0.0,0.0,0.0,0.0,0.0,0.0,4.0,16.0,0.0,128.0,0.17316147355198125
1.0,0.0,0.0,0.0,0.0,0.0,0.0,1.0,20.0,0.0,128.0,0.24554193178404654
1.0,0.0,0.0,0.0,0.0,0.0,0.0,2.0,20.0,0.0,128.0,0.26199513913542155
1.0,0.0,0.0,0.0,0.0,0.0,0.0,3.0,20.0,0.0,128.0,0.15162893579835607
1.0,0.0,0.0,0.0,0.0,0.0,0.0,4.0,20.0,0.0,128.0,0.15371801523799128
1.0,0.0,0.0,0.0,0.0,0.0,0.0,1.0,32.0,0.0,128.0,0.19394303503645655
1.0,0.0,0.0,0.0,0.0,0.0,0.0,2.0,32.0,0.0,128.0,0.19171741445697593
1.0,0.0,0.0,0.0,0.0,0.0,0.0,3.0,32.0,0.0,128.0,0.12863540784838473
1.0,0.0,0.0,0.0,0.0,0.0,0.0,4.0,32.0,0.0,128.0,0.12778885278134305
1.0,0.0,0.0,0.0,0.0,0.0,0.0,1.0,64.0,0.0,128.0,0.24991124825910044
1.0,0.0,0.0,0.0,0.0,0.0,0.0,2.0,64.0,0.0,128.0,0.33994647587318066
1.0,0.0,0.0,0.0,0.0,0.0,0.0,3.0,64.0,0.0,128.0,0.15597094404544093
1.0,0.0,0.0,0.0,0.0,0.0,0.0,4.0,64.0,0.0,128.0,0.2321745541931785
1.0,0.0,0.0,0.0,0.0,0.0,0.0,1.0,128.0,0.0,128.0,0.2977689177749256
1.0,0.0,0.0,0.0,0.0,0.0,0.0,2.0,128.0,0.0,128.0,0.33985089707528887
1.0,0.0,0.0,0.0,0.0,0.0,0.0,3.0,128.0,0.0,128.0,0.26222725907315886
1.0,0.0,0.0,0.0,0.0,0.0,0.0,4.0,128.0,0.0,128.0,0.2985198940440755
1.0,0.0,0.0,0.0,0.0,0.0,0.0,1.0,0.0,8.0,128.0,0.09458204757093319
1.0,0.0,0.0,0.0,0.0,0.0,0.0,2.0,0.0,8.0,128.0,0.09673939758049105
1.0,0.0,0.0,0.0,0.0,0.0,0.0,3.0,0.0,8.0,128.0,0.05949097463065628
1.0,0.0,0.0,0.0,0.0,0.0,0.0,4.0,0.0,8.0,128.0,0.06670034681449527
1.0,0.0,0.0,0.0,0.0,0.0,0.0,1.0,8.0,8.0,128.0,0.9915071411016141
1.0,0.0,0.0,0.0,0.0,0.0,0.0,2.0,8.0,8.0,128.0,0.991001938884186
1.0,0.0,0.0,0.0,0.0,0.0,0.0,3.0,8.0,8.0,128.0,0.7325978317266992
1.0,0.0,0.0,0.0,0.0,0.0,0.0,4.0,8.0,8.0,128.0,0.765422321745542
1.0,0.0,0.0,0.0,0.0,0.0,0.0,1.0,10.0,8.0,128.0,0.7507714574401267
1.0,0.0,0.0,0.0,0.0,0.0,0.0,2.0,10.0,8.0,128.0,0.6961550015019526
1.0,0.0,0.0,0.0,0.0,0.0,0.0,3.0,10.0,8.0,128.0,0.6089052131407195
1.0,0.0,0.0,0.0,0.0,0.0,0.0,4.0,10.0,8.0,128.0,0.6146262869002432
1.0,0.0,0.0,0.0,0.0,0.0,0.0,1.0,16.0,8.0,128.0,0.5050793304022503
1.0,0.0,0.0,0.0,0.0,0.0,0.0,2.0,16.0,8.0,128.0,0.5011059832327482
1.0,0.0,0.0,0.0,0.0,0.0,0.0,3.0,16.0,8.0,128.0,0.4234140746606954
1.0,0.0,0.0,0.0,0.0,0.0,0.0,4.0,16.0,8.0,128.0,0.4542314099238102
1.0,0.0,0.0,0.0,0.0,0.0,0.0,1.0,20.0,8.0,128.0,0.4501078675004781
1.0,0.0,0.0,0.0,0.0,0.0,0.0,2.0,20.0,8.0,128.0,0.4491247712935908
1.0,0.0,0.0,0.0,0.0,0.0,0.0,3.0,20.0,8.0,128.0,0.37555640514487026
1.0,0.0,0.0,0.0,0.0,0.0,0.0,4.0,20.0,8.0,128.0,0.3749829323575194
1.0,0.0,0.0,0.0,0.0,0.0,0.0,1.0,32.0,8.0,128.0,0.361683825336574
1.0,0.0,0.0,0.0,0.0,0.0,0.0,2.0,32.0,8.0,128.0,0.3525765313088835
1.0,0.0,0.0,0.0,0.0,0.0,0.0,3.0,32.0,8.0,128.0,0.28649061962369277
1.0,0.0,0.0,0.0,0.0,0.0,0.0,4.0,32.0,8.0,128.0,0.28797891804800796
1.0,0.0,0.0,0.0,0.0,0.0,0.0,1.0,64.0,8.0,128.0,0.2653677052896039
1.0,0.0,0.0,0.0,0.0,0.0,0.0,2.0,64.0,8.0,128.0,0.2626368824926952
1.0,0.0,0.0,0.0,0.0,0.0,0.0,3.0,64.0,8.0,128.0,0.21854774843660402
1.0,0.0,0.0,0.0,0.0,0.0,0.0,4.0,64.0,8.0,128.0,0.2185067860946503
1.0,0.0,0.0,0.0,0.0,0.0,0.0,1.0,128.0,8.0,128.0,0.18428957644938432
1.0,0.0,0.0,0.0,0.0,0.0,0.0,2.0,128.0,8.0,128.0,0.1828558944810072
1.0,0.0,0.0,0.0,0.0,0.0,0.0,3.0,128.0,8.0,128.0,0.1568721155684208
1.0,0.0,0.0,0.0,0.0,0.0,0.0,4.0,128.0,8.0,128.0,0.1511100794669435
1.0,0.0,0.0,0.0,0.0,0.0,0.0,1.0,0.0,10.0,128.0,0.12702422239820865
1.0,0.0,0.0,0.0,0.0,0.0,0.0,2.0,0.0,10.0,128.0,0.1310248777956799
1.0,0.0,0.0,0.0,0.0,0.0,0.0,3.0,0.0,10.0,128.0,0.07452415412763874
1.0,0.0,0.0,0.0,0.0,0.0,0.0,4.0,0.0,10.0,128.0,0.08234796144078216
1.0,0.0,0.0,0.0,0.0,0.0,0.0,1.0,8.0,10.0,128.0,0.9395259291624567
1.0,0.0,0.0,0.0,0.0,0.0,0.0,2.0,8.0,10.0,128.0,0.9353750785111556
1.0,0.0,0.0,0.0,0.0,0.0,0.0,3.0,8.0,10.0,128.0,0.6547693820148011
1.0,0.0,0.0,0.0,0.0,0.0,0.0,4.0,8.0,10.0,128.0,0.6827466615691309
1.0,0.0,0.0,0.0,0.0,0.0,0.0,1.0,10.0,10.0,128.0,0.7075152243370928
1.0,0.0,0.0,0.0,0.0,0.0,0.0,2.0,10.0,10.0,128.0,0.6522433709276607
1.0,0.0,0.0,0.0,0.0,0.0,0.0,3.0,10.0,10.0,128.0,0.5427919932275596
1.0,0.0,0.0,0.0,0.0,0.0,0.0,4.0,10.0,10.0,128.0,0.5296430814604443
1.0,0.0,0.0,0.0,0.0,0.0,0.0,1.0,16.0,10.0,128.0,0.48108905213140735
1.0,0.0,0.0,0.0,0.0,0.0,0.0,2.0,16.0,10.0,128.0,0.48276850815150624
1.0,0.0,0.0,0.0,0.0,0.0,0.0,3.0,16.0,10.0,128.0,0.3925011605996887
1.0,0.0,0.0,0.0,0.0,0.0,0.0,4.0,16.0,10.0,128.0,0.3895791802069965
1.0,0.0,0.0,0.0,0.0,0.0,0.0,1.0,20.0,10.0,128.0,0.43394139654277847
1.0,0.0,0.0,0.0,0.0,0.0,0.0,2.0,20.0,10.0,128.0,0.45723531500040976
1.0,0.0,0.0,0.0,0.0,0.0,0.0,3.0,20.0,10.0,128.0,0.3481662524918759
1.0,0.0,0.0,0.0,0.0,0.0,0.0,4.0,20.0,10.0,128.0,0.3480706736939841
1.0,0.0,0.0,0.0,0.0,0.0,0.0,1.0,32.0,10.0,128.0,0.3521942161173162
1.0,0.0,0.0,0.0,0.0,0.0,0.0,2.0,32.0,10.0,128.0,0.350105136677681
1.0,0.0,0.0,0.0,0.0,0.0,0.0,3.0,32.0,10.0,128.0,0.2769463939484967
1.0,0.0,0.0,0.0,0.0,0.0,0.0,4.0,32.0,10.0,128.0,0.27618176356536234
1.0,0.0,0.0,0.0,0.0,0.0,0.0,1.0,64.0,10.0,128.0,0.2862448455719709
1.0,0.0,0.0,0.0,0.0,0.0,0.0,2.0,64.0,10.0,128.0,0.2833638275212322
1.0,0.0,0.0,0.0,0.0,0.0,0.0,3.0,64.0,10.0,128.0,0.2248832573254323
1.0,0.0,0.0,0.0,0.0,0.0,0.0,4.0,64.0,10.0,128.0,0.22387285289057596
1.0,0.0,0.0,0.0,0.0,0.0,0.0,1.0,128.0,10.0,128.0,0.20658674458614384
1.0,0.0,0.0,0.0,0.0,0.0,0.0,2.0,128.0,10.0,128.0,0.20564461072121037
1.0,0.0,0.0,0.0,0.0,0.0,0.0,3.0,128.0,10.0,128.0,0.16294819629154272
1.0,0.0,0.0,0.0,0.0,0.0,0.0,4.0,128.0,10.0,128.0,0.15842868456265885
1.0,0.0,0.0,0.0,0.0,0.0,0.0,1.0,0.0,16.0,128.0,0.08472377727409275
1.0,0.0,0.0,0.0,0.0,0.0,0.0,2.0,0.0,16.0,128.0,0.0874409459570169
1.0,0.0,0.0,0.0,0.0,0.0,0.0,3.0,0.0,16.0,128.0,0.038490947322428304
1.0,0.0,0.0,0.0,0.0,0.0,0.0,4.0,0.0,16.0,128.0,0.0427919932275595
1.0,0.0,0.0,0.0,0.0,0.0,0.0,1.0,8.0,16.0,128.0,0.6473142357792403
1.0,0.0,0.0,0.0,0.0,0.0,0.0,2.0,8.0,16.0,128.0,0.6487069554056639
1.0,0.0,0.0,0.0,0.0,0.0,0.0,3.0,8.0,16.0,128.0,0.42301810535514356
1.0,0.0,0.0,0.0,0.0,0.0,0.0,4.0,8.0,16.0,128.0,0.45073595674376693
1.0,0.0,0.0,0.0,0.0,0.0,0.0,1.0,10.0,16.0,128.0,0.46742128403287914
1.0,0.0,0.0,0.0,0.0,0.0,0.0,2.0,10.0,16.0,128.0,0.4453562358338569
1.0,0.0,0.0,0.0,0.0,0.0,0.0,3.0,10.0,16.0,128.0,0.35324558289412605
1.0,0.0,0.0,0.0,0.0,0.0,0.0,4.0,10.0,16.0,128.0,0.3386356809306645
1.0,0.0,0.0,0.0,0.0,0.0,0.0,1.0,16.0,16.0,128.0,0.3236707720036048
1.0,0.0,0.0,0.0,0.0,0.0,0.0,2.0,16.0,16.0,128.0,0.3288729894317159
1.0,0.0,0.0,0.0,0.0,0.0,0.0,3.0,16.0,16.0,128.0,0.2539392118845409
1.0,0.0,0.0,0.0,0.0,0.0,0.0,4.0,16.0,16.0,128.0,0.2539392118845409
1.0,0.0,0.0,0.0,0.0,0.0,0.0,1.0,20.0,16.0,128.0,0.2986427810699365
1.0,0.0,0.0,0.0,0.0,0.0,0.0,2.0,20.0,16.0,128.0,0.3081733526311479
1.0,0.0,0.0,0.0,0.0,0.0,0.0,3.0,20.0,16.0,128.0,0.22649444277560832
1.0,0.0,0.0,0.0,0.0,0.0,0.0,4.0,20.0,16.0,128.0,0.22443267156394237
1.0,0.0,0.0,0.0,0.0,0.0,0.0,1.0,32.0,16.0,128.0,0.2413364646768072
1.0,0.0,0.0,0.0,0.0,0.0,0.0,2.0,32.0,16.0,128.0,0.24055818017968816
1.0,0.0,0.0,0.0,0.0,0.0,0.0,3.0,32.0,16.0,128.0,0.18195472295802734
1.0,0.0,0.0,0.0,0.0,0.0,0.0,4.0,32.0,16.0,128.0,0.1800158387722221
1.0,0.0,0.0,0.0,0.0,0.0,0.0,1.0,64.0,16.0,128.0,0.20942680029492894
1.0,0.0,0.0,0.0,0.0,0.0,0.0,2.0,64.0,16.0,128.0,0.20877140282367085
1.0,0.0,0.0,0.0,0.0,0.0,0.0,3.0,64.0,16.0,128.0,0.1582238728528907
1.0,0.0,0.0,0.0,0.0,0.0,0.0,4.0,64.0,16.0,128.0,0.15745924246975623
1.0,0.0,0.0,0.0,0.0,0.0,0.0,1.0,128.0,16.0,128.0,0.14639941014227598
1.0,0.0,0.0,0.0,0.0,0.0,0.0,2.0,128.0,16.0,128.0,0.14570305032906417
1.0,0.0,0.0,0.0,0.0,0.0,0.0,3.0,128.0,16.0,128.0,0.10830443212539947
1.0,0.0,0.0,0.0,0.0,0.0,0.0,4.0,128.0,16.0,128.0,0.1061061197738879
1.0,0.0,0.0,0.0,0.0,0.0,0.0,1.0,0.0,20.0,128.0,0.0815833310576477
1.0,0.0,0.0,0.0,0.0,0.0,0.0,2.0,0.0,20.0,128.0,0.08395914689095829
1.0,0.0,0.0,0.0,0.0,0.0,0.0,3.0,0.0,20.0,128.0,0.03237390425735276
1.0,0.0,0.0,0.0,0.0,0.0,0.0,4.0,0.0,20.0,128.0,0.036074169147164103
1.0,0.0,0.0,0.0,0.0,0.0,0.0,1.0,8.0,20.0,128.0,0.5843551161965101
1.0,0.0,0.0,0.0,0.0,0.0,0.0,2.0,8.0,20.0,128.0,0.5762445724896912
1.0,0.0,0.0,0.0,0.0,0.0,0.0,3.0,8.0,20.0,128.0,0.3661487206095197
1.0,0.0,0.0,0.0,0.0,0.0,0.0,4.0,8.0,20.0,128.0,0.3900024577405173
1.0,0.0,0.0,0.0,0.0,0.0,0.0,1.0,10.0,20.0,128.0,0.4448919959583823
1.0,0.0,0.0,0.0,0.0,0.0,0.0,2.0,10.0,20.0,128.0,0.39480870586307665
1.0,0.0,0.0,0.0,0.0,0.0,0.0,3.0,10.0,20.0,128.0,0.30346268330648035
1.0,0.0,0.0,0.0,0.0,0.0,0.0,4.0,10.0,20.0,128.0,0.28872989431715784
1.0,0.0,0.0,0.0,0.0,0.0,0.0,1.0,16.0,20.0,128.0,0.3078456538955188
1.0,0.0,0.0,0.0,0.0,0.0,0.0,2.0,16.0,20.0,128.0,0.2957344547912287
1.0,0.0,0.0,0.0,0.0,0.0,0.0,3.0,16.0,20.0,128.0,0.2227805237718125
1.0,0.0,0.0,0.0,0.0,0.0,0.0,4.0,16.0,20.0,128.0,0.2187935224883258
1.0,0.0,0.0,0.0,0.0,0.0,0.0,1.0,20.0,20.0,128.0,0.27133455310084936
1.0,0.0,0.0,0.0,0.0,0.0,0.0,2.0,20.0,20.0,128.0,0.282981512329665
1.0,0.0,0.0,0.0,0.0,0.0,0.0,3.0,20.0,20.0,128.0,0.19932275594636667
1.0,0.0,0.0,0.0,0.0,0.0,0.0,4.0,20.0,20.0,128.0,0.19552691225866364
1.0,0.0,0.0,0.0,0.0,0.0,0.0,1.0,32.0,20.0,128.0,0.22891122095087263
1.0,0.0,0.0,0.0,0.0,0.0,0.0,2.0,32.0,20.0,128.0,0.21950353641552206
1.0,0.0,0.0,0.0,0.0,0.0,0.0,3.0,32.0,20.0,128.0,0.16334416559709447
1.0,0.0,0.0,0.0,0.0,0.0,0.0,4.0,32.0,20.0,128.0,0.15941178076954593
1.0,0.0,0.0,0.0,0.0,0.0,0.0,1.0,64.0,20.0,128.0,0.20127529424615637
1.0,0.0,0.0,0.0,0.0,0.0,0.0,2.0,64.0,20.0,128.0,0.1921543461044814
1.0,0.0,0.0,0.0,0.0,0.0,0.0,3.0,64.0,20.0,128.0,0.14579862912695601
1.0,0.0,0.0,0.0,0.0,0.0,0.0,4.0,64.0,20.0,128.0,0.14425571424670258
1.0,0.0,0.0,0.0,0.0,0.0,0.0,1.0,128.0,20.0,128.0,0.13976351074578774
1.0,0.0,0.0,0.0,0.0,0.0,0.0,2.0,128.0,20.0,128.0,0.14077391518064397
1.0,0.0,0.0,0.0,0.0,0.0,0.0,3.0,128.0,20.0,128.0,0.09533302384008308
1.0,0.0,0.0,0.0,0.0,0.0,0.0,4.0,128.0,20.0,128.0,0.09443185231710316
1.0,0.0,0.0,0.0,0.0,0.0,0.0,1.0,0.0,32.0,128.0,0.07470165760943775
1.0,0.0,0.0,0.0,0.0,0.0,0.0,2.0,0.0,32.0,128.0,0.07747344274830009
1.0,0.0,0.0,0.0,0.0,0.0,0.0,3.0,0.0,32.0,128.0,0.02349873016739945
1.0,0.0,0.0,0.0,0.0,0.0,0.0,4.0,0.0,32.0,128.0,0.025751658974849156
1.0,0.0,0.0,0.0,0.0,0.0,0.0,1.0,8.0,32.0,128.0,0.47979191130287563
1.0,0.0,0.0,0.0,0.0,0.0,0.0,2.0,8.0,32.0,128.0,0.47722493787378145
1.0,0.0,0.0,0.0,0.0,0.0,0.0,3.0,8.0,32.0,128.0,0.2702831863240395
1.0,0.0,0.0,0.0,0.0,0.0,0.0,4.0,8.0,32.0,128.0,0.2971681367596058
1.0,0.0,0.0,0.0,0.0,0.0,0.0,1.0,10.0,32.0,128.0,0.3462546765340398
1.0,0.0,0.0,0.0,0.0,0.0,0.0,2.0,10.0,32.0,128.0,0.3275075780332615
1.0,0.0,0.0,0.0,0.0,0.0,0.0,3.0,10.0,32.0,128.0,0.23052240640104865
1.0,0.0,0.0,0.0,0.0,0.0,0.0,4.0,10.0,32.0,128.0,0.2213878041453891
1.0,0.0,0.0,0.0,0.0,0.0,0.0,1.0,16.0,32.0,128.0,0.2642617220568558
1.0,0.0,0.0,0.0,0.0,0.0,0.0,2.0,16.0,32.0,128.0,0.262759769518556
1.0,0.0,0.0,0.0,0.0,0.0,0.0,3.0,16.0,32.0,128.0,0.17538709413146186
1.0,0.0,0.0,0.0,0.0,0.0,0.0,4.0,16.0,32.0,128.0,0.17761271471094248
1.0,0.0,0.0,0.0,0.0,0.0,0.0,1.0,20.0,32.0,128.0,0.24346650645839601
1.0,0.0,0.0,0.0,0.0,0.0,0.0,2.0,20.0,32.0,128.0,0.25079876566809584
1.0,0.0,0.0,0.0,0.0,0.0,0.0,3.0,20.0,32.0,128.0,0.16308473743138813
1.0,0.0,0.0,0.0,0.0,0.0,0.0,4.0,20.0,32.0,128.0,0.15583440290559553
1.0,0.0,0.0,0.0,0.0,0.0,0.0,1.0,32.0,32.0,128.0,0.2102870094759552
1.0,0.0,0.0,0.0,0.0,0.0,0.0,2.0,32.0,32.0,128.0,0.20429285343674058
1.0,0.0,0.0,0.0,0.0,0.0,0.0,3.0,32.0,32.0,128.0,0.1427810699363719
1.0,0.0,0.0,0.0,0.0,0.0,0.0,4.0,32.0,32.0,128.0,0.13482072148338298
1.0,0.0,0.0,0.0,0.0,0.0,0.0,1.0,64.0,32.0,128.0,0.17605614571670453
1.0,0.0,0.0,0.0,0.0,0.0,0.0,2.0,64.0,32.0,128.0,0.1717824080395423
1.0,0.0,0.0,0.0,0.0,0.0,0.0,3.0,64.0,32.0,128.0,0.12362434801605732
1.0,0.0,0.0,0.0,0.0,0.0,0.0,4.0,64.0,32.0,128.0,0.118517709385838
1.0,0.0,0.0,0.0,0.0,0.0,0.0,1.0,128.0,32.0,128.0,0.13547611895464112
1.0,0.0,0.0,0.0,0.0,0.0,0.0,2.0,128.0,32.0,128.0,0.1313935388732626
1.0,0.0,0.0,0.0,0.0,0.0,0.0,3.0,128.0,32.0,128.0,0.08741363772904787
1.0,0.0,0.0,0.0,0.0,0.0,0.0,4.0,128.0,32.0,128.0,0.08546109942925811
1.0,0.0,0.0,0.0,0.0,0.0,0.0,1.0,0.0,64.0,128.0,0.07593052786804666
1.0,0.0,0.0,0.0,0.0,0.0,0.0,2.0,0.0,64.0,128.0,0.07644938419945935
1.0,0.0,0.0,0.0,0.0,0.0,0.0,3.0,0.0,64.0,128.0,0.028619022911603287
1.0,0.0,0.0,0.0,0.0,0.0,0.0,4.0,0.0,64.0,128.0,0.0319369726098474
1.0,0.0,0.0,0.0,0.0,0.0,0.0,1.0,8.0,64.0,128.0,0.40555449356891243
1.0,0.0,0.0,0.0,0.0,0.0,0.0,2.0,8.0,64.0,128.0,0.40066632076244585
1.0,0.0,0.0,0.0,0.0,0.0,0.0,3.0,8.0,64.0,128.0,0.23889237827357385
1.0,0.0,0.0,0.0,0.0,0.0,0.0,4.0,8.0,64.0,128.0,0.256629072339496
1.0,0.0,0.0,0.0,0.0,0.0,0.0,1.0,10.0,64.0,128.0,0.3627625003413529
1.0,0.0,0.0,0.0,0.0,0.0,0.0,2.0,10.0,64.0,128.0,0.3417488189191404
1.0,0.0,0.0,0.0,0.0,0.0,0.0,3.0,10.0,64.0,128.0,0.22230262978235343
1.0,0.0,0.0,0.0,0.0,0.0,0.0,4.0,10.0,64.0,128.0,0.2316147355198121
1.0,0.0,0.0,0.0,0.0,0.0,0.0,1.0,16.0,64.0,128.0,0.28156148447527246
1.0,0.0,0.0,0.0,0.0,0.0,0.0,2.0,16.0,64.0,128.0,0.2818618749829324
1.0,0.0,0.0,0.0,0.0,0.0,0.0,3.0,16.0,64.0,128.0,0.17460880963434294
1.0,0.0,0.0,0.0,0.0,0.0,0.0,4.0,16.0,64.0,128.0,0.1767661596439008
1.0,0.0,0.0,0.0,0.0,0.0,0.0,1.0,20.0,64.0,128.0,0.25525000682705706
1.0,0.0,0.0,0.0,0.0,0.0,0.0,2.0,20.0,64.0,128.0,0.2610939676124417
1.0,0.0,0.0,0.0,0.0,0.0,0.0,3.0,20.0,64.0,128.0,0.15937081842759232
1.0,0.0,0.0,0.0,0.0,0.0,0.0,4.0,20.0,64.0,128.0,0.14869330129167924
1.0,0.0,0.0,0.0,0.0,0.0,0.0,1.0,32.0,64.0,128.0,0.20220377399710537
1.0,0.0,0.0,0.0,0.0,0.0,0.0,2.0,32.0,64.0,128.0,0.19798465277588145
1.0,0.0,0.0,0.0,0.0,0.0,0.0,3.0,32.0,64.0,128.0,0.13110680247958717
1.0,0.0,0.0,0.0,0.0,0.0,0.0,4.0,32.0,64.0,128.0,0.12053851825555045
1.0,0.0,0.0,0.0,0.0,0.0,0.0,1.0,64.0,64.0,128.0,0.16774079030011751
1.0,0.0,0.0,0.0,0.0,0.0,0.0,2.0,64.0,64.0,128.0,0.15434610448128028
1.0,0.0,0.0,0.0,0.0,0.0,0.0,3.0,64.0,64.0,128.0,0.11046178213495733
1.0,0.0,0.0,0.0,0.0,0.0,0.0,4.0,64.0,64.0,128.0,0.0982276960048063
1.0,0.0,0.0,0.0,0.0,0.0,0.0,1.0,128.0,64.0,128.0,0.13229471039624247
1.0,0.0,0.0,0.0,0.0,0.0,0.0,2.0,128.0,64.0,128.0,0.11786231191457996
1.0,0.0,0.0,0.0,0.0,0.0,0.0,3.0,128.0,64.0,128.0,0.08009503263333245
1.0,0.0,0.0,0.0,0.0,0.0,0.0,4.0,128.0,64.0,128.0,0.07236680411808083
1.0,0.0,0.0,0.0,0.0,0.0,0.0,1.0,0.0,128.0,128.0,0.17372129222534755
1.0,0.0,0.0,0.0,0.0,0.0,0.0,2.0,0.0,128.0,128.0,0.1717414456975888
1.0,0.0,0.0,0.0,0.0,0.0,0.0,3.0,0.0,128.0,128.0,0.14974466806848913
1.0,0.0,0.0,0.0,0.0,0.0,0.0,4.0,0.0,128.0,128.0,0.1531991589065786
1.0,0.0,0.0,0.0,0.0,0.0,0.0,1.0,8.0,128.0,128.0,0.4035746470411536
1.0,0.0,0.0,0.0,0.0,0.0,0.0,2.0,8.0,128.0,128.0,0.39749856631803177
1.0,0.0,0.0,0.0,0.0,0.0,0.0,3.0,8.0,128.0,128.0,0.26423441382888674
1.0,0.0,0.0,0.0,0.0,0.0,0.0,4.0,8.0,128.0,128.0,0.2479314017313417
1.0,0.0,0.0,0.0,0.0,0.0,0.0,1.0,10.0,128.0,128.0,0.39666566536497455
1.0,0.0,0.0,0.0,0.0,0.0,0.0,2.0,10.0,128.0,128.0,0.35674103607416924
1.0,0.0,0.0,0.0,0.0,0.0,0.0,3.0,10.0,128.0,128.0,0.23693983997378415
1.0,0.0,0.0,0.0,0.0,0.0,0.0,4.0,10.0,128.0,128.0,0.23864660422185208
1.0,0.0,0.0,0.0,0.0,0.0,0.0,1.0,16.0,128.0,128.0,0.2751850132444907
1.0,0.0,0.0,0.0,0.0,0.0,0.0,2.0,16.0,128.0,128.0,0.28138398099347334
1.0,0.0,0.0,0.0,0.0,0.0,0.0,3.0,16.0,128.0,128.0,0.17268357956252228
1.0,0.0,0.0,0.0,0.0,0.0,0.0,4.0,16.0,128.0,128.0,0.17359840519948672
1.0,0.0,0.0,0.0,0.0,0.0,0.0,1.0,20.0,128.0,128.0,0.2484502580627544
1.0,0.0,0.0,0.0,0.0,0.0,0.0,2.0,20.0,128.0,128.0,0.2593325869084356
1.0,0.0,0.0,0.0,0.0,0.0,0.0,3.0,20.0,128.0,128.0,0.15352685764220764
1.0,0.0,0.0,0.0,0.0,0.0,0.0,4.0,20.0,128.0,128.0,0.14454245064037796
1.0,0.0,0.0,0.0,0.0,0.0,0.0,1.0,32.0,128.0,128.0,0.19450285370982284
1.0,0.0,0.0,0.0,0.0,0.0,0.0,2.0,32.0,128.0,128.0,0.19255031541003315
1.0,0.0,0.0,0.0,0.0,0.0,0.0,3.0,32.0,128.0,128.0,0.12479860181872804
1.0,0.0,0.0,0.0,0.0,0.0,0.0,4.0,32.0,128.0,128.0,0.11473551981211944
1.0,0.0,0.0,0.0,0.0,0.0,0.0,1.0,64.0,128.0,128.0,0.16780906087004016
1.0,0.0,0.0,0.0,0.0,0.0,0.0,2.0,64.0,128.0,128.0,0.1519156721920315
1.0,0.0,0.0,0.0,0.0,0.0,0.0,3.0,64.0,128.0,128.0,0.11089871378246274
1.0,0.0,0.0,0.0,0.0,0.0,0.0,4.0,64.0,128.0,128.0,0.09600207542532568
1.0,0.0,0.0,0.0,0.0,0.0,0.0,1.0,128.0,128.0,128.0,0.15610748518528644
1.0,0.0,0.0,0.0,0.0,0.0,0.0,2.0,128.0,128.0,128.0,0.12707883885414684
1.0,0.0,0.0,0.0,0.0,0.0,0.0,3.0,128.0,128.0,128.0,0.09536033206805217
1.0,0.0,0.0,0.0,0.0,0.0,0.0,4.0,128.0,128.0,128.0,0.08378164340915922
1.0,1.0,0.0,0.0,0.0,0.0,1.0,0.0,0.0,0.0,0.0,0.27649580818700686
1.0,1.0,0.0,0.0,0.0,0.0,0.0,1.0,0.0,0.0,0.0,0.1955951828285863
1.0,1.0,0.0,0.0,0.0,0.0,0.0,2.0,0.0,0.0,0.0,0.1952674840929573
1.0,1.0,0.0,0.0,0.0,0.0,0.0,3.0,0.0,0.0,0.0,0.18793522488325737
1.0,1.0,0.0,0.0,0.0,0.0,0.0,4.0,0.0,0.0,0.0,0.18781233785739654
1.0,1.0,0.0,0.0,0.0,0.0,0.0,1.0,8.0,0.0,0.0,0.21834293672683586
1.0,1.0,0.0,0.0,0.0,0.0,0.0,2.0,8.0,0.0,0.0,0.21592615855157166
1.0,1.0,0.0,0.0,0.0,0.0,0.0,3.0,8.0,0.0,0.0,0.21946257407356834
1.0,1.0,0.0,0.0,0.0,0.0,0.0,4.0,8.0,0.0,0.0,0.21107894808705868
1.0,1.0,0.0,0.0,0.0,0.0,0.0,1.0,10.0,0.0,0.0,0.20965892023266613
1.0,1.0,0.0,0.0,0.0,0.0,0.0,2.0,10.0,0.0,0.0,0.2186023648925422
1.0,1.0,0.0,0.0,0.0,0.0,0.0,3.0,10.0,0.0,0.0,0.20852562877194908
1.0,1.0,0.0,0.0,0.0,0.0,0.0,4.0,10.0,0.0,0.0,0.20455228160244682
1.0,1.0,0.0,0.0,0.0,0.0,0.0,1.0,16.0,0.0,0.0,0.14324530981184636
1.0,1.0,0.0,0.0,0.0,0.0,0.0,2.0,16.0,0.0,0.0,0.14893907534340106
1.0,1.0,0.0,0.0,0.0,0.0,0.0,3.0,16.0,0.0,0.0,0.13553073541057925
1.0,1.0,0.0,0.0,0.0,0.0,0.0,4.0,16.0,0.0,0.0,0.14683634178978133
1.0,1.0,0.0,0.0,0.0,0.0,0.0,1.0,20.0,0.0,0.0,0.1059422704060734
1.0,1.0,0.0,0.0,0.0,0.0,0.0,2.0,20.0,0.0,0.0,0.11470821158415034
1.0,1.0,0.0,0.0,0.0,0.0,0.0,3.0,20.0,0.0,0.0,0.11132199131598358
1.0,1.0,0.0,0.0,0.0,0.0,0.0,4.0,20.0,0.0,0.0,0.12295529643081465
1.0,1.0,0.0,0.0,0.0,0.0,0.0,1.0,32.0,0.0,0.0,0.07685900761899567
1.0,1.0,0.0,0.0,0.0,0.0,0.0,2.0,32.0,0.0,0.0,0.09115486496081271
1.0,1.0,0.0,0.0,0.0,0.0,0.0,3.0,32.0,0.0,0.0,0.08146044403178682
1.0,1.0,0.0,0.0,0.0,0.0,0.0,4.0,32.0,0.0,0.0,0.09687593872033645
1.0,1.0,0.0,0.0,0.0,0.0,0.0,1.0,64.0,0.0,0.0,0.12515360878232612
1.0,1.0,0.0,0.0,0.0,0.0,0.0,2.0,64.0,0.0,0.0,0.20840274174608814
1.0,1.0,0.0,0.0,0.0,0.0,0.0,3.0,64.0,0.0,0.0,0.10632458559764063
1.0,1.0,0.0,0.0,0.0,0.0,0.0,4.0,64.0,0.0,0.0,0.19518555940904997
1.0,1.0,0.0,0.0,0.0,0.0,0.0,1.0,128.0,0.0,0.0,0.19909063600862947
1.0,1.0,0.0,0.0,0.0,0.0,0.0,2.0,128.0,0.0,0.0,0.23703541877167605
1.0,1.0,0.0,0.0,0.0,0.0,0.0,3.0,128.0,0.0,0.0,0.20537152844151946
1.0,1.0,0.0,0.0,0.0,0.0,0.0,4.0,128.0,0.0,0.0,0.25348862612305095
1.0,1.0,0.0,0.0,0.0,0.0,0.0,1.0,0.0,8.0,0.0,0.030489636527485764
1.0,1.0,0.0,0.0,0.0,0.0,0.0,2.0,0.0,8.0,0.0,0.03065348589530026
1.0,1.0,0.0,0.0,0.0,0.0,0.0,3.0,0.0,8.0,0.0,0.03888691662798005
1.0,1.0,0.0,0.0,0.0,0.0,0.0,4.0,0.0,8.0,0.0,0.03862748846227371
1.0,1.0,0.0,0.0,0.0,0.0,0.0,1.0,8.0,8.0,0.0,0.7510445397198178
1.0,1.0,0.0,0.0,0.0,0.0,0.0,2.0,8.0,8.0,0.0,0.7642890302848249
1.0,1.0,0.0,0.0,0.0,0.0,0.0,3.0,8.0,8.0,0.0,0.7400120156203065
1.0,1.0,0.0,0.0,0.0,0.0,0.0,4.0,8.0,8.0,0.0,0.75381632485868
1.0,1.0,0.0,0.0,0.0,0.0,0.0,1.0,10.0,8.0,0.0,0.5679565253010732
1.0,1.0,0.0,0.0,0.0,0.0,0.0,2.0,10.0,8.0,0.0,0.5623173762254567
1.0,1.0,0.0,0.0,0.0,0.0,0.0,3.0,10.0,8.0,0.0,0.5747016576094379
1.0,1.0,0.0,0.0,0.0,0.0,0.0,4.0,10.0,8.0,0.0,0.5607061907752808
1.0,1.0,0.0,0.0,0.0,0.0,0.0,1.0,16.0,8.0,0.0,0.3891149403315219
1.0,1.0,0.0,0.0,0.0,0.0,0.0,2.0,16.0,8.0,0.0,0.3851552472760043
1.0,1.0,0.0,0.0,0.0,0.0,0.0,3.0,16.0,8.0,0.0,0.39173653021655436
1.0,1.0,0.0,0.0,0.0,0.0,0.0,4.0,16.0,8.0,0.0,0.3899888036265328
1.0,1.0,0.0,0.0,0.0,0.0,0.0,1.0,20.0,8.0,0.0,0.33949589011169073
1.0,1.0,0.0,0.0,0.0,0.0,0.0,2.0,20.0,8.0,0.0,0.33535869357437403
1.0,1.0,0.0,0.0,0.0,0.0,0.0,3.0,20.0,8.0,0.0,0.3463912176738852
1.0,1.0,0.0,0.0,0.0,0.0,0.0,4.0,20.0,8.0,0.0,0.34618640596411704
1.0,1.0,0.0,0.0,0.0,0.0,0.0,1.0,32.0,8.0,0.0,0.2639749856631804
1.0,1.0,0.0,0.0,0.0,0.0,0.0,2.0,32.0,8.0,0.0,0.25897757994483744
1.0,1.0,0.0,0.0,0.0,0.0,0.0,3.0,32.0,8.0,0.0,0.2647532701602994
1.0,1.0,0.0,0.0,0.0,0.0,0.0,4.0,32.0,8.0,0.0,0.2662961850405528
1.0,1.0,0.0,0.0,0.0,0.0,0.0,1.0,64.0,8.0,0.0,0.19152625686119235
1.0,1.0,0.0,0.0,0.0,0.0,0.0,2.0,64.0,8.0,0.0,0.1885223517845928
1.0,1.0,0.0,0.0,0.0,0.0,0.0,3.0,64.0,8.0,0.0,0.18826292361888647
1.0,1.0,0.0,0.0,0.0,0.0,0.0,4.0,64.0,8.0,0.0,0.19065239356618152
1.0,1.0,0.0,0.0,0.0,0.0,0.0,1.0,128.0,8.0,0.0,0.13161200469701528
1.0,1.0,0.0,0.0,0.0,0.0,0.0,2.0,128.0,8.0,0.0,0.12965946639722553
1.0,1.0,0.0,0.0,0.0,0.0,0.0,3.0,128.0,8.0,0.0,0.13087468254184992
1.0,1.0,0.0,0.0,0.0,0.0,0.0,4.0,128.0,8.0,0.0,0.1315846964690462
1.0,1.0,0.0,0.0,0.0,0.0,0.0,1.0,0.0,10.0,0.0,0.049236735028264034
1.0,1.0,0.0,0.0,0.0,0.0,0.0,2.0,0.0,10.0,0.0,0.048813457494743195
1.0,1.0,0.0,0.0,0.0,0.0,0.0,3.0,0.0,10.0,0.0,0.05508069581364872
1.0,1.0,0.0,0.0,0.0,0.0,0.0,4.0,0.0,10.0,0.0,0.0547393429640351
1.0,1.0,0.0,0.0,0.0,0.0,0.0,1.0,8.0,10.0,0.0,0.6704306507550726
1.0,1.0,0.0,0.0,0.0,0.0,0.0,2.0,8.0,10.0,0.0,0.6718097162675114
1.0,1.0,0.0,0.0,0.0,0.0,0.0,3.0,8.0,10.0,0.0,0.6636035937628009
1.0,1.0,0.0,0.0,0.0,0.0,0.0,4.0,8.0,10.0,0.0,0.6661159507359569
1.0,1.0,0.0,0.0,0.0,0.0,0.0,1.0,10.0,10.0,0.0,0.5074005297796227
1.0,1.0,0.0,0.0,0.0,0.0,0.0,2.0,10.0,10.0,0.0,0.4880253420355554
1.0,1.0,0.0,0.0,0.0,0.0,0.0,3.0,10.0,10.0,0.0,0.5160435839318387
1.0,1.0,0.0,0.0,0.0,0.0,0.0,4.0,10.0,10.0,0.0,0.4968732078975397
1.0,1.0,0.0,0.0,0.0,0.0,0.0,1.0,16.0,10.0,0.0,0.3681149130232941
1.0,1.0,0.0,0.0,0.0,0.0,0.0,2.0,16.0,10.0,0.0,0.35200305852153263
1.0,1.0,0.0,0.0,0.0,0.0,0.0,3.0,16.0,10.0,0.0,0.3706955405663727
1.0,1.0,0.0,0.0,0.0,0.0,0.0,4.0,16.0,10.0,0.0,0.35902127310958803
1.0,1.0,0.0,0.0,0.0,0.0,0.0,1.0,20.0,10.0,0.0,0.32140418908217055
1.0,1.0,0.0,0.0,0.0,0.0,0.0,2.0,20.0,10.0,0.0,0.3129659466397226
1.0,1.0,0.0,0.0,0.0,0.0,0.0,3.0,20.0,10.0,0.0,0.3258827384691008
1.0,1.0,0.0,0.0,0.0,0.0,0.0,4.0,20.0,10.0,0.0,0.32260575111281037
1.0,1.0,0.0,0.0,0.0,0.0,0.0,1.0,32.0,10.0,0.0,0.2533247767552364
1.0,1.0,0.0,0.0,0.0,0.0,0.0,2.0,32.0,10.0,0.0,0.24563751058193845
1.0,1.0,0.0,0.0,0.0,0.0,0.0,3.0,32.0,10.0,0.0,0.2561648324640215
1.0,1.0,0.0,0.0,0.0,0.0,0.0,4.0,32.0,10.0,0.0,0.25688850050520234
1.0,1.0,0.0,0.0,0.0,0.0,0.0,1.0,64.0,10.0,0.0,0.18794887899724194
1.0,1.0,0.0,0.0,0.0,0.0,0.0,2.0,64.0,10.0,0.0,0.1869521286763703
1.0,1.0,0.0,0.0,0.0,0.0,0.0,3.0,64.0,10.0,0.0,0.18617384417925126
1.0,1.0,0.0,0.0,0.0,0.0,0.0,4.0,64.0,10.0,0.0,0.19739752587454612
1.0,1.0,0.0,0.0,0.0,0.0,0.0,1.0,128.0,10.0,0.0,0.1291406100658129
1.0,1.0,0.0,0.0,0.0,0.0,0.0,2.0,128.0,10.0,0.0,0.12950927114339555
1.0,1.0,0.0,0.0,0.0,0.0,0.0,3.0,128.0,10.0,0.0,0.13051967557825178
1.0,1.0,0.0,0.0,0.0,0.0,0.0,4.0,128.0,10.0,0.0,0.13600862940003827
1.0,1.0,0.0,0.0,0.0,0.0,0.0,1.0,0.0,16.0,0.0,0.014309511455801671
1.0,1.0,0.0,0.0,0.0,0.0,0.0,2.0,0.0,16.0,0.0,0.014309511455801671
1.0,1.0,0.0,0.0,0.0,0.0,0.0,3.0,0.0,16.0,0.0,0.018364783309211097
1.0,1.0,0.0,0.0,0.0,0.0,0.0,4.0,0.0,16.0,0.0,0.02169638712143973
1.0,1.0,0.0,0.0,0.0,0.0,0.0,1.0,8.0,16.0,0.0,0.44072749119309657
1.0,1.0,0.0,0.0,0.0,0.0,0.0,2.0,8.0,16.0,0.0,0.4401540184057457
1.0,1.0,0.0,0.0,0.0,0.0,0.0,3.0,8.0,16.0,0.0,0.4376416614325898
1.0,1.0,0.0,0.0,0.0,0.0,0.0,4.0,8.0,16.0,0.0,0.4469401130560638
1.0,1.0,0.0,0.0,0.0,0.0,0.0,1.0,10.0,16.0,0.0,0.3742729184303231
1.0,1.0,0.0,0.0,0.0,0.0,0.0,2.0,10.0,16.0,0.0,0.3436057784210384
1.0,1.0,0.0,0.0,0.0,0.0,0.0,3.0,10.0,16.0,0.0,0.35923973893334077
1.0,1.0,0.0,0.0,0.0,0.0,0.0,4.0,10.0,16.0,0.0,0.3446161828558945
1.0,1.0,0.0,0.0,0.0,0.0,0.0,1.0,16.0,16.0,0.0,0.26445287965263936
1.0,1.0,0.0,0.0,0.0,0.0,0.0,2.0,16.0,16.0,0.0,0.2514678172533385
1.0,1.0,0.0,0.0,0.0,0.0,0.0,3.0,16.0,16.0,0.0,0.26019279608946183
1.0,1.0,0.0,0.0,0.0,0.0,0.0,4.0,16.0,16.0,0.0,0.24840929572080067
1.0,1.0,0.0,0.0,0.0,0.0,0.0,1.0,20.0,16.0,0.0,0.2215379993992191
1.0,1.0,0.0,0.0,0.0,0.0,0.0,2.0,20.0,16.0,0.0,0.20492094268002953
1.0,1.0,0.0,0.0,0.0,0.0,0.0,3.0,20.0,16.0,0.0,0.22870640924110447
1.0,1.0,0.0,0.0,0.0,0.0,0.0,4.0,20.0,16.0,0.0,0.22011797154482654
1.0,1.0,0.0,0.0,0.0,0.0,0.0,1.0,32.0,16.0,0.0,0.16364455610475442
1.0,1.0,0.0,0.0,0.0,0.0,0.0,2.0,32.0,16.0,0.0,0.1618968295147329
1.0,1.0,0.0,0.0,0.0,0.0,0.0,3.0,32.0,16.0,0.0,0.168532728911221
1.0,1.0,0.0,0.0,0.0,0.0,0.0,4.0,32.0,16.0,0.0,0.17317512766596582
1.0,1.0,0.0,0.0,0.0,0.0,0.0,1.0,64.0,16.0,0.0,0.11843578470193072
1.0,1.0,0.0,0.0,0.0,0.0,0.0,2.0,64.0,16.0,0.0,0.12145334389251483
1.0,1.0,0.0,0.0,0.0,0.0,0.0,3.0,64.0,16.0,0.0,0.12059313471148864
1.0,1.0,0.0,0.0,0.0,0.0,0.0,4.0,64.0,16.0,0.0,0.133236844261176
1.0,1.0,0.0,0.0,0.0,0.0,0.0,1.0,128.0,16.0,0.0,0.0736366367186434
1.0,1.0,0.0,0.0,0.0,0.0,0.0,2.0,128.0,16.0,0.0,0.07501570223108228
1.0,1.0,0.0,0.0,0.0,0.0,0.0,3.0,128.0,16.0,0.0,0.07583494907015487
1.0,1.0,0.0,0.0,0.0,0.0,0.0,4.0,128.0,16.0,0.0,0.08122832409404956
1.0,1.0,0.0,0.0,0.0,0.0,0.0,1.0,0.0,20.0,0.0,0.008520167126355227
1.0,1.0,0.0,0.0,0.0,0.0,0.0,2.0,0.0,20.0,0.0,0.009257489281520592
1.0,1.0,0.0,0.0,0.0,0.0,0.0,3.0,0.0,20.0,0.0,0.012561784865780079
1.0,1.0,0.0,0.0,0.0,0.0,0.0,4.0,0.0,20.0,0.0,0.012356973156011919
1.0,1.0,0.0,0.0,0.0,0.0,0.0,1.0,8.0,20.0,0.0,0.39397580491001943
1.0,1.0,0.0,0.0,0.0,0.0,0.0,2.0,8.0,20.0,0.0,0.3795297523143724
1.0,1.0,0.0,0.0,0.0,0.0,0.0,3.0,8.0,20.0,0.0,0.38434965455091624
1.0,1.0,0.0,0.0,0.0,0.0,0.0,4.0,8.0,20.0,0.0,0.3891968650154292
1.0,1.0,0.0,0.0,0.0,0.0,0.0,1.0,10.0,20.0,0.0,0.3507741882629238
1.0,1.0,0.0,0.0,0.0,0.0,0.0,2.0,10.0,20.0,0.0,0.31485021436958965
1.0,1.0,0.0,0.0,0.0,0.0,0.0,3.0,10.0,20.0,0.0,0.3310849558972118
1.0,1.0,0.0,0.0,0.0,0.0,0.0,4.0,10.0,20.0,0.0,0.3083508561129468
1.0,1.0,0.0,0.0,0.0,0.0,0.0,1.0,16.0,20.0,0.0,0.24810890521314072
1.0,1.0,0.0,0.0,0.0,0.0,0.0,2.0,16.0,20.0,0.0,0.2302220158933887
1.0,1.0,0.0,0.0,0.0,0.0,0.0,3.0,16.0,20.0,0.0,0.24070837543351814
1.0,1.0,0.0,0.0,0.0,0.0,0.0,4.0,16.0,20.0,0.0,0.223067260165488
1.0,1.0,0.0,0.0,0.0,0.0,0.0,1.0,20.0,20.0,0.0,0.2002785439252847
1.0,1.0,0.0,0.0,0.0,0.0,0.0,2.0,20.0,20.0,0.0,0.18968295147327902
1.0,1.0,0.0,0.0,0.0,0.0,0.0,3.0,20.0,20.0,0.0,0.207720036046861
1.0,1.0,0.0,0.0,0.0,0.0,0.0,4.0,20.0,20.0,0.0,0.19827138916955683
1.0,1.0,0.0,0.0,0.0,0.0,0.0,1.0,32.0,20.0,0.0,0.1470411534995495
1.0,1.0,0.0,0.0,0.0,0.0,0.0,2.0,32.0,20.0,0.0,0.1434091591796609
1.0,1.0,0.0,0.0,0.0,0.0,0.0,3.0,32.0,20.0,0.0,0.15097353832709803
1.0,1.0,0.0,0.0,0.0,0.0,0.0,4.0,32.0,20.0,0.0,0.15511073486441468
1.0,1.0,0.0,0.0,0.0,0.0,0.0,1.0,64.0,20.0,0.0,0.10221469728829297
1.0,1.0,0.0,0.0,0.0,0.0,0.0,2.0,64.0,20.0,0.0,0.10490455774324808
1.0,1.0,0.0,0.0,0.0,0.0,0.0,3.0,64.0,20.0,0.0,0.10467243780551083
1.0,1.0,0.0,0.0,0.0,0.0,0.0,4.0,64.0,20.0,0.0,0.117889620142549
1.0,1.0,0.0,0.0,0.0,0.0,0.0,1.0,128.0,20.0,0.0,0.06331412654632851
1.0,1.0,0.0,0.0,0.0,0.0,0.0,2.0,128.0,20.0,0.0,0.06436549332313829
1.0,1.0,0.0,0.0,0.0,0.0,0.0,3.0,128.0,20.0,0.0,0.06411971927141652
1.0,1.0,0.0,0.0,0.0,0.0,0.0,4.0,128.0,20.0,0.0,0.07007291296867751
1.0,1.0,0.0,0.0,0.0,0.0,0.0,1.0,0.0,32.0,0.0,0.0004369316475054674
1.0,1.0,0.0,0.0,0.0,0.0,0.0,2.0,0.0,32.0,0.0,0.0
1.0,1.0,0.0,0.0,0.0,0.0,0.0,3.0,0.0,32.0,0.0,0.003604686091919551
1.0,1.0,0.0,0.0,0.0,0.0,0.0,4.0,0.0,32.0,0.0,0.0035773778639504594
1.0,1.0,0.0,0.0,0.0,0.0,0.0,1.0,8.0,32.0,0.0,0.322319014719135
1.0,1.0,0.0,0.0,0.0,0.0,0.0,2.0,8.0,32.0,0.0,0.30317594691280486
1.0,1.0,0.0,0.0,0.0,0.0,0.0,3.0,8.0,32.0,0.0,0.31708948906305473
1.0,1.0,0.0,0.0,0.0,0.0,0.0,4.0,8.0,32.0,0.0,0.31378519347879524
1.0,1.0,0.0,0.0,0.0,0.0,0.0,1.0,10.0,32.0,0.0,0.3038996149539857
1.0,1.0,0.0,0.0,0.0,0.0,0.0,2.0,10.0,32.0,0.0,0.2754171331822279
1.0,1.0,0.0,0.0,0.0,0.0,0.0,3.0,10.0,32.0,0.0,0.2973046778994512
1.0,1.0,0.0,0.0,0.0,0.0,0.0,4.0,10.0,32.0,0.0,0.26868565498784786
1.0,1.0,0.0,0.0,0.0,0.0,0.0,1.0,16.0,32.0,0.0,0.20635462464840665
1.0,1.0,0.0,0.0,0.0,0.0,0.0,2.0,16.0,32.0,0.0,0.19548594991671003
1.0,1.0,0.0,0.0,0.0,0.0,0.0,3.0,16.0,32.0,0.0,0.2006198967748984
1.0,1.0,0.0,0.0,0.0,0.0,0.0,4.0,16.0,32.0,0.0,0.19399765149239473
1.0,1.0,0.0,0.0,0.0,0.0,0.0,1.0,20.0,32.0,0.0,0.1632895491411563
1.0,1.0,0.0,0.0,0.0,0.0,0.0,2.0,20.0,32.0,0.0,0.15640787569294629
1.0,1.0,0.0,0.0,0.0,0.0,0.0,3.0,20.0,32.0,0.0,0.16726289631065844
1.0,1.0,0.0,0.0,0.0,0.0,0.0,4.0,20.0,32.0,0.0,0.16689423523307584
1.0,1.0,0.0,0.0,0.0,0.0,0.0,1.0,32.0,32.0,0.0,0.11455801633032037
1.0,1.0,0.0,0.0,0.0,0.0,0.0,2.0,32.0,32.0,0.0,0.113820694175155
1.0,1.0,0.0,0.0,0.0,0.0,0.0,3.0,32.0,32.0,0.0,0.11827193533411623
1.0,1.0,0.0,0.0,0.0,0.0,0.0,4.0,32.0,32.0,0.0,0.12634151669898147
1.0,1.0,0.0,0.0,0.0,0.0,0.0,1.0,64.0,32.0,0.0,0.07575302438624765
1.0,1.0,0.0,0.0,0.0,0.0,0.0,2.0,64.0,32.0,0.0,0.08177448865343134
1.0,1.0,0.0,0.0,0.0,0.0,0.0,3.0,64.0,32.0,0.0,0.07756902154619189
1.0,1.0,0.0,0.0,0.0,0.0,0.0,4.0,64.0,32.0,0.0,0.09204238236980805
1.0,1.0,0.0,0.0,0.0,0.0,0.0,1.0,128.0,32.0,0.0,0.05367432207324069
1.0,1.0,0.0,0.0,0.0,0.0,0.0,2.0,128.0,32.0,0.0,0.05355143504737986
1.0,1.0,0.0,0.0,0.0,0.0,0.0,3.0,128.0,32.0,0.0,0.05635052841421129
1.0,1.0,0.0,0.0,0.0,0.0,0.0,4.0,128.0,32.0,0.0,0.060829077801141496
1.0,1.0,0.0,0.0,0.0,0.0,0.0,1.0,0.0,64.0,0.0,0.013654113984543581
1.0,1.0,0.0,0.0,0.0,0.0,0.0,2.0,0.0,64.0,0.0,0.014364127911739855
1.0,1.0,0.0,0.0,0.0,0.0,0.0,3.0,0.0,64.0,0.0,0.0076872661732980685
1.0,1.0,0.0,0.0,0.0,0.0,0.0,4.0,0.0,64.0,0.0,0.008465550670417044
1.0,1.0,0.0,0.0,0.0,0.0,0.0,1.0,8.0,64.0,0.0,0.27612714710942415
1.0,1.0,0.0,0.0,0.0,0.0,0.0,2.0,8.0,64.0,0.0,0.2605341489390754
1.0,1.0,0.0,0.0,0.0,0.0,0.0,3.0,8.0,64.0,0.0,0.2740244135558045
1.0,1.0,0.0,0.0,0.0,0.0,0.0,4.0,8.0,64.0,0.0,0.2546355716977526
1.0,1.0,0.0,0.0,0.0,0.0,0.0,1.0,10.0,64.0,0.0,0.25464922581173716
1.0,1.0,0.0,0.0,0.0,0.0,0.0,2.0,10.0,64.0,0.0,0.243616701712226
1.0,1.0,0.0,0.0,0.0,0.0,0.0,3.0,10.0,64.0,0.0,0.251781861874983
1.0,1.0,0.0,0.0,0.0,0.0,0.0,4.0,10.0,64.0,0.0,0.2325978317266994
1.0,1.0,0.0,0.0,0.0,0.0,0.0,1.0,16.0,64.0,0.0,0.16835522542942188
1.0,1.0,0.0,0.0,0.0,0.0,0.0,2.0,16.0,64.0,0.0,0.16496900516125518
1.0,1.0,0.0,0.0,0.0,0.0,0.0,3.0,16.0,64.0,0.0,0.1615145143231656
1.0,1.0,0.0,0.0,0.0,0.0,0.0,4.0,16.0,64.0,0.0,0.1619787541986401
1.0,1.0,0.0,0.0,0.0,0.0,0.0,1.0,20.0,64.0,0.0,0.12997351101887006
1.0,1.0,0.0,0.0,0.0,0.0,0.0,2.0,20.0,64.0,0.0,0.129645812283241
1.0,1.0,0.0,0.0,0.0,0.0,0.0,3.0,20.0,64.0,0.0,0.13252683033397966
1.0,1.0,0.0,0.0,0.0,0.0,0.0,4.0,20.0,64.0,0.0,0.13662306452934275
1.0,1.0,0.0,0.0,0.0,0.0,0.0,1.0,32.0,64.0,0.0,0.0869084355116197
1.0,1.0,0.0,0.0,0.0,0.0,0.0,2.0,32.0,64.0,0.0,0.08839673393593495
1.0,1.0,0.0,0.0,0.0,0.0,0.0,3.0,32.0,64.0,0.0,0.09051312160353919
1.0,1.0,0.0,0.0,0.0,0.0,0.0,4.0,32.0,64.0,0.0,0.10147737513312771
1.0,1.0,0.0,0.0,0.0,0.0,0.0,1.0,64.0,64.0,0.0,0.06058330374941978
1.0,1.0,0.0,0.0,0.0,0.0,0.0,2.0,64.0,64.0,0.0,0.06050137906551245
1.0,1.0,0.0,0.0,0.0,0.0,0.0,3.0,64.0,64.0,0.0,0.05912231355307357
1.0,1.0,0.0,0.0,0.0,0.0,0.0,4.0,64.0,64.0,0.0,0.07176602310276087
1.0,1.0,0.0,0.0,0.0,0.0,0.0,1.0,128.0,64.0,0.0,0.04695649799284529
1.0,1.0,0.0,0.0,0.0,0.0,0.0,2.0,128.0,64.0,0.0,0.04238236980802318
1.0,1.0,0.0,0.0,0.0,0.0,0.0,3.0,128.0,64.0,0.0,0.04757093312214977
1.0,1.0,0.0,0.0,0.0,0.0,0.0,4.0,128.0,64.0,0.0,0.04768016603402614
1.0,1.0,0.0,0.0,0.0,0.0,0.0,1.0,0.0,128.0,0.0,0.14196182309729932
1.0,1.0,0.0,0.0,0.0,0.0,0.0,2.0,0.0,128.0,0.0,0.1422895218329283
1.0,1.0,0.0,0.0,0.0,0.0,0.0,3.0,0.0,128.0,0.0,0.1290723394958902
1.0,1.0,0.0,0.0,0.0,0.0,0.0,4.0,0.0,128.0,0.0,0.1291406100658129
1.0,1.0,0.0,0.0,0.0,0.0,0.0,1.0,8.0,128.0,0.0,0.24428575329746854
1.0,1.0,0.0,0.0,0.0,0.0,0.0,2.0,8.0,128.0,0.0,0.2356153909172834
1.0,1.0,0.0,0.0,0.0,0.0,0.0,3.0,8.0,128.0,0.0,0.24571943526584566
1.0,1.0,0.0,0.0,0.0,0.0,0.0,4.0,8.0,128.0,0.0,0.23001720418362054
1.0,1.0,0.0,0.0,0.0,0.0,0.0,1.0,10.0,128.0,0.0,0.2265490592315466
1.0,1.0,0.0,0.0,0.0,0.0,0.0,2.0,10.0,128.0,0.0,0.22238455446626076
1.0,1.0,0.0,0.0,0.0,0.0,0.0,3.0,10.0,128.0,0.0,0.22564788770856664
1.0,1.0,0.0,0.0,0.0,0.0,0.0,4.0,10.0,128.0,0.0,0.21335918512247748
1.0,1.0,0.0,0.0,0.0,0.0,0.0,1.0,16.0,128.0,0.0,0.1489254212294165
1.0,1.0,0.0,0.0,0.0,0.0,0.0,2.0,16.0,128.0,0.0,0.14753270160299303
1.0,1.0,0.0,0.0,0.0,0.0,0.0,3.0,16.0,128.0,0.0,0.14302684398809368
1.0,1.0,0.0,0.0,0.0,0.0,0.0,4.0,16.0,128.0,0.0,0.14728692755127126
1.0,1.0,0.0,0.0,0.0,0.0,0.0,1.0,20.0,128.0,0.0,0.11147218656981356
1.0,1.0,0.0,0.0,0.0,0.0,0.0,2.0,20.0,128.0,0.0,0.11343837898358783
1.0,1.0,0.0,0.0,0.0,0.0,0.0,3.0,20.0,128.0,0.0,0.11637401349026466
1.0,1.0,0.0,0.0,0.0,0.0,0.0,4.0,20.0,128.0,0.0,0.1225183647833093
1.0,1.0,0.0,0.0,0.0,0.0,0.0,1.0,32.0,128.0,0.0,0.07501570223108228
1.0,1.0,0.0,0.0,0.0,0.0,0.0,2.0,32.0,128.0,0.0,0.07867500477893996
1.0,1.0,0.0,0.0,0.0,0.0,0.0,3.0,32.0,128.0,0.0,0.08094158770037418
1.0,1.0,0.0,0.0,0.0,0.0,0.0,4.0,32.0,128.0,0.0,0.0903492722357247
1.0,1.0,0.0,0.0,0.0,0.0,0.0,1.0,64.0,128.0,0.0,0.062235451541549525
1.0,1.0,0.0,0.0,0.0,0.0,0.0,2.0,64.0,128.0,0.0,0.059654823998470774
1.0,1.0,0.0,0.0,0.0,0.0,0.0,3.0,64.0,128.0,0.0,0.057401895191021124
1.0,1.0,0.0,0.0,0.0,0.0,0.0,4.0,64.0,128.0,0.0,0.06843441929053229
1.0,1.0,0.0,0.0,0.0,0.0,0.0,1.0,128.0,128.0,0.0,0.06388759933367927
1.0,1.0,0.0,0.0,0.0,0.0,0.0,2.0,128.0,128.0,0.0,0.049318659712171364
1.0,1.0,0.0,0.0,0.0,0.0,0.0,3.0,128.0,128.0,0.0,0.05910865943908905
1.0,1.0,0.0,0.0,0.0,0.0,0.0,4.0,128.0,128.0,0.0,0.05430241131652974
1.0,1.0,0.0,0.0,0.0,0.0,0.0,1.0,0.0,0.0,8.0,0.19558152871460183
1.0,1.0,0.0,0.0,0.0,0.0,0.0,2.0,0.0,0.0,8.0,0.19541767934678728
1.0,1.0,0.0,0.0,0.0,0.0,0.0,3.0,0.0,0.0,8.0,0.1881127283650565
1.0,1.0,0.0,0.0,0.0,0.0,0.0,4.0,0.0,0.0,8.0,0.18779868374341196
1.0,1.0,0.0,0.0,0.0,0.0,0.0,1.0,8.0,0.0,8.0,0.16028564406455675
1.0,1.0,0.0,0.0,0.0,0.0,0.0,2.0,8.0,0.0,8.0,0.15994429121494308
1.0,1.0,0.0,0.0,0.0,0.0,0.0,3.0,8.0,0.0,8.0,0.14329992626778454
1.0,1.0,0.0,0.0,0.0,0.0,0.0,4.0,8.0,0.0,8.0,0.15009967503208727
1.0,1.0,0.0,0.0,0.0,0.0,0.0,1.0,10.0,0.0,8.0,0.10857751440509034
1.0,1.0,0.0,0.0,0.0,0.0,0.0,2.0,10.0,0.0,8.0,0.1465905677380595
1.0,1.0,0.0,0.0,0.0,0.0,0.0,3.0,10.0,0.0,8.0,0.08730440481717144
1.0,1.0,0.0,0.0,0.0,0.0,0.0,4.0,10.0,0.0,8.0,0.11313798847592782
1.0,1.0,0.0,0.0,0.0,0.0,0.0,1.0,16.0,0.0,8.0,0.10090390234577684
1.0,1.0,0.0,0.0,0.0,0.0,0.0,2.0,16.0,0.0,8.0,0.14492476583194525
1.0,1.0,0.0,0.0,0.0,0.0,0.0,3.0,16.0,0.0,8.0,0.08819192222616679
1.0,1.0,0.0,0.0,0.0,0.0,0.0,4.0,16.0,0.0,8.0,0.13333242305906773
1.0,1.0,0.0,0.0,0.0,0.0,0.0,1.0,20.0,0.0,8.0,0.08640323329419158
1.0,1.0,0.0,0.0,0.0,0.0,0.0,2.0,20.0,0.0,8.0,0.12400666320762455
1.0,1.0,0.0,0.0,0.0,0.0,0.0,3.0,20.0,0.0,8.0,0.09021273109587924
1.0,1.0,0.0,0.0,0.0,0.0,0.0,4.0,20.0,0.0,8.0,0.13437013572189305
1.0,1.0,0.0,0.0,0.0,0.0,0.0,1.0,32.0,0.0,8.0,0.09328490674240159
1.0,1.0,0.0,0.0,0.0,0.0,0.0,2.0,32.0,0.0,8.0,0.12748846227368316
1.0,1.0,0.0,0.0,0.0,0.0,0.0,3.0,32.0,0.0,8.0,0.09960676151724518
1.0,1.0,0.0,0.0,0.0,0.0,0.0,4.0,32.0,0.0,8.0,0.13540784838471842
1.0,1.0,0.0,0.0,0.0,0.0,0.0,1.0,64.0,0.0,8.0,0.15007236680411812
1.0,1.0,0.0,0.0,0.0,0.0,0.0,2.0,64.0,0.0,8.0,0.23744504219121237
1.0,1.0,0.0,0.0,0.0,0.0,0.0,3.0,64.0,0.0,8.0,0.12945465468745737
1.0,1.0,0.0,0.0,0.0,0.0,0.0,4.0,64.0,0.0,8.0,0.22745023075452636
1.0,1.0,0.0,0.0,0.0,0.0,0.0,1.0,128.0,0.0,8.0,0.23071356399683235
1.0,1.0,0.0,0.0,0.0,0.0,0.0,2.0,128.0,0.0,8.0,0.26077992299079716
1.0,1.0,0.0,0.0,0.0,0.0,0.0,3.0,128.0,0.0,8.0,0.2392337311231874
1.0,1.0,0.0,0.0,0.0,0.0,0.0,4.0,128.0,0.0,8.0,0.27515770501652154
1.0,1.0,0.0,0.0,0.0,0.0,0.0,1.0,0.0,8.0,8.0,0.03776727928124746
1.0,1.0,0.0,0.0,0.0,0.0,0.0,2.0,0.0,8.0,8.0,0.037248422949834825
1.0,1.0,0.0,0.0,0.0,0.0,0.0,3.0,0.0,8.0,8.0,0.03730303940577301
1.0,1.0,0.0,0.0,0.0,0.0,0.0,4.0,0.0,8.0,8.0,0.036688604276468584
1.0,1.0,0.0,0.0,0.0,0.0,0.0,1.0,8.0,8.0,8.0,0.6960730768180454
1.0,1.0,0.0,0.0,0.0,0.0,0.0,2.0,8.0,8.0,8.0,0.7014937600699092
1.0,1.0,0.0,0.0,0.0,0.0,0.0,3.0,8.0,8.0,8.0,0.6862830770911277
1.0,1.0,0.0,0.0,0.0,0.0,0.0,4.0,8.0,8.0,8.0,0.6880717660231028
1.0,1.0,0.0,0.0,0.0,0.0,0.0,1.0,10.0,8.0,8.0,0.5226521751003579
1.0,1.0,0.0,0.0,0.0,0.0,0.0,2.0,10.0,8.0,8.0,0.5241677817526422
1.0,1.0,0.0,0.0,0.0,0.0,0.0,3.0,10.0,8.0,8.0,0.5148010595592452
1.0,1.0,0.0,0.0,0.0,0.0,0.0,4.0,10.0,8.0,8.0,0.5129167918293784
1.0,1.0,0.0,0.0,0.0,0.0,0.0,1.0,16.0,8.0,8.0,0.3398372429613043
1.0,1.0,0.0,0.0,0.0,0.0,0.0,2.0,16.0,8.0,8.0,0.34270460689805843
1.0,1.0,0.0,0.0,0.0,0.0,0.0,3.0,16.0,8.0,8.0,0.3304022501979847
1.0,1.0,0.0,0.0,0.0,0.0,0.0,4.0,16.0,8.0,8.0,0.34023321226685604
1.0,1.0,0.0,0.0,0.0,0.0,0.0,1.0,20.0,8.0,8.0,0.2838144132827221
1.0,1.0,0.0,0.0,0.0,0.0,0.0,2.0,20.0,8.0,8.0,0.2885250826073897
1.0,1.0,0.0,0.0,0.0,0.0,0.0,3.0,20.0,8.0,8.0,0.28291324175974236
1.0,1.0,0.0,0.0,0.0,0.0,0.0,4.0,20.0,8.0,8.0,0.29406865288511436
1.0,1.0,0.0,0.0,0.0,0.0,0.0,1.0,32.0,8.0,8.0,0.20216281165515176
1.0,1.0,0.0,0.0,0.0,0.0,0.0,2.0,32.0,8.0,8.0,0.21170703733034774
1.0,1.0,0.0,0.0,0.0,0.0,0.0,3.0,32.0,8.0,8.0,0.1991725606925368
1.0,1.0,0.0,0.0,0.0,0.0,0.0,4.0,32.0,8.0,8.0,0.21128375979682684
1.0,1.0,0.0,0.0,0.0,0.0,0.0,1.0,64.0,8.0,8.0,0.12224528250361844
1.0,1.0,0.0,0.0,0.0,0.0,0.0,2.0,64.0,8.0,8.0,0.12787077746525033
1.0,1.0,0.0,0.0,0.0,0.0,0.0,3.0,64.0,8.0,8.0,0.11825828122013166
1.0,1.0,0.0,0.0,0.0,0.0,0.0,4.0,64.0,8.0,8.0,0.1320762445724898
1.0,1.0,0.0,0.0,0.0,0.0,0.0,1.0,128.0,8.0,8.0,0.07657227122532023
1.0,1.0,0.0,0.0,0.0,0.0,0.0,2.0,128.0,8.0,8.0,0.07968540921379613
1.0,1.0,0.0,0.0,0.0,0.0,0.0,3.0,128.0,8.0,8.0,0.07262623228378717
1.0,1.0,0.0,0.0,0.0,0.0,0.0,4.0,128.0,8.0,8.0,0.0779786449657282
1.0,1.0,0.0,0.0,0.0,0.0,0.0,1.0,0.0,10.0,8.0,0.05449356891231333
1.0,1.0,0.0,0.0,0.0,0.0,0.0,2.0,0.0,10.0,8.0,0.05483492176192689
1.0,1.0,0.0,0.0,0.0,0.0,0.0,3.0,0.0,10.0,8.0,0.05465741828012788
1.0,1.0,0.0,0.0,0.0,0.0,0.0,4.0,0.0,10.0,8.0,0.05461645593817421
1.0,1.0,0.0,0.0,0.0,0.0,0.0,1.0,8.0,10.0,8.0,0.6272017258800078
1.0,1.0,0.0,0.0,0.0,0.0,0.0,2.0,8.0,10.0,8.0,0.6278161610093123
1.0,1.0,0.0,0.0,0.0,0.0,0.0,3.0,8.0,10.0,8.0,0.6232693410524592
1.0,1.0,0.0,0.0,0.0,0.0,0.0,4.0,8.0,10.0,8.0,0.6158551571588522
1.0,1.0,0.0,0.0,0.0,0.0,0.0,1.0,10.0,10.0,8.0,0.45324831371692303
1.0,1.0,0.0,0.0,0.0,0.0,0.0,2.0,10.0,10.0,8.0,0.4489063054698382
1.0,1.0,0.0,0.0,0.0,0.0,0.0,3.0,10.0,10.0,8.0,0.4523881045358968
1.0,1.0,0.0,0.0,0.0,0.0,0.0,4.0,10.0,10.0,8.0,0.4442502526011088
1.0,1.0,0.0,0.0,0.0,0.0,0.0,1.0,16.0,10.0,8.0,0.30387230672601667
1.0,1.0,0.0,0.0,0.0,0.0,0.0,2.0,16.0,10.0,8.0,0.3055244545181464
1.0,1.0,0.0,0.0,0.0,0.0,0.0,3.0,16.0,10.0,8.0,0.30271170703733047
1.0,1.0,0.0,0.0,0.0,0.0,0.0,4.0,16.0,10.0,8.0,0.3071492940823071
1.0,1.0,0.0,0.0,0.0,0.0,0.0,1.0,20.0,10.0,8.0,0.25916873754062103
1.0,1.0,0.0,0.0,0.0,0.0,0.0,2.0,20.0,10.0,8.0,0.26599579453289285
1.0,1.0,0.0,0.0,0.0,0.0,0.0,3.0,20.0,10.0,8.0,0.2577896720281822
1.0,1.0,0.0,0.0,0.0,0.0,0.0,4.0,20.0,10.0,8.0,0.27459788634315524
1.0,1.0,0.0,0.0,0.0,0.0,0.0,1.0,32.0,10.0,8.0,0.1901062290067998
1.0,1.0,0.0,0.0,0.0,0.0,0.0,2.0,32.0,10.0,8.0,0.20048335563505287
1.0,1.0,0.0,0.0,0.0,0.0,0.0,3.0,32.0,10.0,8.0,0.1919222261667441
1.0,1.0,0.0,0.0,0.0,0.0,0.0,4.0,32.0,10.0,8.0,0.2074469537671701
1.0,1.0,0.0,0.0,0.0,0.0,0.0,1.0,64.0,10.0,8.0,0.12130314863868491
1.0,1.0,0.0,0.0,0.0,0.0,0.0,2.0,64.0,10.0,8.0,0.12823943854283304
1.0,1.0,0.0,0.0,0.0,0.0,0.0,3.0,64.0,10.0,8.0,0.12082525464922589
1.0,1.0,0.0,0.0,0.0,0.0,0.0,4.0,64.0,10.0,8.0,0.13555804363854834
1.0,1.0,0.0,0.0,0.0,0.0,0.0,1.0,128.0,10.0,8.0,0.08282585543024118
1.0,1.0,0.0,0.0,0.0,0.0,0.0,2.0,128.0,10.0,8.0,0.08434146208252552
1.0,1.0,0.0,0.0,0.0,0.0,0.0,3.0,128.0,10.0,8.0,0.08124197820803414
1.0,1.0,0.0,0.0,0.0,0.0,0.0,4.0,128.0,10.0,8.0,0.0861164969005162
1.0,1.0,0.0,0.0,0.0,0.0,0.0,1.0,0.0,16.0,8.0,0.032687948878997286
1.0,1.0,0.0,0.0,0.0,0.0,0.0,2.0,0.0,16.0,8.0,0.032414866599306424
1.0,1.0,0.0,0.0,0.0,0.0,0.0,3.0,0.0,16.0,8.0,0.032687948878997286
1.0,1.0,0.0,0.0,0.0,0.0,0.0,4.0,0.0,16.0,8.0,0.03201889729375462
1.0,1.0,0.0,0.0,0.0,0.0,0.0,1.0,8.0,16.0,8.0,0.41201288948360154
1.0,1.0,0.0,0.0,0.0,0.0,0.0,2.0,8.0,16.0,8.0,0.41646413064256266
1.0,1.0,0.0,0.0,0.0,0.0,0.0,3.0,8.0,16.0,8.0,0.4089134056091101
1.0,1.0,0.0,0.0,0.0,0.0,0.0,4.0,8.0,16.0,8.0,0.4069608673093204
1.0,1.0,0.0,0.0,0.0,0.0,0.0,1.0,10.0,16.0,8.0,0.28184822086894795
1.0,1.0,0.0,0.0,0.0,0.0,0.0,2.0,10.0,16.0,8.0,0.2803872306726018
1.0,1.0,0.0,0.0,0.0,0.0,0.0,3.0,10.0,16.0,8.0,0.2823261148584069
1.0,1.0,0.0,0.0,0.0,0.0,0.0,4.0,10.0,16.0,8.0,0.2766596575548214
1.0,1.0,0.0,0.0,0.0,0.0,0.0,1.0,16.0,16.0,8.0,0.1828968568229608
1.0,1.0,0.0,0.0,0.0,0.0,0.0,2.0,16.0,16.0,8.0,0.18995603375296982
1.0,1.0,0.0,0.0,0.0,0.0,0.0,3.0,16.0,16.0,8.0,0.18814003659302553
1.0,1.0,0.0,0.0,0.0,0.0,0.0,4.0,16.0,16.0,8.0,0.19218165433245044
1.0,1.0,0.0,0.0,0.0,0.0,0.0,1.0,20.0,16.0,8.0,0.16106392856167567
1.0,1.0,0.0,0.0,0.0,0.0,0.0,2.0,20.0,16.0,8.0,0.16600671782408044
1.0,1.0,0.0,0.0,0.0,0.0,0.0,3.0,20.0,16.0,8.0,0.16339878205303265
1.0,1.0,0.0,0.0,0.0,0.0,0.0,4.0,20.0,16.0,8.0,0.17544171058740005
1.0,1.0,0.0,0.0,0.0,0.0,0.0,1.0,32.0,16.0,8.0,0.1213577650946231
1.0,1.0,0.0,0.0,0.0,0.0,0.0,2.0,32.0,16.0,8.0,0.12919522652175108
1.0,1.0,0.0,0.0,0.0,0.0,0.0,3.0,32.0,16.0,8.0,0.12425243725934626
1.0,1.0,0.0,0.0,0.0,0.0,0.0,4.0,32.0,16.0,8.0,0.13611786231191464
1.0,1.0,0.0,0.0,0.0,0.0,0.0,1.0,64.0,16.0,8.0,0.07755536743220737
1.0,1.0,0.0,0.0,0.0,0.0,0.0,2.0,64.0,16.0,8.0,0.08307162948196295
1.0,1.0,0.0,0.0,0.0,0.0,0.0,3.0,64.0,16.0,8.0,0.07997214560747162
1.0,1.0,0.0,0.0,0.0,0.0,0.0,4.0,64.0,16.0,8.0,0.09385837952975234
1.0,1.0,0.0,0.0,0.0,0.0,0.0,1.0,128.0,16.0,8.0,0.052459105928616356
1.0,1.0,0.0,0.0,0.0,0.0,0.0,2.0,128.0,16.0,8.0,0.053373931565580734
1.0,1.0,0.0,0.0,0.0,0.0,0.0,3.0,128.0,16.0,8.0,0.052022174281110944
1.0,1.0,0.0,0.0,0.0,0.0,0.0,4.0,128.0,16.0,8.0,0.05670553537780937
1.0,1.0,0.0,0.0,0.0,0.0,0.0,1.0,0.0,20.0,8.0,0.031308883366558404
1.0,1.0,0.0,0.0,0.0,0.0,0.0,2.0,0.0,20.0,8.0,0.031295229252573886
1.0,1.0,0.0,0.0,0.0,0.0,0.0,3.0,0.0,20.0,8.0,0.030721756465223016
1.0,1.0,0.0,0.0,0.0,0.0,0.0,4.0,0.0,20.0,8.0,0.030312133045686696
1.0,1.0,0.0,0.0,0.0,0.0,0.0,1.0,8.0,20.0,8.0,0.35923973893334077
1.0,1.0,0.0,0.0,0.0,0.0,0.0,2.0,8.0,20.0,8.0,0.36505639149075625
1.0,1.0,0.0,0.0,0.0,0.0,0.0,3.0,8.0,20.0,8.0,0.35695950189792186
1.0,1.0,0.0,0.0,0.0,0.0,0.0,4.0,8.0,20.0,8.0,0.3520713290914554
1.0,1.0,0.0,0.0,0.0,0.0,0.0,1.0,10.0,20.0,8.0,0.23502826401594806
1.0,1.0,0.0,0.0,0.0,0.0,0.0,2.0,10.0,20.0,8.0,0.2337038149594473
1.0,1.0,0.0,0.0,0.0,0.0,0.0,3.0,10.0,20.0,8.0,0.2366804118080778
1.0,1.0,0.0,0.0,0.0,0.0,0.0,4.0,10.0,20.0,8.0,0.22779158360413992
1.0,1.0,0.0,0.0,0.0,0.0,0.0,1.0,16.0,20.0,8.0,0.15851060924656607
1.0,1.0,0.0,0.0,0.0,0.0,0.0,2.0,16.0,20.0,8.0,0.15993063710095862
1.0,1.0,0.0,0.0,0.0,0.0,0.0,3.0,16.0,20.0,8.0,0.16090007919386112
1.0,1.0,0.0,0.0,0.0,0.0,0.0,4.0,16.0,20.0,8.0,0.16155547666511932
1.0,1.0,0.0,0.0,0.0,0.0,0.0,1.0,20.0,20.0,8.0,0.13777001010404438
1.0,1.0,0.0,0.0,0.0,0.0,0.0,2.0,20.0,20.0,8.0,0.14454245064037796
1.0,1.0,0.0,0.0,0.0,0.0,0.0,3.0,20.0,20.0,8.0,0.14203009366722202
1.0,1.0,0.0,0.0,0.0,0.0,0.0,4.0,20.0,20.0,8.0,0.15248914497938237
1.0,1.0,0.0,0.0,0.0,0.0,0.0,1.0,32.0,20.0,8.0,0.10926022010431752
1.0,1.0,0.0,0.0,0.0,0.0,0.0,2.0,32.0,20.0,8.0,0.11619651000846559
1.0,1.0,0.0,0.0,0.0,0.0,0.0,3.0,32.0,20.0,8.0,0.11089871378246274
1.0,1.0,0.0,0.0,0.0,0.0,0.0,4.0,32.0,20.0,8.0,0.12187662142603567
1.0,1.0,0.0,0.0,0.0,0.0,0.0,1.0,64.0,20.0,8.0,0.07173871487479183
1.0,1.0,0.0,0.0,0.0,0.0,0.0,2.0,64.0,20.0,8.0,0.07545263387858764
1.0,1.0,0.0,0.0,0.0,0.0,0.0,3.0,64.0,20.0,8.0,0.07396433545427245
1.0,1.0,0.0,0.0,0.0,0.0,0.0,4.0,64.0,20.0,8.0,0.08622572981239252
1.0,1.0,0.0,0.0,0.0,0.0,0.0,1.0,128.0,20.0,8.0,0.04839017996122236
1.0,1.0,0.0,0.0,0.0,0.0,0.0,2.0,128.0,20.0,8.0,0.04885441983669686
1.0,1.0,0.0,0.0,0.0,0.0,0.0,3.0,128.0,20.0,8.0,0.04900461509052684
1.0,1.0,0.0,0.0,0.0,0.0,0.0,4.0,128.0,20.0,8.0,0.052800458778229975
1.0,1.0,0.0,0.0,0.0,0.0,0.0,1.0,0.0,32.0,8.0,0.03104945520085206
1.0,1.0,0.0,0.0,0.0,0.0,0.0,2.0,0.0,32.0,8.0,0.031581965646249266
1.0,1.0,0.0,0.0,0.0,0.0,0.0,3.0,0.0,32.0,8.0,0.03035309538764036
1.0,1.0,0.0,0.0,0.0,0.0,0.0,4.0,0.0,32.0,8.0,0.030271170703733086
1.0,1.0,0.0,0.0,0.0,0.0,0.0,1.0,8.0,32.0,8.0,0.27502116387667613
1.0,1.0,0.0,0.0,0.0,0.0,0.0,2.0,8.0,32.0,8.0,0.2810289740298753
1.0,1.0,0.0,0.0,0.0,0.0,0.0,3.0,8.0,32.0,8.0,0.2750348179906606
1.0,1.0,0.0,0.0,0.0,0.0,0.0,4.0,8.0,32.0,8.0,0.27111608727709663
1.0,1.0,0.0,0.0,0.0,0.0,0.0,1.0,10.0,32.0,8.0,0.16712635517081303
1.0,1.0,0.0,0.0,0.0,0.0,0.0,2.0,10.0,32.0,8.0,0.16372648078866164
1.0,1.0,0.0,0.0,0.0,0.0,0.0,3.0,10.0,32.0,8.0,0.16771348207214837
1.0,1.0,0.0,0.0,0.0,0.0,0.0,4.0,10.0,32.0,8.0,0.1583604139927361
1.0,1.0,0.0,0.0,0.0,0.0,0.0,1.0,16.0,32.0,8.0,0.11574592424697572
1.0,1.0,0.0,0.0,0.0,0.0,0.0,2.0,16.0,32.0,8.0,0.11862694229771437
1.0,1.0,0.0,0.0,0.0,0.0,0.0,3.0,16.0,32.0,8.0,0.11824462710614714
1.0,1.0,0.0,0.0,0.0,0.0,0.0,4.0,16.0,32.0,8.0,0.12100275813102496
1.0,1.0,0.0,0.0,0.0,0.0,0.0,1.0,20.0,32.0,8.0,0.10438570141183545
1.0,1.0,0.0,0.0,0.0,0.0,0.0,2.0,20.0,32.0,8.0,0.10833174035336851
1.0,1.0,0.0,0.0,0.0,0.0,0.0,3.0,20.0,32.0,8.0,0.10763538054015681
1.0,1.0,0.0,0.0,0.0,0.0,0.0,4.0,20.0,32.0,8.0,0.11888637046342071
1.0,1.0,0.0,0.0,0.0,0.0,0.0,1.0,32.0,32.0,8.0,0.08709959310740334
1.0,1.0,0.0,0.0,0.0,0.0,0.0,2.0,32.0,32.0,8.0,0.0926022010431744
1.0,1.0,0.0,0.0,0.0,0.0,0.0,3.0,32.0,32.0,8.0,0.09025369343783285
1.0,1.0,0.0,0.0,0.0,0.0,0.0,4.0,32.0,32.0,8.0,0.10065812829405507
1.0,1.0,0.0,0.0,0.0,0.0,0.0,1.0,64.0,32.0,8.0,0.061375242360523274
1.0,1.0,0.0,0.0,0.0,0.0,0.0,2.0,64.0,32.0,8.0,0.06229006799748771
1.0,1.0,0.0,0.0,0.0,0.0,0.0,3.0,64.0,32.0,8.0,0.06618149048308264
1.0,1.0,0.0,0.0,0.0,0.0,0.0,4.0,64.0,32.0,8.0,0.07795133673775911
1.0,1.0,0.0,0.0,0.0,0.0,0.0,1.0,128.0,32.0,8.0,0.04515415494688557
1.0,1.0,0.0,0.0,0.0,0.0,0.0,2.0,128.0,32.0,8.0,0.04408913405609116
1.0,1.0,0.0,0.0,0.0,0.0,0.0,3.0,128.0,32.0,8.0,0.04781670717387154
1.0,1.0,0.0,0.0,0.0,0.0,0.0,4.0,128.0,32.0,8.0,0.04843114230317602
1.0,1.0,0.0,0.0,0.0,0.0,0.0,1.0,0.0,64.0,8.0,0.047215926158551635
1.0,1.0,0.0,0.0,0.0,0.0,0.0,2.0,0.0,64.0,8.0,0.044430486905704725
1.0,1.0,0.0,0.0,0.0,0.0,0.0,3.0,0.0,64.0,8.0,0.03943308118736183
1.0,1.0,0.0,0.0,0.0,0.0,0.0,4.0,0.0,64.0,8.0,0.04010213277260444
1.0,1.0,0.0,0.0,0.0,0.0,0.0,1.0,8.0,64.0,8.0,0.2077746525027992
1.0,1.0,0.0,0.0,0.0,0.0,0.0,2.0,8.0,64.0,8.0,0.21198011961003854
1.0,1.0,0.0,0.0,0.0,0.0,0.0,3.0,8.0,64.0,8.0,0.20740599142521648
1.0,1.0,0.0,0.0,0.0,0.0,0.0,4.0,8.0,64.0,8.0,0.2020126164013218
1.0,1.0,0.0,0.0,0.0,0.0,0.0,1.0,10.0,64.0,8.0,0.11723422267129091
1.0,1.0,0.0,0.0,0.0,0.0,0.0,2.0,10.0,64.0,8.0,0.11283759796826792
1.0,1.0,0.0,0.0,0.0,0.0,0.0,3.0,10.0,64.0,8.0,0.11357492012343323
1.0,1.0,0.0,0.0,0.0,0.0,0.0,4.0,10.0,64.0,8.0,0.10381222862448464
1.0,1.0,0.0,0.0,0.0,0.0,0.0,1.0,16.0,64.0,8.0,0.08466916081815451
1.0,1.0,0.0,0.0,0.0,0.0,0.0,2.0,16.0,64.0,8.0,0.08542013708730445
1.0,1.0,0.0,0.0,0.0,0.0,0.0,3.0,16.0,64.0,8.0,0.08514705480761359
1.0,1.0,0.0,0.0,0.0,0.0,0.0,4.0,16.0,64.0,8.0,0.08619842158442342
1.0,1.0,0.0,0.0,0.0,0.0,0.0,1.0,20.0,64.0,8.0,0.07722766869657832
1.0,1.0,0.0,0.0,0.0,0.0,0.0,2.0,20.0,64.0,8.0,0.08126928643600323
1.0,1.0,0.0,0.0,0.0,0.0,0.0,3.0,20.0,64.0,8.0,0.0809825500423278
1.0,1.0,0.0,0.0,0.0,0.0,0.0,4.0,20.0,64.0,8.0,0.0904175428056474
1.0,1.0,0.0,0.0,0.0,0.0,0.0,1.0,32.0,64.0,8.0,0.06892596739397588
1.0,1.0,0.0,0.0,0.0,0.0,0.0,2.0,32.0,64.0,8.0,0.07330893798301436
1.0,1.0,0.0,0.0,0.0,0.0,0.0,3.0,32.0,64.0,8.0,0.07248969114394171
1.0,1.0,0.0,0.0,0.0,0.0,0.0,4.0,32.0,64.0,8.0,0.08206122504710672
1.0,1.0,0.0,0.0,0.0,0.0,0.0,1.0,64.0,64.0,8.0,0.056650918921871185
1.0,1.0,0.0,0.0,0.0,0.0,0.0,2.0,64.0,64.0,8.0,0.05424779486059156
1.0,1.0,0.0,0.0,0.0,0.0,0.0,3.0,64.0,64.0,8.0,0.062549496163194
1.0,1.0,0.0,0.0,0.0,0.0,0.0,4.0,64.0,64.0,8.0,0.07046888227422926
1.0,1.0,0.0,0.0,0.0,0.0,0.0,1.0,128.0,64.0,8.0,0.0545754935962206
1.0,1.0,0.0,0.0,0.0,0.0,0.0,2.0,128.0,64.0,8.0,0.04983751604358394
1.0,1.0,0.0,0.0,0.0,0.0,0.0,3.0,128.0,64.0,8.0,0.056159370818427645
1.0,1.0,0.0,0.0,0.0,0.0,0.0,4.0,128.0,64.0,8.0,0.052581992954477186
1.0,1.0,0.0,0.0,0.0,0.0,0.0,1.0,0.0,128.0,8.0,0.1541276386575276
1.0,1.0,0.0,0.0,0.0,0.0,0.0,2.0,0.0,128.0,8.0,0.154264179797373
1.0,1.0,0.0,0.0,0.0,0.0,0.0,3.0,0.0,128.0,8.0,0.1440918648788881
1.0,1.0,0.0,0.0,0.0,0.0,0.0,4.0,0.0,128.0,8.0,0.14193451486933018
1.0,1.0,0.0,0.0,0.0,0.0,0.0,1.0,8.0,128.0,8.0,0.18106720554903194
1.0,1.0,0.0,0.0,0.0,0.0,0.0,2.0,8.0,128.0,8.0,0.17664327261803986
1.0,1.0,0.0,0.0,0.0,0.0,0.0,3.0,8.0,128.0,8.0,0.17246511373876955
1.0,1.0,0.0,0.0,0.0,0.0,0.0,4.0,8.0,128.0,8.0,0.1706218083508561
1.0,1.0,0.0,0.0,0.0,0.0,0.0,1.0,10.0,128.0,8.0,0.09634342827493925
1.0,1.0,0.0,0.0,0.0,0.0,0.0,2.0,10.0,128.0,8.0,0.09321663617247883
1.0,1.0,0.0,0.0,0.0,0.0,0.0,3.0,10.0,128.0,8.0,0.08824653868210497
1.0,1.0,0.0,0.0,0.0,0.0,0.0,4.0,10.0,128.0,8.0,0.08016330320325515
1.0,1.0,0.0,0.0,0.0,0.0,0.0,1.0,16.0,128.0,8.0,0.07224391709221989
1.0,1.0,0.0,0.0,0.0,0.0,0.0,2.0,16.0,128.0,8.0,0.07289931456347803
1.0,1.0,0.0,0.0,0.0,0.0,0.0,3.0,16.0,128.0,8.0,0.06904885441983677
1.0,1.0,0.0,0.0,0.0,0.0,0.0,4.0,16.0,128.0,8.0,0.0718479477866682
1.0,1.0,0.0,0.0,0.0,0.0,0.0,1.0,20.0,128.0,8.0,0.06477511674267461
1.0,1.0,0.0,0.0,0.0,0.0,0.0,2.0,20.0,128.0,8.0,0.06726016548786151
1.0,1.0,0.0,0.0,0.0,0.0,0.0,3.0,20.0,128.0,8.0,0.06742401485567606
1.0,1.0,0.0,0.0,0.0,0.0,0.0,4.0,20.0,128.0,8.0,0.07837461427127995
1.0,1.0,0.0,0.0,0.0,0.0,0.0,1.0,32.0,128.0,8.0,0.061948715147874145
1.0,1.0,0.0,0.0,0.0,0.0,0.0,2.0,32.0,128.0,8.0,0.06503454490838095
1.0,1.0,0.0,0.0,0.0,0.0,0.0,3.0,32.0,128.0,8.0,0.06627706928097443
1.0,1.0,0.0,0.0,0.0,0.0,0.0,4.0,32.0,128.0,8.0,0.07653130888336662
1.0,1.0,0.0,0.0,0.0,0.0,0.0,1.0,64.0,128.0,8.0,0.06532128130205633
1.0,1.0,0.0,0.0,0.0,0.0,0.0,2.0,64.0,128.0,8.0,0.06237199268139498
1.0,1.0,0.0,0.0,0.0,0.0,0.0,3.0,64.0,128.0,8.0,0.06665938447254166
1.0,1.0,0.0,0.0,0.0,0.0,0.0,4.0,64.0,128.0,8.0,0.07452415412763874
1.0,1.0,0.0,0.0,0.0,0.0,0.0,1.0,128.0,128.0,8.0,0.08670362380185154
1.0,1.0,0.0,0.0,0.0,0.0,0.0,2.0,128.0,128.0,8.0,0.07563013736038676
1.0,1.0,0.0,0.0,0.0,0.0,0.0,3.0,128.0,128.0,8.0,0.08473743138807727
1.0,1.0,0.0,0.0,0.0,0.0,0.0,4.0,128.0,128.0,8.0,0.08132390289194136
1.0,1.0,0.0,0.0,0.0,0.0,0.0,1.0,0.0,0.0,10.0,0.19547229580272535
1.0,1.0,0.0,0.0,0.0,0.0,0.0,2.0,0.0,0.0,10.0,0.19581364865233902
1.0,1.0,0.0,0.0,0.0,0.0,0.0,3.0,0.0,0.0,10.0,0.1879215707692729
1.0,1.0,0.0,0.0,0.0,0.0,0.0,4.0,0.0,0.0,10.0,0.18814003659302553
1.0,1.0,0.0,0.0,0.0,0.0,0.0,1.0,8.0,0.0,10.0,0.15632595100903907
1.0,1.0,0.0,0.0,0.0,0.0,0.0,2.0,8.0,0.0,10.0,0.16111854501761386
1.0,1.0,0.0,0.0,0.0,0.0,0.0,3.0,8.0,0.0,10.0,0.1380157841557662
1.0,1.0,0.0,0.0,0.0,0.0,0.0,4.0,8.0,0.0,10.0,0.14978563041044274
1.0,1.0,0.0,0.0,0.0,0.0,0.0,1.0,10.0,0.0,10.0,0.11469455747016583
1.0,1.0,0.0,0.0,0.0,0.0,0.0,2.0,10.0,0.0,10.0,0.17006198967748992
1.0,1.0,0.0,0.0,0.0,0.0,0.0,3.0,10.0,0.0,10.0,0.09395395832764414
1.0,1.0,0.0,0.0,0.0,0.0,0.0,4.0,10.0,0.0,10.0,0.1340014746443104
1.0,1.0,0.0,0.0,0.0,0.0,0.0,1.0,16.0,0.0,10.0,0.10935579890220931
1.0,1.0,0.0,0.0,0.0,0.0,0.0,2.0,16.0,0.0,10.0,0.15908408203391683
1.0,1.0,0.0,0.0,0.0,0.0,0.0,3.0,16.0,0.0,10.0,0.0953193697260985
1.0,1.0,0.0,0.0,0.0,0.0,0.0,4.0,16.0,0.0,10.0,0.150823343073268
1.0,1.0,0.0,0.0,0.0,0.0,0.0,1.0,20.0,0.0,10.0,0.09082716622518372
1.0,1.0,0.0,0.0,0.0,0.0,0.0,2.0,20.0,0.0,10.0,0.13398782053032587
1.0,1.0,0.0,0.0,0.0,0.0,0.0,3.0,20.0,0.0,10.0,0.09522379092820671
1.0,1.0,0.0,0.0,0.0,0.0,0.0,4.0,20.0,0.0,10.0,0.14388705316911993
1.0,1.0,0.0,0.0,0.0,0.0,0.0,1.0,32.0,0.0,10.0,0.09272508806903523
1.0,1.0,0.0,0.0,0.0,0.0,0.0,2.0,32.0,0.0,10.0,0.12471667713482076
1.0,1.0,0.0,0.0,0.0,0.0,0.0,3.0,32.0,0.0,10.0,0.09830962068871357
1.0,1.0,0.0,0.0,0.0,0.0,0.0,4.0,32.0,0.0,10.0,0.13381031704852675
1.0,1.0,0.0,0.0,0.0,0.0,0.0,1.0,64.0,0.0,10.0,0.14615363609055415
1.0,1.0,0.0,0.0,0.0,0.0,0.0,2.0,64.0,0.0,10.0,0.23423632540484457
1.0,1.0,0.0,0.0,0.0,0.0,0.0,3.0,64.0,0.0,10.0,0.12359703978808823
1.0,1.0,0.0,0.0,0.0,0.0,0.0,4.0,64.0,0.0,10.0,0.2260438570141185
1.0,1.0,0.0,0.0,0.0,0.0,0.0,1.0,128.0,0.0,10.0,0.22642617220568556
1.0,1.0,0.0,0.0,0.0,0.0,0.0,2.0,128.0,0.0,10.0,0.25813102487779577
1.0,1.0,0.0,0.0,0.0,0.0,0.0,3.0,128.0,0.0,10.0,0.23536961686556163
1.0,1.0,0.0,0.0,0.0,0.0,0.0,4.0,128.0,0.0,10.0,0.2734236325404846
1.0,1.0,0.0,0.0,0.0,0.0,0.0,1.0,0.0,8.0,10.0,0.031131379884759336
1.0,1.0,0.0,0.0,0.0,0.0,0.0,2.0,0.0,8.0,10.0,0.03065348589530026
1.0,1.0,0.0,0.0,0.0,0.0,0.0,3.0,0.0,8.0,10.0,0.0308446434910839
1.0,1.0,0.0,0.0,0.0,0.0,0.0,4.0,0.0,8.0,10.0,0.0308446434910839
1.0,1.0,0.0,0.0,0.0,0.0,0.0,1.0,8.0,8.0,10.0,0.6926458942079248
1.0,1.0,0.0,0.0,0.0,0.0,0.0,2.0,8.0,8.0,10.0,0.6952947923209265
1.0,1.0,0.0,0.0,0.0,0.0,0.0,3.0,8.0,8.0,10.0,0.6813129796007538
1.0,1.0,0.0,0.0,0.0,0.0,0.0,4.0,8.0,8.0,10.0,0.6865698134848031
1.0,1.0,0.0,0.0,0.0,0.0,0.0,1.0,10.0,8.0,10.0,0.5202217428111091
1.0,1.0,0.0,0.0,0.0,0.0,0.0,2.0,10.0,8.0,10.0,0.52034462983697
1.0,1.0,0.0,0.0,0.0,0.0,0.0,3.0,10.0,8.0,10.0,0.512302356700074
1.0,1.0,0.0,0.0,0.0,0.0,0.0,4.0,10.0,8.0,10.0,0.5106638630219287
1.0,1.0,0.0,0.0,0.0,0.0,0.0,1.0,16.0,8.0,10.0,0.335481580600235
1.0,1.0,0.0,0.0,0.0,0.0,0.0,2.0,16.0,8.0,10.0,0.3412709249296814
1.0,1.0,0.0,0.0,0.0,0.0,0.0,3.0,16.0,8.0,10.0,0.327043338157787
1.0,1.0,0.0,0.0,0.0,0.0,0.0,4.0,16.0,8.0,10.0,0.3377481635216691
1.0,1.0,0.0,0.0,0.0,0.0,0.0,1.0,20.0,8.0,10.0,0.27705562686037305
1.0,1.0,0.0,0.0,0.0,0.0,0.0,2.0,20.0,8.0,10.0,0.2850705917693001
1.0,1.0,0.0,0.0,0.0,0.0,0.0,3.0,20.0,8.0,10.0,0.28044184712853987
1.0,1.0,0.0,0.0,0.0,0.0,0.0,4.0,20.0,8.0,10.0,0.2912559054042984
1.0,1.0,0.0,0.0,0.0,0.0,0.0,1.0,32.0,8.0,10.0,0.1954586416887409
1.0,1.0,0.0,0.0,0.0,0.0,0.0,2.0,32.0,8.0,10.0,0.2054944154673804
1.0,1.0,0.0,0.0,0.0,0.0,0.0,3.0,32.0,8.0,10.0,0.19351975750293576
1.0,1.0,0.0,0.0,0.0,0.0,0.0,4.0,32.0,8.0,10.0,0.20657309047215938
1.0,1.0,0.0,0.0,0.0,0.0,0.0,1.0,64.0,8.0,10.0,0.11670171222589376
1.0,1.0,0.0,0.0,0.0,0.0,0.0,2.0,64.0,8.0,10.0,0.12380185149785639
1.0,1.0,0.0,0.0,0.0,0.0,0.0,3.0,64.0,8.0,10.0,0.11357492012343323
1.0,1.0,0.0,0.0,0.0,0.0,0.0,4.0,64.0,8.0,10.0,0.12679210246047135
1.0,1.0,0.0,0.0,0.0,0.0,0.0,1.0,128.0,8.0,10.0,0.07270815696769439
1.0,1.0,0.0,0.0,0.0,0.0,0.0,2.0,128.0,8.0,10.0,0.07532974685272681
1.0,1.0,0.0,0.0,0.0,0.0,0.0,3.0,128.0,8.0,10.0,0.06874846391217676
1.0,1.0,0.0,0.0,0.0,0.0,0.0,4.0,128.0,8.0,10.0,0.07400529779622605
1.0,1.0,0.0,0.0,0.0,0.0,0.0,1.0,0.0,10.0,10.0,0.04866326224091322
1.0,1.0,0.0,0.0,0.0,0.0,0.0,2.0,0.0,10.0,10.0,0.04845845053114506
1.0,1.0,0.0,0.0,0.0,0.0,0.0,3.0,0.0,10.0,10.0,0.04982386192959942
1.0,1.0,0.0,0.0,0.0,0.0,0.0,4.0,0.0,10.0,10.0,0.048526721101067816
1.0,1.0,0.0,0.0,0.0,0.0,0.0,1.0,8.0,10.0,10.0,0.6219858543379122
1.0,1.0,0.0,0.0,0.0,0.0,0.0,2.0,8.0,10.0,10.0,0.6242114749173928
1.0,1.0,0.0,0.0,0.0,0.0,0.0,3.0,8.0,10.0,10.0,0.6194461891367871
1.0,1.0,0.0,0.0,0.0,0.0,0.0,4.0,8.0,10.0,10.0,0.6125781698025616
1.0,1.0,0.0,0.0,0.0,0.0,0.0,1.0,10.0,10.0,10.0,0.4511592342772878
1.0,1.0,0.0,0.0,0.0,0.0,0.0,2.0,10.0,10.0,10.0,0.4443458313990006
1.0,1.0,0.0,0.0,0.0,0.0,0.0,3.0,10.0,10.0,10.0,0.4496845899669571
1.0,1.0,0.0,0.0,0.0,0.0,0.0,4.0,10.0,10.0,10.0,0.44347196810398987
1.0,1.0,0.0,0.0,0.0,0.0,0.0,1.0,16.0,10.0,10.0,0.29992626778448356
1.0,1.0,0.0,0.0,0.0,0.0,0.0,2.0,16.0,10.0,10.0,0.30193342254021144
1.0,1.0,0.0,0.0,0.0,0.0,0.0,3.0,16.0,10.0,10.0,0.29973511018869997
1.0,1.0,0.0,0.0,0.0,0.0,0.0,4.0,16.0,10.0,10.0,0.3048963652748575
1.0,1.0,0.0,0.0,0.0,0.0,0.0,1.0,20.0,10.0,10.0,0.25526366094104164
1.0,1.0,0.0,0.0,0.0,0.0,0.0,2.0,20.0,10.0,10.0,0.26143532046205537
1.0,1.0,0.0,0.0,0.0,0.0,0.0,3.0,20.0,10.0,10.0,0.25433518119009263
1.0,1.0,0.0,0.0,0.0,0.0,0.0,4.0,20.0,10.0,10.0,0.2716485977224939
1.0,1.0,0.0,0.0,0.0,0.0,0.0,1.0,32.0,10.0,10.0,0.18499959037658048
1.0,1.0,0.0,0.0,0.0,0.0,0.0,2.0,32.0,10.0,10.0,0.19581364865233902
1.0,1.0,0.0,0.0,0.0,0.0,0.0,3.0,32.0,10.0,10.0,0.18687020399246296
1.0,1.0,0.0,0.0,0.0,0.0,0.0,4.0,32.0,10.0,10.0,0.20259974330265712
1.0,1.0,0.0,0.0,0.0,0.0,0.0,1.0,64.0,10.0,10.0,0.116633441655971
1.0,1.0,0.0,0.0,0.0,0.0,0.0,2.0,64.0,10.0,10.0,0.12370627269996454
1.0,1.0,0.0,0.0,0.0,0.0,0.0,3.0,64.0,10.0,10.0,0.11558207487916111
1.0,1.0,0.0,0.0,0.0,0.0,0.0,4.0,64.0,10.0,10.0,0.13118872716349445
1.0,1.0,0.0,0.0,0.0,0.0,0.0,1.0,128.0,10.0,10.0,0.0783336519293264
1.0,1.0,0.0,0.0,0.0,0.0,0.0,2.0,128.0,10.0,10.0,0.08027253611513152
1.0,1.0,0.0,0.0,0.0,0.0,0.0,3.0,128.0,10.0,10.0,0.07773287091400644
1.0,1.0,0.0,0.0,0.0,0.0,0.0,4.0,128.0,10.0,10.0,0.08188372156530771
1.0,1.0,0.0,0.0,0.0,0.0,0.0,1.0,0.0,16.0,10.0,0.025956470684617317
1.0,1.0,0.0,0.0,0.0,0.0,0.0,2.0,0.0,16.0,10.0,0.026420710560091765
1.0,1.0,0.0,0.0,0.0,0.0,0.0,3.0,0.0,16.0,10.0,0.026133974166416385
1.0,1.0,0.0,0.0,0.0,0.0,0.0,4.0,0.0,16.0,10.0,0.025860891886725523
1.0,1.0,0.0,0.0,0.0,0.0,0.0,1.0,8.0,16.0,10.0,0.4086812856713729
1.0,1.0,0.0,0.0,0.0,0.0,0.0,2.0,8.0,16.0,10.0,0.41619104836287185
1.0,1.0,0.0,0.0,0.0,0.0,0.0,3.0,8.0,16.0,10.0,0.4054316065430515
1.0,1.0,0.0,0.0,0.0,0.0,0.0,4.0,8.0,16.0,10.0,0.4054725688850051
1.0,1.0,0.0,0.0,0.0,0.0,0.0,1.0,10.0,16.0,10.0,0.2794450968076682
1.0,1.0,0.0,0.0,0.0,0.0,0.0,2.0,10.0,16.0,10.0,0.27827084300499755
1.0,1.0,0.0,0.0,0.0,0.0,0.0,3.0,10.0,16.0,10.0,0.2811382069417517
1.0,1.0,0.0,0.0,0.0,0.0,0.0,4.0,10.0,16.0,10.0,0.2745705781151862
1.0,1.0,0.0,0.0,0.0,0.0,0.0,1.0,16.0,16.0,10.0,0.18124470903083106
1.0,1.0,0.0,0.0,0.0,0.0,0.0,2.0,16.0,16.0,10.0,0.18715694038613845
1.0,1.0,0.0,0.0,0.0,0.0,0.0,3.0,16.0,16.0,10.0,0.18422130587946156
1.0,1.0,0.0,0.0,0.0,0.0,0.0,4.0,16.0,16.0,10.0,0.1890412081160054
1.0,1.0,0.0,0.0,0.0,0.0,0.0,1.0,20.0,16.0,10.0,0.15765040006553982
1.0,1.0,0.0,0.0,0.0,0.0,0.0,2.0,20.0,16.0,10.0,0.1626751140118518
1.0,1.0,0.0,0.0,0.0,0.0,0.0,3.0,20.0,16.0,10.0,0.16062699691417032
1.0,1.0,0.0,0.0,0.0,0.0,0.0,4.0,20.0,16.0,10.0,0.17250607608072316
1.0,1.0,0.0,0.0,0.0,0.0,0.0,1.0,32.0,16.0,10.0,0.11686556159370826
1.0,1.0,0.0,0.0,0.0,0.0,0.0,2.0,32.0,16.0,10.0,0.12539938283404795
1.0,1.0,0.0,0.0,0.0,0.0,0.0,3.0,32.0,16.0,10.0,0.11948715147874056
1.0,1.0,0.0,0.0,0.0,0.0,0.0,4.0,32.0,16.0,10.0,0.13308664900734601
1.0,1.0,0.0,0.0,0.0,0.0,0.0,1.0,64.0,16.0,10.0,0.07405991425216424
1.0,1.0,0.0,0.0,0.0,0.0,0.0,2.0,64.0,16.0,10.0,0.07853846363909456
1.0,1.0,0.0,0.0,0.0,0.0,0.0,3.0,64.0,16.0,10.0,0.07538436330866494
1.0,1.0,0.0,0.0,0.0,0.0,0.0,4.0,64.0,16.0,10.0,0.08872443267156399
1.0,1.0,0.0,0.0,0.0,0.0,0.0,1.0,128.0,16.0,10.0,0.04949616319397038
1.0,1.0,0.0,0.0,0.0,0.0,0.0,2.0,128.0,16.0,10.0,0.04975559135967672
1.0,1.0,0.0,0.0,0.0,0.0,0.0,3.0,128.0,16.0,10.0,0.04859499167099052
1.0,1.0,0.0,0.0,0.0,0.0,0.0,4.0,128.0,16.0,10.0,0.05342854802151892
1.0,1.0,0.0,0.0,0.0,0.0,0.0,1.0,0.0,20.0,10.0,0.025246456757421043
1.0,1.0,0.0,0.0,0.0,0.0,0.0,2.0,0.0,20.0,10.0,0.02566973429094188
1.0,1.0,0.0,0.0,0.0,0.0,0.0,3.0,0.0,20.0,10.0,0.025041645047652883
1.0,1.0,0.0,0.0,0.0,0.0,0.0,4.0,0.0,20.0,10.0,0.02476856276796202
1.0,1.0,0.0,0.0,0.0,0.0,0.0,1.0,8.0,20.0,10.0,0.35585351866517395
1.0,1.0,0.0,0.0,0.0,0.0,0.0,2.0,8.0,20.0,10.0,0.3628171167972912
1.0,1.0,0.0,0.0,0.0,0.0,0.0,3.0,8.0,20.0,10.0,0.3555940904994675
1.0,1.0,0.0,0.0,0.0,0.0,0.0,4.0,8.0,20.0,10.0,0.35092438351675365
1.0,1.0,0.0,0.0,0.0,0.0,0.0,1.0,10.0,20.0,10.0,0.23252956115677664
1.0,1.0,0.0,0.0,0.0,0.0,0.0,2.0,10.0,20.0,10.0,0.23196974248341035
1.0,1.0,0.0,0.0,0.0,0.0,0.0,3.0,10.0,20.0,10.0,0.2337038149594473
1.0,1.0,0.0,0.0,0.0,0.0,0.0,4.0,10.0,20.0,10.0,0.22600289467216478
1.0,1.0,0.0,0.0,0.0,0.0,0.0,1.0,16.0,20.0,10.0,0.15557497473988918
1.0,1.0,0.0,0.0,0.0,0.0,0.0,2.0,16.0,20.0,10.0,0.15735000955787987
1.0,1.0,0.0,0.0,0.0,0.0,0.0,3.0,16.0,20.0,10.0,0.1578005953193698
1.0,1.0,0.0,0.0,0.0,0.0,0.0,4.0,16.0,20.0,10.0,0.15912504437587055
1.0,1.0,0.0,0.0,0.0,0.0,0.0,1.0,20.0,20.0,10.0,0.13547611895464112
1.0,1.0,0.0,0.0,0.0,0.0,0.0,2.0,20.0,20.0,10.0,0.1418116278434693
1.0,1.0,0.0,0.0,0.0,0.0,0.0,3.0,20.0,20.0,10.0,0.13943581201015876
1.0,1.0,0.0,0.0,0.0,0.0,0.0,4.0,20.0,20.0,10.0,0.1495262022447364
1.0,1.0,0.0,0.0,0.0,0.0,0.0,1.0,32.0,20.0,10.0,0.10465878369152631
1.0,1.0,0.0,0.0,0.0,0.0,0.0,2.0,32.0,20.0,10.0,0.1113356454299681
1.0,1.0,0.0,0.0,0.0,0.0,0.0,3.0,32.0,20.0,10.0,0.10778557579398679
1.0,1.0,0.0,0.0,0.0,0.0,0.0,4.0,32.0,20.0,10.0,0.11834020590403899
1.0,1.0,0.0,0.0,0.0,0.0,0.0,1.0,64.0,20.0,10.0,0.06803844998498054
1.0,1.0,0.0,0.0,0.0,0.0,0.0,2.0,64.0,20.0,10.0,0.07169775253283817
1.0,1.0,0.0,0.0,0.0,0.0,0.0,3.0,64.0,20.0,10.0,0.06975886834703299
1.0,1.0,0.0,0.0,0.0,0.0,0.0,4.0,64.0,20.0,10.0,0.08219776618695218
1.0,1.0,0.0,0.0,0.0,0.0,0.0,1.0,128.0,20.0,10.0,0.045044922035009205
1.0,1.0,0.0,0.0,0.0,0.0,0.0,2.0,128.0,20.0,10.0,0.045399928998607286
1.0,1.0,0.0,0.0,0.0,0.0,0.0,3.0,128.0,20.0,10.0,0.04568666539228272
1.0,1.0,0.0,0.0,0.0,0.0,0.0,4.0,128.0,20.0,10.0,0.04844479641716054
1.0,1.0,0.0,0.0,0.0,0.0,0.0,1.0,0.0,32.0,10.0,0.025342035555312836
1.0,1.0,0.0,0.0,0.0,0.0,0.0,2.0,0.0,32.0,10.0,0.02556050137906557
1.0,1.0,0.0,0.0,0.0,0.0,0.0,3.0,0.0,32.0,10.0,0.025847237772741005
1.0,1.0,0.0,0.0,0.0,0.0,0.0,4.0,0.0,32.0,10.0,0.02610666593844735
1.0,1.0,0.0,0.0,0.0,0.0,0.0,1.0,8.0,32.0,10.0,0.2717851388623394
1.0,1.0,0.0,0.0,0.0,0.0,0.0,2.0,8.0,32.0,10.0,0.2790354733881319
1.0,1.0,0.0,0.0,0.0,0.0,0.0,3.0,8.0,32.0,10.0,0.2726316939293811
1.0,1.0,0.0,0.0,0.0,0.0,0.0,4.0,8.0,32.0,10.0,0.26897239138152335
1.0,1.0,0.0,0.0,0.0,0.0,0.0,1.0,10.0,32.0,10.0,0.16483246402140977
1.0,1.0,0.0,0.0,0.0,0.0,0.0,2.0,10.0,32.0,10.0,0.1634670526229554
1.0,1.0,0.0,0.0,0.0,0.0,0.0,3.0,10.0,32.0,10.0,0.16395860072639895
1.0,1.0,0.0,0.0,0.0,0.0,0.0,4.0,10.0,32.0,10.0,0.15646249214888447
1.0,1.0,0.0,0.0,0.0,0.0,0.0,1.0,16.0,32.0,10.0,0.11390261885906233
1.0,1.0,0.0,0.0,0.0,0.0,0.0,2.0,16.0,32.0,10.0,0.11560938310713026
1.0,1.0,0.0,0.0,0.0,0.0,0.0,3.0,16.0,32.0,10.0,0.11611458532455837
1.0,1.0,0.0,0.0,0.0,0.0,0.0,4.0,16.0,32.0,10.0,0.1177257707747345
1.0,1.0,0.0,0.0,0.0,0.0,0.0,1.0,20.0,32.0,10.0,0.10099948114366869
1.0,1.0,0.0,0.0,0.0,0.0,0.0,2.0,20.0,32.0,10.0,0.10614708211584156
1.0,1.0,0.0,0.0,0.0,0.0,0.0,3.0,20.0,32.0,10.0,0.10413992736011368
1.0,1.0,0.0,0.0,0.0,0.0,0.0,4.0,20.0,32.0,10.0,0.11552745842322293
1.0,1.0,0.0,0.0,0.0,0.0,0.0,1.0,32.0,32.0,10.0,0.08251181080859671
1.0,1.0,0.0,0.0,0.0,0.0,0.0,2.0,32.0,32.0,10.0,0.08802807285835229
1.0,1.0,0.0,0.0,0.0,0.0,0.0,3.0,32.0,32.0,10.0,0.08641688740817616
1.0,1.0,0.0,0.0,0.0,0.0,0.0,4.0,32.0,32.0,10.0,0.09735383270979553
1.0,1.0,0.0,0.0,0.0,0.0,0.0,1.0,64.0,32.0,10.0,0.05756574455883562
1.0,1.0,0.0,0.0,0.0,0.0,0.0,2.0,64.0,32.0,10.0,0.05871269013353725
1.0,1.0,0.0,0.0,0.0,0.0,0.0,3.0,64.0,32.0,10.0,0.0626177667331167
1.0,1.0,0.0,0.0,0.0,0.0,0.0,4.0,64.0,32.0,10.0,0.07470165760943775
1.0,1.0,0.0,0.0,0.0,0.0,0.0,1.0,128.0,32.0,10.0,0.0427237226576368
1.0,1.0,0.0,0.0,0.0,0.0,0.0,2.0,128.0,32.0,10.0,0.04178158879270327
1.0,1.0,0.0,0.0,0.0,0.0,0.0,3.0,128.0,32.0,10.0,0.04426663753789023
1.0,1.0,0.0,0.0,0.0,0.0,0.0,4.0,128.0,32.0,10.0,0.044922035009148265
1.0,1.0,0.0,0.0,0.0,0.0,0.0,1.0,0.0,64.0,10.0,0.03864114257625828
1.0,1.0,0.0,0.0,0.0,0.0,0.0,2.0,0.0,64.0,10.0,0.03804036156093832
1.0,1.0,0.0,0.0,0.0,0.0,0.0,3.0,0.0,64.0,10.0,0.0322373631175073
1.0,1.0,0.0,0.0,0.0,0.0,0.0,4.0,0.0,64.0,10.0,0.03345257926213169
1.0,1.0,0.0,0.0,0.0,0.0,0.0,1.0,8.0,64.0,10.0,0.2034053360277453
1.0,1.0,0.0,0.0,0.0,0.0,0.0,2.0,8.0,64.0,10.0,0.206791556295912
1.0,1.0,0.0,0.0,0.0,0.0,0.0,3.0,8.0,64.0,10.0,0.20138452715803273
1.0,1.0,0.0,0.0,0.0,0.0,0.0,4.0,8.0,64.0,10.0,0.1954040252328027
1.0,1.0,0.0,0.0,0.0,0.0,0.0,1.0,10.0,64.0,10.0,0.11448974576039767
1.0,1.0,0.0,0.0,0.0,0.0,0.0,2.0,10.0,64.0,10.0,0.10960157295393108
1.0,1.0,0.0,0.0,0.0,0.0,0.0,3.0,10.0,64.0,10.0,0.11050274447691094
1.0,1.0,0.0,0.0,0.0,0.0,0.0,4.0,10.0,64.0,10.0,0.100480624812256
1.0,1.0,0.0,0.0,0.0,0.0,0.0,1.0,16.0,64.0,10.0,0.0814467899178023
1.0,1.0,0.0,0.0,0.0,0.0,0.0,2.0,16.0,64.0,10.0,0.08184275922335404
1.0,1.0,0.0,0.0,0.0,0.0,0.0,3.0,16.0,64.0,10.0,0.0811190911821732
1.0,1.0,0.0,0.0,0.0,0.0,0.0,4.0,16.0,64.0,10.0,0.08136486523389502
1.0,1.0,0.0,0.0,0.0,0.0,0.0,1.0,20.0,64.0,10.0,0.07281738987957076
1.0,1.0,0.0,0.0,0.0,0.0,0.0,2.0,20.0,64.0,10.0,0.07777383325596005
1.0,1.0,0.0,0.0,0.0,0.0,0.0,3.0,20.0,64.0,10.0,0.0757257161582785
1.0,1.0,0.0,0.0,0.0,0.0,0.0,4.0,20.0,64.0,10.0,0.08536552063136632
1.0,1.0,0.0,0.0,0.0,0.0,0.0,1.0,32.0,64.0,10.0,0.06293181135476122
1.0,1.0,0.0,0.0,0.0,0.0,0.0,2.0,32.0,64.0,10.0,0.06781998416122786
1.0,1.0,0.0,0.0,0.0,0.0,0.0,3.0,32.0,64.0,10.0,0.06670034681449527
1.0,1.0,0.0,0.0,0.0,0.0,0.0,4.0,32.0,64.0,10.0,0.07694093230290289
1.0,1.0,0.0,0.0,0.0,0.0,0.0,1.0,64.0,64.0,10.0,0.05256833884049267
1.0,1.0,0.0,0.0,0.0,0.0,0.0,2.0,64.0,64.0,10.0,0.050206177121166706
1.0,1.0,0.0,0.0,0.0,0.0,0.0,3.0,64.0,64.0,10.0,0.05684207651765483
1.0,1.0,0.0,0.0,0.0,0.0,0.0,4.0,64.0,64.0,10.0,0.06496627433845825
1.0,1.0,0.0,0.0,0.0,0.0,0.0,1.0,128.0,64.0,10.0,0.05345585624948801
1.0,1.0,0.0,0.0,0.0,0.0,0.0,2.0,128.0,64.0,10.0,0.04863595401294418
1.0,1.0,0.0,0.0,0.0,0.0,0.0,3.0,128.0,64.0,10.0,0.05598186733662858
1.0,1.0,0.0,0.0,0.0,0.0,0.0,4.0,128.0,64.0,10.0,0.052882383462137195
1.0,1.0,0.0,0.0,0.0,0.0,0.0,1.0,0.0,128.0,10.0,0.15209317567383057
1.0,1.0,0.0,0.0,0.0,0.0,0.0,2.0,0.0,128.0,10.0,0.15207952155984605
1.0,1.0,0.0,0.0,0.0,0.0,0.0,3.0,0.0,128.0,10.0,0.14172970315956201
1.0,1.0,0.0,0.0,0.0,0.0,0.0,4.0,0.0,128.0,10.0,0.14377782025724356
1.0,1.0,0.0,0.0,0.0,0.0,0.0,1.0,8.0,128.0,10.0,0.17561921406919917
1.0,1.0,0.0,0.0,0.0,0.0,0.0,2.0,8.0,128.0,10.0,0.17223299380103235
1.0,1.0,0.0,0.0,0.0,0.0,0.0,3.0,8.0,128.0,10.0,0.16602037193806501
1.0,1.0,0.0,0.0,0.0,0.0,0.0,4.0,8.0,128.0,10.0,0.1635626314208472
1.0,1.0,0.0,0.0,0.0,0.0,0.0,1.0,10.0,128.0,10.0,0.0928343209809116
1.0,1.0,0.0,0.0,0.0,0.0,0.0,2.0,10.0,128.0,10.0,0.0888336655834403
1.0,1.0,0.0,0.0,0.0,0.0,0.0,3.0,10.0,128.0,10.0,0.08415030448674193
1.0,1.0,0.0,0.0,0.0,0.0,0.0,4.0,10.0,128.0,10.0,0.07609437723586121
1.0,1.0,0.0,0.0,0.0,0.0,0.0,1.0,16.0,128.0,10.0,0.06760151833747513
1.0,1.0,0.0,0.0,0.0,0.0,0.0,2.0,16.0,128.0,10.0,0.06812037466888776
1.0,1.0,0.0,0.0,0.0,0.0,0.0,3.0,16.0,128.0,10.0,0.06394221578961745
1.0,1.0,0.0,0.0,0.0,0.0,0.0,4.0,16.0,128.0,10.0,0.06624976105300534
1.0,1.0,0.0,0.0,0.0,0.0,0.0,1.0,20.0,128.0,10.0,0.05910865943908905
1.0,1.0,0.0,0.0,0.0,0.0,0.0,2.0,20.0,128.0,10.0,0.06457030503290645
1.0,1.0,0.0,0.0,0.0,0.0,0.0,3.0,20.0,128.0,10.0,0.06233103033944132
1.0,1.0,0.0,0.0,0.0,0.0,0.0,4.0,20.0,128.0,10.0,0.0739370272263033
1.0,1.0,0.0,0.0,0.0,0.0,0.0,1.0,32.0,128.0,10.0,0.05628225784428853
1.0,1.0,0.0,0.0,0.0,0.0,0.0,2.0,32.0,128.0,10.0,0.059927906278161636
1.0,1.0,0.0,0.0,0.0,0.0,0.0,3.0,32.0,128.0,10.0,0.059777711024331714
1.0,1.0,0.0,0.0,0.0,0.0,0.0,4.0,32.0,128.0,10.0,0.07169775253283817
1.0,1.0,0.0,0.0,0.0,0.0,0.0,1.0,64.0,128.0,10.0,0.06407875692946291
1.0,1.0,0.0,0.0,0.0,0.0,0.0,2.0,64.0,128.0,10.0,0.06229006799748771
1.0,1.0,0.0,0.0,0.0,0.0,0.0,3.0,64.0,128.0,10.0,0.06211256451568864
1.0,1.0,0.0,0.0,0.0,0.0,0.0,4.0,64.0,128.0,10.0,0.07105600917556465
1.0,1.0,0.0,0.0,0.0,0.0,0.0,1.0,128.0,128.0,10.0,0.08374068106720561
1.0,1.0,0.0,0.0,0.0,0.0,0.0,2.0,128.0,128.0,10.0,0.07367759906059701
1.0,1.0,0.0,0.0,0.0,0.0,0.0,3.0,128.0,128.0,10.0,0.08282585543024118
1.0,1.0,0.0,0.0,0.0,0.0,0.0,4.0,128.0,128.0,10.0,0.07922116933832168
1.0,1.0,0.0,0.0,0.0,0.0,0.0,1.0,0.0,0.0,16.0,0.1955951828285863
1.0,1.0,0.0,0.0,0.0,0.0,0.0,2.0,0.0,0.0,16.0,0.196141347387968
1.0,1.0,0.0,0.0,0.0,0.0,0.0,3.0,0.0,0.0,16.0,0.18794887899724194
1.0,1.0,0.0,0.0,0.0,0.0,0.0,4.0,0.0,0.0,16.0,0.18793522488325737
1.0,1.0,0.0,0.0,0.0,0.0,0.0,1.0,8.0,0.0,16.0,0.16109123678964482
1.0,1.0,0.0,0.0,0.0,0.0,0.0,2.0,8.0,0.0,16.0,0.1814222125126302
1.0,1.0,0.0,0.0,0.0,0.0,0.0,3.0,8.0,0.0,16.0,0.1416614325896393
1.0,1.0,0.0,0.0,0.0,0.0,0.0,4.0,8.0,0.0,16.0,0.1651465086430542
1.0,1.0,0.0,0.0,0.0,0.0,0.0,1.0,10.0,0.0,16.0,0.15132854529069617
1.0,1.0,0.0,0.0,0.0,0.0,0.0,2.0,10.0,0.0,16.0,0.22770965892023282
1.0,1.0,0.0,0.0,0.0,0.0,0.0,3.0,10.0,0.0,16.0,0.13443840629181575
1.0,1.0,0.0,0.0,0.0,0.0,0.0,4.0,10.0,0.0,16.0,0.20173953412163087
1.0,1.0,0.0,0.0,0.0,0.0,0.0,1.0,16.0,0.0,16.0,0.1309975695677108
1.0,1.0,0.0,0.0,0.0,0.0,0.0,2.0,16.0,0.0,16.0,0.1763428821103799
1.0,1.0,0.0,0.0,0.0,0.0,0.0,3.0,16.0,0.0,16.0,0.12011524072202961
1.0,1.0,0.0,0.0,0.0,0.0,0.0,4.0,16.0,0.0,16.0,0.17268357956252228
1.0,1.0,0.0,0.0,0.0,0.0,0.0,1.0,20.0,0.0,16.0,0.10389415330839186
1.0,1.0,0.0,0.0,0.0,0.0,0.0,2.0,20.0,0.0,16.0,0.13938119555422057
1.0,1.0,0.0,0.0,0.0,0.0,0.0,3.0,20.0,0.0,16.0,0.10961522706791565
1.0,1.0,0.0,0.0,0.0,0.0,0.0,4.0,20.0,0.0,16.0,0.1496627433845818
1.0,1.0,0.0,0.0,0.0,0.0,0.0,1.0,32.0,0.0,16.0,0.09235642699145258
1.0,1.0,0.0,0.0,0.0,0.0,0.0,2.0,32.0,0.0,16.0,0.1154045713973621
1.0,1.0,0.0,0.0,0.0,0.0,0.0,3.0,32.0,0.0,16.0,0.09687593872033645
1.0,1.0,0.0,0.0,0.0,0.0,0.0,4.0,32.0,0.0,16.0,0.12240913187143293
1.0,1.0,0.0,0.0,0.0,0.0,0.0,1.0,64.0,0.0,16.0,0.14138835030994845
1.0,1.0,0.0,0.0,0.0,0.0,0.0,2.0,64.0,0.0,16.0,0.22628963106584016
1.0,1.0,0.0,0.0,0.0,0.0,0.0,3.0,64.0,0.0,16.0,0.11394358120101589
1.0,1.0,0.0,0.0,0.0,0.0,0.0,4.0,64.0,0.0,16.0,0.21401458259373557
1.0,1.0,0.0,0.0,0.0,0.0,0.0,1.0,128.0,0.0,16.0,0.217619268685655
1.0,1.0,0.0,0.0,0.0,0.0,0.0,2.0,128.0,0.0,16.0,0.25432152707610806
1.0,1.0,0.0,0.0,0.0,0.0,0.0,3.0,128.0,0.0,16.0,0.22439170922198864
1.0,1.0,0.0,0.0,0.0,0.0,0.0,4.0,128.0,0.0,16.0,0.2683033397962808
1.0,1.0,0.0,0.0,0.0,0.0,0.0,1.0,0.0,8.0,16.0,0.021068297878150732
1.0,1.0,0.0,0.0,0.0,0.0,0.0,2.0,0.0,8.0,16.0,0.020959064966274366
1.0,1.0,0.0,0.0,0.0,0.0,0.0,3.0,0.0,8.0,16.0,0.022242551680821454
1.0,1.0,0.0,0.0,0.0,0.0,0.0,4.0,0.0,8.0,16.0,0.02190119883120789
1.0,1.0,0.0,0.0,0.0,0.0,0.0,1.0,8.0,8.0,16.0,0.6909800923018106
1.0,1.0,0.0,0.0,0.0,0.0,0.0,2.0,8.0,8.0,16.0,0.6909391299598568
1.0,1.0,0.0,0.0,0.0,0.0,0.0,3.0,8.0,8.0,16.0,0.6860509571533904
1.0,1.0,0.0,0.0,0.0,0.0,0.0,4.0,8.0,8.0,16.0,0.6888910128621755
1.0,1.0,0.0,0.0,0.0,0.0,0.0,1.0,10.0,8.0,16.0,0.5190201807804693
1.0,1.0,0.0,0.0,0.0,0.0,0.0,2.0,10.0,8.0,16.0,0.5165624402632514
1.0,1.0,0.0,0.0,0.0,0.0,0.0,3.0,10.0,8.0,16.0,0.5074961085775145
1.0,1.0,0.0,0.0,0.0,0.0,0.0,4.0,10.0,8.0,16.0,0.5050110598323276
1.0,1.0,0.0,0.0,0.0,0.0,0.0,1.0,16.0,8.0,16.0,0.332218247357929
1.0,1.0,0.0,0.0,0.0,0.0,0.0,2.0,16.0,8.0,16.0,0.33628717332532304
1.0,1.0,0.0,0.0,0.0,0.0,0.0,3.0,16.0,8.0,16.0,0.3236707720036048
1.0,1.0,0.0,0.0,0.0,0.0,0.0,4.0,16.0,8.0,16.0,0.33456675496327043
1.0,1.0,0.0,0.0,0.0,0.0,0.0,1.0,20.0,8.0,16.0,0.27454326988721717
1.0,1.0,0.0,0.0,0.0,0.0,0.0,2.0,20.0,8.0,16.0,0.28091974111799894
1.0,1.0,0.0,0.0,0.0,0.0,0.0,3.0,20.0,8.0,16.0,0.27473442748300064
1.0,1.0,0.0,0.0,0.0,0.0,0.0,4.0,20.0,8.0,16.0,0.2877877604522244
1.0,1.0,0.0,0.0,0.0,0.0,0.0,1.0,32.0,8.0,16.0,0.1898741090690626
1.0,1.0,0.0,0.0,0.0,0.0,0.0,2.0,32.0,8.0,16.0,0.20030585215325386
1.0,1.0,0.0,0.0,0.0,0.0,0.0,3.0,32.0,8.0,16.0,0.18725251918403024
1.0,1.0,0.0,0.0,0.0,0.0,0.0,4.0,32.0,8.0,16.0,0.2009339413965428
1.0,1.0,0.0,0.0,0.0,0.0,0.0,1.0,64.0,8.0,16.0,0.11162238182364348
1.0,1.0,0.0,0.0,0.0,0.0,0.0,2.0,64.0,8.0,16.0,0.11726153089926
1.0,1.0,0.0,0.0,0.0,0.0,0.0,3.0,64.0,8.0,16.0,0.10743056883038865
1.0,1.0,0.0,0.0,0.0,0.0,0.0,4.0,64.0,8.0,16.0,0.1208662169911795
1.0,1.0,0.0,0.0,0.0,0.0,0.0,1.0,128.0,8.0,16.0,0.06716458668996972
1.0,1.0,0.0,0.0,0.0,0.0,0.0,2.0,128.0,8.0,16.0,0.06952674840929579
1.0,1.0,0.0,0.0,0.0,0.0,0.0,3.0,128.0,8.0,16.0,0.06216718097162682
1.0,1.0,0.0,0.0,0.0,0.0,0.0,4.0,128.0,8.0,16.0,0.06812037466888776
1.0,1.0,0.0,0.0,0.0,0.0,0.0,1.0,0.0,10.0,16.0,0.04010213277260444
1.0,1.0,0.0,0.0,0.0,0.0,0.0,2.0,0.0,10.0,16.0,0.04053906442010985
1.0,1.0,0.0,0.0,0.0,0.0,0.0,3.0,0.0,10.0,16.0,0.04040252328026439
1.0,1.0,0.0,0.0,0.0,0.0,0.0,4.0,0.0,10.0,16.0,0.039883666948851704
1.0,1.0,0.0,0.0,0.0,0.0,0.0,1.0,8.0,10.0,16.0,0.618640596411699
1.0,1.0,0.0,0.0,0.0,0.0,0.0,2.0,8.0,10.0,16.0,0.6214123815505612
1.0,1.0,0.0,0.0,0.0,0.0,0.0,3.0,8.0,10.0,16.0,0.6157049619050221
1.0,1.0,0.0,0.0,0.0,0.0,0.0,4.0,8.0,10.0,16.0,0.6121412381550562
1.0,1.0,0.0,0.0,0.0,0.0,0.0,1.0,10.0,10.0,16.0,0.44644856495262036
1.0,1.0,0.0,0.0,0.0,0.0,0.0,2.0,10.0,10.0,16.0,0.44082306999098847
1.0,1.0,0.0,0.0,0.0,0.0,0.0,3.0,10.0,10.0,16.0,0.44770474343919836
1.0,1.0,0.0,0.0,0.0,0.0,0.0,4.0,10.0,10.0,16.0,0.438802261121276
1.0,1.0,0.0,0.0,0.0,0.0,0.0,1.0,16.0,10.0,16.0,0.297072557961714
1.0,1.0,0.0,0.0,0.0,0.0,0.0,2.0,16.0,10.0,16.0,0.2972910237854666
1.0,1.0,0.0,0.0,0.0,0.0,0.0,3.0,16.0,10.0,16.0,0.2960484994128732
1.0,1.0,0.0,0.0,0.0,0.0,0.0,4.0,16.0,10.0,16.0,0.30019935006417436
1.0,1.0,0.0,0.0,0.0,0.0,0.0,1.0,20.0,10.0,16.0,0.2508670362380186
1.0,1.0,0.0,0.0,0.0,0.0,0.0,2.0,20.0,10.0,16.0,0.2569158087331714
1.0,1.0,0.0,0.0,0.0,0.0,0.0,3.0,20.0,10.0,16.0,0.25130396788552406
1.0,1.0,0.0,0.0,0.0,0.0,0.0,4.0,20.0,10.0,16.0,0.26794833283268255
1.0,1.0,0.0,0.0,0.0,0.0,0.0,1.0,32.0,10.0,16.0,0.18154509953849102
1.0,1.0,0.0,0.0,0.0,0.0,0.0,2.0,32.0,10.0,16.0,0.19062508533821249
1.0,1.0,0.0,0.0,0.0,0.0,0.0,3.0,32.0,10.0,16.0,0.1835932166361725
1.0,1.0,0.0,0.0,0.0,0.0,0.0,4.0,32.0,10.0,16.0,0.19829869739752598
1.0,1.0,0.0,0.0,0.0,0.0,0.0,1.0,64.0,10.0,16.0,0.11320625904585052
1.0,1.0,0.0,0.0,0.0,0.0,0.0,2.0,64.0,10.0,16.0,0.11895464103334341
1.0,1.0,0.0,0.0,0.0,0.0,0.0,3.0,64.0,10.0,16.0,0.11294683088014429
1.0,1.0,0.0,0.0,0.0,0.0,0.0,4.0,64.0,10.0,16.0,0.12591823916546063
1.0,1.0,0.0,0.0,0.0,0.0,0.0,1.0,128.0,10.0,16.0,0.07365029083262792
1.0,1.0,0.0,0.0,0.0,0.0,0.0,2.0,128.0,10.0,16.0,0.07661323356727384
1.0,1.0,0.0,0.0,0.0,0.0,0.0,3.0,128.0,10.0,16.0,0.07206641361042088
1.0,1.0,0.0,0.0,0.0,0.0,0.0,4.0,128.0,10.0,16.0,0.07720036046860923
1.0,1.0,0.0,0.0,0.0,0.0,0.0,1.0,0.0,16.0,16.0,0.019443458313990025
1.0,1.0,0.0,0.0,0.0,0.0,0.0,2.0,0.0,16.0,16.0,0.019470766541959117
1.0,1.0,0.0,0.0,0.0,0.0,0.0,3.0,0.0,16.0,16.0,0.019443458313990025
1.0,1.0,0.0,0.0,0.0,0.0,0.0,4.0,0.0,16.0,16.0,0.019388841858051842
1.0,1.0,0.0,0.0,0.0,0.0,0.0,1.0,8.0,16.0,16.0,0.4095688030803682
1.0,1.0,0.0,0.0,0.0,0.0,0.0,2.0,8.0,16.0,16.0,0.4179797372948471
1.0,1.0,0.0,0.0,0.0,0.0,0.0,3.0,8.0,16.0,16.0,0.40797127174417663
1.0,1.0,0.0,0.0,0.0,0.0,0.0,4.0,8.0,16.0,16.0,0.4105518992872553
1.0,1.0,0.0,0.0,0.0,0.0,0.0,1.0,10.0,16.0,16.0,0.27794314426936845
1.0,1.0,0.0,0.0,0.0,0.0,0.0,2.0,10.0,16.0,16.0,0.27858488762664196
1.0,1.0,0.0,0.0,0.0,0.0,0.0,3.0,10.0,16.0,16.0,0.27971817908735913
1.0,1.0,0.0,0.0,0.0,0.0,0.0,4.0,10.0,16.0,16.0,0.2747207733690162
1.0,1.0,0.0,0.0,0.0,0.0,0.0,1.0,16.0,16.0,16.0,0.17865042737376774
1.0,1.0,0.0,0.0,0.0,0.0,0.0,2.0,16.0,16.0,16.0,0.18677462519457116
1.0,1.0,0.0,0.0,0.0,0.0,0.0,3.0,16.0,16.0,16.0,0.18261012042928543
1.0,1.0,0.0,0.0,0.0,0.0,0.0,4.0,16.0,16.0,16.0,0.18915044102788175
1.0,1.0,0.0,0.0,0.0,0.0,0.0,1.0,20.0,16.0,16.0,0.15476938201480112
1.0,1.0,0.0,0.0,0.0,0.0,0.0,2.0,20.0,16.0,16.0,0.16162374723504197
1.0,1.0,0.0,0.0,0.0,0.0,0.0,3.0,20.0,16.0,16.0,0.15851060924656607
1.0,1.0,0.0,0.0,0.0,0.0,0.0,4.0,20.0,16.0,16.0,0.1710041235424234
1.0,1.0,0.0,0.0,0.0,0.0,0.0,1.0,32.0,16.0,16.0,0.11462628690024307
1.0,1.0,0.0,0.0,0.0,0.0,0.0,2.0,32.0,16.0,16.0,0.12433436194325354
1.0,1.0,0.0,0.0,0.0,0.0,0.0,3.0,32.0,16.0,16.0,0.11854501761380715
1.0,1.0,0.0,0.0,0.0,0.0,0.0,4.0,32.0,16.0,16.0,0.13117507304950993
1.0,1.0,0.0,0.0,0.0,0.0,0.0,1.0,64.0,16.0,16.0,0.07203910538245178
1.0,1.0,0.0,0.0,0.0,0.0,0.0,2.0,64.0,16.0,16.0,0.07601245255195399
1.0,1.0,0.0,0.0,0.0,0.0,0.0,3.0,64.0,16.0,16.0,0.07337720855293706
1.0,1.0,0.0,0.0,0.0,0.0,0.0,4.0,64.0,16.0,16.0,0.08517436303558268
1.0,1.0,0.0,0.0,0.0,0.0,0.0,1.0,128.0,16.0,16.0,0.044512411589612
1.0,1.0,0.0,0.0,0.0,0.0,0.0,2.0,128.0,16.0,16.0,0.04535896665665373
1.0,1.0,0.0,0.0,0.0,0.0,0.0,3.0,128.0,16.0,16.0,0.04433490810781293
1.0,1.0,0.0,0.0,0.0,0.0,0.0,4.0,128.0,16.0,16.0,0.04929135148420222
1.0,1.0,0.0,0.0,0.0,0.0,0.0,1.0,0.0,20.0,16.0,0.019443458313990025
1.0,1.0,0.0,0.0,0.0,0.0,0.0,2.0,0.0,20.0,16.0,0.01948442065594369
1.0,1.0,0.0,0.0,0.0,0.0,0.0,3.0,0.0,20.0,16.0,0.020057893443294506
1.0,1.0,0.0,0.0,0.0,0.0,0.0,4.0,0.0,20.0,16.0,0.020699636800568022
1.0,1.0,0.0,0.0,0.0,0.0,0.0,1.0,8.0,20.0,16.0,0.35739643354542733
1.0,1.0,0.0,0.0,0.0,0.0,0.0,2.0,8.0,20.0,16.0,0.364373685791529
1.0,1.0,0.0,0.0,0.0,0.0,0.0,3.0,8.0,20.0,16.0,0.3563314126546329
1.0,1.0,0.0,0.0,0.0,0.0,0.0,4.0,8.0,20.0,16.0,0.3524809525109917
1.0,1.0,0.0,0.0,0.0,0.0,0.0,1.0,10.0,20.0,16.0,0.23242032824490028
1.0,1.0,0.0,0.0,0.0,0.0,0.0,2.0,10.0,20.0,16.0,0.23149184849395127
1.0,1.0,0.0,0.0,0.0,0.0,0.0,3.0,10.0,20.0,16.0,0.23614790136268066
1.0,1.0,0.0,0.0,0.0,0.0,0.0,4.0,10.0,20.0,16.0,0.23125972855621407
1.0,1.0,0.0,0.0,0.0,0.0,0.0,1.0,16.0,20.0,16.0,0.15504246429449203
1.0,1.0,0.0,0.0,0.0,0.0,0.0,2.0,16.0,20.0,16.0,0.15829214342281334
1.0,1.0,0.0,0.0,0.0,0.0,0.0,3.0,16.0,20.0,16.0,0.15711788962014267
1.0,1.0,0.0,0.0,0.0,0.0,0.0,4.0,16.0,20.0,16.0,0.1591523526038396
1.0,1.0,0.0,0.0,0.0,0.0,0.0,1.0,20.0,20.0,16.0,0.13300472432343868
1.0,1.0,0.0,0.0,0.0,0.0,0.0,2.0,20.0,20.0,16.0,0.1411835386001803
1.0,1.0,0.0,0.0,0.0,0.0,0.0,3.0,20.0,20.0,16.0,0.1382479040935034
1.0,1.0,0.0,0.0,0.0,0.0,0.0,4.0,20.0,20.0,16.0,0.1495262022447364
1.0,1.0,0.0,0.0,0.0,0.0,0.0,1.0,32.0,20.0,16.0,0.10306125235533475
1.0,1.0,0.0,0.0,0.0,0.0,0.0,2.0,32.0,20.0,16.0,0.1094104153581475
1.0,1.0,0.0,0.0,0.0,0.0,0.0,3.0,32.0,20.0,16.0,0.10513667768098534
1.0,1.0,0.0,0.0,0.0,0.0,0.0,4.0,32.0,20.0,16.0,0.11802616128239446
1.0,1.0,0.0,0.0,0.0,0.0,0.0,1.0,64.0,20.0,16.0,0.06685054206832519
1.0,1.0,0.0,0.0,0.0,0.0,0.0,2.0,64.0,20.0,16.0,0.07016849176656931
1.0,1.0,0.0,0.0,0.0,0.0,0.0,3.0,64.0,20.0,16.0,0.06964963543515662
1.0,1.0,0.0,0.0,0.0,0.0,0.0,4.0,64.0,20.0,16.0,0.08039542314099246
1.0,1.0,0.0,0.0,0.0,0.0,0.0,1.0,128.0,20.0,16.0,0.04159043119691963
1.0,1.0,0.0,0.0,0.0,0.0,0.0,2.0,128.0,20.0,16.0,0.042054671072394134
1.0,1.0,0.0,0.0,0.0,0.0,0.0,3.0,128.0,20.0,16.0,0.041849859362625974
1.0,1.0,0.0,0.0,0.0,0.0,0.0,4.0,128.0,20.0,16.0,0.045823206532128125
1.0,1.0,0.0,0.0,0.0,0.0,0.0,1.0,0.0,32.0,16.0,0.01728610830443217
1.0,1.0,0.0,0.0,0.0,0.0,0.0,2.0,0.0,32.0,16.0,0.017900543433736593
1.0,1.0,0.0,0.0,0.0,0.0,0.0,3.0,0.0,32.0,16.0,0.020194434583139964
1.0,1.0,0.0,0.0,0.0,0.0,0.0,4.0,0.0,32.0,16.0,0.01960730768180452
1.0,1.0,0.0,0.0,0.0,0.0,0.0,1.0,8.0,32.0,16.0,0.26823506922635804
1.0,1.0,0.0,0.0,0.0,0.0,0.0,2.0,8.0,32.0,16.0,0.27743794205194033
1.0,1.0,0.0,0.0,0.0,0.0,0.0,3.0,8.0,32.0,16.0,0.26939566891504424
1.0,1.0,0.0,0.0,0.0,0.0,0.0,4.0,8.0,32.0,16.0,0.2651765476938202
1.0,1.0,0.0,0.0,0.0,0.0,0.0,1.0,10.0,32.0,16.0,0.16405417952429074
1.0,1.0,0.0,0.0,0.0,0.0,0.0,2.0,10.0,32.0,16.0,0.16096834976378388
1.0,1.0,0.0,0.0,0.0,0.0,0.0,3.0,10.0,32.0,16.0,0.16367186433272357
1.0,1.0,0.0,0.0,0.0,0.0,0.0,4.0,10.0,32.0,16.0,0.15535650891613656
1.0,1.0,0.0,0.0,0.0,0.0,0.0,1.0,16.0,32.0,16.0,0.11159507359567444
1.0,1.0,0.0,0.0,0.0,0.0,0.0,2.0,16.0,32.0,16.0,0.1142439717086759
1.0,1.0,0.0,0.0,0.0,0.0,0.0,3.0,16.0,32.0,16.0,0.11313798847592782
1.0,1.0,0.0,0.0,0.0,0.0,0.0,4.0,16.0,32.0,16.0,0.11630574292034196
1.0,1.0,0.0,0.0,0.0,0.0,0.0,1.0,20.0,32.0,16.0,0.0987875146781726
1.0,1.0,0.0,0.0,0.0,0.0,0.0,2.0,20.0,32.0,16.0,0.10321144760916467
1.0,1.0,0.0,0.0,0.0,0.0,0.0,3.0,20.0,32.0,16.0,0.10247412545399931
1.0,1.0,0.0,0.0,0.0,0.0,0.0,4.0,20.0,32.0,16.0,0.11373876949124778
1.0,1.0,0.0,0.0,0.0,0.0,0.0,1.0,32.0,32.0,16.0,0.07804691553565091
1.0,1.0,0.0,0.0,0.0,0.0,0.0,2.0,32.0,32.0,16.0,0.08319451650782389
1.0,1.0,0.0,0.0,0.0,0.0,0.0,3.0,32.0,32.0,16.0,0.08156967694366318
1.0,1.0,0.0,0.0,0.0,0.0,0.0,4.0,32.0,32.0,16.0,0.0928343209809116
1.0,1.0,0.0,0.0,0.0,0.0,0.0,1.0,64.0,32.0,16.0,0.053810863213086146
1.0,1.0,0.0,0.0,0.0,0.0,0.0,2.0,64.0,32.0,16.0,0.055394740435293244
1.0,1.0,0.0,0.0,0.0,0.0,0.0,3.0,64.0,32.0,16.0,0.05909500532510453
1.0,1.0,0.0,0.0,0.0,0.0,0.0,4.0,64.0,32.0,16.0,0.07007291296867751
1.0,1.0,0.0,0.0,0.0,0.0,0.0,1.0,128.0,32.0,16.0,0.042218520440208684
1.0,1.0,0.0,0.0,0.0,0.0,0.0,2.0,128.0,32.0,16.0,0.04083945492776975
1.0,1.0,0.0,0.0,0.0,0.0,0.0,3.0,128.0,32.0,16.0,0.04406182582812207
1.0,1.0,0.0,0.0,0.0,0.0,0.0,4.0,128.0,32.0,16.0,0.04481280209727195
1.0,1.0,0.0,0.0,0.0,0.0,0.0,1.0,0.0,64.0,16.0,0.028591714683634195
1.0,1.0,0.0,0.0,0.0,0.0,0.0,2.0,0.0,64.0,16.0,0.02926076626887686
1.0,1.0,0.0,0.0,0.0,0.0,0.0,3.0,0.0,64.0,16.0,0.02343045959747675
1.0,1.0,0.0,0.0,0.0,0.0,0.0,4.0,0.0,64.0,16.0,0.022747753898249568
1.0,1.0,0.0,0.0,0.0,0.0,0.0,1.0,8.0,64.0,16.0,0.19971872525191853
1.0,1.0,0.0,0.0,0.0,0.0,0.0,2.0,8.0,64.0,16.0,0.19891313252683046
1.0,1.0,0.0,0.0,0.0,0.0,0.0,3.0,8.0,64.0,16.0,0.1936836068707502
1.0,1.0,0.0,0.0,0.0,0.0,0.0,4.0,8.0,64.0,16.0,0.18789426254130376
1.0,1.0,0.0,0.0,0.0,0.0,0.0,1.0,10.0,64.0,16.0,0.11160872770965896
1.0,1.0,0.0,0.0,0.0,0.0,0.0,2.0,10.0,64.0,16.0,0.10883694257079662
1.0,1.0,0.0,0.0,0.0,0.0,0.0,3.0,10.0,64.0,16.0,0.10592861629208888
1.0,1.0,0.0,0.0,0.0,0.0,0.0,4.0,10.0,64.0,16.0,0.09791365138316177
1.0,1.0,0.0,0.0,0.0,0.0,0.0,1.0,16.0,64.0,16.0,0.07735055572243921
1.0,1.0,0.0,0.0,0.0,0.0,0.0,2.0,16.0,64.0,16.0,0.07815614844752727
1.0,1.0,0.0,0.0,0.0,0.0,0.0,3.0,16.0,64.0,16.0,0.07532974685272681
1.0,1.0,0.0,0.0,0.0,0.0,0.0,4.0,16.0,64.0,16.0,0.07651765476938205
1.0,1.0,0.0,0.0,0.0,0.0,0.0,1.0,20.0,64.0,16.0,0.06700073732215522
1.0,1.0,0.0,0.0,0.0,0.0,0.0,2.0,20.0,64.0,16.0,0.07101504683361098
1.0,1.0,0.0,0.0,0.0,0.0,0.0,3.0,20.0,64.0,16.0,0.06964963543515662
1.0,1.0,0.0,0.0,0.0,0.0,0.0,4.0,20.0,64.0,16.0,0.08008137851934793
1.0,1.0,0.0,0.0,0.0,0.0,0.0,1.0,32.0,64.0,16.0,0.05514896638357142
1.0,1.0,0.0,0.0,0.0,0.0,0.0,2.0,32.0,64.0,16.0,0.058999426527212684
1.0,1.0,0.0,0.0,0.0,0.0,0.0,3.0,32.0,64.0,16.0,0.057961713864387365
1.0,1.0,0.0,0.0,0.0,0.0,0.0,4.0,32.0,64.0,16.0,0.0688713509380377
1.0,1.0,0.0,0.0,0.0,0.0,0.0,1.0,64.0,64.0,16.0,0.04884076572271234
1.0,1.0,0.0,0.0,0.0,0.0,0.0,2.0,64.0,64.0,16.0,0.04796690242770152
1.0,1.0,0.0,0.0,0.0,0.0,0.0,3.0,64.0,64.0,16.0,0.050301755919058444
1.0,1.0,0.0,0.0,0.0,0.0,0.0,4.0,64.0,64.0,16.0,0.05998252273409982
1.0,1.0,0.0,0.0,0.0,0.0,0.0,1.0,128.0,64.0,16.0,0.05756574455883562
1.0,1.0,0.0,0.0,0.0,0.0,0.0,2.0,128.0,64.0,16.0,0.052718534094322644
1.0,1.0,0.0,0.0,0.0,0.0,0.0,3.0,128.0,64.0,16.0,0.059654823998470774
1.0,1.0,0.0,0.0,0.0,0.0,0.0,4.0,128.0,64.0,16.0,0.05731997050711385
1.0,1.0,0.0,0.0,0.0,0.0,0.0,1.0,0.0,128.0,16.0,0.1506868019334226
1.0,1.0,0.0,0.0,0.0,0.0,0.0,2.0,0.0,128.0,16.0,0.14944427756082912
1.0,1.0,0.0,0.0,0.0,0.0,0.0,3.0,0.0,128.0,16.0,0.13857560282913245
1.0,1.0,0.0,0.0,0.0,0.0,0.0,4.0,0.0,128.0,16.0,0.13770173953412168
1.0,1.0,0.0,0.0,0.0,0.0,0.0,1.0,8.0,128.0,16.0,0.16865561593708195
1.0,1.0,0.0,0.0,0.0,0.0,0.0,2.0,8.0,128.0,16.0,0.16434091591796612
1.0,1.0,0.0,0.0,0.0,0.0,0.0,3.0,8.0,128.0,16.0,0.15790982823124616
1.0,1.0,0.0,0.0,0.0,0.0,0.0,4.0,8.0,128.0,16.0,0.15498784783855374
1.0,1.0,0.0,0.0,0.0,0.0,0.0,1.0,10.0,128.0,16.0,0.0868811272836506
1.0,1.0,0.0,0.0,0.0,0.0,0.0,2.0,10.0,128.0,16.0,0.08247084846664304
1.0,1.0,0.0,0.0,0.0,0.0,0.0,3.0,10.0,128.0,16.0,0.07679073704907291
1.0,1.0,0.0,0.0,0.0,0.0,0.0,4.0,10.0,128.0,16.0,0.07179333133073001
1.0,1.0,0.0,0.0,0.0,0.0,0.0,1.0,16.0,128.0,16.0,0.06259045850514766
1.0,1.0,0.0,0.0,0.0,0.0,0.0,2.0,16.0,128.0,16.0,0.06325951009039027
1.0,1.0,0.0,0.0,0.0,0.0,0.0,3.0,16.0,128.0,16.0,0.05774324804063469
1.0,1.0,0.0,0.0,0.0,0.0,0.0,4.0,16.0,128.0,16.0,0.062440263251317685
1.0,1.0,0.0,0.0,0.0,0.0,0.0,1.0,20.0,128.0,16.0,0.05363335973128708
1.0,1.0,0.0,0.0,0.0,0.0,0.0,2.0,20.0,128.0,16.0,0.056978617657500286
1.0,1.0,0.0,0.0,0.0,0.0,0.0,3.0,20.0,128.0,16.0,0.05564051448701496
1.0,1.0,0.0,0.0,0.0,0.0,0.0,4.0,20.0,128.0,16.0,0.0690078920778831
1.0,1.0,0.0,0.0,0.0,0.0,0.0,1.0,32.0,128.0,16.0,0.050506567628826604
1.0,1.0,0.0,0.0,0.0,0.0,0.0,2.0,32.0,128.0,16.0,0.05304623282995169
1.0,1.0,0.0,0.0,0.0,0.0,0.0,3.0,32.0,128.0,16.0,0.05265026352439994
1.0,1.0,0.0,0.0,0.0,0.0,0.0,4.0,32.0,128.0,16.0,0.06503454490838095
1.0,1.0,0.0,0.0,0.0,0.0,0.0,1.0,64.0,128.0,16.0,0.06735574428575336
1.0,1.0,0.0,0.0,0.0,0.0,0.0,2.0,64.0,128.0,16.0,0.06504819902236547
1.0,1.0,0.0,0.0,0.0,0.0,0.0,3.0,64.0,128.0,16.0,0.0605286872934816
1.0,1.0,0.0,0.0,0.0,0.0,0.0,4.0,64.0,128.0,16.0,0.07202545126846721
1.0,1.0,0.0,0.0,0.0,0.0,0.0,1.0,128.0,128.0,16.0,0.07941232693410527
1.0,1.0,0.0,0.0,0.0,0.0,0.0,2.0,128.0,128.0,16.0,0.06663207624457251
1.0,1.0,0.0,0.0,0.0,0.0,0.0,3.0,128.0,128.0,16.0,0.07685900761899567
1.0,1.0,0.0,0.0,0.0,0.0,0.0,4.0,128.0,128.0,16.0,0.07255796171386442
1.0,1.0,0.0,0.0,0.0,0.0,0.0,1.0,0.0,0.0,20.0,0.19529479232092634
1.0,1.0,0.0,0.0,0.0,0.0,0.0,2.0,0.0,0.0,20.0,0.19589557333624635
1.0,1.0,0.0,0.0,0.0,0.0,0.0,3.0,0.0,0.0,20.0,0.18804445779513373
1.0,1.0,0.0,0.0,0.0,0.0,0.0,4.0,0.0,0.0,20.0,0.18767579671755102
1.0,1.0,0.0,0.0,0.0,0.0,0.0,1.0,8.0,0.0,20.0,0.17037603429913445
1.0,1.0,0.0,0.0,0.0,0.0,0.0,2.0,8.0,0.0,20.0,0.1971654059368088
1.0,1.0,0.0,0.0,0.0,0.0,0.0,3.0,8.0,0.0,20.0,0.15138316174663435
1.0,1.0,0.0,0.0,0.0,0.0,0.0,4.0,8.0,0.0,20.0,0.18356590840820347
1.0,1.0,0.0,0.0,0.0,0.0,0.0,1.0,10.0,0.0,20.0,0.1712772058221143
1.0,1.0,0.0,0.0,0.0,0.0,0.0,2.0,10.0,0.0,20.0,0.23819601846036226
1.0,1.0,0.0,0.0,0.0,0.0,0.0,3.0,10.0,0.0,20.0,0.15721346841803446
1.0,1.0,0.0,0.0,0.0,0.0,0.0,4.0,10.0,0.0,20.0,0.2205002867363937
1.0,1.0,0.0,0.0,0.0,0.0,0.0,1.0,16.0,0.0,20.0,0.1388759933367924
1.0,1.0,0.0,0.0,0.0,0.0,0.0,2.0,16.0,0.0,20.0,0.17194625740735686
1.0,1.0,0.0,0.0,0.0,0.0,0.0,3.0,16.0,0.0,20.0,0.12995985690488548
1.0,1.0,0.0,0.0,0.0,0.0,0.0,4.0,16.0,0.0,20.0,0.1712362434801606
1.0,1.0,0.0,0.0,0.0,0.0,0.0,1.0,20.0,0.0,20.0,0.10815423687156944
1.0,1.0,0.0,0.0,0.0,0.0,0.0,2.0,20.0,0.0,20.0,0.13596766705808466
1.0,1.0,0.0,0.0,0.0,0.0,0.0,3.0,20.0,0.0,20.0,0.11343837898358783
1.0,1.0,0.0,0.0,0.0,0.0,0.0,4.0,20.0,0.0,20.0,0.14600344083672417
1.0,1.0,0.0,0.0,0.0,0.0,0.0,1.0,32.0,0.0,20.0,0.09055408394549286
1.0,1.0,0.0,0.0,0.0,0.0,0.0,2.0,32.0,0.0,20.0,0.10928752833228655
1.0,1.0,0.0,0.0,0.0,0.0,0.0,3.0,32.0,0.0,20.0,0.09623419536306294
1.0,1.0,0.0,0.0,0.0,0.0,0.0,4.0,32.0,0.0,20.0,0.11612823943854289
1.0,1.0,0.0,0.0,0.0,0.0,0.0,1.0,64.0,0.0,20.0,0.14025505884923134
1.0,1.0,0.0,0.0,0.0,0.0,0.0,2.0,64.0,0.0,20.0,0.22257571206204435
1.0,1.0,0.0,0.0,0.0,0.0,0.0,3.0,64.0,0.0,20.0,0.11118545017613812
1.0,1.0,0.0,0.0,0.0,0.0,0.0,4.0,64.0,0.0,20.0,0.21099702340315146
1.0,1.0,0.0,0.0,0.0,0.0,0.0,1.0,128.0,0.0,20.0,0.21294956170294116
1.0,1.0,0.0,0.0,0.0,0.0,0.0,2.0,128.0,0.0,20.0,0.25149512548130765
1.0,1.0,0.0,0.0,0.0,0.0,0.0,3.0,128.0,0.0,20.0,0.21940795761763027
1.0,1.0,0.0,0.0,0.0,0.0,0.0,4.0,128.0,0.0,20.0,0.26599579453289285
1.0,1.0,0.0,0.0,0.0,0.0,0.0,1.0,0.0,8.0,20.0,0.018173625713427455
1.0,1.0,0.0,0.0,0.0,0.0,0.0,2.0,0.0,8.0,20.0,0.018255550397334785
1.0,1.0,0.0,0.0,0.0,0.0,0.0,3.0,0.0,8.0,20.0,0.019061143122422797
1.0,1.0,0.0,0.0,0.0,0.0,0.0,4.0,0.0,8.0,20.0,0.019170376034299164
1.0,1.0,0.0,0.0,0.0,0.0,0.0,1.0,8.0,8.0,20.0,0.6936289904148121
1.0,1.0,0.0,0.0,0.0,0.0,0.0,2.0,8.0,8.0,20.0,0.6960184603621071
1.0,1.0,0.0,0.0,0.0,0.0,0.0,3.0,8.0,8.0,20.0,0.6842622682214152
1.0,1.0,0.0,0.0,0.0,0.0,0.0,4.0,8.0,8.0,20.0,0.6903520030585217
1.0,1.0,0.0,0.0,0.0,0.0,0.0,1.0,10.0,8.0,20.0,0.5181872798274121
1.0,1.0,0.0,0.0,0.0,0.0,0.0,2.0,10.0,8.0,20.0,0.5173134165324014
1.0,1.0,0.0,0.0,0.0,0.0,0.0,3.0,10.0,8.0,20.0,0.5103907807422379
1.0,1.0,0.0,0.0,0.0,0.0,0.0,4.0,10.0,8.0,20.0,0.503140446216445
1.0,1.0,0.0,0.0,0.0,0.0,0.0,1.0,16.0,8.0,20.0,0.3298424315246185
1.0,1.0,0.0,0.0,0.0,0.0,0.0,2.0,16.0,8.0,20.0,0.33516753597859045
1.0,1.0,0.0,0.0,0.0,0.0,0.0,3.0,16.0,8.0,20.0,0.3242578989049401
1.0,1.0,0.0,0.0,0.0,0.0,0.0,4.0,16.0,8.0,20.0,0.3332423059067698
1.0,1.0,0.0,0.0,0.0,0.0,0.0,1.0,20.0,8.0,20.0,0.2740107594418198
1.0,1.0,0.0,0.0,0.0,0.0,0.0,2.0,20.0,8.0,20.0,0.2793222097818074
1.0,1.0,0.0,0.0,0.0,0.0,0.0,3.0,20.0,8.0,20.0,0.2746251945711243
1.0,1.0,0.0,0.0,0.0,0.0,0.0,4.0,20.0,8.0,20.0,0.2885523908353587
1.0,1.0,0.0,0.0,0.0,0.0,0.0,1.0,32.0,8.0,20.0,0.19098009230181062
1.0,1.0,0.0,0.0,0.0,0.0,0.0,2.0,32.0,8.0,20.0,0.200838362598651
1.0,1.0,0.0,0.0,0.0,0.0,0.0,3.0,32.0,8.0,20.0,0.18774406728747378
1.0,1.0,0.0,0.0,0.0,0.0,0.0,4.0,32.0,8.0,20.0,0.20163030120975461
1.0,1.0,0.0,0.0,0.0,0.0,0.0,1.0,64.0,8.0,20.0,0.11025697042518917
1.0,1.0,0.0,0.0,0.0,0.0,0.0,2.0,64.0,8.0,20.0,0.11651055463011012
1.0,1.0,0.0,0.0,0.0,0.0,0.0,3.0,64.0,8.0,20.0,0.10598323274802707
1.0,1.0,0.0,0.0,0.0,0.0,0.0,4.0,64.0,8.0,20.0,0.11879079166552886
1.0,1.0,0.0,0.0,0.0,0.0,0.0,1.0,128.0,8.0,20.0,0.06627706928097443
1.0,1.0,0.0,0.0,0.0,0.0,0.0,2.0,128.0,8.0,20.0,0.06828422403670226
1.0,1.0,0.0,0.0,0.0,0.0,0.0,3.0,128.0,8.0,20.0,0.06111581419481693
1.0,1.0,0.0,0.0,0.0,0.0,0.0,4.0,128.0,8.0,20.0,0.06608591168519079
1.0,1.0,0.0,0.0,0.0,0.0,0.0,1.0,0.0,10.0,20.0,0.038108632130861075
1.0,1.0,0.0,0.0,0.0,0.0,0.0,2.0,0.0,10.0,20.0,0.0385865261203201
1.0,1.0,0.0,0.0,0.0,0.0,0.0,3.0,0.0,10.0,20.0,0.038572872006335523
1.0,1.0,0.0,0.0,0.0,0.0,0.0,4.0,0.0,10.0,20.0,0.0380267074469538
1.0,1.0,0.0,0.0,0.0,0.0,0.0,1.0,8.0,10.0,20.0,0.6210437204729786
1.0,1.0,0.0,0.0,0.0,0.0,0.0,2.0,8.0,10.0,20.0,0.6224637483273712
1.0,1.0,0.0,0.0,0.0,0.0,0.0,3.0,8.0,10.0,20.0,0.6179715448264564
1.0,1.0,0.0,0.0,0.0,0.0,0.0,4.0,8.0,10.0,20.0,0.6169065239356619
1.0,1.0,0.0,0.0,0.0,0.0,0.0,1.0,10.0,10.0,20.0,0.44532892760588777
1.0,1.0,0.0,0.0,0.0,0.0,0.0,2.0,10.0,10.0,20.0,0.44087768644692654
1.0,1.0,0.0,0.0,0.0,0.0,0.0,3.0,10.0,10.0,20.0,0.4489336136978072
1.0,1.0,0.0,0.0,0.0,0.0,0.0,4.0,10.0,10.0,20.0,0.43933477156667317
1.0,1.0,0.0,0.0,0.0,0.0,0.0,1.0,16.0,10.0,20.0,0.2969360168218685
1.0,1.0,0.0,0.0,0.0,0.0,0.0,2.0,16.0,10.0,20.0,0.2973456402414048
1.0,1.0,0.0,0.0,0.0,0.0,0.0,3.0,16.0,10.0,20.0,0.2958573418170895
1.0,1.0,0.0,0.0,0.0,0.0,0.0,4.0,16.0,10.0,20.0,0.30086840164941714
1.0,1.0,0.0,0.0,0.0,0.0,0.0,1.0,20.0,10.0,20.0,0.25254649225811737
1.0,1.0,0.0,0.0,0.0,0.0,0.0,2.0,20.0,10.0,20.0,0.2576940932302903
1.0,1.0,0.0,0.0,0.0,0.0,0.0,3.0,20.0,10.0,20.0,0.2521232147245967
1.0,1.0,0.0,0.0,0.0,0.0,0.0,4.0,20.0,10.0,20.0,0.26859007618995606
1.0,1.0,0.0,0.0,0.0,0.0,0.0,1.0,32.0,10.0,20.0,0.1835112919522653
1.0,1.0,0.0,0.0,0.0,0.0,0.0,2.0,32.0,10.0,20.0,0.19115759578360964
1.0,1.0,0.0,0.0,0.0,0.0,0.0,3.0,32.0,10.0,20.0,0.1852726726562714
1.0,1.0,0.0,0.0,0.0,0.0,0.0,4.0,32.0,10.0,20.0,0.20015565689942388
1.0,1.0,0.0,0.0,0.0,0.0,0.0,1.0,64.0,10.0,20.0,0.11397088942898503
1.0,1.0,0.0,0.0,0.0,0.0,0.0,2.0,64.0,10.0,20.0,0.11945984325077152
1.0,1.0,0.0,0.0,0.0,0.0,0.0,3.0,64.0,10.0,20.0,0.11261913214451519
1.0,1.0,0.0,0.0,0.0,0.0,0.0,4.0,64.0,10.0,20.0,0.12538572872006343
1.0,1.0,0.0,0.0,0.0,0.0,0.0,1.0,128.0,10.0,20.0,0.07180698544471453
1.0,1.0,0.0,0.0,0.0,0.0,0.0,2.0,128.0,10.0,20.0,0.07467434938146866
1.0,1.0,0.0,0.0,0.0,0.0,0.0,3.0,128.0,10.0,20.0,0.07094677626368828
1.0,1.0,0.0,0.0,0.0,0.0,0.0,4.0,128.0,10.0,20.0,0.07629918894562937
1.0,1.0,0.0,0.0,0.0,0.0,0.0,1.0,0.0,16.0,20.0,0.019156721920314645
1.0,1.0,0.0,0.0,0.0,0.0,0.0,2.0,0.0,16.0,20.0,0.01880171495671651
1.0,1.0,0.0,0.0,0.0,0.0,0.0,3.0,0.0,16.0,20.0,0.02011250989923269
1.0,1.0,0.0,0.0,0.0,0.0,0.0,4.0,0.0,16.0,20.0,0.019839427619541827
1.0,1.0,0.0,0.0,0.0,0.0,0.0,1.0,8.0,16.0,20.0,0.4137879243015922
1.0,1.0,0.0,0.0,0.0,0.0,0.0,2.0,8.0,16.0,20.0,0.4231000300390509
1.0,1.0,0.0,0.0,0.0,0.0,0.0,3.0,8.0,16.0,20.0,0.4110024850487453
1.0,1.0,0.0,0.0,0.0,0.0,0.0,4.0,8.0,16.0,20.0,0.4134192632240094
1.0,1.0,0.0,0.0,0.0,0.0,0.0,1.0,10.0,16.0,20.0,0.27952702149157554
1.0,1.0,0.0,0.0,0.0,0.0,0.0,2.0,10.0,16.0,20.0,0.277929490155384
1.0,1.0,0.0,0.0,0.0,0.0,0.0,3.0,10.0,16.0,20.0,0.2800595319369727
1.0,1.0,0.0,0.0,0.0,0.0,0.0,4.0,10.0,16.0,20.0,0.27730140091209493
1.0,1.0,0.0,0.0,0.0,0.0,0.0,1.0,16.0,16.0,20.0,0.17971544826456215
1.0,1.0,0.0,0.0,0.0,0.0,0.0,2.0,16.0,16.0,20.0,0.18920505748381994
1.0,1.0,0.0,0.0,0.0,0.0,0.0,3.0,16.0,16.0,20.0,0.18431688467735335
1.0,1.0,0.0,0.0,0.0,0.0,0.0,4.0,16.0,16.0,20.0,0.18971025970124805
1.0,1.0,0.0,0.0,0.0,0.0,0.0,1.0,20.0,16.0,20.0,0.15605286872934826
1.0,1.0,0.0,0.0,0.0,0.0,0.0,2.0,20.0,16.0,20.0,0.1630983915453727
1.0,1.0,0.0,0.0,0.0,0.0,0.0,3.0,20.0,16.0,20.0,0.1611868155875366
1.0,1.0,0.0,0.0,0.0,0.0,0.0,4.0,20.0,16.0,20.0,0.17340724760370302
1.0,1.0,0.0,0.0,0.0,0.0,0.0,1.0,32.0,16.0,20.0,0.11578688658892927
1.0,1.0,0.0,0.0,0.0,0.0,0.0,2.0,32.0,16.0,20.0,0.1254403451760016
1.0,1.0,0.0,0.0,0.0,0.0,0.0,3.0,32.0,16.0,20.0,0.12148065212048398
1.0,1.0,0.0,0.0,0.0,0.0,0.0,4.0,32.0,16.0,20.0,0.1333051148310987
1.0,1.0,0.0,0.0,0.0,0.0,0.0,1.0,64.0,16.0,20.0,0.07374586963051971
1.0,1.0,0.0,0.0,0.0,0.0,0.0,2.0,64.0,16.0,20.0,0.0773095933804856
1.0,1.0,0.0,0.0,0.0,0.0,0.0,3.0,64.0,16.0,20.0,0.07610803134984578
1.0,1.0,0.0,0.0,0.0,0.0,0.0,4.0,64.0,16.0,20.0,0.08649881209208338
1.0,1.0,0.0,0.0,0.0,0.0,0.0,1.0,128.0,16.0,20.0,0.04387066823233848
1.0,1.0,0.0,0.0,0.0,0.0,0.0,2.0,128.0,16.0,20.0,0.04473087741336468
1.0,1.0,0.0,0.0,0.0,0.0,0.0,3.0,128.0,16.0,20.0,0.043775089434446635
1.0,1.0,0.0,0.0,0.0,0.0,0.0,4.0,128.0,16.0,20.0,0.048909036292635044
1.0,1.0,0.0,0.0,0.0,0.0,0.0,1.0,0.0,20.0,20.0,0.018569595018979257
1.0,1.0,0.0,0.0,0.0,0.0,0.0,2.0,0.0,20.0,20.0,0.0184330538791338
1.0,1.0,0.0,0.0,0.0,0.0,0.0,3.0,0.0,20.0,20.0,0.02008520167126354
1.0,1.0,0.0,0.0,0.0,0.0,0.0,4.0,0.0,20.0,20.0,0.020262705153062666
1.0,1.0,0.0,0.0,0.0,0.0,0.0,1.0,8.0,20.0,20.0,0.36124689368906865
1.0,1.0,0.0,0.0,0.0,0.0,0.0,2.0,8.0,20.0,20.0,0.3666675769409324
1.0,1.0,0.0,0.0,0.0,0.0,0.0,3.0,8.0,20.0,20.0,0.35952647532701615
1.0,1.0,0.0,0.0,0.0,0.0,0.0,4.0,8.0,20.0,20.0,0.3541194461891369
1.0,1.0,0.0,0.0,0.0,0.0,0.0,1.0,10.0,20.0,20.0,0.23392228078320004
1.0,1.0,0.0,0.0,0.0,0.0,0.0,2.0,10.0,20.0,20.0,0.23150550260793584
1.0,1.0,0.0,0.0,0.0,0.0,0.0,3.0,10.0,20.0,20.0,0.24139108113274538
1.0,1.0,0.0,0.0,0.0,0.0,0.0,4.0,10.0,20.0,20.0,0.22865179278516617
1.0,1.0,0.0,0.0,0.0,0.0,0.0,1.0,16.0,20.0,20.0,0.1571042355061581
1.0,1.0,0.0,0.0,0.0,0.0,0.0,2.0,16.0,20.0,20.0,0.1598487124170514
1.0,1.0,0.0,0.0,0.0,0.0,0.0,3.0,16.0,20.0,20.0,0.15894754089407143
1.0,1.0,0.0,0.0,0.0,0.0,0.0,4.0,16.0,20.0,20.0,0.1601627570386958
1.0,1.0,0.0,0.0,0.0,0.0,0.0,1.0,20.0,20.0,20.0,0.13512111199104293
1.0,1.0,0.0,0.0,0.0,0.0,0.0,2.0,20.0,20.0,20.0,0.1427810699363719
1.0,1.0,0.0,0.0,0.0,0.0,0.0,3.0,20.0,20.0,20.0,0.13983178131571045
1.0,1.0,0.0,0.0,0.0,0.0,0.0,4.0,20.0,20.0,20.0,0.1518064392801552
1.0,1.0,0.0,0.0,0.0,0.0,0.0,1.0,32.0,20.0,20.0,0.10459051312160356
1.0,1.0,0.0,0.0,0.0,0.0,0.0,2.0,32.0,20.0,20.0,0.10957426472596199
1.0,1.0,0.0,0.0,0.0,0.0,0.0,3.0,32.0,20.0,20.0,0.10673420901717695
1.0,1.0,0.0,0.0,0.0,0.0,0.0,4.0,32.0,20.0,20.0,0.12266856003713927
1.0,1.0,0.0,0.0,0.0,0.0,0.0,1.0,64.0,20.0,20.0,0.06806575821294958
1.0,1.0,0.0,0.0,0.0,0.0,0.0,2.0,64.0,20.0,20.0,0.07102870094759556
1.0,1.0,0.0,0.0,0.0,0.0,0.0,3.0,64.0,20.0,20.0,0.07126082088533281
1.0,1.0,0.0,0.0,0.0,0.0,0.0,4.0,64.0,20.0,20.0,0.08202026270515311
1.0,1.0,0.0,0.0,0.0,0.0,0.0,1.0,128.0,20.0,20.0,0.04309238373521945
1.0,1.0,0.0,0.0,0.0,0.0,0.0,2.0,128.0,20.0,20.0,0.04165870176684239
1.0,1.0,0.0,0.0,0.0,0.0,0.0,3.0,128.0,20.0,20.0,0.042628143859745005
1.0,1.0,0.0,0.0,0.0,0.0,0.0,4.0,128.0,20.0,20.0,0.04544089134056095
1.0,1.0,0.0,0.0,0.0,0.0,0.0,1.0,0.0,32.0,20.0,0.015156066522843348
1.0,1.0,0.0,0.0,0.0,0.0,0.0,2.0,0.0,32.0,20.0,0.013790655124388984
1.0,1.0,0.0,0.0,0.0,0.0,0.0,3.0,0.0,32.0,20.0,0.016289357983560515
1.0,1.0,0.0,0.0,0.0,0.0,0.0,4.0,0.0,32.0,20.0,0.016303012097545033
1.0,1.0,0.0,0.0,0.0,0.0,0.0,1.0,8.0,32.0,20.0,0.2679210246047135
1.0,1.0,0.0,0.0,0.0,0.0,0.0,2.0,8.0,32.0,20.0,0.27371036893415995
1.0,1.0,0.0,0.0,0.0,0.0,0.0,3.0,8.0,32.0,20.0,0.26727928124744
1.0,1.0,0.0,0.0,0.0,0.0,0.0,4.0,8.0,32.0,20.0,0.26329227996395316
1.0,1.0,0.0,0.0,0.0,0.0,0.0,1.0,10.0,32.0,20.0,0.16480515579344063
1.0,1.0,0.0,0.0,0.0,0.0,0.0,2.0,10.0,32.0,20.0,0.16257953521396
1.0,1.0,0.0,0.0,0.0,0.0,0.0,3.0,10.0,32.0,20.0,0.16320762445724907
1.0,1.0,0.0,0.0,0.0,0.0,0.0,4.0,10.0,32.0,20.0,0.1549195772686311
1.0,1.0,0.0,0.0,0.0,0.0,0.0,1.0,16.0,32.0,20.0,0.11143122422785989
1.0,1.0,0.0,0.0,0.0,0.0,0.0,2.0,16.0,32.0,20.0,0.11443512930445948
1.0,1.0,0.0,0.0,0.0,0.0,0.0,3.0,16.0,32.0,20.0,0.11357492012343323
1.0,1.0,0.0,0.0,0.0,0.0,0.0,4.0,16.0,32.0,20.0,0.11550015019525389
1.0,1.0,0.0,0.0,0.0,0.0,0.0,1.0,20.0,32.0,20.0,0.0975313361915946
1.0,1.0,0.0,0.0,0.0,0.0,0.0,2.0,20.0,32.0,20.0,0.10261066659384477
1.0,1.0,0.0,0.0,0.0,0.0,0.0,3.0,20.0,32.0,20.0,0.10185969032469488
1.0,1.0,0.0,0.0,0.0,0.0,0.0,4.0,20.0,32.0,20.0,0.11286490619623696
1.0,1.0,0.0,0.0,0.0,0.0,0.0,1.0,32.0,32.0,20.0,0.0761216854638303
1.0,1.0,0.0,0.0,0.0,0.0,0.0,2.0,32.0,32.0,20.0,0.08133755700592599
1.0,1.0,0.0,0.0,0.0,0.0,0.0,3.0,32.0,32.0,20.0,0.07967175509981161
1.0,1.0,0.0,0.0,0.0,0.0,0.0,4.0,32.0,32.0,20.0,0.09100466970698273
1.0,1.0,0.0,0.0,0.0,0.0,0.0,1.0,64.0,32.0,20.0,0.05263660941041537
1.0,1.0,0.0,0.0,0.0,0.0,0.0,2.0,64.0,32.0,20.0,0.05441164422840605
1.0,1.0,0.0,0.0,0.0,0.0,0.0,3.0,64.0,32.0,20.0,0.05783882683852648
1.0,1.0,0.0,0.0,0.0,0.0,0.0,4.0,64.0,32.0,20.0,0.06881673448209952
1.0,1.0,0.0,0.0,0.0,0.0,0.0,1.0,128.0,32.0,20.0,0.04718861793058249
1.0,1.0,0.0,0.0,0.0,0.0,0.0,2.0,128.0,32.0,20.0,0.04258718151779134
1.0,1.0,0.0,0.0,0.0,0.0,0.0,3.0,128.0,32.0,20.0,0.04608263469783447
1.0,1.0,0.0,0.0,0.0,0.0,0.0,4.0,128.0,32.0,20.0,0.046642453371200765
1.0,1.0,0.0,0.0,0.0,0.0,0.0,1.0,0.0,64.0,20.0,0.024932412135776516
1.0,1.0,0.0,0.0,0.0,0.0,0.0,2.0,0.0,64.0,20.0,0.026843988093612603
1.0,1.0,0.0,0.0,0.0,0.0,0.0,3.0,0.0,64.0,20.0,0.01981211939157268
1.0,1.0,0.0,0.0,0.0,0.0,0.0,4.0,0.0,64.0,20.0,0.02039924629290807
1.0,1.0,0.0,0.0,0.0,0.0,0.0,1.0,8.0,64.0,20.0,0.19989622873371754
1.0,1.0,0.0,0.0,0.0,0.0,0.0,2.0,8.0,64.0,20.0,0.19728829296266975
1.0,1.0,0.0,0.0,0.0,0.0,0.0,3.0,8.0,64.0,20.0,0.19315109642535305
1.0,1.0,0.0,0.0,0.0,0.0,0.0,4.0,8.0,64.0,20.0,0.18572325841776133
1.0,1.0,0.0,0.0,0.0,0.0,0.0,1.0,10.0,64.0,20.0,0.11103525492230815
1.0,1.0,0.0,0.0,0.0,0.0,0.0,2.0,10.0,64.0,20.0,0.10699363718288324
1.0,1.0,0.0,0.0,0.0,0.0,0.0,3.0,10.0,64.0,20.0,0.10452224255168086
1.0,1.0,0.0,0.0,0.0,0.0,0.0,4.0,10.0,64.0,20.0,0.09669843523853744
1.0,1.0,0.0,0.0,0.0,0.0,0.0,1.0,16.0,64.0,20.0,0.07595783609601581
1.0,1.0,0.0,0.0,0.0,0.0,0.0,2.0,16.0,64.0,20.0,0.076818045277042
1.0,1.0,0.0,0.0,0.0,0.0,0.0,3.0,16.0,64.0,20.0,0.0730768180452771
1.0,1.0,0.0,0.0,0.0,0.0,0.0,4.0,16.0,64.0,20.0,0.07487916109123682
1.0,1.0,0.0,0.0,0.0,0.0,0.0,1.0,20.0,64.0,20.0,0.06532128130205633
1.0,1.0,0.0,0.0,0.0,0.0,0.0,2.0,20.0,64.0,20.0,0.06888500505202222
1.0,1.0,0.0,0.0,0.0,0.0,0.0,3.0,20.0,64.0,20.0,0.06687785029629434
1.0,1.0,0.0,0.0,0.0,0.0,0.0,4.0,20.0,64.0,20.0,0.0827439307463339
1.0,1.0,0.0,0.0,0.0,0.0,0.0,1.0,32.0,64.0,20.0,0.05228160244681729
1.0,1.0,0.0,0.0,0.0,0.0,0.0,2.0,32.0,64.0,20.0,0.05651437778202578
1.0,1.0,0.0,0.0,0.0,0.0,0.0,3.0,32.0,64.0,20.0,0.055503973347169555
1.0,1.0,0.0,0.0,0.0,0.0,0.0,4.0,32.0,64.0,20.0,0.06659111390261896
1.0,1.0,0.0,0.0,0.0,0.0,0.0,1.0,64.0,64.0,20.0,0.04925038914224861
1.0,1.0,0.0,0.0,0.0,0.0,0.0,2.0,64.0,64.0,20.0,0.048772495152789586
1.0,1.0,0.0,0.0,0.0,0.0,0.0,3.0,64.0,64.0,20.0,0.048949998634588654
1.0,1.0,0.0,0.0,0.0,0.0,0.0,4.0,64.0,64.0,20.0,0.059845981594254416
1.0,1.0,0.0,0.0,0.0,0.0,0.0,1.0,128.0,64.0,20.0,0.05736093284906746
1.0,1.0,0.0,0.0,0.0,0.0,0.0,2.0,128.0,64.0,20.0,0.05300527048799808
1.0,1.0,0.0,0.0,0.0,0.0,0.0,3.0,128.0,64.0,20.0,0.059654823998470774
1.0,1.0,0.0,0.0,0.0,0.0,0.0,4.0,128.0,64.0,20.0,0.058125563232201916
1.0,1.0,0.0,0.0,0.0,0.0,0.0,1.0,0.0,128.0,20.0,0.14840656489800386
1.0,1.0,0.0,0.0,0.0,0.0,0.0,2.0,0.0,128.0,20.0,0.14953985635872097
1.0,1.0,0.0,0.0,0.0,0.0,0.0,3.0,0.0,128.0,20.0,0.13656844807340462
1.0,1.0,0.0,0.0,0.0,0.0,0.0,4.0,0.0,128.0,20.0,0.13628171167972913
1.0,1.0,0.0,0.0,0.0,0.0,0.0,1.0,8.0,128.0,20.0,0.1659384472541578
1.0,1.0,0.0,0.0,0.0,0.0,0.0,2.0,8.0,128.0,20.0,0.1617056719189493
1.0,1.0,0.0,0.0,0.0,0.0,0.0,3.0,8.0,128.0,20.0,0.15509708075043022
1.0,1.0,0.0,0.0,0.0,0.0,0.0,4.0,8.0,128.0,20.0,0.15655807094677626
1.0,1.0,0.0,0.0,0.0,0.0,0.0,1.0,10.0,128.0,20.0,0.08520167126355177
1.0,1.0,0.0,0.0,0.0,0.0,0.0,2.0,10.0,128.0,20.0,0.08109178295420416
1.0,1.0,0.0,0.0,0.0,0.0,0.0,3.0,10.0,128.0,20.0,0.07578033261421668
1.0,1.0,0.0,0.0,0.0,0.0,0.0,4.0,10.0,128.0,20.0,0.07105600917556465
1.0,1.0,0.0,0.0,0.0,0.0,0.0,1.0,16.0,128.0,20.0,0.06141620470247694
1.0,1.0,0.0,0.0,0.0,0.0,0.0,2.0,16.0,128.0,20.0,0.0625221879352249
1.0,1.0,0.0,0.0,0.0,0.0,0.0,3.0,16.0,128.0,20.0,0.05684207651765483
1.0,1.0,0.0,0.0,0.0,0.0,0.0,4.0,16.0,128.0,20.0,0.06313662306452938
1.0,1.0,0.0,0.0,0.0,0.0,0.0,1.0,20.0,128.0,20.0,0.05282776700619901
1.0,1.0,0.0,0.0,0.0,0.0,0.0,2.0,20.0,128.0,20.0,0.05600917556459767
1.0,1.0,0.0,0.0,0.0,0.0,0.0,3.0,20.0,128.0,20.0,0.0547393429640351
1.0,1.0,0.0,0.0,0.0,0.0,0.0,4.0,20.0,128.0,20.0,0.06883038859608404
1.0,1.0,0.0,0.0,0.0,0.0,0.0,1.0,32.0,128.0,20.0,0.050096944209290284
1.0,1.0,0.0,0.0,0.0,0.0,0.0,2.0,32.0,128.0,20.0,0.053278352767689
1.0,1.0,0.0,0.0,0.0,0.0,0.0,3.0,32.0,128.0,20.0,0.052800458778229975
1.0,1.0,0.0,0.0,0.0,0.0,0.0,4.0,32.0,128.0,20.0,0.06579917529151535
1.0,1.0,0.0,0.0,0.0,0.0,0.0,1.0,64.0,128.0,20.0,0.06850268986045505
1.0,1.0,0.0,0.0,0.0,0.0,0.0,2.0,64.0,128.0,20.0,0.06719189491793881
1.0,1.0,0.0,0.0,0.0,0.0,0.0,3.0,64.0,128.0,20.0,0.061457167044430494
1.0,1.0,0.0,0.0,0.0,0.0,0.0,4.0,64.0,128.0,20.0,0.07319970507113793
1.0,1.0,0.0,0.0,0.0,0.0,0.0,1.0,128.0,128.0,20.0,0.07616264780578397
1.0,1.0,0.0,0.0,0.0,0.0,0.0,2.0,128.0,128.0,20.0,0.06323220186242118
1.0,1.0,0.0,0.0,0.0,0.0,0.0,3.0,128.0,128.0,20.0,0.07330893798301436
1.0,1.0,0.0,0.0,0.0,0.0,0.0,4.0,128.0,128.0,20.0,0.06877577214014591
1.0,1.0,0.0,0.0,0.0,0.0,0.0,1.0,0.0,0.0,32.0,0.19563614517054
1.0,1.0,0.0,0.0,0.0,0.0,0.0,2.0,0.0,0.0,32.0,0.19552691225866364
1.0,1.0,0.0,0.0,0.0,0.0,0.0,3.0,0.0,0.0,32.0,0.1879215707692729
1.0,1.0,0.0,0.0,0.0,0.0,0.0,4.0,0.0,0.0,32.0,0.1881536907070101
1.0,1.0,0.0,0.0,0.0,0.0,0.0,1.0,8.0,0.0,32.0,0.1963325049837517
1.0,1.0,0.0,0.0,0.0,0.0,0.0,2.0,8.0,0.0,32.0,0.22527922663098404
1.0,1.0,0.0,0.0,0.0,0.0,0.0,3.0,8.0,0.0,32.0,0.18449438815915248
1.0,1.0,0.0,0.0,0.0,0.0,0.0,4.0,8.0,0.0,32.0,0.21663617247876793
1.0,1.0,0.0,0.0,0.0,0.0,0.0,1.0,10.0,0.0,32.0,0.19825773505557226
1.0,1.0,0.0,0.0,0.0,0.0,0.0,2.0,10.0,0.0,32.0,0.2350146099019636
1.0,1.0,0.0,0.0,0.0,0.0,0.0,3.0,10.0,0.0,32.0,0.1930282093994921
1.0,1.0,0.0,0.0,0.0,0.0,0.0,4.0,10.0,0.0,32.0,0.22254840383407531
1.0,1.0,0.0,0.0,0.0,0.0,0.0,1.0,16.0,0.0,32.0,0.14624921488844594
1.0,1.0,0.0,0.0,0.0,0.0,0.0,2.0,16.0,0.0,32.0,0.1634670526229554
1.0,1.0,0.0,0.0,0.0,0.0,0.0,3.0,16.0,0.0,32.0,0.13875310631093157
1.0,1.0,0.0,0.0,0.0,0.0,0.0,4.0,16.0,0.0,32.0,0.16185586717277917
1.0,1.0,0.0,0.0,0.0,0.0,0.0,1.0,20.0,0.0,32.0,0.11151314891176717
1.0,1.0,0.0,0.0,0.0,0.0,0.0,2.0,20.0,0.0,32.0,0.12754307872962128
1.0,1.0,0.0,0.0,0.0,0.0,0.0,3.0,20.0,0.0,32.0,0.1177530790027036
1.0,1.0,0.0,0.0,0.0,0.0,0.0,4.0,20.0,0.0,32.0,0.13699172560692546
1.0,1.0,0.0,0.0,0.0,0.0,0.0,1.0,32.0,0.0,32.0,0.08701766842349606
1.0,1.0,0.0,0.0,0.0,0.0,0.0,2.0,32.0,0.0,32.0,0.10153199158906584
1.0,1.0,0.0,0.0,0.0,0.0,0.0,3.0,32.0,0.0,32.0,0.09146890958245724
1.0,1.0,0.0,0.0,0.0,0.0,0.0,4.0,32.0,0.0,32.0,0.10856386029110576
1.0,1.0,0.0,0.0,0.0,0.0,0.0,1.0,64.0,0.0,32.0,0.14097872689041213
1.0,1.0,0.0,0.0,0.0,0.0,0.0,2.0,64.0,0.0,32.0,0.21714137469619593
1.0,1.0,0.0,0.0,0.0,0.0,0.0,3.0,64.0,0.0,32.0,0.10646112673748609
1.0,1.0,0.0,0.0,0.0,0.0,0.0,4.0,64.0,0.0,32.0,0.20160299298178547
1.0,1.0,0.0,0.0,0.0,0.0,0.0,1.0,128.0,0.0,32.0,0.20793850187061363
1.0,1.0,0.0,0.0,0.0,0.0,0.0,2.0,128.0,0.0,32.0,0.2468663808405474
1.0,1.0,0.0,0.0,0.0,0.0,0.0,3.0,128.0,0.0,32.0,0.21294956170294116
1.0,1.0,0.0,0.0,0.0,0.0,0.0,4.0,128.0,0.0,32.0,0.2628963106584014
1.0,1.0,0.0,0.0,0.0,0.0,0.0,1.0,0.0,8.0,32.0,0.01828285862530382
1.0,1.0,0.0,0.0,0.0,0.0,0.0,2.0,0.0,8.0,32.0,0.018091701029520235
1.0,1.0,0.0,0.0,0.0,0.0,0.0,3.0,0.0,8.0,32.0,0.020453862748846308
1.0,1.0,0.0,0.0,0.0,0.0,0.0,4.0,0.0,8.0,32.0,0.019880389961495437
1.0,1.0,0.0,0.0,0.0,0.0,0.0,1.0,8.0,8.0,32.0,0.7128539829050493
1.0,1.0,0.0,0.0,0.0,0.0,0.0,2.0,8.0,8.0,32.0,0.7197629645812285
1.0,1.0,0.0,0.0,0.0,0.0,0.0,3.0,8.0,8.0,32.0,0.7062726999644993
1.0,1.0,0.0,0.0,0.0,0.0,0.0,4.0,8.0,8.0,32.0,0.7128266746770802
1.0,1.0,0.0,0.0,0.0,0.0,0.0,1.0,10.0,8.0,32.0,0.5227887162402032
1.0,1.0,0.0,0.0,0.0,0.0,0.0,2.0,10.0,8.0,32.0,0.5228433326961415
1.0,1.0,0.0,0.0,0.0,0.0,0.0,3.0,10.0,8.0,32.0,0.5219967776290999
1.0,1.0,0.0,0.0,0.0,0.0,0.0,4.0,10.0,8.0,32.0,0.5122340861301511
1.0,1.0,0.0,0.0,0.0,0.0,0.0,1.0,16.0,8.0,32.0,0.33464867964717776
1.0,1.0,0.0,0.0,0.0,0.0,0.0,2.0,16.0,8.0,32.0,0.34340096671127024
1.0,1.0,0.0,0.0,0.0,0.0,0.0,3.0,16.0,8.0,32.0,0.33176766159643906
1.0,1.0,0.0,0.0,0.0,0.0,0.0,4.0,16.0,8.0,32.0,0.3428138398099348
1.0,1.0,0.0,0.0,0.0,0.0,0.0,1.0,20.0,8.0,32.0,0.2845790436658567
1.0,1.0,0.0,0.0,0.0,0.0,0.0,2.0,20.0,8.0,32.0,0.2901772303995194
1.0,1.0,0.0,0.0,0.0,0.0,0.0,3.0,20.0,8.0,32.0,0.2883748873535597
1.0,1.0,0.0,0.0,0.0,0.0,0.0,4.0,20.0,8.0,32.0,0.29735929435538927
1.0,1.0,0.0,0.0,0.0,0.0,0.0,1.0,32.0,8.0,32.0,0.20279090089844082
1.0,1.0,0.0,0.0,0.0,0.0,0.0,2.0,32.0,8.0,32.0,0.21157049619050222
1.0,1.0,0.0,0.0,0.0,0.0,0.0,3.0,32.0,8.0,32.0,0.20295475026625526
1.0,1.0,0.0,0.0,0.0,0.0,0.0,4.0,32.0,8.0,32.0,0.21593981266555623
1.0,1.0,0.0,0.0,0.0,0.0,0.0,1.0,64.0,8.0,32.0,0.11432589639258317
1.0,1.0,0.0,0.0,0.0,0.0,0.0,2.0,64.0,8.0,32.0,0.1208389087632104
1.0,1.0,0.0,0.0,0.0,0.0,0.0,3.0,64.0,8.0,32.0,0.11877713755154434
1.0,1.0,0.0,0.0,0.0,0.0,0.0,4.0,64.0,8.0,32.0,0.12615035910319783
1.0,1.0,0.0,0.0,0.0,0.0,0.0,1.0,128.0,8.0,32.0,0.06670034681449527
1.0,1.0,0.0,0.0,0.0,0.0,0.0,2.0,128.0,8.0,32.0,0.06949944018132664
1.0,1.0,0.0,0.0,0.0,0.0,0.0,3.0,128.0,8.0,32.0,0.06216718097162682
1.0,1.0,0.0,0.0,0.0,0.0,0.0,4.0,128.0,8.0,32.0,0.06851634397443956
1.0,1.0,0.0,0.0,0.0,0.0,0.0,1.0,0.0,10.0,32.0,0.04366585652257032
1.0,1.0,0.0,0.0,0.0,0.0,0.0,2.0,0.0,10.0,32.0,0.04370681886452388
1.0,1.0,0.0,0.0,0.0,0.0,0.0,3.0,0.0,10.0,32.0,0.04683361096698441
1.0,1.0,0.0,0.0,0.0,0.0,0.0,4.0,0.0,10.0,32.0,0.04568666539228272
1.0,1.0,0.0,0.0,0.0,0.0,0.0,1.0,8.0,10.0,32.0,0.643914361397089
1.0,1.0,0.0,0.0,0.0,0.0,0.0,2.0,8.0,10.0,32.0,0.6444468718424863
1.0,1.0,0.0,0.0,0.0,0.0,0.0,3.0,8.0,10.0,32.0,0.6380704006117044
1.0,1.0,0.0,0.0,0.0,0.0,0.0,4.0,8.0,10.0,32.0,0.6346295638875994
1.0,1.0,0.0,0.0,0.0,0.0,0.0,1.0,10.0,10.0,32.0,0.4514459706709632
1.0,1.0,0.0,0.0,0.0,0.0,0.0,2.0,10.0,10.0,32.0,0.44886534312788456
1.0,1.0,0.0,0.0,0.0,0.0,0.0,3.0,10.0,10.0,32.0,0.4599934460252875
1.0,1.0,0.0,0.0,0.0,0.0,0.0,4.0,10.0,10.0,32.0,0.44472814659056786
1.0,1.0,0.0,0.0,0.0,0.0,0.0,1.0,16.0,10.0,32.0,0.3048827111608729
1.0,1.0,0.0,0.0,0.0,0.0,0.0,2.0,16.0,10.0,32.0,0.30907452415412767
1.0,1.0,0.0,0.0,0.0,0.0,0.0,3.0,16.0,10.0,32.0,0.30626177667331184
1.0,1.0,0.0,0.0,0.0,0.0,0.0,4.0,16.0,10.0,32.0,0.3118053469510364
1.0,1.0,0.0,0.0,0.0,0.0,0.0,1.0,20.0,10.0,32.0,0.2636336328135667
1.0,1.0,0.0,0.0,0.0,0.0,0.0,2.0,20.0,10.0,32.0,0.2705289603757613
1.0,1.0,0.0,0.0,0.0,0.0,0.0,3.0,20.0,10.0,32.0,0.26543597585952655
1.0,1.0,0.0,0.0,0.0,0.0,0.0,4.0,20.0,10.0,32.0,0.2809880116879217
1.0,1.0,0.0,0.0,0.0,0.0,0.0,1.0,32.0,10.0,32.0,0.19895409486878396
1.0,1.0,0.0,0.0,0.0,0.0,0.0,2.0,32.0,10.0,32.0,0.20946776263688255
1.0,1.0,0.0,0.0,0.0,0.0,0.0,3.0,32.0,10.0,32.0,0.20117971544826468
1.0,1.0,0.0,0.0,0.0,0.0,0.0,4.0,32.0,10.0,32.0,0.21484748354679278
1.0,1.0,0.0,0.0,0.0,0.0,0.0,1.0,64.0,10.0,32.0,0.1272290341079768
1.0,1.0,0.0,0.0,0.0,0.0,0.0,2.0,64.0,10.0,32.0,0.13193970343264433
1.0,1.0,0.0,0.0,0.0,0.0,0.0,3.0,64.0,10.0,32.0,0.12817116797291034
1.0,1.0,0.0,0.0,0.0,0.0,0.0,4.0,64.0,10.0,32.0,0.1379475135858435
1.0,1.0,0.0,0.0,0.0,0.0,0.0,1.0,128.0,10.0,32.0,0.07531609273874224
1.0,1.0,0.0,0.0,0.0,0.0,0.0,2.0,128.0,10.0,32.0,0.07760998388814555
1.0,1.0,0.0,0.0,0.0,0.0,0.0,3.0,128.0,10.0,32.0,0.07418280127802512
1.0,1.0,0.0,0.0,0.0,0.0,0.0,4.0,128.0,10.0,32.0,0.08047734782489968
1.0,1.0,0.0,0.0,0.0,0.0,0.0,1.0,0.0,16.0,32.0,0.02056309566072262
1.0,1.0,0.0,0.0,0.0,0.0,0.0,2.0,0.0,16.0,32.0,0.020617712116660802
1.0,1.0,0.0,0.0,0.0,0.0,0.0,3.0,0.0,16.0,32.0,0.023607963079275818
1.0,1.0,0.0,0.0,0.0,0.0,0.0,4.0,0.0,16.0,32.0,0.023962970042873954
1.0,1.0,0.0,0.0,0.0,0.0,0.0,1.0,8.0,16.0,32.0,0.4213659575630139
1.0,1.0,0.0,0.0,0.0,0.0,0.0,2.0,8.0,16.0,32.0,0.4328081050820613
1.0,1.0,0.0,0.0,0.0,0.0,0.0,3.0,8.0,16.0,32.0,0.4187170594500124
1.0,1.0,0.0,0.0,0.0,0.0,0.0,4.0,8.0,16.0,32.0,0.41945438160517784
1.0,1.0,0.0,0.0,0.0,0.0,0.0,1.0,10.0,16.0,32.0,0.2832955569513094
1.0,1.0,0.0,0.0,0.0,0.0,0.0,2.0,10.0,16.0,32.0,0.2821486113766079
1.0,1.0,0.0,0.0,0.0,0.0,0.0,3.0,10.0,16.0,32.0,0.28548021518883643
1.0,1.0,0.0,0.0,0.0,0.0,0.0,4.0,10.0,16.0,32.0,0.2831726699254486
1.0,1.0,0.0,0.0,0.0,0.0,0.0,1.0,16.0,16.0,32.0,0.18516343974439503
1.0,1.0,0.0,0.0,0.0,0.0,0.0,2.0,16.0,16.0,32.0,0.19495343947131277
1.0,1.0,0.0,0.0,0.0,0.0,0.0,3.0,16.0,16.0,32.0,0.19138971572134694
1.0,1.0,0.0,0.0,0.0,0.0,0.0,4.0,16.0,16.0,32.0,0.19655097080750433
1.0,1.0,0.0,0.0,0.0,0.0,0.0,1.0,20.0,16.0,32.0,0.16374013490264622
1.0,1.0,0.0,0.0,0.0,0.0,0.0,2.0,20.0,16.0,32.0,0.16966602037193806
1.0,1.0,0.0,0.0,0.0,0.0,0.0,3.0,20.0,16.0,32.0,0.16798656435183928
1.0,1.0,0.0,0.0,0.0,0.0,0.0,4.0,20.0,16.0,32.0,0.1794150577569022
1.0,1.0,0.0,0.0,0.0,0.0,0.0,1.0,32.0,16.0,32.0,0.1214943062344685
1.0,1.0,0.0,0.0,0.0,0.0,0.0,2.0,32.0,16.0,32.0,0.13027390152652996
1.0,1.0,0.0,0.0,0.0,0.0,0.0,3.0,32.0,16.0,32.0,0.1258363144815533
1.0,1.0,0.0,0.0,0.0,0.0,0.0,4.0,32.0,16.0,32.0,0.13895791802069973
1.0,1.0,0.0,0.0,0.0,0.0,0.0,1.0,64.0,16.0,32.0,0.0794942516180126
1.0,1.0,0.0,0.0,0.0,0.0,0.0,2.0,64.0,16.0,32.0,0.08432780796854095
1.0,1.0,0.0,0.0,0.0,0.0,0.0,3.0,64.0,16.0,32.0,0.08367241049728291
1.0,1.0,0.0,0.0,0.0,0.0,0.0,4.0,64.0,16.0,32.0,0.09388568775772144
1.0,1.0,0.0,0.0,0.0,0.0,0.0,1.0,128.0,16.0,32.0,0.0486496081269287
1.0,1.0,0.0,0.0,0.0,0.0,0.0,2.0,128.0,16.0,32.0,0.0486496081269287
1.0,1.0,0.0,0.0,0.0,0.0,0.0,3.0,128.0,16.0,32.0,0.05016521477921304
1.0,1.0,0.0,0.0,0.0,0.0,0.0,4.0,128.0,16.0,32.0,0.0547393429640351
1.0,1.0,0.0,0.0,0.0,0.0,0.0,1.0,0.0,20.0,32.0,0.016180125071684148
1.0,1.0,0.0,0.0,0.0,0.0,0.0,2.0,0.0,20.0,32.0,0.01663071083317408
1.0,1.0,0.0,0.0,0.0,0.0,0.0,3.0,0.0,20.0,32.0,0.02039924629290807
1.0,1.0,0.0,0.0,0.0,0.0,0.0,4.0,0.0,20.0,32.0,0.01925230071820644
1.0,1.0,0.0,0.0,0.0,0.0,0.0,1.0,8.0,20.0,32.0,0.3635817471804255
1.0,1.0,0.0,0.0,0.0,0.0,0.0,2.0,8.0,20.0,32.0,0.3689751222043202
1.0,1.0,0.0,0.0,0.0,0.0,0.0,3.0,8.0,20.0,32.0,0.3613697807149295
1.0,1.0,0.0,0.0,0.0,0.0,0.0,4.0,8.0,20.0,32.0,0.357737786395041
1.0,1.0,0.0,0.0,0.0,0.0,0.0,1.0,10.0,20.0,32.0,0.23819601846036226
1.0,1.0,0.0,0.0,0.0,0.0,0.0,2.0,10.0,20.0,32.0,0.23629809661651063
1.0,1.0,0.0,0.0,0.0,0.0,0.0,3.0,10.0,20.0,32.0,0.24266091373330795
1.0,1.0,0.0,0.0,0.0,0.0,0.0,4.0,10.0,20.0,32.0,0.23179223900161122
1.0,1.0,0.0,0.0,0.0,0.0,0.0,1.0,16.0,20.0,32.0,0.16038122286244855
1.0,1.0,0.0,0.0,0.0,0.0,0.0,2.0,16.0,20.0,32.0,0.1630983915453727
1.0,1.0,0.0,0.0,0.0,0.0,0.0,3.0,16.0,20.0,32.0,0.16225183647833102
1.0,1.0,0.0,0.0,0.0,0.0,0.0,4.0,16.0,20.0,32.0,0.1632895491411563
1.0,1.0,0.0,0.0,0.0,0.0,0.0,1.0,20.0,20.0,32.0,0.13781097244599805
1.0,1.0,0.0,0.0,0.0,0.0,0.0,2.0,20.0,20.0,32.0,0.14432398481662528
1.0,1.0,0.0,0.0,0.0,0.0,0.0,3.0,20.0,20.0,32.0,0.14253529588465008
1.0,1.0,0.0,0.0,0.0,0.0,0.0,4.0,20.0,20.0,32.0,0.15601190638739454
1.0,1.0,0.0,0.0,0.0,0.0,0.0,1.0,32.0,20.0,32.0,0.10448128020972725
1.0,1.0,0.0,0.0,0.0,0.0,0.0,2.0,32.0,20.0,32.0,0.11040716567901909
1.0,1.0,0.0,0.0,0.0,0.0,0.0,3.0,32.0,20.0,32.0,0.10792211693383219
1.0,1.0,0.0,0.0,0.0,0.0,0.0,4.0,32.0,20.0,32.0,0.12060678882547321
1.0,1.0,0.0,0.0,0.0,0.0,0.0,1.0,64.0,20.0,32.0,0.07052349873016744
1.0,1.0,0.0,0.0,0.0,0.0,0.0,2.0,64.0,20.0,32.0,0.07397798956825696
1.0,1.0,0.0,0.0,0.0,0.0,0.0,3.0,64.0,20.0,32.0,0.07455146235560778
1.0,1.0,0.0,0.0,0.0,0.0,0.0,4.0,64.0,20.0,32.0,0.0843551161965101
1.0,1.0,0.0,0.0,0.0,0.0,0.0,1.0,128.0,20.0,32.0,0.04626013817963359
1.0,1.0,0.0,0.0,0.0,0.0,0.0,2.0,128.0,20.0,32.0,0.04638302520549448
1.0,1.0,0.0,0.0,0.0,0.0,0.0,3.0,128.0,20.0,32.0,0.04781670717387154
1.0,1.0,0.0,0.0,0.0,0.0,0.0,4.0,128.0,20.0,32.0,0.05056118408476479
1.0,1.0,0.0,0.0,0.0,0.0,0.0,1.0,0.0,32.0,32.0,0.009230181053551445
1.0,1.0,0.0,0.0,0.0,0.0,0.0,2.0,0.0,32.0,32.0,0.008998061115814249
1.0,1.0,0.0,0.0,0.0,0.0,0.0,3.0,0.0,32.0,32.0,0.012247740244135608
1.0,1.0,0.0,0.0,0.0,0.0,0.0,4.0,0.0,32.0,32.0,0.01193369562249108
1.0,1.0,0.0,0.0,0.0,0.0,0.0,1.0,8.0,32.0,32.0,0.26975067587864227
1.0,1.0,0.0,0.0,0.0,0.0,0.0,2.0,8.0,32.0,32.0,0.27096589202326676
1.0,1.0,0.0,0.0,0.0,0.0,0.0,3.0,8.0,32.0,32.0,0.26547693820148016
1.0,1.0,0.0,0.0,0.0,0.0,0.0,4.0,8.0,32.0,32.0,0.2601245255195391
1.0,1.0,0.0,0.0,0.0,0.0,0.0,1.0,10.0,32.0,32.0,0.16791829378191653
1.0,1.0,0.0,0.0,0.0,0.0,0.0,2.0,10.0,32.0,32.0,0.16587017668423504
1.0,1.0,0.0,0.0,0.0,0.0,0.0,3.0,10.0,32.0,32.0,0.1632895491411563
1.0,1.0,0.0,0.0,0.0,0.0,0.0,4.0,10.0,32.0,32.0,0.15669461208662178
1.0,1.0,0.0,0.0,0.0,0.0,0.0,1.0,16.0,32.0,32.0,0.1124962451186543
1.0,1.0,0.0,0.0,0.0,0.0,0.0,2.0,16.0,32.0,32.0,0.11616920178049656
1.0,1.0,0.0,0.0,0.0,0.0,0.0,3.0,16.0,32.0,32.0,0.11234604986482433
1.0,1.0,0.0,0.0,0.0,0.0,0.0,4.0,16.0,32.0,32.0,0.1154728419672848
1.0,1.0,0.0,0.0,0.0,0.0,0.0,1.0,20.0,32.0,32.0,0.09650727764275385
1.0,1.0,0.0,0.0,0.0,0.0,0.0,2.0,20.0,32.0,32.0,0.10046697069827143
1.0,1.0,0.0,0.0,0.0,0.0,0.0,3.0,20.0,32.0,32.0,0.09957945328927614
1.0,1.0,0.0,0.0,0.0,0.0,0.0,4.0,20.0,32.0,32.0,0.1111991042901227
1.0,1.0,0.0,0.0,0.0,0.0,0.0,1.0,32.0,32.0,32.0,0.07321335918512256
1.0,1.0,0.0,0.0,0.0,0.0,0.0,2.0,32.0,32.0,32.0,0.07815614844752727
1.0,1.0,0.0,0.0,0.0,0.0,0.0,3.0,32.0,32.0,32.0,0.07735055572243921
1.0,1.0,0.0,0.0,0.0,0.0,0.0,4.0,32.0,32.0,32.0,0.08951637128266748
1.0,1.0,0.0,0.0,0.0,0.0,0.0,1.0,64.0,32.0,32.0,0.053360277451596216
1.0,1.0,0.0,0.0,0.0,0.0,0.0,2.0,64.0,32.0,32.0,0.056992271771484804
1.0,1.0,0.0,0.0,0.0,0.0,0.0,3.0,64.0,32.0,32.0,0.05725169993719115
1.0,1.0,0.0,0.0,0.0,0.0,0.0,4.0,64.0,32.0,32.0,0.07016849176656931
1.0,1.0,0.0,0.0,0.0,0.0,0.0,1.0,128.0,32.0,32.0,0.05331931510964255
1.0,1.0,0.0,0.0,0.0,0.0,0.0,2.0,128.0,32.0,32.0,0.05158524263360559
1.0,1.0,0.0,0.0,0.0,0.0,0.0,3.0,128.0,32.0,32.0,0.05684207651765483
1.0,1.0,0.0,0.0,0.0,0.0,0.0,4.0,128.0,32.0,32.0,0.05745651164695931
1.0,1.0,0.0,0.0,0.0,0.0,0.0,1.0,0.0,64.0,32.0,0.020781561484475353
1.0,1.0,0.0,0.0,0.0,0.0,0.0,2.0,0.0,64.0,32.0,0.022024085857068776
1.0,1.0,0.0,0.0,0.0,0.0,0.0,3.0,0.0,64.0,32.0,0.015715885196209645
1.0,1.0,0.0,0.0,0.0,0.0,0.0,4.0,0.0,64.0,32.0,0.015278953548704288
1.0,1.0,0.0,0.0,0.0,0.0,0.0,1.0,8.0,64.0,32.0,0.1977252246101751
1.0,1.0,0.0,0.0,0.0,0.0,0.0,2.0,8.0,64.0,32.0,0.19492613124334363
1.0,1.0,0.0,0.0,0.0,0.0,0.0,3.0,8.0,64.0,32.0,0.18859062235451546
1.0,1.0,0.0,0.0,0.0,0.0,0.0,4.0,8.0,64.0,32.0,0.1846718916409515
1.0,1.0,0.0,0.0,0.0,0.0,0.0,1.0,10.0,64.0,32.0,0.10969715175182287
1.0,1.0,0.0,0.0,0.0,0.0,0.0,2.0,10.0,64.0,32.0,0.10635189382560972
1.0,1.0,0.0,0.0,0.0,0.0,0.0,3.0,10.0,64.0,32.0,0.10300663589939651
1.0,1.0,0.0,0.0,0.0,0.0,0.0,4.0,10.0,64.0,32.0,0.09617957890712475
1.0,1.0,0.0,0.0,0.0,0.0,0.0,1.0,16.0,64.0,32.0,0.07470165760943775
1.0,1.0,0.0,0.0,0.0,0.0,0.0,2.0,16.0,64.0,32.0,0.07593052786804666
1.0,1.0,0.0,0.0,0.0,0.0,0.0,3.0,16.0,64.0,32.0,0.07516589748491226
1.0,1.0,0.0,0.0,0.0,0.0,0.0,4.0,16.0,64.0,32.0,0.07494743166115958
1.0,1.0,0.0,0.0,0.0,0.0,0.0,1.0,20.0,64.0,32.0,0.0652257025041646
1.0,1.0,0.0,0.0,0.0,0.0,0.0,2.0,20.0,64.0,32.0,0.06791556295911966
1.0,1.0,0.0,0.0,0.0,0.0,0.0,3.0,20.0,64.0,32.0,0.06562167180971629
1.0,1.0,0.0,0.0,0.0,0.0,0.0,4.0,20.0,64.0,32.0,0.07756902154619189
1.0,1.0,0.0,0.0,0.0,0.0,0.0,1.0,32.0,64.0,32.0,0.050711379338594764
1.0,1.0,0.0,0.0,0.0,0.0,0.0,2.0,32.0,64.0,32.0,0.055053387585679625
1.0,1.0,0.0,0.0,0.0,0.0,0.0,3.0,32.0,64.0,32.0,0.053606051503317986
1.0,1.0,0.0,0.0,0.0,0.0,0.0,4.0,32.0,64.0,32.0,0.0660312952292526
1.0,1.0,0.0,0.0,0.0,0.0,0.0,1.0,64.0,64.0,32.0,0.05598186733662858
1.0,1.0,0.0,0.0,0.0,0.0,0.0,2.0,64.0,64.0,32.0,0.0554357027772468
1.0,1.0,0.0,0.0,0.0,0.0,0.0,3.0,64.0,64.0,32.0,0.05303257871596717
1.0,1.0,0.0,0.0,0.0,0.0,0.0,4.0,64.0,64.0,32.0,0.0653349354160409
1.0,1.0,0.0,0.0,0.0,0.0,0.0,1.0,128.0,64.0,32.0,0.05555858980310774
1.0,1.0,0.0,0.0,0.0,0.0,0.0,2.0,128.0,64.0,32.0,0.05088888282039383
1.0,1.0,0.0,0.0,0.0,0.0,0.0,3.0,128.0,64.0,32.0,0.05680111417570116
1.0,1.0,0.0,0.0,0.0,0.0,0.0,4.0,128.0,64.0,32.0,0.055503973347169555
1.0,1.0,0.0,0.0,0.0,0.0,0.0,1.0,0.0,128.0,32.0,0.1464130642562605
1.0,1.0,0.0,0.0,0.0,0.0,0.0,2.0,0.0,128.0,32.0,0.14679537944782767
1.0,1.0,0.0,0.0,0.0,0.0,0.0,3.0,0.0,128.0,32.0,0.13465687211556848
1.0,1.0,0.0,0.0,0.0,0.0,0.0,4.0,0.0,128.0,32.0,0.13484802971135207
1.0,1.0,0.0,0.0,0.0,0.0,0.0,1.0,8.0,128.0,32.0,0.16289357983560454
1.0,1.0,0.0,0.0,0.0,0.0,0.0,2.0,8.0,128.0,32.0,0.15890657855211782
1.0,1.0,0.0,0.0,0.0,0.0,0.0,3.0,8.0,128.0,32.0,0.1536770528960376
1.0,1.0,0.0,0.0,0.0,0.0,0.0,4.0,8.0,128.0,32.0,0.15364974466806858
1.0,1.0,0.0,0.0,0.0,0.0,0.0,1.0,10.0,128.0,32.0,0.09186487888800904
1.0,1.0,0.0,0.0,0.0,0.0,0.0,2.0,10.0,128.0,32.0,0.0933941396542779
1.0,1.0,0.0,0.0,0.0,0.0,0.0,3.0,10.0,128.0,32.0,0.08058658073677605
1.0,1.0,0.0,0.0,0.0,0.0,0.0,4.0,10.0,128.0,32.0,0.08420492094268012
1.0,1.0,0.0,0.0,0.0,0.0,0.0,1.0,16.0,128.0,32.0,0.075561866790464
1.0,1.0,0.0,0.0,0.0,0.0,0.0,2.0,16.0,128.0,32.0,0.08117370763811138
1.0,1.0,0.0,0.0,0.0,0.0,0.0,3.0,16.0,128.0,32.0,0.06872115568420772
1.0,1.0,0.0,0.0,0.0,0.0,0.0,4.0,16.0,128.0,32.0,0.07799229907971278
1.0,1.0,0.0,0.0,0.0,0.0,0.0,1.0,20.0,128.0,32.0,0.06324585597640575
1.0,1.0,0.0,0.0,0.0,0.0,0.0,2.0,20.0,128.0,32.0,0.06779267593325872
1.0,1.0,0.0,0.0,0.0,0.0,0.0,3.0,20.0,128.0,32.0,0.06537589775799457
1.0,1.0,0.0,0.0,0.0,0.0,0.0,4.0,20.0,128.0,32.0,0.08121466998006505
1.0,1.0,0.0,0.0,0.0,0.0,0.0,1.0,32.0,128.0,32.0,0.06089734837106425
1.0,1.0,0.0,0.0,0.0,0.0,0.0,2.0,32.0,128.0,32.0,0.06511646959228823
1.0,1.0,0.0,0.0,0.0,0.0,0.0,3.0,32.0,128.0,32.0,0.06373740407984935
1.0,1.0,0.0,0.0,0.0,0.0,0.0,4.0,32.0,128.0,32.0,0.07974002566973432
1.0,1.0,0.0,0.0,0.0,0.0,0.0,1.0,64.0,128.0,32.0,0.07008656708266209
1.0,1.0,0.0,0.0,0.0,0.0,0.0,2.0,64.0,128.0,32.0,0.06653649744668072
1.0,1.0,0.0,0.0,0.0,0.0,0.0,3.0,64.0,128.0,32.0,0.06388759933367927
1.0,1.0,0.0,0.0,0.0,0.0,0.0,4.0,64.0,128.0,32.0,0.07481089052131412
1.0,1.0,0.0,0.0,0.0,0.0,0.0,1.0,128.0,128.0,32.0,0.07273546519566354
1.0,1.0,0.0,0.0,0.0,0.0,0.0,2.0,128.0,128.0,32.0,0.05891750184330541
1.0,1.0,0.0,0.0,0.0,0.0,0.0,3.0,128.0,128.0,32.0,0.06760151833747513
1.0,1.0,0.0,0.0,0.0,0.0,0.0,4.0,128.0,128.0,32.0,0.06401048635954021
1.0,1.0,0.0,0.0,0.0,0.0,0.0,1.0,0.0,0.0,64.0,0.19551325814467907
1.0,1.0,0.0,0.0,0.0,0.0,0.0,2.0,0.0,0.0,64.0,0.19539037111881813
1.0,1.0,0.0,0.0,0.0,0.0,0.0,3.0,0.0,0.0,64.0,0.18809907425107192
1.0,1.0,0.0,0.0,0.0,0.0,0.0,4.0,0.0,0.0,64.0,0.18823561539091732
1.0,1.0,0.0,0.0,0.0,0.0,0.0,1.0,8.0,0.0,64.0,0.21570769272781892
1.0,1.0,0.0,0.0,0.0,0.0,0.0,2.0,8.0,0.0,64.0,0.222138780414539
1.0,1.0,0.0,0.0,0.0,0.0,0.0,3.0,8.0,0.0,64.0,0.2126082088533276
1.0,1.0,0.0,0.0,0.0,0.0,0.0,4.0,8.0,0.0,64.0,0.2170184876703351
1.0,1.0,0.0,0.0,0.0,0.0,0.0,1.0,10.0,0.0,64.0,0.21017777656407882
1.0,1.0,0.0,0.0,0.0,0.0,0.0,2.0,10.0,0.0,64.0,0.22566154182255121
1.0,1.0,0.0,0.0,0.0,0.0,0.0,3.0,10.0,0.0,64.0,0.20866216991179448
1.0,1.0,0.0,0.0,0.0,0.0,0.0,4.0,10.0,0.0,64.0,0.21243070537152847
1.0,1.0,0.0,0.0,0.0,0.0,0.0,1.0,16.0,0.0,64.0,0.14731423577924035
1.0,1.0,0.0,0.0,0.0,0.0,0.0,2.0,16.0,0.0,64.0,0.1555613206259046
1.0,1.0,0.0,0.0,0.0,0.0,0.0,3.0,16.0,0.0,64.0,0.13998197656954048
1.0,1.0,0.0,0.0,0.0,0.0,0.0,4.0,16.0,0.0,64.0,0.15407302220158942
1.0,1.0,0.0,0.0,0.0,0.0,0.0,1.0,20.0,0.0,64.0,0.1107348644146482
1.0,1.0,0.0,0.0,0.0,0.0,0.0,2.0,20.0,0.0,64.0,0.12068871350938043
1.0,1.0,0.0,0.0,0.0,0.0,0.0,3.0,20.0,0.0,64.0,0.11619651000846559
1.0,1.0,0.0,0.0,0.0,0.0,0.0,4.0,20.0,0.0,64.0,0.1291406100658129
1.0,1.0,0.0,0.0,0.0,0.0,0.0,1.0,32.0,0.0,64.0,0.08196564624921493
1.0,1.0,0.0,0.0,0.0,0.0,0.0,2.0,32.0,0.0,64.0,0.09504628744640764
1.0,1.0,0.0,0.0,0.0,0.0,0.0,3.0,32.0,0.0,64.0,0.09013080641197196
1.0,1.0,0.0,0.0,0.0,0.0,0.0,4.0,32.0,0.0,64.0,0.10218738906032393
1.0,1.0,0.0,0.0,0.0,0.0,0.0,1.0,64.0,0.0,64.0,0.13359185122477407
1.0,1.0,0.0,0.0,0.0,0.0,0.0,2.0,64.0,0.0,64.0,0.20889428984953168
1.0,1.0,0.0,0.0,0.0,0.0,0.0,3.0,64.0,0.0,64.0,0.10902810016658021
1.0,1.0,0.0,0.0,0.0,0.0,0.0,4.0,64.0,0.0,64.0,0.19831235151151044
1.0,1.0,0.0,0.0,0.0,0.0,0.0,1.0,128.0,0.0,64.0,0.20345995248368337
1.0,1.0,0.0,0.0,0.0,0.0,0.0,2.0,128.0,0.0,64.0,0.24125453999289997
1.0,1.0,0.0,0.0,0.0,0.0,0.0,3.0,128.0,0.0,64.0,0.20782926895873727
1.0,1.0,0.0,0.0,0.0,0.0,0.0,4.0,128.0,0.0,64.0,0.2550042327753353
1.0,1.0,0.0,0.0,0.0,0.0,0.0,1.0,0.0,8.0,64.0,0.030749064693192107
1.0,1.0,0.0,0.0,0.0,0.0,0.0,2.0,0.0,8.0,64.0,0.031022146972883025
1.0,1.0,0.0,0.0,0.0,0.0,0.0,3.0,0.0,8.0,64.0,0.03798574510500019
1.0,1.0,0.0,0.0,0.0,0.0,0.0,4.0,0.0,8.0,64.0,0.03866845080422737
1.0,1.0,0.0,0.0,0.0,0.0,0.0,1.0,8.0,8.0,64.0,0.743015920696906
1.0,1.0,0.0,0.0,0.0,0.0,0.0,2.0,8.0,8.0,64.0,0.7512630055435703
1.0,1.0,0.0,0.0,0.0,0.0,0.0,3.0,8.0,8.0,64.0,0.7323520576749776
1.0,1.0,0.0,0.0,0.0,0.0,0.0,4.0,8.0,8.0,64.0,0.7381960184603622
1.0,1.0,0.0,0.0,0.0,0.0,0.0,1.0,10.0,8.0,64.0,0.5365520631366232
1.0,1.0,0.0,0.0,0.0,0.0,0.0,2.0,10.0,8.0,64.0,0.5410033042955844
1.0,1.0,0.0,0.0,0.0,0.0,0.0,3.0,10.0,8.0,64.0,0.5451268467189165
1.0,1.0,0.0,0.0,0.0,0.0,0.0,4.0,10.0,8.0,64.0,0.5321281302056311
1.0,1.0,0.0,0.0,0.0,0.0,0.0,1.0,16.0,8.0,64.0,0.3532728911220951
1.0,1.0,0.0,0.0,0.0,0.0,0.0,2.0,16.0,8.0,64.0,0.3642098364237146
1.0,1.0,0.0,0.0,0.0,0.0,0.0,3.0,16.0,8.0,64.0,0.35612660094486476
1.0,1.0,0.0,0.0,0.0,0.0,0.0,4.0,16.0,8.0,64.0,0.36416887408176085
1.0,1.0,0.0,0.0,0.0,0.0,0.0,1.0,20.0,8.0,64.0,0.3074360304759825
1.0,1.0,0.0,0.0,0.0,0.0,0.0,2.0,20.0,8.0,64.0,0.3159971599442913
1.0,1.0,0.0,0.0,0.0,0.0,0.0,3.0,20.0,8.0,64.0,0.31225593271252633
1.0,1.0,0.0,0.0,0.0,0.0,0.0,4.0,20.0,8.0,64.0,0.32244190174499593
1.0,1.0,0.0,0.0,0.0,0.0,0.0,1.0,32.0,8.0,64.0,0.22788716240203183
1.0,1.0,0.0,0.0,0.0,0.0,0.0,2.0,32.0,8.0,64.0,0.23592943553892792
1.0,1.0,0.0,0.0,0.0,0.0,0.0,3.0,32.0,8.0,64.0,0.22805101176984638
1.0,1.0,0.0,0.0,0.0,0.0,0.0,4.0,32.0,8.0,64.0,0.24066741309156453
1.0,1.0,0.0,0.0,0.0,0.0,0.0,1.0,64.0,8.0,64.0,0.1383025205494416
1.0,1.0,0.0,0.0,0.0,0.0,0.0,2.0,64.0,8.0,64.0,0.14082853163658215
1.0,1.0,0.0,0.0,0.0,0.0,0.0,3.0,64.0,8.0,64.0,0.14290395696223274
1.0,1.0,0.0,0.0,0.0,0.0,0.0,4.0,64.0,8.0,64.0,0.15085065130123715
1.0,1.0,0.0,0.0,0.0,0.0,0.0,1.0,128.0,8.0,64.0,0.08335836587563838
1.0,1.0,0.0,0.0,0.0,0.0,0.0,2.0,128.0,8.0,64.0,0.08510609246565998
1.0,1.0,0.0,0.0,0.0,0.0,0.0,3.0,128.0,8.0,64.0,0.08262104372047302
1.0,1.0,0.0,0.0,0.0,0.0,0.0,4.0,128.0,8.0,64.0,0.08780960703459956
1.0,1.0,0.0,0.0,0.0,0.0,0.0,1.0,0.0,10.0,64.0,0.05083426636445565
1.0,1.0,0.0,0.0,0.0,0.0,0.0,2.0,0.0,10.0,64.0,0.05038368060296572
1.0,1.0,0.0,0.0,0.0,0.0,0.0,3.0,0.0,10.0,64.0,0.05647341544007212
1.0,1.0,0.0,0.0,0.0,0.0,0.0,4.0,0.0,10.0,64.0,0.05684207651765483
1.0,1.0,0.0,0.0,0.0,0.0,0.0,1.0,8.0,10.0,64.0,0.6601491029247113
1.0,1.0,0.0,0.0,0.0,0.0,0.0,2.0,8.0,10.0,64.0,0.6628526174936509
1.0,1.0,0.0,0.0,0.0,0.0,0.0,3.0,8.0,10.0,64.0,0.6547966902427702
1.0,1.0,0.0,0.0,0.0,0.0,0.0,4.0,8.0,10.0,64.0,0.6497173598405201
1.0,1.0,0.0,0.0,0.0,0.0,0.0,1.0,10.0,10.0,64.0,0.4621507960348454
1.0,1.0,0.0,0.0,0.0,0.0,0.0,2.0,10.0,10.0,64.0,0.4648406564898005
1.0,1.0,0.0,0.0,0.0,0.0,0.0,3.0,10.0,10.0,64.0,0.4761872252109562
1.0,1.0,0.0,0.0,0.0,0.0,0.0,4.0,10.0,10.0,64.0,0.4603757612168548
1.0,1.0,0.0,0.0,0.0,0.0,0.0,1.0,16.0,10.0,64.0,0.3186460580572928
1.0,1.0,0.0,0.0,0.0,0.0,0.0,2.0,16.0,10.0,64.0,0.32252382642890304
1.0,1.0,0.0,0.0,0.0,0.0,0.0,3.0,16.0,10.0,64.0,0.3242715530189247
1.0,1.0,0.0,0.0,0.0,0.0,0.0,4.0,16.0,10.0,64.0,0.3232338403560993
1.0,1.0,0.0,0.0,0.0,0.0,0.0,1.0,20.0,10.0,64.0,0.27914470630000826
1.0,1.0,0.0,0.0,0.0,0.0,0.0,2.0,20.0,10.0,64.0,0.28582156803845
1.0,1.0,0.0,0.0,0.0,0.0,0.0,3.0,20.0,10.0,64.0,0.2820530325787161
1.0,1.0,0.0,0.0,0.0,0.0,0.0,4.0,20.0,10.0,64.0,0.29480597504027967
1.0,1.0,0.0,0.0,0.0,0.0,0.0,1.0,32.0,10.0,64.0,0.21350938037630746
1.0,1.0,0.0,0.0,0.0,0.0,0.0,2.0,32.0,10.0,64.0,0.21839755318277404
1.0,1.0,0.0,0.0,0.0,0.0,0.0,3.0,32.0,10.0,64.0,0.21527076108031357
1.0,1.0,0.0,0.0,0.0,0.0,0.0,4.0,32.0,10.0,64.0,0.22907507031868707
1.0,1.0,0.0,0.0,0.0,0.0,0.0,1.0,64.0,10.0,64.0,0.14380512848521265
1.0,1.0,0.0,0.0,0.0,0.0,0.0,2.0,64.0,10.0,64.0,0.14865233894972563
1.0,1.0,0.0,0.0,0.0,0.0,0.0,3.0,64.0,10.0,64.0,0.1457303585570333
1.0,1.0,0.0,0.0,0.0,0.0,0.0,4.0,64.0,10.0,64.0,0.15513804309238383
1.0,1.0,0.0,0.0,0.0,0.0,0.0,1.0,128.0,10.0,64.0,0.09649362352876928
1.0,1.0,0.0,0.0,0.0,0.0,0.0,2.0,128.0,10.0,64.0,0.09764056910347091
1.0,1.0,0.0,0.0,0.0,0.0,0.0,3.0,128.0,10.0,64.0,0.09800923018105362
1.0,1.0,0.0,0.0,0.0,0.0,0.0,4.0,128.0,10.0,64.0,0.1018050738687567
1.0,1.0,0.0,0.0,0.0,0.0,0.0,1.0,0.0,16.0,64.0,0.01735437887435487
1.0,1.0,0.0,0.0,0.0,0.0,0.0,2.0,0.0,16.0,64.0,0.017490920014200273
1.0,1.0,0.0,0.0,0.0,0.0,0.0,3.0,0.0,16.0,64.0,0.021600808323547938
1.0,1.0,0.0,0.0,0.0,0.0,0.0,4.0,0.0,16.0,64.0,0.021464267183702535
1.0,1.0,0.0,0.0,0.0,0.0,0.0,1.0,8.0,16.0,64.0,0.42376908162429344
1.0,1.0,0.0,0.0,0.0,0.0,0.0,2.0,8.0,16.0,64.0,0.4312378819738388
1.0,1.0,0.0,0.0,0.0,0.0,0.0,3.0,8.0,16.0,64.0,0.4192222616674404
1.0,1.0,0.0,0.0,0.0,0.0,0.0,4.0,8.0,16.0,64.0,0.4198366967967449
1.0,1.0,0.0,0.0,0.0,0.0,0.0,1.0,10.0,16.0,64.0,0.288934706026926
1.0,1.0,0.0,0.0,0.0,0.0,0.0,2.0,10.0,16.0,64.0,0.2894535623583387
1.0,1.0,0.0,0.0,0.0,0.0,0.0,3.0,10.0,16.0,64.0,0.2883885414675443
1.0,1.0,0.0,0.0,0.0,0.0,0.0,4.0,10.0,16.0,64.0,0.2860536879761874
1.0,1.0,0.0,0.0,0.0,0.0,0.0,1.0,16.0,16.0,64.0,0.1893142903956963
1.0,1.0,0.0,0.0,0.0,0.0,0.0,2.0,16.0,16.0,64.0,0.1989814030967531
1.0,1.0,0.0,0.0,0.0,0.0,0.0,3.0,16.0,16.0,64.0,0.1932193669952757
1.0,1.0,0.0,0.0,0.0,0.0,0.0,4.0,16.0,16.0,64.0,0.1996777629099648
1.0,1.0,0.0,0.0,0.0,0.0,0.0,1.0,20.0,16.0,64.0,0.16492804281930157
1.0,1.0,0.0,0.0,0.0,0.0,0.0,2.0,20.0,16.0,64.0,0.17195991152134144
1.0,1.0,0.0,0.0,0.0,0.0,0.0,3.0,20.0,16.0,64.0,0.1689560064447419
1.0,1.0,0.0,0.0,0.0,0.0,0.0,4.0,20.0,16.0,64.0,0.18093066440918654
1.0,1.0,0.0,0.0,0.0,0.0,0.0,1.0,32.0,16.0,64.0,0.12239547775744836
1.0,1.0,0.0,0.0,0.0,0.0,0.0,2.0,32.0,16.0,64.0,0.13189874109069066
1.0,1.0,0.0,0.0,0.0,0.0,0.0,3.0,32.0,16.0,64.0,0.12627324612905877
1.0,1.0,0.0,0.0,0.0,0.0,0.0,4.0,32.0,16.0,64.0,0.14029602119118495
1.0,1.0,0.0,0.0,0.0,0.0,0.0,1.0,64.0,16.0,64.0,0.08741363772904787
1.0,1.0,0.0,0.0,0.0,0.0,0.0,2.0,64.0,16.0,64.0,0.09258854692918977
1.0,1.0,0.0,0.0,0.0,0.0,0.0,3.0,64.0,16.0,64.0,0.09120948141675089
1.0,1.0,0.0,0.0,0.0,0.0,0.0,4.0,64.0,16.0,64.0,0.10438570141183545
1.0,1.0,0.0,0.0,0.0,0.0,0.0,1.0,128.0,16.0,64.0,0.06368278762391111
1.0,1.0,0.0,0.0,0.0,0.0,0.0,2.0,128.0,16.0,64.0,0.0635462464840657
1.0,1.0,0.0,0.0,0.0,0.0,0.0,3.0,128.0,16.0,64.0,0.06671400092847979
1.0,1.0,0.0,0.0,0.0,0.0,0.0,4.0,128.0,16.0,64.0,0.07168409841885365
1.0,1.0,0.0,0.0,0.0,0.0,0.0,1.0,0.0,20.0,64.0,0.012206777902181942
1.0,1.0,0.0,0.0,0.0,0.0,0.0,2.0,0.0,20.0,64.0,0.013121603539146376
1.0,1.0,0.0,0.0,0.0,0.0,0.0,3.0,0.0,20.0,64.0,0.01645320735137501
1.0,1.0,0.0,0.0,0.0,0.0,0.0,4.0,0.0,20.0,64.0,0.01604358393183869
1.0,1.0,0.0,0.0,0.0,0.0,0.0,1.0,8.0,20.0,64.0,0.3678691389715723
1.0,1.0,0.0,0.0,0.0,0.0,0.0,2.0,8.0,20.0,64.0,0.3685654987847839
1.0,1.0,0.0,0.0,0.0,0.0,0.0,3.0,8.0,20.0,64.0,0.35994975286053704
1.0,1.0,0.0,0.0,0.0,0.0,0.0,4.0,8.0,20.0,64.0,0.3542559873289824
1.0,1.0,0.0,0.0,0.0,0.0,0.0,1.0,10.0,20.0,64.0,0.24145935170266813
1.0,1.0,0.0,0.0,0.0,0.0,0.0,2.0,10.0,20.0,64.0,0.24201917037603443
1.0,1.0,0.0,0.0,0.0,0.0,0.0,3.0,10.0,20.0,64.0,0.2446817226030204
1.0,1.0,0.0,0.0,0.0,0.0,0.0,4.0,10.0,20.0,64.0,0.233894972555231
1.0,1.0,0.0,0.0,0.0,0.0,0.0,1.0,16.0,20.0,64.0,0.1631393538873263
1.0,1.0,0.0,0.0,0.0,0.0,0.0,2.0,16.0,20.0,64.0,0.16805483492176204
1.0,1.0,0.0,0.0,0.0,0.0,0.0,3.0,16.0,20.0,64.0,0.16395860072639895
1.0,1.0,0.0,0.0,0.0,0.0,0.0,4.0,16.0,20.0,64.0,0.17807695458641698
1.0,1.0,0.0,0.0,0.0,0.0,0.0,1.0,20.0,20.0,64.0,0.13726480788661632
1.0,1.0,0.0,0.0,0.0,0.0,0.0,2.0,20.0,20.0,64.0,0.14541631393538879
1.0,1.0,0.0,0.0,0.0,0.0,0.0,3.0,20.0,20.0,64.0,0.14245337120074286
1.0,1.0,0.0,0.0,0.0,0.0,0.0,4.0,20.0,20.0,64.0,0.15567055353778098
1.0,1.0,0.0,0.0,0.0,0.0,0.0,1.0,32.0,20.0,64.0,0.10442666375378906
1.0,1.0,0.0,0.0,0.0,0.0,0.0,2.0,32.0,20.0,64.0,0.11025697042518917
1.0,1.0,0.0,0.0,0.0,0.0,0.0,3.0,32.0,20.0,64.0,0.10652939730740879
1.0,1.0,0.0,0.0,0.0,0.0,0.0,4.0,32.0,20.0,64.0,0.12038832300172048
1.0,1.0,0.0,0.0,0.0,0.0,0.0,1.0,64.0,20.0,64.0,0.07715939812665557
1.0,1.0,0.0,0.0,0.0,0.0,0.0,2.0,64.0,20.0,64.0,0.08176083453944682
1.0,1.0,0.0,0.0,0.0,0.0,0.0,3.0,64.0,20.0,64.0,0.08027253611513152
1.0,1.0,0.0,0.0,0.0,0.0,0.0,4.0,64.0,20.0,64.0,0.09331221497037062
1.0,1.0,0.0,0.0,0.0,0.0,0.0,1.0,128.0,20.0,64.0,0.06110216008083241
1.0,1.0,0.0,0.0,0.0,0.0,0.0,2.0,128.0,20.0,64.0,0.06044676260957432
1.0,1.0,0.0,0.0,0.0,0.0,0.0,3.0,128.0,20.0,64.0,0.06132062590458509
1.0,1.0,0.0,0.0,0.0,0.0,0.0,4.0,128.0,20.0,64.0,0.06612687402714446
1.0,1.0,0.0,0.0,0.0,0.0,0.0,1.0,0.0,32.0,64.0,0.004328354133100343
1.0,1.0,0.0,0.0,0.0,0.0,0.0,2.0,0.0,32.0,64.0,0.004123542423332238
1.0,1.0,0.0,0.0,0.0,0.0,0.0,3.0,0.0,32.0,64.0,0.007632649717359885
1.0,1.0,0.0,0.0,0.0,0.0,0.0,4.0,0.0,32.0,64.0,0.00775553674322077
1.0,1.0,0.0,0.0,0.0,0.0,0.0,1.0,8.0,32.0,64.0,0.2696004806248124
1.0,1.0,0.0,0.0,0.0,0.0,0.0,2.0,8.0,32.0,64.0,0.2702012616401322
1.0,1.0,0.0,0.0,0.0,0.0,0.0,3.0,8.0,32.0,64.0,0.26385209863731945
1.0,1.0,0.0,0.0,0.0,0.0,0.0,4.0,8.0,32.0,64.0,0.2597558644419565
1.0,1.0,0.0,0.0,0.0,0.0,0.0,1.0,10.0,32.0,64.0,0.1697479450558454
1.0,1.0,0.0,0.0,0.0,0.0,0.0,2.0,10.0,32.0,64.0,0.16753597859034935
1.0,1.0,0.0,0.0,0.0,0.0,0.0,3.0,10.0,32.0,64.0,0.16387667604249173
1.0,1.0,0.0,0.0,0.0,0.0,0.0,4.0,10.0,32.0,64.0,0.15811463994101432
1.0,1.0,0.0,0.0,0.0,0.0,0.0,1.0,16.0,32.0,64.0,0.11416204702476862
1.0,1.0,0.0,0.0,0.0,0.0,0.0,2.0,16.0,32.0,64.0,0.11773942488871902
1.0,1.0,0.0,0.0,0.0,0.0,0.0,3.0,16.0,32.0,64.0,0.11230508752287066
1.0,1.0,0.0,0.0,0.0,0.0,0.0,4.0,16.0,32.0,64.0,0.11737076381113631
1.0,1.0,0.0,0.0,0.0,0.0,0.0,1.0,20.0,32.0,64.0,0.09686228460635193
1.0,1.0,0.0,0.0,0.0,0.0,0.0,2.0,20.0,32.0,64.0,0.10027581310248784
1.0,1.0,0.0,0.0,0.0,0.0,0.0,3.0,20.0,32.0,64.0,0.10013927196264238
1.0,1.0,0.0,0.0,0.0,0.0,0.0,4.0,20.0,32.0,64.0,0.11274201917037613
1.0,1.0,0.0,0.0,0.0,0.0,0.0,1.0,32.0,32.0,64.0,0.0744968458996696
1.0,1.0,0.0,0.0,0.0,0.0,0.0,2.0,32.0,32.0,64.0,0.07874327534886266
1.0,1.0,0.0,0.0,0.0,0.0,0.0,3.0,32.0,32.0,64.0,0.07778748736994462
1.0,1.0,0.0,0.0,0.0,0.0,0.0,4.0,32.0,32.0,64.0,0.09030830989377103
1.0,1.0,0.0,0.0,0.0,0.0,0.0,1.0,64.0,32.0,64.0,0.06495262022447373
1.0,1.0,0.0,0.0,0.0,0.0,0.0,2.0,64.0,32.0,64.0,0.06790190884513508
1.0,1.0,0.0,0.0,0.0,0.0,0.0,3.0,64.0,32.0,64.0,0.06518474016221093
1.0,1.0,0.0,0.0,0.0,0.0,0.0,4.0,64.0,32.0,64.0,0.08031349845708519
1.0,1.0,0.0,0.0,0.0,0.0,0.0,1.0,128.0,32.0,64.0,0.056091100248504944
1.0,1.0,0.0,0.0,0.0,0.0,0.0,2.0,128.0,32.0,64.0,0.05561320625904592
1.0,1.0,0.0,0.0,0.0,0.0,0.0,3.0,128.0,32.0,64.0,0.05905404298315087
1.0,1.0,0.0,0.0,0.0,0.0,0.0,4.0,128.0,32.0,64.0,0.06250853382124039
1.0,1.0,0.0,0.0,0.0,0.0,0.0,1.0,0.0,64.0,64.0,0.016439553237390492
1.0,1.0,0.0,0.0,0.0,0.0,0.0,2.0,0.0,64.0,64.0,0.01765476938201488
1.0,1.0,0.0,0.0,0.0,0.0,0.0,3.0,0.0,64.0,64.0,0.011592342772877517
1.0,1.0,0.0,0.0,0.0,0.0,0.0,4.0,0.0,64.0,64.0,0.011196373467325715
1.0,1.0,0.0,0.0,0.0,0.0,0.0,1.0,8.0,64.0,64.0,0.19563614517054
1.0,1.0,0.0,0.0,0.0,0.0,0.0,2.0,8.0,64.0,64.0,0.19256396952401772
1.0,1.0,0.0,0.0,0.0,0.0,0.0,3.0,8.0,64.0,64.0,0.187648488489582
1.0,1.0,0.0,0.0,0.0,0.0,0.0,4.0,8.0,64.0,64.0,0.18711597804418473
1.0,1.0,0.0,0.0,0.0,0.0,0.0,1.0,10.0,64.0,64.0,0.11991042901226145
1.0,1.0,0.0,0.0,0.0,0.0,0.0,2.0,10.0,64.0,64.0,0.11823097299216262
1.0,1.0,0.0,0.0,0.0,0.0,0.0,3.0,10.0,64.0,64.0,0.10953330238400838
1.0,1.0,0.0,0.0,0.0,0.0,0.0,4.0,10.0,64.0,64.0,0.11210027581310256
1.0,1.0,0.0,0.0,0.0,0.0,0.0,1.0,16.0,64.0,64.0,0.0929981703487261
1.0,1.0,0.0,0.0,0.0,0.0,0.0,2.0,16.0,64.0,64.0,0.09489609219257766
1.0,1.0,0.0,0.0,0.0,0.0,0.0,3.0,16.0,64.0,64.0,0.086212075698408
1.0,1.0,0.0,0.0,0.0,0.0,0.0,4.0,16.0,64.0,64.0,0.09303913269067976
1.0,1.0,0.0,0.0,0.0,0.0,0.0,1.0,20.0,64.0,64.0,0.07857942598104811
1.0,1.0,0.0,0.0,0.0,0.0,0.0,2.0,20.0,64.0,64.0,0.08125563232201866
1.0,1.0,0.0,0.0,0.0,0.0,0.0,3.0,20.0,64.0,64.0,0.08116005352412686
1.0,1.0,0.0,0.0,0.0,0.0,0.0,4.0,20.0,64.0,64.0,0.09271143395505071
1.0,1.0,0.0,0.0,0.0,0.0,0.0,1.0,32.0,64.0,64.0,0.0672192031459079
1.0,1.0,0.0,0.0,0.0,0.0,0.0,2.0,32.0,64.0,64.0,0.07034599524836843
1.0,1.0,0.0,0.0,0.0,0.0,0.0,3.0,32.0,64.0,64.0,0.07055080695813654
1.0,1.0,0.0,0.0,0.0,0.0,0.0,4.0,32.0,64.0,64.0,0.08408203391681918
1.0,1.0,0.0,0.0,0.0,0.0,0.0,1.0,64.0,64.0,64.0,0.06366913350992659
1.0,1.0,0.0,0.0,0.0,0.0,0.0,2.0,64.0,64.0,64.0,0.06224910565553404
1.0,1.0,0.0,0.0,0.0,0.0,0.0,3.0,64.0,64.0,64.0,0.06097927305497147
1.0,1.0,0.0,0.0,0.0,0.0,0.0,4.0,64.0,64.0,64.0,0.07395068134028787
1.0,1.0,0.0,0.0,0.0,0.0,0.0,1.0,128.0,64.0,64.0,0.052581992954477186
1.0,1.0,0.0,0.0,0.0,0.0,0.0,2.0,128.0,64.0,64.0,0.04706573090472166
1.0,1.0,0.0,0.0,0.0,0.0,0.0,3.0,128.0,64.0,64.0,0.05286872934815268
1.0,1.0,0.0,0.0,0.0,0.0,0.0,4.0,128.0,64.0,64.0,0.052677571752369035
1.0,1.0,0.0,0.0,0.0,0.0,0.0,1.0,0.0,128.0,64.0,0.14474726235014612
1.0,1.0,0.0,0.0,0.0,0.0,0.0,2.0,0.0,128.0,64.0,0.14487014937600706
1.0,1.0,0.0,0.0,0.0,0.0,0.0,3.0,0.0,128.0,64.0,0.13240394330811883
1.0,1.0,0.0,0.0,0.0,0.0,0.0,4.0,0.0,128.0,64.0,0.13251317621999514
1.0,1.0,0.0,0.0,0.0,0.0,0.0,1.0,8.0,128.0,64.0,0.18017968814003665
1.0,1.0,0.0,0.0,0.0,0.0,0.0,2.0,8.0,128.0,64.0,0.17354378874354853
1.0,1.0,0.0,0.0,0.0,0.0,0.0,3.0,8.0,128.0,64.0,0.16647095769955494
1.0,1.0,0.0,0.0,0.0,0.0,0.0,4.0,8.0,128.0,64.0,0.19141702394931598
1.0,1.0,0.0,0.0,0.0,0.0,0.0,1.0,10.0,128.0,64.0,0.16335781971107904
1.0,1.0,0.0,0.0,0.0,0.0,0.0,2.0,10.0,128.0,64.0,0.17092219885851617
1.0,1.0,0.0,0.0,0.0,0.0,0.0,3.0,10.0,128.0,64.0,0.15283049782899594
1.0,1.0,0.0,0.0,0.0,0.0,0.0,4.0,10.0,128.0,64.0,0.16768617384417933
1.0,1.0,0.0,0.0,0.0,0.0,0.0,1.0,16.0,128.0,64.0,0.12825309265681756
1.0,1.0,0.0,0.0,0.0,0.0,0.0,2.0,16.0,128.0,64.0,0.13259510090390236
1.0,1.0,0.0,0.0,0.0,0.0,0.0,3.0,16.0,128.0,64.0,0.11988312078429236
1.0,1.0,0.0,0.0,0.0,0.0,0.0,4.0,16.0,128.0,64.0,0.13173489172287617
1.0,1.0,0.0,0.0,0.0,0.0,0.0,1.0,20.0,128.0,64.0,0.09947022037739978
1.0,1.0,0.0,0.0,0.0,0.0,0.0,2.0,20.0,128.0,64.0,0.10449493432371182
1.0,1.0,0.0,0.0,0.0,0.0,0.0,3.0,20.0,128.0,64.0,0.10366203337065466
1.0,1.0,0.0,0.0,0.0,0.0,0.0,4.0,20.0,128.0,64.0,0.11560938310713026
1.0,1.0,0.0,0.0,0.0,0.0,0.0,1.0,32.0,128.0,64.0,0.07478358229334509
1.0,1.0,0.0,0.0,0.0,0.0,0.0,2.0,32.0,128.0,64.0,0.07871596712089357
1.0,1.0,0.0,0.0,0.0,0.0,0.0,3.0,32.0,128.0,64.0,0.08024522788716248
1.0,1.0,0.0,0.0,0.0,0.0,0.0,4.0,32.0,128.0,64.0,0.09156448838034903
1.0,1.0,0.0,0.0,0.0,0.0,0.0,1.0,64.0,128.0,64.0,0.06624976105300534
1.0,1.0,0.0,0.0,0.0,0.0,0.0,2.0,64.0,128.0,64.0,0.0636418252819575
1.0,1.0,0.0,0.0,0.0,0.0,0.0,3.0,64.0,128.0,64.0,0.061539091728337825
1.0,1.0,0.0,0.0,0.0,0.0,0.0,4.0,64.0,128.0,64.0,0.07244872880198805
1.0,1.0,0.0,0.0,0.0,0.0,0.0,1.0,128.0,128.0,64.0,0.06751959365356786
1.0,1.0,0.0,0.0,0.0,0.0,0.0,2.0,128.0,128.0,64.0,0.05422048663262241
1.0,1.0,0.0,0.0,0.0,0.0,0.0,3.0,128.0,128.0,64.0,0.06289084901280756
1.0,1.0,0.0,0.0,0.0,0.0,0.0,4.0,128.0,128.0,64.0,0.05929981703487269
1.0,1.0,0.0,0.0,0.0,0.0,0.0,1.0,0.0,0.0,128.0,0.19541767934678728
1.0,1.0,0.0,0.0,0.0,0.0,0.0,2.0,0.0,0.0,128.0,0.19534940877686452
1.0,1.0,0.0,0.0,0.0,0.0,0.0,3.0,0.0,0.0,128.0,0.18807176602310288
1.0,1.0,0.0,0.0,0.0,0.0,0.0,4.0,0.0,0.0,128.0,0.1881536907070101
1.0,1.0,0.0,0.0,0.0,0.0,0.0,1.0,8.0,0.0,128.0,0.21871159780441846
1.0,1.0,0.0,0.0,0.0,0.0,0.0,2.0,8.0,0.0,128.0,0.21811081678909866
1.0,1.0,0.0,0.0,0.0,0.0,0.0,3.0,8.0,0.0,128.0,0.21828832027089767
1.0,1.0,0.0,0.0,0.0,0.0,0.0,4.0,8.0,0.0,128.0,0.21304514050083295
1.0,1.0,0.0,0.0,0.0,0.0,0.0,1.0,10.0,0.0,128.0,0.21151587973456404
1.0,1.0,0.0,0.0,0.0,0.0,0.0,2.0,10.0,0.0,128.0,0.22152434528523451
1.0,1.0,0.0,0.0,0.0,0.0,0.0,3.0,10.0,0.0,128.0,0.2098637319424343
1.0,1.0,0.0,0.0,0.0,0.0,0.0,4.0,10.0,0.0,128.0,0.20792484775662917
1.0,1.0,0.0,0.0,0.0,0.0,0.0,1.0,16.0,0.0,128.0,0.14496572817389886
1.0,1.0,0.0,0.0,0.0,0.0,0.0,2.0,16.0,0.0,128.0,0.1517381687102325
1.0,1.0,0.0,0.0,0.0,0.0,0.0,3.0,16.0,0.0,128.0,0.1380840547256889
1.0,1.0,0.0,0.0,0.0,0.0,0.0,4.0,16.0,0.0,128.0,0.14969005161255095
1.0,1.0,0.0,0.0,0.0,0.0,0.0,1.0,20.0,0.0,128.0,0.10833174035336851
1.0,1.0,0.0,0.0,0.0,0.0,0.0,2.0,20.0,0.0,128.0,0.11711133564543003
1.0,1.0,0.0,0.0,0.0,0.0,0.0,3.0,20.0,0.0,128.0,0.11324722138780419
1.0,1.0,0.0,0.0,0.0,0.0,0.0,4.0,20.0,0.0,128.0,0.12589093093749149
1.0,1.0,0.0,0.0,0.0,0.0,0.0,1.0,32.0,0.0,128.0,0.07889347060269264
1.0,1.0,0.0,0.0,0.0,0.0,0.0,2.0,32.0,0.0,128.0,0.09224719407957621
1.0,1.0,0.0,0.0,0.0,0.0,0.0,3.0,32.0,0.0,128.0,0.08380895163712831
1.0,1.0,0.0,0.0,0.0,0.0,0.0,4.0,32.0,0.0,128.0,0.09977061088505973
1.0,1.0,0.0,0.0,0.0,0.0,0.0,1.0,64.0,0.0,128.0,0.12823943854283304
1.0,1.0,0.0,0.0,0.0,0.0,0.0,2.0,64.0,0.0,128.0,0.21057374586963057
1.0,1.0,0.0,0.0,0.0,0.0,0.0,3.0,64.0,0.0,128.0,0.10579207515224343
1.0,1.0,0.0,0.0,0.0,0.0,0.0,4.0,64.0,0.0,128.0,0.19732925530462336
1.0,1.0,0.0,0.0,0.0,0.0,0.0,1.0,128.0,0.0,128.0,0.20459324394440054
1.0,1.0,0.0,0.0,0.0,0.0,0.0,2.0,128.0,0.0,128.0,0.24129550233485358
1.0,1.0,0.0,0.0,0.0,0.0,0.0,3.0,128.0,0.0,128.0,0.20668232338403575
1.0,1.0,0.0,0.0,0.0,0.0,0.0,4.0,128.0,0.0,128.0,0.2536934378328191
1.0,1.0,0.0,0.0,0.0,0.0,0.0,1.0,0.0,8.0,128.0,0.030817335263114864
1.0,1.0,0.0,0.0,0.0,0.0,0.0,2.0,0.0,8.0,128.0,0.03065348589530026
1.0,1.0,0.0,0.0,0.0,0.0,0.0,3.0,0.0,8.0,128.0,0.03906442010977912
1.0,1.0,0.0,0.0,0.0,0.0,0.0,4.0,0.0,8.0,128.0,0.03903711188181003
1.0,1.0,0.0,0.0,0.0,0.0,0.0,1.0,8.0,8.0,128.0,0.7427564925311998
1.0,1.0,0.0,0.0,0.0,0.0,0.0,2.0,8.0,8.0,128.0,0.7565334935416042
1.0,1.0,0.0,0.0,0.0,0.0,0.0,3.0,8.0,8.0,128.0,0.7342772877467982
1.0,1.0,0.0,0.0,0.0,0.0,0.0,4.0,8.0,8.0,128.0,0.7429339960129988
1.0,1.0,0.0,0.0,0.0,0.0,0.0,1.0,10.0,8.0,128.0,0.5433108495589722
1.0,1.0,0.0,0.0,0.0,0.0,0.0,2.0,10.0,8.0,128.0,0.5449083808951638
1.0,1.0,0.0,0.0,0.0,0.0,0.0,3.0,10.0,8.0,128.0,0.5536606679592562
1.0,1.0,0.0,0.0,0.0,0.0,0.0,4.0,10.0,8.0,128.0,0.536825145416314
1.0,1.0,0.0,0.0,0.0,0.0,0.0,1.0,16.0,8.0,128.0,0.3588437696277889
1.0,1.0,0.0,0.0,0.0,0.0,0.0,2.0,16.0,8.0,128.0,0.3680466424533713
1.0,1.0,0.0,0.0,0.0,0.0,0.0,3.0,16.0,8.0,128.0,0.3603730303940578
1.0,1.0,0.0,0.0,0.0,0.0,0.0,4.0,16.0,8.0,128.0,0.36948032442174844
1.0,1.0,0.0,0.0,0.0,0.0,0.0,1.0,20.0,8.0,128.0,0.310412627324613
1.0,1.0,0.0,0.0,0.0,0.0,0.0,2.0,20.0,8.0,128.0,0.31945165078238075
1.0,1.0,0.0,0.0,0.0,0.0,0.0,3.0,20.0,8.0,128.0,0.317649307736421
1.0,1.0,0.0,0.0,0.0,0.0,0.0,4.0,20.0,8.0,128.0,0.3266746770802044
1.0,1.0,0.0,0.0,0.0,0.0,0.0,1.0,32.0,8.0,128.0,0.2348780687621181
1.0,1.0,0.0,0.0,0.0,0.0,0.0,2.0,32.0,8.0,128.0,0.23994374505038368
1.0,1.0,0.0,0.0,0.0,0.0,0.0,3.0,32.0,8.0,128.0,0.23243398235888474
1.0,1.0,0.0,0.0,0.0,0.0,0.0,4.0,32.0,8.0,128.0,0.24511865425052576
1.0,1.0,0.0,0.0,0.0,0.0,0.0,1.0,64.0,8.0,128.0,0.15553401239793557
1.0,1.0,0.0,0.0,0.0,0.0,0.0,2.0,64.0,8.0,128.0,0.15980775007509768
1.0,1.0,0.0,0.0,0.0,0.0,0.0,3.0,64.0,8.0,128.0,0.15711788962014267
1.0,1.0,0.0,0.0,0.0,0.0,0.0,4.0,64.0,8.0,128.0,0.1646822687675797
1.0,1.0,0.0,0.0,0.0,0.0,0.0,1.0,128.0,8.0,128.0,0.11836751413200802
1.0,1.0,0.0,0.0,0.0,0.0,0.0,2.0,128.0,8.0,128.0,0.11578688658892927
1.0,1.0,0.0,0.0,0.0,0.0,0.0,3.0,128.0,8.0,128.0,0.118517709385838
1.0,1.0,0.0,0.0,0.0,0.0,0.0,4.0,128.0,8.0,128.0,0.1171932603293373
1.0,1.0,0.0,0.0,0.0,0.0,0.0,1.0,0.0,10.0,128.0,0.05376990087113254
1.0,1.0,0.0,0.0,0.0,0.0,0.0,2.0,0.0,10.0,128.0,0.0499057866135067
1.0,1.0,0.0,0.0,0.0,0.0,0.0,3.0,0.0,10.0,128.0,0.055394740435293244
1.0,1.0,0.0,0.0,0.0,0.0,0.0,4.0,0.0,10.0,128.0,0.0554357027772468
1.0,1.0,0.0,0.0,0.0,0.0,0.0,1.0,8.0,10.0,128.0,0.6621016412245011
1.0,1.0,0.0,0.0,0.0,0.0,0.0,2.0,8.0,10.0,128.0,0.6652557415549305
1.0,1.0,0.0,0.0,0.0,0.0,0.0,3.0,8.0,10.0,128.0,0.6568994237963899
1.0,1.0,0.0,0.0,0.0,0.0,0.0,4.0,8.0,10.0,128.0,0.6498812092083346
1.0,1.0,0.0,0.0,0.0,0.0,0.0,1.0,10.0,10.0,128.0,0.4663835713700539
1.0,1.0,0.0,0.0,0.0,0.0,0.0,2.0,10.0,10.0,128.0,0.4717769463939487
1.0,1.0,0.0,0.0,0.0,0.0,0.0,3.0,10.0,10.0,128.0,0.4787405445260658
1.0,1.0,0.0,0.0,0.0,0.0,0.0,4.0,10.0,10.0,128.0,0.46127693273983456
1.0,1.0,0.0,0.0,0.0,0.0,0.0,1.0,16.0,10.0,128.0,0.3226330593407795
1.0,1.0,0.0,0.0,0.0,0.0,0.0,2.0,16.0,10.0,128.0,0.3256233103033945
1.0,1.0,0.0,0.0,0.0,0.0,0.0,3.0,16.0,10.0,128.0,0.3269750675878644
1.0,1.0,0.0,0.0,0.0,0.0,0.0,4.0,16.0,10.0,128.0,0.3281356672765506
1.0,1.0,0.0,0.0,0.0,0.0,0.0,1.0,20.0,10.0,128.0,0.2835822933449849
1.0,1.0,0.0,0.0,0.0,0.0,0.0,2.0,20.0,10.0,128.0,0.2886206614052815
1.0,1.0,0.0,0.0,0.0,0.0,0.0,3.0,20.0,10.0,128.0,0.2848521259455475
1.0,1.0,0.0,0.0,0.0,0.0,0.0,4.0,20.0,10.0,128.0,0.29868374341189013
1.0,1.0,0.0,0.0,0.0,0.0,0.0,1.0,32.0,10.0,128.0,0.2170321417843198
1.0,1.0,0.0,0.0,0.0,0.0,0.0,2.0,32.0,10.0,128.0,0.2213878041453891
1.0,1.0,0.0,0.0,0.0,0.0,0.0,3.0,32.0,10.0,128.0,0.2188344848302795
1.0,1.0,0.0,0.0,0.0,0.0,0.0,4.0,32.0,10.0,128.0,0.23285725989240563
1.0,1.0,0.0,0.0,0.0,0.0,0.0,1.0,64.0,10.0,128.0,0.16232010704825367
1.0,1.0,0.0,0.0,0.0,0.0,0.0,2.0,64.0,10.0,128.0,0.16469592288156426
1.0,1.0,0.0,0.0,0.0,0.0,0.0,3.0,64.0,10.0,128.0,0.15964390070728324
1.0,1.0,0.0,0.0,0.0,0.0,0.0,4.0,64.0,10.0,128.0,0.1715093257598515
1.0,1.0,0.0,0.0,0.0,0.0,0.0,1.0,128.0,10.0,128.0,0.12257298123924748
1.0,1.0,0.0,0.0,0.0,0.0,0.0,2.0,128.0,10.0,128.0,0.12284606351893834
1.0,1.0,0.0,0.0,0.0,0.0,0.0,3.0,128.0,10.0,128.0,0.12376088915590272
1.0,1.0,0.0,0.0,0.0,0.0,0.0,4.0,128.0,10.0,128.0,0.12718807176602315
1.0,1.0,0.0,0.0,0.0,0.0,0.0,1.0,0.0,16.0,128.0,0.015770501652147828
1.0,1.0,0.0,0.0,0.0,0.0,0.0,2.0,0.0,16.0,128.0,0.015415494688549691
1.0,1.0,0.0,0.0,0.0,0.0,0.0,3.0,0.0,16.0,128.0,0.02390835358693577
1.0,1.0,0.0,0.0,0.0,0.0,0.0,4.0,0.0,16.0,128.0,0.019853081733526345
1.0,1.0,0.0,0.0,0.0,0.0,0.0,1.0,8.0,16.0,128.0,0.42432890029765985
1.0,1.0,0.0,0.0,0.0,0.0,0.0,2.0,8.0,16.0,128.0,0.4313198066577461
1.0,1.0,0.0,0.0,0.0,0.0,0.0,3.0,8.0,16.0,128.0,0.4207651765476939
1.0,1.0,0.0,0.0,0.0,0.0,0.0,4.0,8.0,16.0,128.0,0.4201234331904204
1.0,1.0,0.0,0.0,0.0,0.0,0.0,1.0,10.0,16.0,128.0,0.2936863376935472
1.0,1.0,0.0,0.0,0.0,0.0,0.0,2.0,10.0,16.0,128.0,0.29514732788989323
1.0,1.0,0.0,0.0,0.0,0.0,0.0,3.0,10.0,16.0,128.0,0.28998607280373584
1.0,1.0,0.0,0.0,0.0,0.0,0.0,4.0,10.0,16.0,128.0,0.2901362680575658
1.0,1.0,0.0,0.0,0.0,0.0,0.0,1.0,16.0,16.0,128.0,0.19413419263224013
1.0,1.0,0.0,0.0,0.0,0.0,0.0,2.0,16.0,16.0,128.0,0.20227204456702813
1.0,1.0,0.0,0.0,0.0,0.0,0.0,3.0,16.0,16.0,128.0,0.19574537808241627
1.0,1.0,0.0,0.0,0.0,0.0,0.0,4.0,16.0,16.0,128.0,0.20322783254594617
1.0,1.0,0.0,0.0,0.0,0.0,0.0,1.0,20.0,16.0,128.0,0.16827330074551466
1.0,1.0,0.0,0.0,0.0,0.0,0.0,2.0,20.0,16.0,128.0,0.17743521122914335
1.0,1.0,0.0,0.0,0.0,0.0,0.0,3.0,20.0,16.0,128.0,0.17187798683743422
1.0,1.0,0.0,0.0,0.0,0.0,0.0,4.0,20.0,16.0,128.0,0.18499959037658048
1.0,1.0,0.0,0.0,0.0,0.0,0.0,1.0,32.0,16.0,128.0,0.12610939676124422
1.0,1.0,0.0,0.0,0.0,0.0,0.0,2.0,32.0,16.0,128.0,0.1335372347688359
1.0,1.0,0.0,0.0,0.0,0.0,0.0,3.0,32.0,16.0,128.0,0.1309292989977881
1.0,1.0,0.0,0.0,0.0,0.0,0.0,4.0,32.0,16.0,128.0,0.146426718370245
1.0,1.0,0.0,0.0,0.0,0.0,0.0,1.0,64.0,16.0,128.0,0.10655670553537788
1.0,1.0,0.0,0.0,0.0,0.0,0.0,2.0,64.0,16.0,128.0,0.1094104153581475
1.0,1.0,0.0,0.0,0.0,0.0,0.0,3.0,64.0,16.0,128.0,0.10632458559764063
1.0,1.0,0.0,0.0,0.0,0.0,0.0,4.0,64.0,16.0,128.0,0.12023812774789044
1.0,1.0,0.0,0.0,0.0,0.0,0.0,1.0,128.0,16.0,128.0,0.07299489336136983
1.0,1.0,0.0,0.0,0.0,0.0,0.0,2.0,128.0,16.0,128.0,0.07351374969278246
1.0,1.0,0.0,0.0,0.0,0.0,0.0,3.0,128.0,16.0,128.0,0.07475627406537594
1.0,1.0,0.0,0.0,0.0,0.0,0.0,4.0,128.0,16.0,128.0,0.0792621316802753
1.0,1.0,0.0,0.0,0.0,0.0,0.0,1.0,0.0,20.0,128.0,0.010322510172314947
1.0,1.0,0.0,0.0,0.0,0.0,0.0,2.0,0.0,20.0,128.0,0.010199623146454118
1.0,1.0,0.0,0.0,0.0,0.0,0.0,3.0,0.0,20.0,128.0,0.014336819683770763
1.0,1.0,0.0,0.0,0.0,0.0,0.0,4.0,0.0,20.0,128.0,0.014063737404079901
1.0,1.0,0.0,0.0,0.0,0.0,0.0,1.0,8.0,20.0,128.0,0.36780086840164955
1.0,1.0,0.0,0.0,0.0,0.0,0.0,2.0,8.0,20.0,128.0,0.36650372757311794
1.0,1.0,0.0,0.0,0.0,0.0,0.0,3.0,8.0,20.0,128.0,0.35813375570059264
1.0,1.0,0.0,0.0,0.0,0.0,0.0,4.0,8.0,20.0,128.0,0.35734181708948914
1.0,1.0,0.0,0.0,0.0,0.0,0.0,1.0,10.0,20.0,128.0,0.24544635298615475
1.0,1.0,0.0,0.0,0.0,0.0,0.0,2.0,10.0,20.0,128.0,0.24522788716240213
1.0,1.0,0.0,0.0,0.0,0.0,0.0,3.0,10.0,20.0,128.0,0.2464431033070265
1.0,1.0,0.0,0.0,0.0,0.0,0.0,4.0,10.0,20.0,128.0,0.23871487479177483
1.0,1.0,0.0,0.0,0.0,0.0,0.0,1.0,16.0,20.0,128.0,0.16832791720145285
1.0,1.0,0.0,0.0,0.0,0.0,0.0,2.0,16.0,20.0,128.0,0.17347551817362578
1.0,1.0,0.0,0.0,0.0,0.0,0.0,3.0,16.0,20.0,128.0,0.16671673175127671
1.0,1.0,0.0,0.0,0.0,0.0,0.0,4.0,16.0,20.0,128.0,0.17131816816406792
1.0,1.0,0.0,0.0,0.0,0.0,0.0,1.0,20.0,20.0,128.0,0.14033698353313862
1.0,1.0,0.0,0.0,0.0,0.0,0.0,2.0,20.0,20.0,128.0,0.15095988421311346
1.0,1.0,0.0,0.0,0.0,0.0,0.0,3.0,20.0,20.0,128.0,0.14653595128212138
1.0,1.0,0.0,0.0,0.0,0.0,0.0,4.0,20.0,20.0,128.0,0.1608591168519075
1.0,1.0,0.0,0.0,0.0,0.0,0.0,1.0,32.0,20.0,128.0,0.11106256315027724
1.0,1.0,0.0,0.0,0.0,0.0,0.0,2.0,32.0,20.0,128.0,0.11515879734564027
1.0,1.0,0.0,0.0,0.0,0.0,0.0,3.0,32.0,20.0,128.0,0.11394358120101589
1.0,1.0,0.0,0.0,0.0,0.0,0.0,4.0,32.0,20.0,128.0,0.12823943854283304
1.0,1.0,0.0,0.0,0.0,0.0,0.0,1.0,64.0,20.0,128.0,0.09529206149812947
1.0,1.0,0.0,0.0,0.0,0.0,0.0,2.0,64.0,20.0,128.0,0.0975313361915946
1.0,1.0,0.0,0.0,0.0,0.0,0.0,3.0,64.0,20.0,128.0,0.09593380485540298
1.0,1.0,0.0,0.0,0.0,0.0,0.0,4.0,64.0,20.0,128.0,0.1230508752287065
1.0,1.0,0.0,0.0,0.0,0.0,0.0,1.0,128.0,20.0,128.0,0.06366913350992659
1.0,1.0,0.0,0.0,0.0,0.0,0.0,2.0,128.0,20.0,128.0,0.06448838034899923
1.0,1.0,0.0,0.0,0.0,0.0,0.0,3.0,128.0,20.0,128.0,0.0642016439553238
1.0,1.0,0.0,0.0,0.0,0.0,0.0,4.0,128.0,20.0,128.0,0.0831399000518857
1.0,1.0,0.0,0.0,0.0,0.0,0.0,1.0,0.0,32.0,128.0,0.0018979218438515688
1.0,1.0,0.0,0.0,0.0,0.0,0.0,2.0,0.0,32.0,128.0,0.001993500641743362
1.0,1.0,0.0,0.0,0.0,0.0,0.0,3.0,0.0,32.0,128.0,0.005748381987492834
1.0,1.0,0.0,0.0,0.0,0.0,0.0,4.0,0.0,32.0,128.0,0.005557224391709303
1.0,1.0,0.0,0.0,0.0,0.0,0.0,1.0,8.0,32.0,128.0,0.2701602992981786
1.0,1.0,0.0,0.0,0.0,0.0,0.0,2.0,8.0,32.0,128.0,0.26998279581637946
1.0,1.0,0.0,0.0,0.0,0.0,0.0,3.0,8.0,32.0,128.0,0.2634015128758295
1.0,1.0,0.0,0.0,0.0,0.0,0.0,4.0,8.0,32.0,128.0,0.26543597585952655
1.0,1.0,0.0,0.0,0.0,0.0,0.0,1.0,10.0,32.0,128.0,0.18367514132007984
1.0,1.0,0.0,0.0,0.0,0.0,0.0,2.0,10.0,32.0,128.0,0.181367596056692
1.0,1.0,0.0,0.0,0.0,0.0,0.0,3.0,10.0,32.0,128.0,0.17374860045331658
1.0,1.0,0.0,0.0,0.0,0.0,0.0,4.0,10.0,32.0,128.0,0.17744886534312793
1.0,1.0,0.0,0.0,0.0,0.0,0.0,1.0,16.0,32.0,128.0,0.13528496135885748
1.0,1.0,0.0,0.0,0.0,0.0,0.0,2.0,16.0,32.0,128.0,0.1375378901663072
1.0,1.0,0.0,0.0,0.0,0.0,0.0,3.0,16.0,32.0,128.0,0.1295365793713647
1.0,1.0,0.0,0.0,0.0,0.0,0.0,4.0,16.0,32.0,128.0,0.1370190338348945
1.0,1.0,0.0,0.0,0.0,0.0,0.0,1.0,20.0,32.0,128.0,0.11286490619623696
1.0,1.0,0.0,0.0,0.0,0.0,0.0,2.0,20.0,32.0,128.0,0.11451705398836676
1.0,1.0,0.0,0.0,0.0,0.0,0.0,3.0,20.0,32.0,128.0,0.11683825336573916
1.0,1.0,0.0,0.0,0.0,0.0,0.0,4.0,20.0,32.0,128.0,0.1267647942325023
1.0,1.0,0.0,0.0,0.0,0.0,0.0,1.0,32.0,32.0,128.0,0.09372183838990694
1.0,1.0,0.0,0.0,0.0,0.0,0.0,2.0,32.0,32.0,128.0,0.09523744504219123
1.0,1.0,0.0,0.0,0.0,0.0,0.0,3.0,32.0,32.0,128.0,0.09798192195308447
1.0,1.0,0.0,0.0,0.0,0.0,0.0,4.0,32.0,32.0,128.0,0.10837270269532218
1.0,1.0,0.0,0.0,0.0,0.0,0.0,1.0,64.0,32.0,128.0,0.0749610857751441
1.0,1.0,0.0,0.0,0.0,0.0,0.0,2.0,64.0,32.0,128.0,0.0767497747071193
1.0,1.0,0.0,0.0,0.0,0.0,0.0,3.0,64.0,32.0,128.0,0.07602610666593851
1.0,1.0,0.0,0.0,0.0,0.0,0.0,4.0,64.0,32.0,128.0,0.0899259947022038
1.0,1.0,0.0,0.0,0.0,0.0,0.0,1.0,128.0,32.0,128.0,0.055230891067478693
1.0,1.0,0.0,0.0,0.0,0.0,0.0,2.0,128.0,32.0,128.0,0.054848575875911465
1.0,1.0,0.0,0.0,0.0,0.0,0.0,3.0,128.0,32.0,128.0,0.059149621781042716
1.0,1.0,0.0,0.0,0.0,0.0,0.0,4.0,128.0,32.0,128.0,0.06189409869193596
1.0,1.0,0.0,0.0,0.0,0.0,0.0,1.0,0.0,64.0,128.0,0.013886233922280833
1.0,1.0,0.0,0.0,0.0,0.0,0.0,2.0,0.0,64.0,128.0,0.01563396051230237
1.0,1.0,0.0,0.0,0.0,0.0,0.0,3.0,0.0,64.0,128.0,0.007946694339004412
1.0,1.0,0.0,0.0,0.0,0.0,0.0,4.0,0.0,64.0,128.0,0.01047270542614498
1.0,1.0,0.0,0.0,0.0,0.0,0.0,1.0,8.0,64.0,128.0,0.21577596329774168
1.0,1.0,0.0,0.0,0.0,0.0,0.0,2.0,8.0,64.0,128.0,0.207720036046861
1.0,1.0,0.0,0.0,0.0,0.0,0.0,3.0,8.0,64.0,128.0,0.20448401103252417
1.0,1.0,0.0,0.0,0.0,0.0,0.0,4.0,8.0,64.0,128.0,0.22557961713864388
1.0,1.0,0.0,0.0,0.0,0.0,0.0,1.0,10.0,64.0,128.0,0.1982440809415878
1.0,1.0,0.0,0.0,0.0,0.0,0.0,2.0,10.0,64.0,128.0,0.1931784046533221
1.0,1.0,0.0,0.0,0.0,0.0,0.0,3.0,10.0,64.0,128.0,0.18968295147327902
1.0,1.0,0.0,0.0,0.0,0.0,0.0,4.0,10.0,64.0,128.0,0.19274147300581673
1.0,1.0,0.0,0.0,0.0,0.0,0.0,1.0,16.0,64.0,128.0,0.15095988421311346
1.0,1.0,0.0,0.0,0.0,0.0,0.0,2.0,16.0,64.0,128.0,0.14749173926103942
1.0,1.0,0.0,0.0,0.0,0.0,0.0,3.0,16.0,64.0,128.0,0.14190720664136114
1.0,1.0,0.0,0.0,0.0,0.0,0.0,4.0,16.0,64.0,128.0,0.1442284060187335
1.0,1.0,0.0,0.0,0.0,0.0,0.0,1.0,20.0,64.0,128.0,0.11892733280537432
1.0,1.0,0.0,0.0,0.0,0.0,0.0,2.0,20.0,64.0,128.0,0.11838116824599254
1.0,1.0,0.0,0.0,0.0,0.0,0.0,3.0,20.0,64.0,128.0,0.12130314863868491
1.0,1.0,0.0,0.0,0.0,0.0,0.0,4.0,20.0,64.0,128.0,0.12679210246047135
1.0,1.0,0.0,0.0,0.0,0.0,0.0,1.0,32.0,64.0,128.0,0.08490128075589182
1.0,1.0,0.0,0.0,0.0,0.0,0.0,2.0,32.0,64.0,128.0,0.08580245227887168
1.0,1.0,0.0,0.0,0.0,0.0,0.0,3.0,32.0,64.0,128.0,0.08835577159398128
1.0,1.0,0.0,0.0,0.0,0.0,0.0,4.0,32.0,64.0,128.0,0.0968349763783829
1.0,1.0,0.0,0.0,0.0,0.0,0.0,1.0,64.0,64.0,128.0,0.06256315027717857
1.0,1.0,0.0,0.0,0.0,0.0,0.0,2.0,64.0,64.0,128.0,0.06121139299270878
1.0,1.0,0.0,0.0,0.0,0.0,0.0,3.0,64.0,64.0,128.0,0.06051503317949708
1.0,1.0,0.0,0.0,0.0,0.0,0.0,4.0,64.0,64.0,128.0,0.07283104399355533
1.0,1.0,0.0,0.0,0.0,0.0,0.0,1.0,128.0,64.0,128.0,0.049400584396078584
1.0,1.0,0.0,0.0,0.0,0.0,0.0,2.0,128.0,64.0,128.0,0.04462164450148837
1.0,1.0,0.0,0.0,0.0,0.0,0.0,3.0,128.0,64.0,128.0,0.05017886889319756
1.0,1.0,0.0,0.0,0.0,0.0,0.0,4.0,128.0,64.0,128.0,0.04946885496600134
1.0,1.0,0.0,0.0,0.0,0.0,0.0,1.0,0.0,128.0,128.0,0.14360031677544455
1.0,1.0,0.0,0.0,0.0,0.0,0.0,2.0,0.0,128.0,128.0,0.14332723449575363
1.0,1.0,0.0,0.0,0.0,0.0,0.0,3.0,0.0,128.0,128.0,0.131229689505448
1.0,1.0,0.0,0.0,0.0,0.0,0.0,4.0,0.0,128.0,128.0,0.13021928507059183
1.0,1.0,0.0,0.0,0.0,0.0,0.0,1.0,8.0,128.0,128.0,0.22258936617602892
1.0,1.0,0.0,0.0,0.0,0.0,0.0,2.0,8.0,128.0,128.0,0.216008083235479
1.0,1.0,0.0,0.0,0.0,0.0,0.0,3.0,8.0,128.0,128.0,0.21890275540020215
1.0,1.0,0.0,0.0,0.0,0.0,0.0,4.0,8.0,128.0,128.0,0.21770119336956234
1.0,1.0,0.0,0.0,0.0,0.0,0.0,1.0,10.0,128.0,128.0,0.21252628416942027
1.0,1.0,0.0,0.0,0.0,0.0,0.0,2.0,10.0,128.0,128.0,0.21147491739261043
1.0,1.0,0.0,0.0,0.0,0.0,0.0,3.0,10.0,128.0,128.0,0.21180261612823953
1.0,1.0,0.0,0.0,0.0,0.0,0.0,4.0,10.0,128.0,128.0,0.20309129140610077
1.0,1.0,0.0,0.0,0.0,0.0,0.0,1.0,16.0,128.0,128.0,0.14612632786258506
1.0,1.0,0.0,0.0,0.0,0.0,0.0,2.0,16.0,128.0,128.0,0.14567574210109513
1.0,1.0,0.0,0.0,0.0,0.0,0.0,3.0,16.0,128.0,128.0,0.14047352467298402
1.0,1.0,0.0,0.0,0.0,0.0,0.0,4.0,16.0,128.0,128.0,0.14611267374860049
1.0,1.0,0.0,0.0,0.0,0.0,0.0,1.0,20.0,128.0,128.0,0.11062563150277188
1.0,1.0,0.0,0.0,0.0,0.0,0.0,2.0,20.0,128.0,128.0,0.11296048499412881
1.0,1.0,0.0,0.0,0.0,0.0,0.0,3.0,20.0,128.0,128.0,0.11541822551134662
1.0,1.0,0.0,0.0,0.0,0.0,0.0,4.0,20.0,128.0,128.0,0.12247740244135563
1.0,1.0,0.0,0.0,0.0,0.0,0.0,1.0,32.0,128.0,128.0,0.07748709686228467
1.0,1.0,0.0,0.0,0.0,0.0,0.0,2.0,32.0,128.0,128.0,0.08050465605286877
1.0,1.0,0.0,0.0,0.0,0.0,0.0,3.0,32.0,128.0,128.0,0.08192468390726132
1.0,1.0,0.0,0.0,0.0,0.0,0.0,4.0,32.0,128.0,128.0,0.0929981703487261
1.0,1.0,0.0,0.0,0.0,0.0,0.0,1.0,64.0,128.0,128.0,0.06504819902236547
1.0,1.0,0.0,0.0,0.0,0.0,0.0,2.0,64.0,128.0,128.0,0.06170294109615232
1.0,1.0,0.0,0.0,0.0,0.0,0.0,3.0,64.0,128.0,128.0,0.05979136513831623
1.0,1.0,0.0,0.0,0.0,0.0,0.0,4.0,64.0,128.0,128.0,0.07089215980775015
1.0,1.0,0.0,0.0,0.0,0.0,0.0,1.0,128.0,128.0,128.0,0.06521204839017997
1.0,1.0,0.0,0.0,0.0,0.0,0.0,2.0,128.0,128.0,128.0,0.05195390371118824
1.0,1.0,0.0,0.0,0.0,0.0,0.0,3.0,128.0,128.0,128.0,0.06043310849558975
1.0,1.0,0.0,0.0,0.0,0.0,0.0,4.0,128.0,128.0,128.0,0.05637783664218032
