root,opt_useAddressPrecalc,opt_vectorize,simd_avoidUnaligned,data_alignFieldPointers,opt_unroll_interleave,no_explorationId,explorationId,poly_tileSize_x,poly_tileSize_y,poly_tileSize_z,performance
1.0,0.0,0.0,0.0,0.0,0.0,1.0,0.0,0.0,0.0,0.0,0.29454654687457343
1.0,0.0,0.0,0.0,0.0,0.0,0.0,1.0,0.0,0.0,0.0,0.21987219749310466
1.0,0.0,0.0,0.0,0.0,0.0,0.0,2.0,0.0,0.0,0.0,0.21852044020863498
1.0,0.0,0.0,0.0,0.0,0.0,0.0,3.0,0.0,0.0,0.0,0.2079521559845982
1.0,0.0,0.0,0.0,0.0,0.0,0.0,4.0,0.0,0.0,0.0,0.20815696769436637
1.0,0.0,0.0,0.0,0.0,0.0,0.0,1.0,8.0,0.0,0.0,0.34264999044212036
1.0,0.0,0.0,0.0,0.0,0.0,0.0,2.0,8.0,0.0,0.0,0.3551435047379777
1.0,0.0,0.0,0.0,0.0,0.0,0.0,3.0,8.0,0.0,0.0,0.29012261394358124
1.0,0.0,0.0,0.0,0.0,0.0,0.0,4.0,8.0,0.0,0.0,0.28788333925011617
1.0,0.0,0.0,0.0,0.0,0.0,0.0,1.0,10.0,0.0,0.0,0.31270651847401637
1.0,0.0,0.0,0.0,0.0,0.0,0.0,2.0,10.0,0.0,0.0,0.2789945110461783
1.0,0.0,0.0,0.0,0.0,0.0,0.0,3.0,10.0,0.0,0.0,0.25799448373795036
1.0,0.0,0.0,0.0,0.0,0.0,0.0,4.0,10.0,0.0,0.0,0.26077992299079716
1.0,0.0,0.0,0.0,0.0,0.0,0.0,1.0,16.0,0.0,0.0,0.26674677080204273
1.0,0.0,0.0,0.0,0.0,0.0,0.0,2.0,16.0,0.0,0.0,0.2458423222917066
1.0,0.0,0.0,0.0,0.0,0.0,0.0,3.0,16.0,0.0,0.0,0.19601846036210718
1.0,0.0,0.0,0.0,0.0,0.0,0.0,4.0,16.0,0.0,0.0,0.1923864660422186
1.0,0.0,0.0,0.0,0.0,0.0,0.0,1.0,20.0,0.0,0.0,0.2529014992217156
1.0,0.0,0.0,0.0,0.0,0.0,0.0,2.0,20.0,0.0,0.0,0.2051667167317513
1.0,0.0,0.0,0.0,0.0,0.0,0.0,3.0,20.0,0.0,0.0,0.1751413200797401
1.0,0.0,0.0,0.0,0.0,0.0,0.0,4.0,20.0,0.0,0.0,0.17172779158360424
1.0,0.0,0.0,0.0,0.0,0.0,0.0,1.0,32.0,0.0,0.0,0.22979873835986792
1.0,0.0,0.0,0.0,0.0,0.0,0.0,2.0,32.0,0.0,0.0,0.18614653595128222
1.0,0.0,0.0,0.0,0.0,0.0,0.0,3.0,32.0,0.0,0.0,0.1404598705589995
1.0,0.0,0.0,0.0,0.0,0.0,0.0,4.0,32.0,0.0,0.0,0.13804309238373524
1.0,0.0,0.0,0.0,0.0,0.0,0.0,1.0,64.0,0.0,0.0,0.2748026980529234
1.0,0.0,0.0,0.0,0.0,0.0,0.0,2.0,64.0,0.0,0.0,0.30559272508806906
1.0,0.0,0.0,0.0,0.0,0.0,0.0,3.0,64.0,0.0,0.0,0.16350801496490902
1.0,0.0,0.0,0.0,0.0,0.0,0.0,4.0,64.0,0.0,0.0,0.23962970042873927
1.0,0.0,0.0,0.0,0.0,0.0,0.0,1.0,128.0,0.0,0.0,0.29928452442721004
1.0,0.0,0.0,0.0,0.0,0.0,0.0,2.0,128.0,0.0,0.0,0.3242578989049401
1.0,0.0,0.0,0.0,0.0,0.0,0.0,3.0,128.0,0.0,0.0,0.25380267074469537
1.0,0.0,0.0,0.0,0.0,0.0,0.0,4.0,128.0,0.0,0.0,0.29146071711406657
1.0,0.0,0.0,0.0,0.0,0.0,0.0,1.0,0.0,8.0,0.0,0.07575302438624765
1.0,0.0,0.0,0.0,0.0,0.0,0.0,2.0,0.0,8.0,0.0,0.07190256424260633
1.0,0.0,0.0,0.0,0.0,0.0,0.0,3.0,0.0,8.0,0.0,0.0610611977388788
1.0,0.0,0.0,0.0,0.0,0.0,0.0,4.0,0.0,8.0,0.0,0.06141620470247694
1.0,0.0,0.0,0.0,0.0,0.0,0.0,1.0,8.0,8.0,0.0,0.8046369371091511
1.0,0.0,0.0,0.0,0.0,0.0,0.0,2.0,8.0,8.0,0.0,0.7770965892023267
1.0,0.0,0.0,0.0,0.0,0.0,0.0,3.0,8.0,8.0,0.0,0.7034872607116525
1.0,0.0,0.0,0.0,0.0,0.0,0.0,4.0,8.0,8.0,0.0,0.6988585160708922
1.0,0.0,0.0,0.0,0.0,0.0,0.0,1.0,10.0,8.0,0.0,0.6924410824981568
1.0,0.0,0.0,0.0,0.0,0.0,0.0,2.0,10.0,8.0,0.0,0.6536360905540841
1.0,0.0,0.0,0.0,0.0,0.0,0.0,3.0,10.0,8.0,0.0,0.6084682814932141
1.0,0.0,0.0,0.0,0.0,0.0,0.0,4.0,10.0,8.0,0.0,0.5896665665364975
1.0,0.0,0.0,0.0,0.0,0.0,0.0,1.0,16.0,8.0,0.0,0.5202217428111091
1.0,0.0,0.0,0.0,0.0,0.0,0.0,2.0,16.0,8.0,0.0,0.4797646030749066
1.0,0.0,0.0,0.0,0.0,0.0,0.0,3.0,16.0,8.0,0.0,0.4245746743493816
1.0,0.0,0.0,0.0,0.0,0.0,0.0,4.0,16.0,8.0,0.0,0.42222616674404007
1.0,0.0,0.0,0.0,0.0,0.0,0.0,1.0,20.0,8.0,0.0,0.46555067041699677
1.0,0.0,0.0,0.0,0.0,0.0,0.0,2.0,20.0,8.0,0.0,0.44064556650918935
1.0,0.0,0.0,0.0,0.0,0.0,0.0,3.0,20.0,8.0,0.0,0.3803353450394605
1.0,0.0,0.0,0.0,0.0,0.0,0.0,4.0,20.0,8.0,0.0,0.37165132854529076
1.0,0.0,0.0,0.0,0.0,0.0,0.0,1.0,32.0,8.0,0.0,0.39169556787460075
1.0,0.0,0.0,0.0,0.0,0.0,0.0,2.0,32.0,8.0,0.0,0.3490810781288403
1.0,0.0,0.0,0.0,0.0,0.0,0.0,3.0,32.0,8.0,0.0,0.30671236243480166
1.0,0.0,0.0,0.0,0.0,0.0,0.0,4.0,32.0,8.0,0.0,0.29592561238701226
1.0,0.0,0.0,0.0,0.0,0.0,0.0,1.0,64.0,8.0,0.0,0.31754007482454466
1.0,0.0,0.0,0.0,0.0,0.0,0.0,2.0,64.0,8.0,0.0,0.280974357573937
1.0,0.0,0.0,0.0,0.0,0.0,0.0,3.0,64.0,8.0,0.0,0.23506922635790167
1.0,0.0,0.0,0.0,0.0,0.0,0.0,4.0,64.0,8.0,0.0,0.2286381386711817
1.0,0.0,0.0,0.0,0.0,0.0,0.0,1.0,128.0,8.0,0.0,0.21035528004587783
1.0,0.0,0.0,0.0,0.0,0.0,0.0,2.0,128.0,8.0,0.0,0.18786695431333472
1.0,0.0,0.0,0.0,0.0,0.0,0.0,3.0,128.0,8.0,0.0,0.16145989786722742
1.0,0.0,0.0,0.0,0.0,0.0,0.0,4.0,128.0,8.0,0.0,0.1595619760233759
1.0,0.0,0.0,0.0,0.0,0.0,0.0,1.0,0.0,10.0,0.0,0.10446762609574267
1.0,0.0,0.0,0.0,0.0,0.0,0.0,2.0,0.0,10.0,0.0,0.10153199158906584
1.0,0.0,0.0,0.0,0.0,0.0,0.0,3.0,0.0,10.0,0.0,0.07655861711133571
1.0,0.0,0.0,0.0,0.0,0.0,0.0,4.0,0.0,10.0,0.0,0.07639476774352116
1.0,0.0,0.0,0.0,0.0,0.0,0.0,1.0,8.0,10.0,0.0,0.753993828340479
1.0,0.0,0.0,0.0,0.0,0.0,0.0,2.0,8.0,10.0,0.0,0.7012343319042029
1.0,0.0,0.0,0.0,0.0,0.0,0.0,3.0,8.0,10.0,0.0,0.6508916136431908
1.0,0.0,0.0,0.0,0.0,0.0,0.0,4.0,8.0,10.0,0.0,0.6349026461672904
1.0,0.0,0.0,0.0,0.0,0.0,0.0,1.0,10.0,10.0,0.0,0.6570086567082662
1.0,0.0,0.0,0.0,0.0,0.0,0.0,2.0,10.0,10.0,0.0,0.6109669843523855
1.0,0.0,0.0,0.0,0.0,0.0,0.0,3.0,10.0,10.0,0.0,0.5572516999371913
1.0,0.0,0.0,0.0,0.0,0.0,0.0,4.0,10.0,10.0,0.0,0.5313908080504657
1.0,0.0,0.0,0.0,0.0,0.0,0.0,1.0,16.0,10.0,0.0,0.5191976842622683
1.0,0.0,0.0,0.0,0.0,0.0,0.0,2.0,16.0,10.0,0.0,0.4625194571124281
1.0,0.0,0.0,0.0,0.0,0.0,0.0,3.0,16.0,10.0,0.0,0.4209153718015239
1.0,0.0,0.0,0.0,0.0,0.0,0.0,4.0,16.0,10.0,0.0,0.39763510745787717
1.0,0.0,0.0,0.0,0.0,0.0,0.0,1.0,20.0,10.0,0.0,0.47389333406155293
1.0,0.0,0.0,0.0,0.0,0.0,0.0,2.0,20.0,10.0,0.0,0.4451787323520578
1.0,0.0,0.0,0.0,0.0,0.0,0.0,3.0,20.0,10.0,0.0,0.3796662934542178
1.0,0.0,0.0,0.0,0.0,0.0,0.0,4.0,20.0,10.0,0.0,0.35556678227149846
1.0,0.0,0.0,0.0,0.0,0.0,0.0,1.0,32.0,10.0,0.0,0.40930937491466196
1.0,0.0,0.0,0.0,0.0,0.0,0.0,2.0,32.0,10.0,0.0,0.3502416778175265
1.0,0.0,0.0,0.0,0.0,0.0,0.0,3.0,32.0,10.0,0.0,0.3109314836560257
1.0,0.0,0.0,0.0,0.0,0.0,0.0,4.0,32.0,10.0,0.0,0.29178841584969567
1.0,0.0,0.0,0.0,0.0,0.0,0.0,1.0,64.0,10.0,0.0,0.34775662907233956
1.0,0.0,0.0,0.0,0.0,0.0,0.0,2.0,64.0,10.0,0.0,0.2946011633305115
1.0,0.0,0.0,0.0,0.0,0.0,0.0,3.0,64.0,10.0,0.0,0.24403997924574677
1.0,0.0,0.0,0.0,0.0,0.0,0.0,4.0,64.0,10.0,0.0,0.2368306070619079
1.0,0.0,0.0,0.0,0.0,0.0,0.0,1.0,128.0,10.0,0.0,0.2328709140063902
1.0,0.0,0.0,0.0,0.0,0.0,0.0,2.0,128.0,10.0,0.0,0.20554903192331858
1.0,0.0,0.0,0.0,0.0,0.0,0.0,3.0,128.0,10.0,0.0,0.17148201753188247
1.0,0.0,0.0,0.0,0.0,0.0,0.0,4.0,128.0,10.0,0.0,0.1706354624648408
1.0,0.0,0.0,0.0,0.0,0.0,0.0,1.0,0.0,16.0,0.0,0.06567628826565447
1.0,0.0,0.0,0.0,0.0,0.0,0.0,2.0,0.0,16.0,0.0,0.0631502771785139
1.0,0.0,0.0,0.0,0.0,0.0,0.0,3.0,0.0,16.0,0.0,0.03883230017204187
1.0,0.0,0.0,0.0,0.0,0.0,0.0,4.0,0.0,16.0,0.0,0.039050765995794545
1.0,0.0,0.0,0.0,0.0,0.0,0.0,1.0,8.0,16.0,0.0,0.5455910865943909
1.0,0.0,0.0,0.0,0.0,0.0,0.0,2.0,8.0,16.0,0.0,0.49791092056036496
1.0,0.0,0.0,0.0,0.0,0.0,0.0,3.0,8.0,16.0,0.0,0.4575083972801007
1.0,0.0,0.0,0.0,0.0,0.0,0.0,4.0,8.0,16.0,0.0,0.4431306152543762
1.0,0.0,0.0,0.0,0.0,0.0,0.0,1.0,10.0,16.0,0.0,0.49270870313225396
1.0,0.0,0.0,0.0,0.0,0.0,0.0,2.0,10.0,16.0,0.0,0.4440181326633716
1.0,0.0,0.0,0.0,0.0,0.0,0.0,3.0,10.0,16.0,0.0,0.4104836287173326
1.0,0.0,0.0,0.0,0.0,0.0,0.0,4.0,10.0,16.0,0.0,0.380471886179306
1.0,0.0,0.0,0.0,0.0,0.0,0.0,1.0,16.0,16.0,0.0,0.38941533083918195
1.0,0.0,0.0,0.0,0.0,0.0,0.0,2.0,16.0,16.0,0.0,0.3359731287036785
1.0,0.0,0.0,0.0,0.0,0.0,0.0,3.0,16.0,16.0,0.0,0.30932029820584955
1.0,0.0,0.0,0.0,0.0,0.0,0.0,4.0,16.0,16.0,0.0,0.2832136322674023
1.0,0.0,0.0,0.0,0.0,0.0,0.0,1.0,20.0,16.0,0.0,0.3635544389524565
1.0,0.0,0.0,0.0,0.0,0.0,0.0,2.0,20.0,16.0,0.0,0.33460771730522415
1.0,0.0,0.0,0.0,0.0,0.0,0.0,3.0,20.0,16.0,0.0,0.2818209126409788
1.0,0.0,0.0,0.0,0.0,0.0,0.0,4.0,20.0,16.0,0.0,0.2582675660176413
1.0,0.0,0.0,0.0,0.0,0.0,0.0,1.0,32.0,16.0,0.0,0.30425462191758385
1.0,0.0,0.0,0.0,0.0,0.0,0.0,2.0,32.0,16.0,0.0,0.25064857041426597
1.0,0.0,0.0,0.0,0.0,0.0,0.0,3.0,32.0,16.0,0.0,0.22166088642507992
1.0,0.0,0.0,0.0,0.0,0.0,0.0,4.0,32.0,16.0,0.0,0.20879871105164
1.0,0.0,0.0,0.0,0.0,0.0,0.0,1.0,64.0,16.0,0.0,0.2554684726508098
1.0,0.0,0.0,0.0,0.0,0.0,0.0,2.0,64.0,16.0,0.0,0.20610885059668488
1.0,0.0,0.0,0.0,0.0,0.0,0.0,3.0,64.0,16.0,0.0,0.16981621562576815
1.0,0.0,0.0,0.0,0.0,0.0,0.0,4.0,64.0,16.0,0.0,0.16627980010377136
1.0,0.0,0.0,0.0,0.0,0.0,0.0,1.0,128.0,16.0,0.0,0.17131816816406792
1.0,0.0,0.0,0.0,0.0,0.0,0.0,2.0,128.0,16.0,0.0,0.14305415221606277
1.0,0.0,0.0,0.0,0.0,0.0,0.0,3.0,128.0,16.0,0.0,0.11414839291078405
1.0,0.0,0.0,0.0,0.0,0.0,0.0,4.0,128.0,16.0,0.0,0.11281028974029883
1.0,0.0,0.0,0.0,0.0,0.0,0.0,1.0,0.0,20.0,0.0,0.06040580026762066
1.0,0.0,0.0,0.0,0.0,0.0,0.0,2.0,0.0,20.0,0.0,0.05864441956361455
1.0,0.0,0.0,0.0,0.0,0.0,0.0,3.0,0.0,20.0,0.0,0.03276987356290456
1.0,0.0,0.0,0.0,0.0,0.0,0.0,4.0,0.0,20.0,0.0,0.032619678309074585
1.0,0.0,0.0,0.0,0.0,0.0,0.0,1.0,8.0,20.0,0.0,0.52094541085229
1.0,0.0,0.0,0.0,0.0,0.0,0.0,2.0,8.0,20.0,0.0,0.461536360905541
1.0,0.0,0.0,0.0,0.0,0.0,0.0,3.0,8.0,20.0,0.0,0.4266364455610476
1.0,0.0,0.0,0.0,0.0,0.0,0.0,4.0,8.0,20.0,0.0,0.404639667931948
1.0,0.0,0.0,0.0,0.0,0.0,0.0,1.0,10.0,20.0,0.0,0.4688276577732872
1.0,0.0,0.0,0.0,0.0,0.0,0.0,2.0,10.0,20.0,0.0,0.4154264179797374
1.0,0.0,0.0,0.0,0.0,0.0,0.0,3.0,10.0,20.0,0.0,0.3809634342827494
1.0,0.0,0.0,0.0,0.0,0.0,0.0,4.0,10.0,20.0,0.0,0.35659084082033926
1.0,0.0,0.0,0.0,0.0,0.0,0.0,1.0,16.0,20.0,0.0,0.3757612168546384
1.0,0.0,0.0,0.0,0.0,0.0,0.0,2.0,16.0,20.0,0.0,0.318905486222999
1.0,0.0,0.0,0.0,0.0,0.0,0.0,3.0,16.0,20.0,0.0,0.294287118708867
1.0,0.0,0.0,0.0,0.0,0.0,0.0,4.0,16.0,20.0,0.0,0.26419345148693313
1.0,0.0,0.0,0.0,0.0,0.0,0.0,1.0,20.0,20.0,0.0,0.34075206859826873
1.0,0.0,0.0,0.0,0.0,0.0,0.0,2.0,20.0,20.0,0.0,0.3203528223053607
1.0,0.0,0.0,0.0,0.0,0.0,0.0,3.0,20.0,20.0,0.0,0.26170840274174617
1.0,0.0,0.0,0.0,0.0,0.0,0.0,4.0,20.0,20.0,0.0,0.2383052513722385
1.0,0.0,0.0,0.0,0.0,0.0,0.0,1.0,32.0,20.0,0.0,0.28625849968595546
1.0,0.0,0.0,0.0,0.0,0.0,0.0,2.0,32.0,20.0,0.0,0.23467325705234993
1.0,0.0,0.0,0.0,0.0,0.0,0.0,3.0,32.0,20.0,0.0,0.20399246292908063
1.0,0.0,0.0,0.0,0.0,0.0,0.0,4.0,32.0,20.0,0.0,0.19177203091291412
1.0,0.0,0.0,0.0,0.0,0.0,0.0,1.0,64.0,20.0,0.0,0.23997105327835294
1.0,0.0,0.0,0.0,0.0,0.0,0.0,2.0,64.0,20.0,0.0,0.18762118026161284
1.0,0.0,0.0,0.0,0.0,0.0,0.0,3.0,64.0,20.0,0.0,0.15246183675141323
1.0,0.0,0.0,0.0,0.0,0.0,0.0,4.0,64.0,20.0,0.0,0.1488025342035556
1.0,0.0,0.0,0.0,0.0,0.0,0.0,1.0,128.0,20.0,0.0,0.15837406810672067
1.0,0.0,0.0,0.0,0.0,0.0,0.0,2.0,128.0,20.0,0.0,0.1353259237008111
1.0,0.0,0.0,0.0,0.0,0.0,0.0,3.0,128.0,20.0,0.0,0.10300663589939651
1.0,0.0,0.0,0.0,0.0,0.0,0.0,4.0,128.0,20.0,0.0,0.1016412245009422
1.0,0.0,0.0,0.0,0.0,0.0,0.0,1.0,0.0,32.0,0.0,0.052595647068461815
1.0,0.0,0.0,0.0,0.0,0.0,0.0,2.0,0.0,32.0,0.0,0.051598896747590106
1.0,0.0,0.0,0.0,0.0,0.0,0.0,3.0,0.0,32.0,0.0,0.023334880799584956
1.0,0.0,0.0,0.0,0.0,0.0,0.0,4.0,0.0,32.0,0.0,0.02345776782544584
1.0,0.0,0.0,0.0,0.0,0.0,0.0,1.0,8.0,32.0,0.0,0.46186405964117
1.0,0.0,0.0,0.0,0.0,0.0,0.0,2.0,8.0,32.0,0.0,0.40326060241950906
1.0,0.0,0.0,0.0,0.0,0.0,0.0,3.0,8.0,32.0,0.0,0.3907807422376363
1.0,0.0,0.0,0.0,0.0,0.0,0.0,4.0,8.0,32.0,0.0,0.3610693902072695
1.0,0.0,0.0,0.0,0.0,0.0,0.0,1.0,10.0,32.0,0.0,0.4140336983533139
1.0,0.0,0.0,0.0,0.0,0.0,0.0,2.0,10.0,32.0,0.0,0.3732078975395287
1.0,0.0,0.0,0.0,0.0,0.0,0.0,3.0,10.0,32.0,0.0,0.34609082716622525
1.0,0.0,0.0,0.0,0.0,0.0,0.0,4.0,10.0,32.0,0.0,0.3210082197766188
1.0,0.0,0.0,0.0,0.0,0.0,0.0,1.0,16.0,32.0,0.0,0.3310439935552583
1.0,0.0,0.0,0.0,0.0,0.0,0.0,2.0,16.0,32.0,0.0,0.2749802015347225
1.0,0.0,0.0,0.0,0.0,0.0,0.0,3.0,16.0,32.0,0.0,0.2598924055818019
1.0,0.0,0.0,0.0,0.0,0.0,0.0,4.0,16.0,32.0,0.0,0.2361752095906498
1.0,0.0,0.0,0.0,0.0,0.0,0.0,1.0,20.0,32.0,0.0,0.3048280947049347
1.0,0.0,0.0,0.0,0.0,0.0,0.0,2.0,20.0,32.0,0.0,0.2891668259646632
1.0,0.0,0.0,0.0,0.0,0.0,0.0,3.0,20.0,32.0,0.0,0.22794177885797
1.0,0.0,0.0,0.0,0.0,0.0,0.0,4.0,20.0,32.0,0.0,0.2106556705535379
1.0,0.0,0.0,0.0,0.0,0.0,0.0,1.0,32.0,32.0,0.0,0.25766678500232126
1.0,0.0,0.0,0.0,0.0,0.0,0.0,2.0,32.0,32.0,0.0,0.19877659138698495
1.0,0.0,0.0,0.0,0.0,0.0,0.0,3.0,32.0,32.0,0.0,0.1738851415931621
1.0,0.0,0.0,0.0,0.0,0.0,0.0,4.0,32.0,32.0,0.0,0.16274338458177456
1.0,0.0,0.0,0.0,0.0,0.0,0.0,1.0,64.0,32.0,0.0,0.2208416395860074
1.0,0.0,0.0,0.0,0.0,0.0,0.0,2.0,64.0,32.0,0.0,0.1569130779103745
1.0,0.0,0.0,0.0,0.0,0.0,0.0,3.0,64.0,32.0,0.0,0.12811655151697215
1.0,0.0,0.0,0.0,0.0,0.0,0.0,4.0,64.0,32.0,0.0,0.12225893661760295
1.0,0.0,0.0,0.0,0.0,0.0,0.0,1.0,128.0,32.0,0.0,0.1453343892514815
1.0,0.0,0.0,0.0,0.0,0.0,0.0,2.0,128.0,32.0,0.0,0.12646440372484236
1.0,0.0,0.0,0.0,0.0,0.0,0.0,3.0,128.0,32.0,0.0,0.09850077828449716
1.0,0.0,0.0,0.0,0.0,0.0,0.0,4.0,128.0,32.0,0.0,0.09480051339468587
1.0,0.0,0.0,0.0,0.0,0.0,0.0,1.0,0.0,64.0,0.0,0.05374259264316339
1.0,0.0,0.0,0.0,0.0,0.0,0.0,2.0,0.0,64.0,0.0,0.05228160244681729
1.0,0.0,0.0,0.0,0.0,0.0,0.0,3.0,0.0,64.0,0.0,0.027239957399164405
1.0,0.0,0.0,0.0,0.0,0.0,0.0,4.0,0.0,64.0,0.0,0.027581310248777968
1.0,0.0,0.0,0.0,0.0,0.0,0.0,1.0,8.0,64.0,0.0,0.40316502362161727
1.0,0.0,0.0,0.0,0.0,0.0,0.0,2.0,8.0,64.0,0.0,0.3612742019170377
1.0,0.0,0.0,0.0,0.0,0.0,0.0,3.0,8.0,64.0,0.0,0.3398372429613043
1.0,0.0,0.0,0.0,0.0,0.0,0.0,4.0,8.0,64.0,0.0,0.3171987219749311
1.0,0.0,0.0,0.0,0.0,0.0,0.0,1.0,10.0,64.0,0.0,0.36341789781261097
1.0,0.0,0.0,0.0,0.0,0.0,0.0,2.0,10.0,64.0,0.0,0.3453125426691063
1.0,0.0,0.0,0.0,0.0,0.0,0.0,3.0,10.0,64.0,0.0,0.295816379475136
1.0,0.0,0.0,0.0,0.0,0.0,0.0,4.0,10.0,64.0,0.0,0.2839646085365522
1.0,0.0,0.0,0.0,0.0,0.0,0.0,1.0,16.0,64.0,0.0,0.29345421775581
1.0,0.0,0.0,0.0,0.0,0.0,0.0,2.0,16.0,64.0,0.0,0.23930200169311017
1.0,0.0,0.0,0.0,0.0,0.0,0.0,3.0,16.0,64.0,0.0,0.2179060050793305
1.0,0.0,0.0,0.0,0.0,0.0,0.0,4.0,16.0,64.0,0.0,0.20448401103252417
1.0,0.0,0.0,0.0,0.0,0.0,0.0,1.0,20.0,64.0,0.0,0.2714164777847566
1.0,0.0,0.0,0.0,0.0,0.0,0.0,2.0,20.0,64.0,0.0,0.26260957426472603
1.0,0.0,0.0,0.0,0.0,0.0,0.0,3.0,20.0,64.0,0.0,0.19272781889183216
1.0,0.0,0.0,0.0,0.0,0.0,0.0,4.0,20.0,64.0,0.0,0.18110816789098566
1.0,0.0,0.0,0.0,0.0,0.0,0.0,1.0,32.0,64.0,0.0,0.2371446516835523
1.0,0.0,0.0,0.0,0.0,0.0,0.0,2.0,32.0,64.0,0.0,0.16921543461044825
1.0,0.0,0.0,0.0,0.0,0.0,0.0,3.0,32.0,64.0,0.0,0.14735519812119402
1.0,0.0,0.0,0.0,0.0,0.0,0.0,4.0,32.0,64.0,0.0,0.13673229744121912
1.0,0.0,0.0,0.0,0.0,0.0,0.0,1.0,64.0,64.0,0.0,0.2166907889347061
1.0,0.0,0.0,0.0,0.0,0.0,0.0,2.0,64.0,64.0,0.0,0.1386438733990552
1.0,0.0,0.0,0.0,0.0,0.0,0.0,3.0,64.0,64.0,0.0,0.11511783500368666
1.0,0.0,0.0,0.0,0.0,0.0,0.0,4.0,64.0,64.0,0.0,0.10158660804500402
1.0,0.0,0.0,0.0,0.0,0.0,0.0,1.0,128.0,64.0,0.0,0.14006390125344775
1.0,0.0,0.0,0.0,0.0,0.0,0.0,2.0,128.0,64.0,0.0,0.11458532455828951
1.0,0.0,0.0,0.0,0.0,0.0,0.0,3.0,128.0,64.0,0.0,0.09239738933340624
1.0,0.0,0.0,0.0,0.0,0.0,0.0,4.0,128.0,64.0,0.0,0.08247084846664304
1.0,0.0,0.0,0.0,0.0,0.0,0.0,1.0,0.0,128.0,0.0,0.17460880963434294
1.0,0.0,0.0,0.0,0.0,0.0,0.0,2.0,0.0,128.0,0.0,0.170867582402578
1.0,0.0,0.0,0.0,0.0,0.0,0.0,3.0,0.0,128.0,0.0,0.15050929845162353
1.0,0.0,0.0,0.0,0.0,0.0,0.0,4.0,0.0,128.0,0.0,0.14992217155028814
1.0,0.0,0.0,0.0,0.0,0.0,0.0,1.0,8.0,128.0,0.0,0.37165132854529076
1.0,0.0,0.0,0.0,0.0,0.0,0.0,2.0,8.0,128.0,0.0,0.33275075780332625
1.0,0.0,0.0,0.0,0.0,0.0,0.0,3.0,8.0,128.0,0.0,0.30686255768863163
1.0,0.0,0.0,0.0,0.0,0.0,0.0,4.0,8.0,128.0,0.0,0.29238919686501547
1.0,0.0,0.0,0.0,0.0,0.0,0.0,1.0,10.0,128.0,0.0,0.3325869084355117
1.0,0.0,0.0,0.0,0.0,0.0,0.0,2.0,10.0,128.0,0.0,0.3209672574346652
1.0,0.0,0.0,0.0,0.0,0.0,0.0,3.0,10.0,128.0,0.0,0.2674977470711926
1.0,0.0,0.0,0.0,0.0,0.0,0.0,4.0,10.0,128.0,0.0,0.2648078866162375
1.0,0.0,0.0,0.0,0.0,0.0,0.0,1.0,16.0,128.0,0.0,0.27222207050984476
1.0,0.0,0.0,0.0,0.0,0.0,0.0,2.0,16.0,128.0,0.0,0.21742811108987142
1.0,0.0,0.0,0.0,0.0,0.0,0.0,3.0,16.0,128.0,0.0,0.20011469455747016
1.0,0.0,0.0,0.0,0.0,0.0,0.0,4.0,16.0,128.0,0.0,0.18928698216772727
1.0,0.0,0.0,0.0,0.0,0.0,0.0,1.0,20.0,128.0,0.0,0.25572790081651614
1.0,0.0,0.0,0.0,0.0,0.0,0.0,2.0,20.0,128.0,0.0,0.2495562412955024
1.0,0.0,0.0,0.0,0.0,0.0,0.0,3.0,20.0,128.0,0.0,0.17785848876266425
1.0,0.0,0.0,0.0,0.0,0.0,0.0,4.0,20.0,128.0,0.0,0.16763155738824115
1.0,0.0,0.0,0.0,0.0,0.0,0.0,1.0,32.0,128.0,0.0,0.23162838963379678
1.0,0.0,0.0,0.0,0.0,0.0,0.0,2.0,32.0,128.0,0.0,0.16084546273792294
1.0,0.0,0.0,0.0,0.0,0.0,0.0,3.0,32.0,128.0,0.0,0.13868483574100887
1.0,0.0,0.0,0.0,0.0,0.0,0.0,4.0,32.0,128.0,0.0,0.12965946639722553
1.0,0.0,0.0,0.0,0.0,0.0,0.0,1.0,64.0,128.0,0.0,0.21476555886288545
1.0,0.0,0.0,0.0,0.0,0.0,0.0,2.0,64.0,128.0,0.0,0.1374150031404463
1.0,0.0,0.0,0.0,0.0,0.0,0.0,3.0,64.0,128.0,0.0,0.11360222835140232
1.0,0.0,0.0,0.0,0.0,0.0,0.0,4.0,64.0,128.0,0.0,0.09830962068871357
1.0,0.0,0.0,0.0,0.0,0.0,0.0,1.0,128.0,128.0,0.0,0.16094104153581484
1.0,0.0,0.0,0.0,0.0,0.0,0.0,2.0,128.0,128.0,0.0,0.1495535104727055
1.0,0.0,0.0,0.0,0.0,0.0,0.0,3.0,128.0,128.0,0.0,0.10801769573172398
1.0,0.0,0.0,0.0,0.0,0.0,0.0,4.0,128.0,128.0,0.0,0.08965291242251294
1.0,0.0,0.0,0.0,0.0,0.0,0.0,1.0,0.0,0.0,8.0,0.22013162565881111
1.0,0.0,0.0,0.0,0.0,0.0,0.0,2.0,0.0,0.0,8.0,0.21867063546246496
1.0,0.0,0.0,0.0,0.0,0.0,0.0,3.0,0.0,0.0,8.0,0.20822523826428913
1.0,0.0,0.0,0.0,0.0,0.0,0.0,4.0,0.0,0.0,8.0,0.20849832054397993
1.0,0.0,0.0,0.0,0.0,0.0,0.0,1.0,8.0,0.0,8.0,0.21025970124798604
1.0,0.0,0.0,0.0,0.0,0.0,0.0,2.0,8.0,0.0,8.0,0.22899314563477985
1.0,0.0,0.0,0.0,0.0,0.0,0.0,3.0,8.0,0.0,8.0,0.1398590895436796
1.0,0.0,0.0,0.0,0.0,0.0,0.0,4.0,8.0,0.0,8.0,0.16703077637292124
1.0,0.0,0.0,0.0,0.0,0.0,0.0,1.0,10.0,0.0,8.0,0.20220377399710537
1.0,0.0,0.0,0.0,0.0,0.0,0.0,2.0,10.0,0.0,8.0,0.2187798683743412
1.0,0.0,0.0,0.0,0.0,0.0,0.0,3.0,10.0,0.0,8.0,0.13746961959638448
1.0,0.0,0.0,0.0,0.0,0.0,0.0,4.0,10.0,0.0,8.0,0.17733963243125156
1.0,0.0,0.0,0.0,0.0,0.0,0.0,1.0,16.0,0.0,8.0,0.2018624211474918
1.0,0.0,0.0,0.0,0.0,0.0,0.0,2.0,16.0,0.0,8.0,0.22381823643463788
1.0,0.0,0.0,0.0,0.0,0.0,0.0,3.0,16.0,0.0,8.0,0.13842540757530253
1.0,0.0,0.0,0.0,0.0,0.0,0.0,4.0,16.0,0.0,8.0,0.17489554602801832
1.0,0.0,0.0,0.0,0.0,0.0,0.0,1.0,20.0,0.0,8.0,0.21718233703814965
1.0,0.0,0.0,0.0,0.0,0.0,0.0,2.0,20.0,0.0,8.0,0.21714137469619593
1.0,0.0,0.0,0.0,0.0,0.0,0.0,3.0,20.0,0.0,8.0,0.14663153008001317
1.0,0.0,0.0,0.0,0.0,0.0,0.0,4.0,20.0,0.0,8.0,0.18050738687566564
1.0,0.0,0.0,0.0,0.0,0.0,0.0,1.0,32.0,0.0,8.0,0.2356700073732217
1.0,0.0,0.0,0.0,0.0,0.0,0.0,2.0,32.0,0.0,8.0,0.21918949179387753
1.0,0.0,0.0,0.0,0.0,0.0,0.0,3.0,32.0,0.0,8.0,0.1524345285234442
1.0,0.0,0.0,0.0,0.0,0.0,0.0,4.0,32.0,0.0,8.0,0.17594691280482816
1.0,0.0,0.0,0.0,0.0,0.0,0.0,1.0,64.0,0.0,8.0,0.2971135203036676
1.0,0.0,0.0,0.0,0.0,0.0,0.0,2.0,64.0,0.0,8.0,0.33595947458969405
1.0,0.0,0.0,0.0,0.0,0.0,0.0,3.0,64.0,0.0,8.0,0.1825828122013164
1.0,0.0,0.0,0.0,0.0,0.0,0.0,4.0,64.0,0.0,8.0,0.2727545809552419
1.0,0.0,0.0,0.0,0.0,0.0,0.0,1.0,128.0,0.0,8.0,0.3280400884786588
1.0,0.0,0.0,0.0,0.0,0.0,0.0,2.0,128.0,0.0,8.0,0.34064283568639236
1.0,0.0,0.0,0.0,0.0,0.0,0.0,3.0,128.0,0.0,8.0,0.28761025697042525
1.0,0.0,0.0,0.0,0.0,0.0,0.0,4.0,128.0,0.0,8.0,0.3190693355908136
1.0,0.0,0.0,0.0,0.0,0.0,0.0,1.0,0.0,8.0,8.0,0.0928343209809116
1.0,0.0,0.0,0.0,0.0,0.0,0.0,2.0,0.0,8.0,8.0,0.09198776591386992
1.0,0.0,0.0,0.0,0.0,0.0,0.0,3.0,0.0,8.0,8.0,0.057674977470711986
1.0,0.0,0.0,0.0,0.0,0.0,0.0,4.0,0.0,8.0,8.0,0.05766132335672747
1.0,0.0,0.0,0.0,0.0,0.0,0.0,1.0,8.0,8.0,8.0,0.7499795188290233
1.0,0.0,0.0,0.0,0.0,0.0,0.0,2.0,8.0,8.0,8.0,0.7424287937955707
1.0,0.0,0.0,0.0,0.0,0.0,0.0,3.0,8.0,8.0,8.0,0.6558890193615337
1.0,0.0,0.0,0.0,0.0,0.0,0.0,4.0,8.0,8.0,8.0,0.6531855047925941
1.0,0.0,0.0,0.0,0.0,0.0,0.0,1.0,10.0,8.0,8.0,0.6397498566318034
1.0,0.0,0.0,0.0,0.0,0.0,0.0,2.0,10.0,8.0,8.0,0.6218766214260358
1.0,0.0,0.0,0.0,0.0,0.0,0.0,3.0,10.0,8.0,8.0,0.5545481853682517
1.0,0.0,0.0,0.0,0.0,0.0,0.0,4.0,10.0,8.0,8.0,0.5464649498894019
1.0,0.0,0.0,0.0,0.0,0.0,0.0,1.0,16.0,8.0,8.0,0.45091346022556605
1.0,0.0,0.0,0.0,0.0,0.0,0.0,2.0,16.0,8.0,8.0,0.4378874354843116
1.0,0.0,0.0,0.0,0.0,0.0,0.0,3.0,16.0,8.0,8.0,0.36979436904339286
1.0,0.0,0.0,0.0,0.0,0.0,0.0,4.0,16.0,8.0,8.0,0.37077746525028005
1.0,0.0,0.0,0.0,0.0,0.0,0.0,1.0,20.0,8.0,8.0,0.407152024905104
1.0,0.0,0.0,0.0,0.0,0.0,0.0,2.0,20.0,8.0,8.0,0.395245637510582
1.0,0.0,0.0,0.0,0.0,0.0,0.0,3.0,20.0,8.0,8.0,0.32020262705153074
1.0,0.0,0.0,0.0,0.0,0.0,0.0,4.0,20.0,8.0,8.0,0.31889183210901456
1.0,0.0,0.0,0.0,0.0,0.0,0.0,1.0,32.0,8.0,8.0,0.3321090144460526
1.0,0.0,0.0,0.0,0.0,0.0,0.0,2.0,32.0,8.0,8.0,0.2971271744176521
1.0,0.0,0.0,0.0,0.0,0.0,0.0,3.0,32.0,8.0,8.0,0.2386875665638057
1.0,0.0,0.0,0.0,0.0,0.0,0.0,4.0,32.0,8.0,8.0,0.2371446516835523
1.0,0.0,0.0,0.0,0.0,0.0,0.0,1.0,64.0,8.0,8.0,0.26203610147737516
1.0,0.0,0.0,0.0,0.0,0.0,0.0,2.0,64.0,8.0,8.0,0.2176738851415933
1.0,0.0,0.0,0.0,0.0,0.0,0.0,3.0,64.0,8.0,8.0,0.16341243616701723
1.0,0.0,0.0,0.0,0.0,0.0,0.0,4.0,64.0,8.0,8.0,0.16271607635380553
1.0,0.0,0.0,0.0,0.0,0.0,0.0,1.0,128.0,8.0,8.0,0.1786231191457987
1.0,0.0,0.0,0.0,0.0,0.0,0.0,2.0,128.0,8.0,8.0,0.16506458395914697
1.0,0.0,0.0,0.0,0.0,0.0,0.0,3.0,128.0,8.0,8.0,0.11895464103334341
1.0,0.0,0.0,0.0,0.0,0.0,0.0,4.0,128.0,8.0,8.0,0.11850405527185348
1.0,0.0,0.0,0.0,0.0,0.0,0.0,1.0,0.0,10.0,8.0,0.1166607498839401
1.0,0.0,0.0,0.0,0.0,0.0,0.0,2.0,0.0,10.0,8.0,0.11698844861956914
1.0,0.0,0.0,0.0,0.0,0.0,0.0,3.0,0.0,10.0,8.0,0.07519320571288135
1.0,0.0,0.0,0.0,0.0,0.0,0.0,4.0,0.0,10.0,8.0,0.07522051394085044
1.0,0.0,0.0,0.0,0.0,0.0,0.0,1.0,8.0,10.0,8.0,0.7014118353860019
1.0,0.0,0.0,0.0,0.0,0.0,0.0,2.0,8.0,10.0,8.0,0.6624020317321608
1.0,0.0,0.0,0.0,0.0,0.0,0.0,3.0,8.0,10.0,8.0,0.598214041890822
1.0,0.0,0.0,0.0,0.0,0.0,0.0,4.0,8.0,10.0,8.0,0.5843824244244793
1.0,0.0,0.0,0.0,0.0,0.0,0.0,1.0,10.0,10.0,8.0,0.5970534422021356
1.0,0.0,0.0,0.0,0.0,0.0,0.0,2.0,10.0,10.0,8.0,0.580531964280838
1.0,0.0,0.0,0.0,0.0,0.0,0.0,3.0,10.0,10.0,8.0,0.49911248259100477
1.0,0.0,0.0,0.0,0.0,0.0,0.0,4.0,10.0,10.0,8.0,0.4841885360058987
1.0,0.0,0.0,0.0,0.0,0.0,0.0,1.0,16.0,10.0,8.0,0.44639394849668207
1.0,0.0,0.0,0.0,0.0,0.0,0.0,2.0,16.0,10.0,8.0,0.41311887271634956
1.0,0.0,0.0,0.0,0.0,0.0,0.0,3.0,16.0,10.0,8.0,0.3526311477648216
1.0,0.0,0.0,0.0,0.0,0.0,0.0,4.0,16.0,10.0,8.0,0.3457085119746581
1.0,0.0,0.0,0.0,0.0,0.0,0.0,1.0,20.0,10.0,8.0,0.40832627870777477
1.0,0.0,0.0,0.0,0.0,0.0,0.0,2.0,20.0,10.0,8.0,0.39786722739561436
1.0,0.0,0.0,0.0,0.0,0.0,0.0,3.0,20.0,10.0,8.0,0.3073541057920753
1.0,0.0,0.0,0.0,0.0,0.0,0.0,4.0,20.0,10.0,8.0,0.30261612823943856
1.0,0.0,0.0,0.0,0.0,0.0,0.0,1.0,32.0,10.0,8.0,0.3479750948960923
1.0,0.0,0.0,0.0,0.0,0.0,0.0,2.0,32.0,10.0,8.0,0.2985198940440755
1.0,0.0,0.0,0.0,0.0,0.0,0.0,3.0,32.0,10.0,8.0,0.24079030011742547
1.0,0.0,0.0,0.0,0.0,0.0,0.0,4.0,32.0,10.0,8.0,0.23917911466724934
1.0,0.0,0.0,0.0,0.0,0.0,0.0,1.0,64.0,10.0,8.0,0.2896720281820914
1.0,0.0,0.0,0.0,0.0,0.0,0.0,2.0,64.0,10.0,8.0,0.23080914279472414
1.0,0.0,0.0,0.0,0.0,0.0,0.0,3.0,64.0,10.0,8.0,0.17463611786231198
1.0,0.0,0.0,0.0,0.0,0.0,0.0,4.0,64.0,10.0,8.0,0.173557442857533
1.0,0.0,0.0,0.0,0.0,0.0,0.0,1.0,128.0,10.0,8.0,0.19850350910729414
1.0,0.0,0.0,0.0,0.0,0.0,0.0,2.0,128.0,10.0,8.0,0.18431688467735335
1.0,0.0,0.0,0.0,0.0,0.0,0.0,3.0,128.0,10.0,8.0,0.13352358065485137
1.0,0.0,0.0,0.0,0.0,0.0,0.0,4.0,128.0,10.0,8.0,0.1334826183128977
1.0,0.0,0.0,0.0,0.0,0.0,0.0,1.0,0.0,16.0,8.0,0.08633496272426888
1.0,0.0,0.0,0.0,0.0,0.0,0.0,2.0,0.0,16.0,8.0,0.08552936999918082
1.0,0.0,0.0,0.0,0.0,0.0,0.0,3.0,0.0,16.0,8.0,0.052595647068461815
1.0,0.0,0.0,0.0,0.0,0.0,0.0,4.0,0.0,16.0,8.0,0.053332969223627125
1.0,0.0,0.0,0.0,0.0,0.0,0.0,1.0,8.0,16.0,8.0,0.4694420929025916
1.0,0.0,0.0,0.0,0.0,0.0,0.0,2.0,8.0,16.0,8.0,0.4381059013080642
1.0,0.0,0.0,0.0,0.0,0.0,0.0,3.0,8.0,16.0,8.0,0.3806903520030586
1.0,0.0,0.0,0.0,0.0,0.0,0.0,4.0,8.0,16.0,8.0,0.37393156558070956
1.0,0.0,0.0,0.0,0.0,0.0,0.0,1.0,10.0,16.0,8.0,0.4066468226876759
1.0,0.0,0.0,0.0,0.0,0.0,0.0,2.0,10.0,16.0,8.0,0.38717605614571676
1.0,0.0,0.0,0.0,0.0,0.0,0.0,3.0,10.0,16.0,8.0,0.32675660176411164
1.0,0.0,0.0,0.0,0.0,0.0,0.0,4.0,10.0,16.0,8.0,0.3179360441300965
1.0,0.0,0.0,0.0,0.0,0.0,0.0,1.0,16.0,16.0,8.0,0.30806411971927156
1.0,0.0,0.0,0.0,0.0,0.0,0.0,2.0,16.0,16.0,8.0,0.28101531991589074
1.0,0.0,0.0,0.0,0.0,0.0,0.0,3.0,16.0,16.0,8.0,0.23049509817307962
1.0,0.0,0.0,0.0,0.0,0.0,0.0,4.0,16.0,16.0,8.0,0.2250197984652777
1.0,0.0,0.0,0.0,0.0,0.0,0.0,1.0,20.0,16.0,8.0,0.28812911330183794
1.0,0.0,0.0,0.0,0.0,0.0,0.0,2.0,20.0,16.0,8.0,0.27742428793795576
1.0,0.0,0.0,0.0,0.0,0.0,0.0,3.0,20.0,16.0,8.0,0.20676424806794297
1.0,0.0,0.0,0.0,0.0,0.0,0.0,4.0,20.0,16.0,8.0,0.2022856986810126
1.0,0.0,0.0,0.0,0.0,0.0,0.0,1.0,32.0,16.0,8.0,0.25344766378109734
1.0,0.0,0.0,0.0,0.0,0.0,0.0,2.0,32.0,16.0,8.0,0.21279936644911118
1.0,0.0,0.0,0.0,0.0,0.0,0.0,3.0,32.0,16.0,8.0,0.1675632868183185
1.0,0.0,0.0,0.0,0.0,0.0,0.0,4.0,32.0,16.0,8.0,0.163835713700538
1.0,0.0,0.0,0.0,0.0,0.0,0.0,1.0,64.0,16.0,8.0,0.2214833829432809
1.0,0.0,0.0,0.0,0.0,0.0,0.0,2.0,64.0,16.0,8.0,0.17052622955296443
1.0,0.0,0.0,0.0,0.0,0.0,0.0,3.0,64.0,16.0,8.0,0.12636882492695056
1.0,0.0,0.0,0.0,0.0,0.0,0.0,4.0,64.0,16.0,8.0,0.12356973156011913
1.0,0.0,0.0,0.0,0.0,0.0,0.0,1.0,128.0,16.0,8.0,0.1510554630110053
1.0,0.0,0.0,0.0,0.0,0.0,0.0,2.0,128.0,16.0,8.0,0.13528496135885748
1.0,0.0,0.0,0.0,0.0,0.0,0.0,3.0,128.0,16.0,8.0,0.09774980201534728
1.0,0.0,0.0,0.0,0.0,0.0,0.0,4.0,128.0,16.0,8.0,0.0964390070728311
1.0,0.0,0.0,0.0,0.0,0.0,0.0,1.0,0.0,20.0,8.0,0.0850241677817527
1.0,0.0,0.0,0.0,0.0,0.0,0.0,2.0,0.0,20.0,8.0,0.08413665037275742
1.0,0.0,0.0,0.0,0.0,0.0,0.0,3.0,0.0,20.0,8.0,0.050711379338594764
1.0,0.0,0.0,0.0,0.0,0.0,0.0,4.0,0.0,20.0,8.0,0.0511346568721156
1.0,0.0,0.0,0.0,0.0,0.0,0.0,1.0,8.0,20.0,8.0,0.40899533029301743
1.0,0.0,0.0,0.0,0.0,0.0,0.0,2.0,8.0,20.0,8.0,0.3792566700346815
1.0,0.0,0.0,0.0,0.0,0.0,0.0,3.0,8.0,20.0,8.0,0.3263060160026216
1.0,0.0,0.0,0.0,0.0,0.0,0.0,4.0,8.0,20.0,8.0,0.3147819437996669
1.0,0.0,0.0,0.0,0.0,0.0,0.0,1.0,10.0,20.0,8.0,0.3567137278462002
1.0,0.0,0.0,0.0,0.0,0.0,0.0,2.0,10.0,20.0,8.0,0.33582293344984854
1.0,0.0,0.0,0.0,0.0,0.0,0.0,3.0,10.0,20.0,8.0,0.2791720145279773
1.0,0.0,0.0,0.0,0.0,0.0,0.0,4.0,10.0,20.0,8.0,0.26961413473879686
1.0,0.0,0.0,0.0,0.0,0.0,0.0,1.0,16.0,20.0,8.0,0.2807149294082308
1.0,0.0,0.0,0.0,0.0,0.0,0.0,2.0,16.0,20.0,8.0,0.24929681312979607
1.0,0.0,0.0,0.0,0.0,0.0,0.0,3.0,16.0,20.0,8.0,0.20361014773751346
1.0,0.0,0.0,0.0,0.0,0.0,0.0,4.0,16.0,20.0,8.0,0.19566345339850905
1.0,0.0,0.0,0.0,0.0,0.0,0.0,1.0,20.0,20.0,8.0,0.2652175100357738
1.0,0.0,0.0,0.0,0.0,0.0,0.0,2.0,20.0,20.0,8.0,0.2521778311805348
1.0,0.0,0.0,0.0,0.0,0.0,0.0,3.0,20.0,20.0,8.0,0.18427592233539974
1.0,0.0,0.0,0.0,0.0,0.0,0.0,4.0,20.0,20.0,8.0,0.18030257516589748
1.0,0.0,0.0,0.0,0.0,0.0,0.0,1.0,32.0,20.0,8.0,0.24308419126682873
1.0,0.0,0.0,0.0,0.0,0.0,0.0,2.0,32.0,20.0,8.0,0.1978208034080669
1.0,0.0,0.0,0.0,0.0,0.0,0.0,3.0,32.0,20.0,8.0,0.15549305005598196
1.0,0.0,0.0,0.0,0.0,0.0,0.0,4.0,32.0,20.0,8.0,0.15029083262787085
1.0,0.0,0.0,0.0,0.0,0.0,0.0,1.0,64.0,20.0,8.0,0.21346841803435385
1.0,0.0,0.0,0.0,0.0,0.0,0.0,2.0,64.0,20.0,8.0,0.16204702476856286
1.0,0.0,0.0,0.0,0.0,0.0,0.0,3.0,64.0,20.0,8.0,0.12098910401704038
1.0,0.0,0.0,0.0,0.0,0.0,0.0,4.0,64.0,20.0,8.0,0.11702941096152275
1.0,0.0,0.0,0.0,0.0,0.0,0.0,1.0,128.0,20.0,8.0,0.1424124088587892
1.0,0.0,0.0,0.0,0.0,0.0,0.0,2.0,128.0,20.0,8.0,0.1285807913924466
1.0,0.0,0.0,0.0,0.0,0.0,0.0,3.0,128.0,20.0,8.0,0.09497801687648494
1.0,0.0,0.0,0.0,0.0,0.0,0.0,4.0,128.0,20.0,8.0,0.09241104344739076
1.0,0.0,0.0,0.0,0.0,0.0,0.0,1.0,0.0,32.0,8.0,0.08178814276741586
1.0,0.0,0.0,0.0,0.0,0.0,0.0,2.0,0.0,32.0,8.0,0.0813512111199105
1.0,0.0,0.0,0.0,0.0,0.0,0.0,3.0,0.0,32.0,8.0,0.05075234168054843
1.0,0.0,0.0,0.0,0.0,0.0,0.0,4.0,0.0,32.0,8.0,0.05138043092383743
1.0,0.0,0.0,0.0,0.0,0.0,0.0,1.0,8.0,32.0,8.0,0.3135257653130889
1.0,0.0,0.0,0.0,0.0,0.0,0.0,2.0,8.0,32.0,8.0,0.28120647751167444
1.0,0.0,0.0,0.0,0.0,0.0,0.0,3.0,8.0,32.0,8.0,0.2380321690925476
1.0,0.0,0.0,0.0,0.0,0.0,0.0,4.0,8.0,32.0,8.0,0.22992162538572875
1.0,0.0,0.0,0.0,0.0,0.0,0.0,1.0,10.0,32.0,8.0,0.28030530598869446
1.0,0.0,0.0,0.0,0.0,0.0,0.0,2.0,10.0,32.0,8.0,0.2570933122149704
1.0,0.0,0.0,0.0,0.0,0.0,0.0,3.0,10.0,32.0,8.0,0.21062836232556875
1.0,0.0,0.0,0.0,0.0,0.0,0.0,4.0,10.0,32.0,8.0,0.19956852999808844
1.0,0.0,0.0,0.0,0.0,0.0,0.0,1.0,16.0,32.0,8.0,0.22825582347961454
1.0,0.0,0.0,0.0,0.0,0.0,0.0,2.0,16.0,32.0,8.0,0.19767060815423693
1.0,0.0,0.0,0.0,0.0,0.0,0.0,3.0,16.0,32.0,8.0,0.15968486304923674
1.0,0.0,0.0,0.0,0.0,0.0,0.0,4.0,16.0,32.0,8.0,0.15347224118626945
1.0,0.0,0.0,0.0,0.0,0.0,0.0,1.0,20.0,32.0,8.0,0.2240913187143287
1.0,0.0,0.0,0.0,0.0,0.0,0.0,2.0,20.0,32.0,8.0,0.2109287528332287
1.0,0.0,0.0,0.0,0.0,0.0,0.0,3.0,20.0,32.0,8.0,0.15225702504164507
1.0,0.0,0.0,0.0,0.0,0.0,0.0,4.0,20.0,32.0,8.0,0.14600344083672417
1.0,0.0,0.0,0.0,0.0,0.0,0.0,1.0,32.0,32.0,8.0,0.21714137469619593
1.0,0.0,0.0,0.0,0.0,0.0,0.0,2.0,32.0,32.0,8.0,0.1698435238537372
1.0,0.0,0.0,0.0,0.0,0.0,0.0,3.0,32.0,32.0,8.0,0.1351757284469811
1.0,0.0,0.0,0.0,0.0,0.0,0.0,4.0,32.0,32.0,8.0,0.1287719489882302
1.0,0.0,0.0,0.0,0.0,0.0,0.0,1.0,64.0,32.0,8.0,0.19795734454791242
1.0,0.0,0.0,0.0,0.0,0.0,0.0,2.0,64.0,32.0,8.0,0.1434637756355991
1.0,0.0,0.0,0.0,0.0,0.0,0.0,3.0,64.0,32.0,8.0,0.11386165651710867
1.0,0.0,0.0,0.0,0.0,0.0,0.0,4.0,64.0,32.0,8.0,0.10752614762828044
1.0,0.0,0.0,0.0,0.0,0.0,0.0,1.0,128.0,32.0,8.0,0.13660941041535818
1.0,0.0,0.0,0.0,0.0,0.0,0.0,2.0,128.0,32.0,8.0,0.12255932712526285
1.0,0.0,0.0,0.0,0.0,0.0,0.0,3.0,128.0,32.0,8.0,0.09417242415139687
1.0,0.0,0.0,0.0,0.0,0.0,0.0,4.0,128.0,32.0,8.0,0.08927059723094577
1.0,0.0,0.0,0.0,0.0,0.0,0.0,1.0,0.0,64.0,8.0,0.08608918867254706
1.0,0.0,0.0,0.0,0.0,0.0,0.0,2.0,0.0,64.0,8.0,0.08582976050684071
1.0,0.0,0.0,0.0,0.0,0.0,0.0,3.0,0.0,64.0,8.0,0.059654823998470774
1.0,0.0,0.0,0.0,0.0,0.0,0.0,4.0,0.0,64.0,8.0,0.06051503317949708
1.0,0.0,0.0,0.0,0.0,0.0,0.0,1.0,8.0,64.0,8.0,0.23965700865670841
1.0,0.0,0.0,0.0,0.0,0.0,0.0,2.0,8.0,64.0,8.0,0.20509844616182865
1.0,0.0,0.0,0.0,0.0,0.0,0.0,3.0,8.0,64.0,8.0,0.17129085993609877
1.0,0.0,0.0,0.0,0.0,0.0,0.0,4.0,8.0,64.0,8.0,0.1617056719189493
1.0,0.0,0.0,0.0,0.0,0.0,0.0,1.0,10.0,64.0,8.0,0.21947622818755302
1.0,0.0,0.0,0.0,0.0,0.0,0.0,2.0,10.0,64.0,8.0,0.19631885086976714
1.0,0.0,0.0,0.0,0.0,0.0,0.0,3.0,10.0,64.0,8.0,0.1546874573308939
1.0,0.0,0.0,0.0,0.0,0.0,0.0,4.0,10.0,64.0,8.0,0.14552554684726515
1.0,0.0,0.0,0.0,0.0,0.0,0.0,1.0,16.0,64.0,8.0,0.1902973866025835
1.0,0.0,0.0,0.0,0.0,0.0,0.0,2.0,16.0,64.0,8.0,0.15662634151669902
1.0,0.0,0.0,0.0,0.0,0.0,0.0,3.0,16.0,64.0,8.0,0.1272153799939923
1.0,0.0,0.0,0.0,0.0,0.0,0.0,4.0,16.0,64.0,8.0,0.11910483628717339
1.0,0.0,0.0,0.0,0.0,0.0,0.0,1.0,20.0,64.0,8.0,0.1945165078238073
1.0,0.0,0.0,0.0,0.0,0.0,0.0,2.0,20.0,64.0,8.0,0.17865042737376774
1.0,0.0,0.0,0.0,0.0,0.0,0.0,3.0,20.0,64.0,8.0,0.12636882492695056
1.0,0.0,0.0,0.0,0.0,0.0,0.0,4.0,20.0,64.0,8.0,0.11827193533411623
1.0,0.0,0.0,0.0,0.0,0.0,0.0,1.0,32.0,64.0,8.0,0.1994456429722276
1.0,0.0,0.0,0.0,0.0,0.0,0.0,2.0,32.0,64.0,8.0,0.14876157186160194
1.0,0.0,0.0,0.0,0.0,0.0,0.0,3.0,32.0,64.0,8.0,0.11909118217318887
1.0,0.0,0.0,0.0,0.0,0.0,0.0,4.0,32.0,64.0,8.0,0.11077582675660186
1.0,0.0,0.0,0.0,0.0,0.0,0.0,1.0,64.0,64.0,8.0,0.19657827903547348
1.0,0.0,0.0,0.0,0.0,0.0,0.0,2.0,64.0,64.0,8.0,0.13045140500832908
1.0,0.0,0.0,0.0,0.0,0.0,0.0,3.0,64.0,64.0,8.0,0.11210027581310256
1.0,0.0,0.0,0.0,0.0,0.0,0.0,4.0,64.0,64.0,8.0,0.0987602064502035
1.0,0.0,0.0,0.0,0.0,0.0,0.0,1.0,128.0,64.0,8.0,0.1447882246920998
1.0,0.0,0.0,0.0,0.0,0.0,0.0,2.0,128.0,64.0,8.0,0.1244435948551299
1.0,0.0,0.0,0.0,0.0,0.0,0.0,3.0,128.0,64.0,8.0,0.10310221469728831
1.0,0.0,0.0,0.0,0.0,0.0,0.0,4.0,128.0,64.0,8.0,0.09303913269067976
1.0,0.0,0.0,0.0,0.0,0.0,0.0,1.0,0.0,128.0,8.0,0.17982468117643852
1.0,0.0,0.0,0.0,0.0,0.0,0.0,2.0,0.0,128.0,8.0,0.18370244954804887
1.0,0.0,0.0,0.0,0.0,0.0,0.0,3.0,0.0,128.0,8.0,0.165091892187116
1.0,0.0,0.0,0.0,0.0,0.0,0.0,4.0,0.0,128.0,8.0,0.16320762445724907
1.0,0.0,0.0,0.0,0.0,0.0,0.0,1.0,8.0,128.0,8.0,0.2090308309893772
1.0,0.0,0.0,0.0,0.0,0.0,0.0,2.0,8.0,128.0,8.0,0.17649307736420988
1.0,0.0,0.0,0.0,0.0,0.0,0.0,3.0,8.0,128.0,8.0,0.1392446544143751
1.0,0.0,0.0,0.0,0.0,0.0,0.0,4.0,8.0,128.0,8.0,0.13084737431388083
1.0,0.0,0.0,0.0,0.0,0.0,0.0,1.0,10.0,128.0,8.0,0.19506267238318914
1.0,0.0,0.0,0.0,0.0,0.0,0.0,2.0,10.0,128.0,8.0,0.1731887817799504
1.0,0.0,0.0,0.0,0.0,0.0,0.0,3.0,10.0,128.0,8.0,0.12959119582730277
1.0,0.0,0.0,0.0,0.0,0.0,0.0,4.0,10.0,128.0,8.0,0.12250471066932472
1.0,0.0,0.0,0.0,0.0,0.0,0.0,1.0,16.0,128.0,8.0,0.1760151833747508
1.0,0.0,0.0,0.0,0.0,0.0,0.0,2.0,16.0,128.0,8.0,0.14213932657909834
1.0,0.0,0.0,0.0,0.0,0.0,0.0,3.0,16.0,128.0,8.0,0.1118954641033344
1.0,0.0,0.0,0.0,0.0,0.0,0.0,4.0,16.0,128.0,8.0,0.10550533875856805
1.0,0.0,0.0,0.0,0.0,0.0,0.0,1.0,20.0,128.0,8.0,0.1836478330921107
1.0,0.0,0.0,0.0,0.0,0.0,0.0,2.0,20.0,128.0,8.0,0.1678909855539475
1.0,0.0,0.0,0.0,0.0,0.0,0.0,3.0,20.0,128.0,8.0,0.1159643900707284
1.0,0.0,0.0,0.0,0.0,0.0,0.0,4.0,20.0,128.0,8.0,0.10691171249897596
1.0,0.0,0.0,0.0,0.0,0.0,0.0,1.0,32.0,128.0,8.0,0.19651000846555072
1.0,0.0,0.0,0.0,0.0,0.0,0.0,2.0,32.0,128.0,8.0,0.14204374778120654
1.0,0.0,0.0,0.0,0.0,0.0,0.0,3.0,32.0,128.0,8.0,0.11379338594718597
1.0,0.0,0.0,0.0,0.0,0.0,0.0,4.0,32.0,128.0,8.0,0.10588765395013522
1.0,0.0,0.0,0.0,0.0,0.0,0.0,1.0,64.0,128.0,8.0,0.2014527977279555
1.0,0.0,0.0,0.0,0.0,0.0,0.0,2.0,64.0,128.0,8.0,0.13614517053988368
1.0,0.0,0.0,0.0,0.0,0.0,0.0,3.0,64.0,128.0,8.0,0.11657882520003282
1.0,0.0,0.0,0.0,0.0,0.0,0.0,4.0,64.0,128.0,8.0,0.10203719380649395
1.0,0.0,0.0,0.0,0.0,0.0,0.0,1.0,128.0,128.0,8.0,0.18058931155957297
1.0,0.0,0.0,0.0,0.0,0.0,0.0,2.0,128.0,128.0,8.0,0.14675441710587406
1.0,0.0,0.0,0.0,0.0,0.0,0.0,3.0,128.0,128.0,8.0,0.13432917337993944
1.0,0.0,0.0,0.0,0.0,0.0,0.0,4.0,128.0,128.0,8.0,0.11801250716840989
1.0,0.0,0.0,0.0,0.0,0.0,0.0,1.0,0.0,0.0,10.0,0.22011797154482654
1.0,0.0,0.0,0.0,0.0,0.0,0.0,2.0,0.0,0.0,10.0,0.21938064938966123
1.0,0.0,0.0,0.0,0.0,0.0,0.0,3.0,0.0,0.0,10.0,0.2075834949070156
1.0,0.0,0.0,0.0,0.0,0.0,0.0,4.0,0.0,0.0,10.0,0.20896256041945444
1.0,0.0,0.0,0.0,0.0,0.0,0.0,1.0,8.0,0.0,10.0,0.21546191867609726
1.0,0.0,0.0,0.0,0.0,0.0,0.0,2.0,8.0,0.0,10.0,0.2621180261612825
1.0,0.0,0.0,0.0,0.0,0.0,0.0,3.0,8.0,0.0,10.0,0.15050929845162353
1.0,0.0,0.0,0.0,0.0,0.0,0.0,4.0,8.0,0.0,10.0,0.19981430404981032
1.0,0.0,0.0,0.0,0.0,0.0,0.0,1.0,10.0,0.0,10.0,0.20900352276140816
1.0,0.0,0.0,0.0,0.0,0.0,0.0,2.0,10.0,0.0,10.0,0.24518692482044852
1.0,0.0,0.0,0.0,0.0,0.0,0.0,3.0,10.0,0.0,10.0,0.14839291078401928
1.0,0.0,0.0,0.0,0.0,0.0,0.0,4.0,10.0,0.0,10.0,0.2039105382451733
1.0,0.0,0.0,0.0,0.0,0.0,0.0,1.0,16.0,0.0,10.0,0.21136568448073406
1.0,0.0,0.0,0.0,0.0,0.0,0.0,2.0,16.0,0.0,10.0,0.24716677134820736
1.0,0.0,0.0,0.0,0.0,0.0,0.0,3.0,16.0,0.0,10.0,0.14978563041044274
1.0,0.0,0.0,0.0,0.0,0.0,0.0,4.0,16.0,0.0,10.0,0.1960048062481226
1.0,0.0,0.0,0.0,0.0,0.0,0.0,1.0,20.0,0.0,10.0,0.22514268549113853
1.0,0.0,0.0,0.0,0.0,0.0,0.0,2.0,20.0,0.0,10.0,0.2298533548158061
1.0,0.0,0.0,0.0,0.0,0.0,0.0,3.0,20.0,0.0,10.0,0.15471476555886293
1.0,0.0,0.0,0.0,0.0,0.0,0.0,4.0,20.0,0.0,10.0,0.19394303503645655
1.0,0.0,0.0,0.0,0.0,0.0,0.0,1.0,32.0,0.0,10.0,0.23695349408776872
1.0,0.0,0.0,0.0,0.0,0.0,0.0,2.0,32.0,0.0,10.0,0.2183292826128514
1.0,0.0,0.0,0.0,0.0,0.0,0.0,3.0,32.0,0.0,10.0,0.1536633987820531
1.0,0.0,0.0,0.0,0.0,0.0,0.0,4.0,32.0,0.0,10.0,0.1743903438105902
1.0,0.0,0.0,0.0,0.0,0.0,0.0,1.0,64.0,0.0,10.0,0.29480597504027967
1.0,0.0,0.0,0.0,0.0,0.0,0.0,2.0,64.0,0.0,10.0,0.33260056254949627
1.0,0.0,0.0,0.0,0.0,0.0,0.0,3.0,64.0,0.0,10.0,0.17733963243125156
1.0,0.0,0.0,0.0,0.0,0.0,0.0,4.0,64.0,0.0,10.0,0.26864469264589436
1.0,0.0,0.0,0.0,0.0,0.0,0.0,1.0,128.0,0.0,10.0,0.3250498375160436
1.0,0.0,0.0,0.0,0.0,0.0,0.0,2.0,128.0,0.0,10.0,0.33952319833965977
1.0,0.0,0.0,0.0,0.0,0.0,0.0,3.0,128.0,0.0,10.0,0.28385537562467583
1.0,0.0,0.0,0.0,0.0,0.0,0.0,4.0,128.0,0.0,10.0,0.3136759605669189
1.0,0.0,0.0,0.0,0.0,0.0,0.0,1.0,0.0,8.0,10.0,0.08602091810262436
1.0,0.0,0.0,0.0,0.0,0.0,0.0,2.0,0.0,8.0,10.0,0.08632130861028436
1.0,0.0,0.0,0.0,0.0,0.0,0.0,3.0,0.0,8.0,10.0,0.05138043092383743
1.0,0.0,0.0,0.0,0.0,0.0,0.0,4.0,0.0,8.0,10.0,0.051571588519621014
1.0,0.0,0.0,0.0,0.0,0.0,0.0,1.0,8.0,8.0,10.0,0.7471531172342227
1.0,0.0,0.0,0.0,0.0,0.0,0.0,2.0,8.0,8.0,10.0,0.7426062972773697
1.0,0.0,0.0,0.0,0.0,0.0,0.0,3.0,8.0,8.0,10.0,0.6557797864496573
1.0,0.0,0.0,0.0,0.0,0.0,0.0,4.0,8.0,8.0,10.0,0.6515060487724953
1.0,0.0,0.0,0.0,0.0,0.0,0.0,1.0,10.0,8.0,10.0,0.6353532319287802
1.0,0.0,0.0,0.0,0.0,0.0,0.0,2.0,10.0,8.0,10.0,0.6207160217373497
1.0,0.0,0.0,0.0,0.0,0.0,0.0,3.0,10.0,8.0,10.0,0.5532510445397198
1.0,0.0,0.0,0.0,0.0,0.0,0.0,4.0,10.0,8.0,10.0,0.545113192604932
1.0,0.0,0.0,0.0,0.0,0.0,0.0,1.0,16.0,8.0,10.0,0.44901553838171454
1.0,0.0,0.0,0.0,0.0,0.0,0.0,2.0,16.0,8.0,10.0,0.43730030858297614
1.0,0.0,0.0,0.0,0.0,0.0,0.0,3.0,16.0,8.0,10.0,0.3669816215625769
1.0,0.0,0.0,0.0,0.0,0.0,0.0,4.0,16.0,8.0,10.0,0.36957590321964023
1.0,0.0,0.0,0.0,0.0,0.0,0.0,1.0,20.0,8.0,10.0,0.40215461918676104
1.0,0.0,0.0,0.0,0.0,0.0,0.0,2.0,20.0,8.0,10.0,0.3931565580709469
1.0,0.0,0.0,0.0,0.0,0.0,0.0,3.0,20.0,8.0,10.0,0.31730795488680746
1.0,0.0,0.0,0.0,0.0,0.0,0.0,4.0,20.0,8.0,10.0,0.31572407766460037
1.0,0.0,0.0,0.0,0.0,0.0,0.0,1.0,32.0,8.0,10.0,0.3282585543024114
1.0,0.0,0.0,0.0,0.0,0.0,0.0,2.0,32.0,8.0,10.0,0.2933040225019799
1.0,0.0,0.0,0.0,0.0,0.0,0.0,3.0,32.0,8.0,10.0,0.23592943553892792
1.0,0.0,0.0,0.0,0.0,0.0,0.0,4.0,32.0,8.0,10.0,0.23411343837898363
1.0,0.0,0.0,0.0,0.0,0.0,0.0,1.0,64.0,8.0,10.0,0.25744831917856864
1.0,0.0,0.0,0.0,0.0,0.0,0.0,2.0,64.0,8.0,10.0,0.21475190474890088
1.0,0.0,0.0,0.0,0.0,0.0,0.0,3.0,64.0,8.0,10.0,0.15934351019962317
1.0,0.0,0.0,0.0,0.0,0.0,0.0,4.0,64.0,8.0,10.0,0.15778694120538522
1.0,0.0,0.0,0.0,0.0,0.0,0.0,1.0,128.0,8.0,10.0,0.17511401185177095
1.0,0.0,0.0,0.0,0.0,0.0,0.0,2.0,128.0,8.0,10.0,0.16206067888254733
1.0,0.0,0.0,0.0,0.0,0.0,0.0,3.0,128.0,8.0,10.0,0.11484475272399575
1.0,0.0,0.0,0.0,0.0,0.0,0.0,4.0,128.0,8.0,10.0,0.11466724924219673
1.0,0.0,0.0,0.0,0.0,0.0,0.0,1.0,0.0,10.0,10.0,0.11182719353341164
1.0,0.0,0.0,0.0,0.0,0.0,0.0,2.0,0.0,10.0,10.0,0.11132199131598358
1.0,0.0,0.0,0.0,0.0,0.0,0.0,3.0,0.0,10.0,10.0,0.06930828258554306
1.0,0.0,0.0,0.0,0.0,0.0,0.0,4.0,0.0,10.0,10.0,0.06913077910374404
1.0,0.0,0.0,0.0,0.0,0.0,0.0,1.0,8.0,10.0,10.0,0.6939839973784101
1.0,0.0,0.0,0.0,0.0,0.0,0.0,2.0,8.0,10.0,10.0,0.6669488516890139
1.0,0.0,0.0,0.0,0.0,0.0,0.0,3.0,8.0,10.0,10.0,0.5965345858707229
1.0,0.0,0.0,0.0,0.0,0.0,0.0,4.0,8.0,10.0,10.0,0.5843551161965101
1.0,0.0,0.0,0.0,0.0,0.0,0.0,1.0,10.0,10.0,10.0,0.594950708648516
1.0,0.0,0.0,0.0,0.0,0.0,0.0,2.0,10.0,10.0,10.0,0.5760670690078922
1.0,0.0,0.0,0.0,0.0,0.0,0.0,3.0,10.0,10.0,10.0,0.49703705726535413
1.0,0.0,0.0,0.0,0.0,0.0,0.0,4.0,10.0,10.0,10.0,0.4810480897894536
1.0,0.0,0.0,0.0,0.0,0.0,0.0,1.0,16.0,10.0,10.0,0.44143750512029295
1.0,0.0,0.0,0.0,0.0,0.0,0.0,2.0,16.0,10.0,10.0,0.4143204347469894
1.0,0.0,0.0,0.0,0.0,0.0,0.0,3.0,16.0,10.0,10.0,0.34878068762118036
1.0,0.0,0.0,0.0,0.0,0.0,0.0,4.0,16.0,10.0,10.0,0.34334635025533194
1.0,0.0,0.0,0.0,0.0,0.0,0.0,1.0,20.0,10.0,10.0,0.40451678090608706
1.0,0.0,0.0,0.0,0.0,0.0,0.0,2.0,20.0,10.0,10.0,0.3945083153554166
1.0,0.0,0.0,0.0,0.0,0.0,0.0,3.0,20.0,10.0,10.0,0.3045959747671974
1.0,0.0,0.0,0.0,0.0,0.0,0.0,4.0,20.0,10.0,10.0,0.3023157377317786
1.0,0.0,0.0,0.0,0.0,0.0,0.0,1.0,32.0,10.0,10.0,0.3432234632294711
1.0,0.0,0.0,0.0,0.0,0.0,0.0,2.0,32.0,10.0,10.0,0.2950654032059861
1.0,0.0,0.0,0.0,0.0,0.0,0.0,3.0,32.0,10.0,10.0,0.23599770610885068
1.0,0.0,0.0,0.0,0.0,0.0,0.0,4.0,32.0,10.0,10.0,0.23353996559163287
1.0,0.0,0.0,0.0,0.0,0.0,0.0,1.0,64.0,10.0,10.0,0.28676370190338357
1.0,0.0,0.0,0.0,0.0,0.0,0.0,2.0,64.0,10.0,10.0,0.22888391272290348
1.0,0.0,0.0,0.0,0.0,0.0,0.0,3.0,64.0,10.0,10.0,0.17036238018514988
1.0,0.0,0.0,0.0,0.0,0.0,0.0,4.0,64.0,10.0,10.0,0.16894235233075733
1.0,0.0,0.0,0.0,0.0,0.0,0.0,1.0,128.0,10.0,10.0,0.19473497364756015
1.0,0.0,0.0,0.0,0.0,0.0,0.0,2.0,128.0,10.0,10.0,0.18162702422239835
1.0,0.0,0.0,0.0,0.0,0.0,0.0,3.0,128.0,10.0,10.0,0.13064256260411267
1.0,0.0,0.0,0.0,0.0,0.0,0.0,4.0,128.0,10.0,10.0,0.12948196291542646
1.0,0.0,0.0,0.0,0.0,0.0,0.0,1.0,0.0,16.0,10.0,0.08113274529615783
1.0,0.0,0.0,0.0,0.0,0.0,0.0,2.0,0.0,16.0,10.0,0.0797263715557498
1.0,0.0,0.0,0.0,0.0,0.0,0.0,3.0,0.0,16.0,10.0,0.04661514514323173
1.0,0.0,0.0,0.0,0.0,0.0,0.0,4.0,0.0,16.0,10.0,0.04707938501870618
1.0,0.0,0.0,0.0,0.0,0.0,0.0,1.0,8.0,16.0,10.0,0.4675305169447555
1.0,0.0,0.0,0.0,0.0,0.0,0.0,2.0,8.0,16.0,10.0,0.4409459570168493
1.0,0.0,0.0,0.0,0.0,0.0,0.0,3.0,8.0,16.0,10.0,0.3800076463038314
1.0,0.0,0.0,0.0,0.0,0.0,0.0,4.0,8.0,16.0,10.0,0.3719653731669353
1.0,0.0,0.0,0.0,0.0,0.0,0.0,1.0,10.0,16.0,10.0,0.40762991889456307
1.0,0.0,0.0,0.0,0.0,0.0,0.0,2.0,10.0,16.0,10.0,0.3859881482290615
1.0,0.0,0.0,0.0,0.0,0.0,0.0,3.0,10.0,16.0,10.0,0.32498156694612096
1.0,0.0,0.0,0.0,0.0,0.0,0.0,4.0,10.0,16.0,10.0,0.31179169283705194
1.0,0.0,0.0,0.0,0.0,0.0,0.0,1.0,16.0,16.0,10.0,0.3048417488189192
1.0,0.0,0.0,0.0,0.0,0.0,0.0,2.0,16.0,16.0,10.0,0.2811382069417517
1.0,0.0,0.0,0.0,0.0,0.0,0.0,3.0,16.0,16.0,10.0,0.2282285152516454
1.0,0.0,0.0,0.0,0.0,0.0,0.0,4.0,16.0,16.0,10.0,0.22220705098446164
1.0,0.0,0.0,0.0,0.0,0.0,0.0,1.0,20.0,16.0,10.0,0.283131707583495
1.0,0.0,0.0,0.0,0.0,0.0,0.0,2.0,20.0,16.0,10.0,0.2756355990059806
1.0,0.0,0.0,0.0,0.0,0.0,0.0,3.0,20.0,16.0,10.0,0.20468882274229233
1.0,0.0,0.0,0.0,0.0,0.0,0.0,4.0,20.0,16.0,10.0,0.19989622873371754
1.0,0.0,0.0,0.0,0.0,0.0,0.0,1.0,32.0,16.0,10.0,0.24954258718151784
1.0,0.0,0.0,0.0,0.0,0.0,0.0,2.0,32.0,16.0,10.0,0.210560091755646
1.0,0.0,0.0,0.0,0.0,0.0,0.0,3.0,32.0,16.0,10.0,0.163985908954368
1.0,0.0,0.0,0.0,0.0,0.0,0.0,4.0,32.0,16.0,10.0,0.16038122286244855
1.0,0.0,0.0,0.0,0.0,0.0,0.0,1.0,64.0,16.0,10.0,0.21686829241650513
1.0,0.0,0.0,0.0,0.0,0.0,0.0,2.0,64.0,16.0,10.0,0.1678363690980093
1.0,0.0,0.0,0.0,0.0,0.0,0.0,3.0,64.0,16.0,10.0,0.12238182364346384
1.0,0.0,0.0,0.0,0.0,0.0,0.0,4.0,64.0,16.0,10.0,0.11955542204866332
1.0,0.0,0.0,0.0,0.0,0.0,0.0,1.0,128.0,16.0,10.0,0.1483656025560502
1.0,0.0,0.0,0.0,0.0,0.0,0.0,2.0,128.0,16.0,10.0,0.13282722084163967
1.0,0.0,0.0,0.0,0.0,0.0,0.0,3.0,128.0,16.0,10.0,0.09443185231710316
1.0,0.0,0.0,0.0,0.0,0.0,0.0,4.0,128.0,16.0,10.0,0.09235642699145258
1.0,0.0,0.0,0.0,0.0,0.0,0.0,1.0,0.0,20.0,10.0,0.07919386111035259
1.0,0.0,0.0,0.0,0.0,0.0,0.0,2.0,0.0,20.0,10.0,0.07939867282012075
1.0,0.0,0.0,0.0,0.0,0.0,0.0,3.0,0.0,20.0,10.0,0.04601436412791177
1.0,0.0,0.0,0.0,0.0,0.0,0.0,4.0,0.0,20.0,10.0,0.04555012425243726
1.0,0.0,0.0,0.0,0.0,0.0,0.0,1.0,8.0,20.0,10.0,0.40772549769245486
1.0,0.0,0.0,0.0,0.0,0.0,0.0,2.0,8.0,20.0,10.0,0.3809634342827494
1.0,0.0,0.0,0.0,0.0,0.0,0.0,3.0,8.0,20.0,10.0,0.32316556978617667
1.0,0.0,0.0,0.0,0.0,0.0,0.0,4.0,8.0,20.0,10.0,0.3129659466397226
1.0,0.0,0.0,0.0,0.0,0.0,0.0,1.0,10.0,20.0,10.0,0.35278134301865166
1.0,0.0,0.0,0.0,0.0,0.0,0.0,2.0,10.0,20.0,10.0,0.3334334635025535
1.0,0.0,0.0,0.0,0.0,0.0,0.0,3.0,10.0,20.0,10.0,0.27599060596957864
1.0,0.0,0.0,0.0,0.0,0.0,0.0,4.0,10.0,20.0,10.0,0.26723831890548627
1.0,0.0,0.0,0.0,0.0,0.0,0.0,1.0,16.0,20.0,10.0,0.2781069936371829
1.0,0.0,0.0,0.0,0.0,0.0,0.0,2.0,16.0,20.0,10.0,0.24870968622846074
1.0,0.0,0.0,0.0,0.0,0.0,0.0,3.0,16.0,20.0,10.0,0.20021027335536207
1.0,0.0,0.0,0.0,0.0,0.0,0.0,4.0,16.0,20.0,10.0,0.19313744231136848
1.0,0.0,0.0,0.0,0.0,0.0,0.0,1.0,20.0,20.0,10.0,0.2605887653950137
1.0,0.0,0.0,0.0,0.0,0.0,0.0,2.0,20.0,20.0,10.0,0.2502116387667605
1.0,0.0,0.0,0.0,0.0,0.0,0.0,3.0,20.0,20.0,10.0,0.1802479587099593
1.0,0.0,0.0,0.0,0.0,0.0,0.0,4.0,20.0,20.0,10.0,0.17761271471094248
1.0,0.0,0.0,0.0,0.0,0.0,0.0,1.0,32.0,20.0,10.0,0.23855102542396028
1.0,0.0,0.0,0.0,0.0,0.0,0.0,2.0,32.0,20.0,10.0,0.1955951828285863
1.0,0.0,0.0,0.0,0.0,0.0,0.0,3.0,32.0,20.0,10.0,0.15100084655506713
1.0,0.0,0.0,0.0,0.0,0.0,0.0,4.0,32.0,20.0,10.0,0.14661787596602865
1.0,0.0,0.0,0.0,0.0,0.0,0.0,1.0,64.0,20.0,10.0,0.20991834839837248
1.0,0.0,0.0,0.0,0.0,0.0,0.0,2.0,64.0,20.0,10.0,0.15935716431360775
1.0,0.0,0.0,0.0,0.0,0.0,0.0,3.0,64.0,20.0,10.0,0.11816270242223986
1.0,0.0,0.0,0.0,0.0,0.0,0.0,4.0,64.0,20.0,10.0,0.11371146126327869
1.0,0.0,0.0,0.0,0.0,0.0,0.0,1.0,128.0,20.0,10.0,0.13938119555422057
1.0,0.0,0.0,0.0,0.0,0.0,0.0,2.0,128.0,20.0,10.0,0.12621862967312059
1.0,0.0,0.0,0.0,0.0,0.0,0.0,3.0,128.0,20.0,10.0,0.09194680357191626
1.0,0.0,0.0,0.0,0.0,0.0,0.0,4.0,128.0,20.0,10.0,0.08847865861984222
1.0,0.0,0.0,0.0,0.0,0.0,0.0,1.0,0.0,32.0,10.0,0.07756902154619189
1.0,0.0,0.0,0.0,0.0,0.0,0.0,2.0,0.0,32.0,10.0,0.07644938419945935
1.0,0.0,0.0,0.0,0.0,0.0,0.0,3.0,0.0,32.0,10.0,0.04617821349572632
1.0,0.0,0.0,0.0,0.0,0.0,0.0,4.0,0.0,32.0,10.0,0.04658783691526264
1.0,0.0,0.0,0.0,0.0,0.0,0.0,1.0,8.0,32.0,10.0,0.3107812884021956
1.0,0.0,0.0,0.0,0.0,0.0,0.0,2.0,8.0,32.0,10.0,0.28171167972910244
1.0,0.0,0.0,0.0,0.0,0.0,0.0,3.0,8.0,32.0,10.0,0.23688522351784597
1.0,0.0,0.0,0.0,0.0,0.0,0.0,4.0,8.0,32.0,10.0,0.22848794341735174
1.0,0.0,0.0,0.0,0.0,0.0,0.0,1.0,10.0,32.0,10.0,0.27562194489199604
1.0,0.0,0.0,0.0,0.0,0.0,0.0,2.0,10.0,32.0,10.0,0.25432152707610806
1.0,0.0,0.0,0.0,0.0,0.0,0.0,3.0,10.0,32.0,10.0,0.20709194680357196
1.0,0.0,0.0,0.0,0.0,0.0,0.0,4.0,10.0,32.0,10.0,0.19711078948087063
1.0,0.0,0.0,0.0,0.0,0.0,0.0,1.0,16.0,32.0,10.0,0.22418689751222048
1.0,0.0,0.0,0.0,0.0,0.0,0.0,2.0,16.0,32.0,10.0,0.1966192413774271
1.0,0.0,0.0,0.0,0.0,0.0,0.0,3.0,16.0,32.0,10.0,0.15685846145443633
1.0,0.0,0.0,0.0,0.0,0.0,0.0,4.0,16.0,32.0,10.0,0.1516835522542943
1.0,0.0,0.0,0.0,0.0,0.0,0.0,1.0,20.0,32.0,10.0,0.2201862421147492
1.0,0.0,0.0,0.0,0.0,0.0,0.0,2.0,20.0,32.0,10.0,0.20855293699991811
1.0,0.0,0.0,0.0,0.0,0.0,0.0,3.0,20.0,32.0,10.0,0.1488434965455092
1.0,0.0,0.0,0.0,0.0,0.0,0.0,4.0,20.0,32.0,10.0,0.1435047379775527
1.0,0.0,0.0,0.0,0.0,0.0,0.0,1.0,32.0,32.0,10.0,0.21308610284278656
1.0,0.0,0.0,0.0,0.0,0.0,0.0,2.0,32.0,32.0,10.0,0.16767251973019476
1.0,0.0,0.0,0.0,0.0,0.0,0.0,3.0,32.0,32.0,10.0,0.1315573882410771
1.0,0.0,0.0,0.0,0.0,0.0,0.0,4.0,32.0,32.0,10.0,0.1257680439116306
1.0,0.0,0.0,0.0,0.0,0.0,0.0,1.0,64.0,32.0,10.0,0.19492613124334363
1.0,0.0,0.0,0.0,0.0,0.0,0.0,2.0,64.0,32.0,10.0,0.14141565853791754
1.0,0.0,0.0,0.0,0.0,0.0,0.0,3.0,64.0,32.0,10.0,0.11093967612441635
1.0,0.0,0.0,0.0,0.0,0.0,0.0,4.0,64.0,32.0,10.0,0.10424916027199
1.0,0.0,0.0,0.0,0.0,0.0,0.0,1.0,128.0,32.0,10.0,0.1332504983751605
1.0,0.0,0.0,0.0,0.0,0.0,0.0,2.0,128.0,32.0,10.0,0.12021081951992141
1.0,0.0,0.0,0.0,0.0,0.0,0.0,3.0,128.0,32.0,10.0,0.0909773614790137
1.0,0.0,0.0,0.0,0.0,0.0,0.0,4.0,128.0,32.0,10.0,0.0865124662060679
1.0,0.0,0.0,0.0,0.0,0.0,0.0,1.0,0.0,64.0,10.0,0.07938501870613623
1.0,0.0,0.0,0.0,0.0,0.0,0.0,2.0,0.0,64.0,10.0,0.07937136459215166
1.0,0.0,0.0,0.0,0.0,0.0,0.0,3.0,0.0,64.0,10.0,0.0533466233376117
1.0,0.0,0.0,0.0,0.0,0.0,0.0,4.0,0.0,64.0,10.0,0.053332969223627125
1.0,0.0,0.0,0.0,0.0,0.0,0.0,1.0,8.0,64.0,10.0,0.2366804118080778
1.0,0.0,0.0,0.0,0.0,0.0,0.0,2.0,8.0,64.0,10.0,0.206791556295912
1.0,0.0,0.0,0.0,0.0,0.0,0.0,3.0,8.0,64.0,10.0,0.16835522542942188
1.0,0.0,0.0,0.0,0.0,0.0,0.0,4.0,8.0,64.0,10.0,0.1594663972254841
1.0,0.0,0.0,0.0,0.0,0.0,0.0,1.0,10.0,64.0,10.0,0.21561211392992713
1.0,0.0,0.0,0.0,0.0,0.0,0.0,2.0,10.0,64.0,10.0,0.19495343947131277
1.0,0.0,0.0,0.0,0.0,0.0,0.0,3.0,10.0,64.0,10.0,0.15094623009912894
1.0,0.0,0.0,0.0,0.0,0.0,0.0,4.0,10.0,64.0,10.0,0.14170239493159298
1.0,0.0,0.0,0.0,0.0,0.0,0.0,1.0,16.0,64.0,10.0,0.18665173816871033
1.0,0.0,0.0,0.0,0.0,0.0,0.0,2.0,16.0,64.0,10.0,0.15629864278107003
1.0,0.0,0.0,0.0,0.0,0.0,0.0,3.0,16.0,64.0,10.0,0.1239793549796554
1.0,0.0,0.0,0.0,0.0,0.0,0.0,4.0,16.0,64.0,10.0,0.11560938310713026
1.0,0.0,0.0,0.0,0.0,0.0,0.0,1.0,20.0,64.0,10.0,0.19067970179415067
1.0,0.0,0.0,0.0,0.0,0.0,0.0,2.0,20.0,64.0,10.0,0.17682077609983898
1.0,0.0,0.0,0.0,0.0,0.0,0.0,3.0,20.0,64.0,10.0,0.12183565908408212
1.0,0.0,0.0,0.0,0.0,0.0,0.0,4.0,20.0,64.0,10.0,0.11448974576039767
1.0,0.0,0.0,0.0,0.0,0.0,0.0,1.0,32.0,64.0,10.0,0.1952674840929573
1.0,0.0,0.0,0.0,0.0,0.0,0.0,2.0,32.0,64.0,10.0,0.14489745760397615
1.0,0.0,0.0,0.0,0.0,0.0,0.0,3.0,32.0,64.0,10.0,0.11414839291078405
1.0,0.0,0.0,0.0,0.0,0.0,0.0,4.0,32.0,64.0,10.0,0.1058739998361507
1.0,0.0,0.0,0.0,0.0,0.0,0.0,1.0,64.0,64.0,10.0,0.1951719052950655
1.0,0.0,0.0,0.0,0.0,0.0,0.0,2.0,64.0,64.0,10.0,0.1280209727190803
1.0,0.0,0.0,0.0,0.0,0.0,0.0,3.0,64.0,64.0,10.0,0.10729402769054325
1.0,0.0,0.0,0.0,0.0,0.0,0.0,4.0,64.0,64.0,10.0,0.09362625959201515
1.0,0.0,0.0,0.0,0.0,0.0,0.0,1.0,128.0,64.0,10.0,0.1445561047543626
1.0,0.0,0.0,0.0,0.0,0.0,0.0,2.0,128.0,64.0,10.0,0.12406127966356267
1.0,0.0,0.0,0.0,0.0,0.0,0.0,3.0,128.0,64.0,10.0,0.10315683115322649
1.0,0.0,0.0,0.0,0.0,0.0,0.0,4.0,128.0,64.0,10.0,0.0929981703487261
1.0,0.0,0.0,0.0,0.0,0.0,0.0,1.0,0.0,128.0,10.0,0.1781588792703242
1.0,0.0,0.0,0.0,0.0,0.0,0.0,2.0,0.0,128.0,10.0,0.17768098528086523
1.0,0.0,0.0,0.0,0.0,0.0,0.0,3.0,0.0,128.0,10.0,0.15973947950517492
1.0,0.0,0.0,0.0,0.0,0.0,0.0,4.0,0.0,128.0,10.0,0.16046314754635577
1.0,0.0,0.0,0.0,0.0,0.0,0.0,1.0,8.0,128.0,10.0,0.20438843223463238
1.0,0.0,0.0,0.0,0.0,0.0,0.0,2.0,8.0,128.0,10.0,0.17671154318796262
1.0,0.0,0.0,0.0,0.0,0.0,0.0,3.0,8.0,128.0,10.0,0.13603593762800736
1.0,0.0,0.0,0.0,0.0,0.0,0.0,4.0,8.0,128.0,10.0,0.12780250689532763
1.0,0.0,0.0,0.0,0.0,0.0,0.0,1.0,10.0,128.0,10.0,0.19072066413610428
1.0,0.0,0.0,0.0,0.0,0.0,0.0,2.0,10.0,128.0,10.0,0.17159125044375884
1.0,0.0,0.0,0.0,0.0,0.0,0.0,3.0,10.0,128.0,10.0,0.12466206067888258
1.0,0.0,0.0,0.0,0.0,0.0,0.0,4.0,10.0,128.0,10.0,0.11913214451514248
1.0,0.0,0.0,0.0,0.0,0.0,0.0,1.0,16.0,128.0,10.0,0.17144105518992875
1.0,0.0,0.0,0.0,0.0,0.0,0.0,2.0,16.0,128.0,10.0,0.14073295283869036
1.0,0.0,0.0,0.0,0.0,0.0,0.0,3.0,16.0,128.0,10.0,0.10794942516180128
1.0,0.0,0.0,0.0,0.0,0.0,0.0,4.0,16.0,128.0,10.0,0.10168218684289582
1.0,0.0,0.0,0.0,0.0,0.0,0.0,1.0,20.0,128.0,10.0,0.17975641060651576
1.0,0.0,0.0,0.0,0.0,0.0,0.0,2.0,20.0,128.0,10.0,0.16476419345148702
1.0,0.0,0.0,0.0,0.0,0.0,0.0,3.0,20.0,128.0,10.0,0.10961522706791565
1.0,0.0,0.0,0.0,0.0,0.0,0.0,4.0,20.0,128.0,10.0,0.10308856058330379
1.0,0.0,0.0,0.0,0.0,0.0,0.0,1.0,32.0,128.0,10.0,0.19134875337939333
1.0,0.0,0.0,0.0,0.0,0.0,0.0,2.0,32.0,128.0,10.0,0.13828886643545707
1.0,0.0,0.0,0.0,0.0,0.0,0.0,3.0,32.0,128.0,10.0,0.10867309320298213
1.0,0.0,0.0,0.0,0.0,0.0,0.0,4.0,32.0,128.0,10.0,0.1013135257653131
1.0,0.0,0.0,0.0,0.0,0.0,0.0,1.0,64.0,128.0,10.0,0.2038149594472815
1.0,0.0,0.0,0.0,0.0,0.0,0.0,2.0,64.0,128.0,10.0,0.13719653731669357
1.0,0.0,0.0,0.0,0.0,0.0,0.0,3.0,64.0,128.0,10.0,0.11332914607171146
1.0,0.0,0.0,0.0,0.0,0.0,0.0,4.0,64.0,128.0,10.0,0.09970234031513703
1.0,0.0,0.0,0.0,0.0,0.0,0.0,1.0,128.0,128.0,10.0,0.17960621535268578
1.0,0.0,0.0,0.0,0.0,0.0,0.0,2.0,128.0,128.0,10.0,0.14515688576968244
1.0,0.0,0.0,0.0,0.0,0.0,0.0,3.0,128.0,128.0,10.0,0.13233567273819608
1.0,0.0,0.0,0.0,0.0,0.0,0.0,4.0,128.0,128.0,10.0,0.11578688658892927
1.0,0.0,0.0,0.0,0.0,0.0,0.0,1.0,0.0,0.0,16.0,0.22006335508888836
1.0,0.0,0.0,0.0,0.0,0.0,0.0,2.0,0.0,0.0,16.0,0.2190666047680167
1.0,0.0,0.0,0.0,0.0,0.0,0.0,3.0,0.0,0.0,16.0,0.2081433135803818
1.0,0.0,0.0,0.0,0.0,0.0,0.0,4.0,0.0,0.0,16.0,0.20766541959092283
1.0,0.0,0.0,0.0,0.0,0.0,0.0,1.0,8.0,0.0,16.0,0.26035664545727627
1.0,0.0,0.0,0.0,0.0,0.0,0.0,2.0,8.0,0.0,16.0,0.3506376471230784
1.0,0.0,0.0,0.0,0.0,0.0,0.0,3.0,8.0,0.0,16.0,0.19993719107567115
1.0,0.0,0.0,0.0,0.0,0.0,0.0,4.0,8.0,0.0,16.0,0.28143859744941163
1.0,0.0,0.0,0.0,0.0,0.0,0.0,1.0,10.0,0.0,16.0,0.2510445397198176
1.0,0.0,0.0,0.0,0.0,0.0,0.0,2.0,10.0,0.0,16.0,0.29569349244927506
1.0,0.0,0.0,0.0,0.0,0.0,0.0,3.0,10.0,0.0,16.0,0.19413419263224013
1.0,0.0,0.0,0.0,0.0,0.0,0.0,4.0,10.0,0.0,16.0,0.2692318195472296
1.0,0.0,0.0,0.0,0.0,0.0,0.0,1.0,16.0,0.0,16.0,0.24270187607526156
1.0,0.0,0.0,0.0,0.0,0.0,0.0,2.0,16.0,0.0,16.0,0.2706655015156067
1.0,0.0,0.0,0.0,0.0,0.0,0.0,3.0,16.0,0.0,16.0,0.17754444414101972
1.0,0.0,0.0,0.0,0.0,0.0,0.0,4.0,16.0,0.0,16.0,0.2180835085611295
1.0,0.0,0.0,0.0,0.0,0.0,0.0,1.0,20.0,0.0,16.0,0.24536442830224764
1.0,0.0,0.0,0.0,0.0,0.0,0.0,2.0,20.0,0.0,16.0,0.2299489336136979
1.0,0.0,0.0,0.0,0.0,0.0,0.0,3.0,20.0,0.0,16.0,0.17200087386329505
1.0,0.0,0.0,0.0,0.0,0.0,0.0,4.0,20.0,0.0,16.0,0.19803926923181964
1.0,0.0,0.0,0.0,0.0,0.0,0.0,1.0,32.0,0.0,16.0,0.24057183429367274
1.0,0.0,0.0,0.0,0.0,0.0,0.0,2.0,32.0,0.0,16.0,0.20901717687539262
1.0,0.0,0.0,0.0,0.0,0.0,0.0,3.0,32.0,0.0,16.0,0.15500150195253842
1.0,0.0,0.0,0.0,0.0,0.0,0.0,4.0,32.0,0.0,16.0,0.16326224091318725
1.0,0.0,0.0,0.0,0.0,0.0,0.0,1.0,64.0,0.0,16.0,0.2929899778803354
1.0,0.0,0.0,0.0,0.0,0.0,0.0,2.0,64.0,0.0,16.0,0.32540484447964185
1.0,0.0,0.0,0.0,0.0,0.0,0.0,3.0,64.0,0.0,16.0,0.17082662006062427
1.0,0.0,0.0,0.0,0.0,0.0,0.0,4.0,64.0,0.0,16.0,0.256806575821295
1.0,0.0,0.0,0.0,0.0,0.0,0.0,1.0,128.0,0.0,16.0,0.31392173461864065
1.0,0.0,0.0,0.0,0.0,0.0,0.0,2.0,128.0,0.0,16.0,0.3372429613042411
1.0,0.0,0.0,0.0,0.0,0.0,0.0,3.0,128.0,0.0,16.0,0.27190802588820023
1.0,0.0,0.0,0.0,0.0,0.0,0.0,4.0,128.0,0.0,16.0,0.3067806330047244
1.0,0.0,0.0,0.0,0.0,0.0,0.0,1.0,0.0,8.0,16.0,0.0779376826237746
1.0,0.0,0.0,0.0,0.0,0.0,0.0,2.0,0.0,8.0,16.0,0.07774652502799101
1.0,0.0,0.0,0.0,0.0,0.0,0.0,3.0,0.0,8.0,16.0,0.042669106201698614
1.0,0.0,0.0,0.0,0.0,0.0,0.0,4.0,0.0,8.0,16.0,0.04271006854365228
1.0,0.0,0.0,0.0,0.0,0.0,0.0,1.0,8.0,8.0,16.0,0.7411999235369617
1.0,0.0,0.0,0.0,0.0,0.0,0.0,2.0,8.0,8.0,16.0,0.7403397143559356
1.0,0.0,0.0,0.0,0.0,0.0,0.0,3.0,8.0,8.0,16.0,0.653608782326115
1.0,0.0,0.0,0.0,0.0,0.0,0.0,4.0,8.0,8.0,16.0,0.6472323110953331
1.0,0.0,0.0,0.0,0.0,0.0,0.0,1.0,10.0,8.0,16.0,0.6308746825418501
1.0,0.0,0.0,0.0,0.0,0.0,0.0,2.0,10.0,8.0,16.0,0.613165296703897
1.0,0.0,0.0,0.0,0.0,0.0,0.0,3.0,10.0,8.0,16.0,0.5517081296594666
1.0,0.0,0.0,0.0,0.0,0.0,0.0,4.0,10.0,8.0,16.0,0.5398973210628364
1.0,0.0,0.0,0.0,0.0,0.0,0.0,1.0,16.0,8.0,16.0,0.4405772959392666
1.0,0.0,0.0,0.0,0.0,0.0,0.0,2.0,16.0,8.0,16.0,0.43612605478030536
1.0,0.0,0.0,0.0,0.0,0.0,0.0,3.0,16.0,8.0,16.0,0.3644692645894208
1.0,0.0,0.0,0.0,0.0,0.0,0.0,4.0,16.0,8.0,16.0,0.3650427373767718
1.0,0.0,0.0,0.0,0.0,0.0,0.0,1.0,20.0,8.0,16.0,0.3947950517490921
1.0,0.0,0.0,0.0,0.0,0.0,0.0,2.0,20.0,8.0,16.0,0.3893880226112128
1.0,0.0,0.0,0.0,0.0,0.0,0.0,3.0,20.0,8.0,16.0,0.31419481689833156
1.0,0.0,0.0,0.0,0.0,0.0,0.0,4.0,20.0,8.0,16.0,0.3124607444222945
1.0,0.0,0.0,0.0,0.0,0.0,0.0,1.0,32.0,8.0,16.0,0.3206941751549743
1.0,0.0,0.0,0.0,0.0,0.0,0.0,2.0,32.0,8.0,16.0,0.29012261394358124
1.0,0.0,0.0,0.0,0.0,0.0,0.0,3.0,32.0,8.0,16.0,0.230276632349327
1.0,0.0,0.0,0.0,0.0,0.0,0.0,4.0,32.0,8.0,16.0,0.2286927551271199
1.0,0.0,0.0,0.0,0.0,0.0,0.0,1.0,64.0,8.0,16.0,0.25134493022747756
1.0,0.0,0.0,0.0,0.0,0.0,0.0,2.0,64.0,8.0,16.0,0.21031431770392423
1.0,0.0,0.0,0.0,0.0,0.0,0.0,3.0,64.0,8.0,16.0,0.15325377536251678
1.0,0.0,0.0,0.0,0.0,0.0,0.0,4.0,64.0,8.0,16.0,0.1519702886479697
1.0,0.0,0.0,0.0,0.0,0.0,0.0,1.0,128.0,8.0,16.0,0.17103143177039243
1.0,0.0,0.0,0.0,0.0,0.0,0.0,2.0,128.0,8.0,16.0,0.15786886588929255
1.0,0.0,0.0,0.0,0.0,0.0,0.0,3.0,128.0,8.0,16.0,0.10980638466369924
1.0,0.0,0.0,0.0,0.0,0.0,0.0,4.0,128.0,8.0,16.0,0.10950599415603923
1.0,0.0,0.0,0.0,0.0,0.0,0.0,1.0,0.0,10.0,16.0,0.10382588273846916
1.0,0.0,0.0,0.0,0.0,0.0,0.0,2.0,0.0,10.0,16.0,0.10433108495589727
1.0,0.0,0.0,0.0,0.0,0.0,0.0,3.0,0.0,10.0,16.0,0.06132062590458509
1.0,0.0,0.0,0.0,0.0,0.0,0.0,4.0,0.0,10.0,16.0,0.06149812938638416
1.0,0.0,0.0,0.0,0.0,0.0,0.0,1.0,8.0,10.0,16.0,0.6893142903956964
1.0,0.0,0.0,0.0,0.0,0.0,0.0,2.0,8.0,10.0,16.0,0.6634260902810016
1.0,0.0,0.0,0.0,0.0,0.0,0.0,3.0,8.0,10.0,16.0,0.5936126054780306
1.0,0.0,0.0,0.0,0.0,0.0,0.0,4.0,8.0,10.0,16.0,0.5781015319915892
1.0,0.0,0.0,0.0,0.0,0.0,0.0,1.0,10.0,10.0,16.0,0.586184767470439
1.0,0.0,0.0,0.0,0.0,0.0,0.0,2.0,10.0,10.0,16.0,0.5716431360769001
1.0,0.0,0.0,0.0,0.0,0.0,0.0,3.0,10.0,10.0,16.0,0.4932275594636664
1.0,0.0,0.0,0.0,0.0,0.0,0.0,4.0,10.0,10.0,16.0,0.47736147901362685
1.0,0.0,0.0,0.0,0.0,0.0,0.0,1.0,16.0,10.0,16.0,0.43473333515388196
1.0,0.0,0.0,0.0,0.0,0.0,0.0,2.0,16.0,10.0,16.0,0.412955023348535
1.0,0.0,0.0,0.0,0.0,0.0,0.0,3.0,16.0,10.0,16.0,0.34394713127065196
1.0,0.0,0.0,0.0,0.0,0.0,0.0,4.0,16.0,10.0,16.0,0.3375023894699473
1.0,0.0,0.0,0.0,0.0,0.0,0.0,1.0,20.0,10.0,16.0,0.39778530271170703
1.0,0.0,0.0,0.0,0.0,0.0,0.0,2.0,20.0,10.0,16.0,0.39015265299434726
1.0,0.0,0.0,0.0,0.0,0.0,0.0,3.0,20.0,10.0,16.0,0.2989841339195501
1.0,0.0,0.0,0.0,0.0,0.0,0.0,4.0,20.0,10.0,16.0,0.2957754171331823
1.0,0.0,0.0,0.0,0.0,0.0,0.0,1.0,32.0,10.0,16.0,0.3379802834594064
1.0,0.0,0.0,0.0,0.0,0.0,0.0,2.0,32.0,10.0,16.0,0.2927578579425982
1.0,0.0,0.0,0.0,0.0,0.0,0.0,3.0,32.0,10.0,16.0,0.2316147355198121
1.0,0.0,0.0,0.0,0.0,0.0,0.0,4.0,32.0,10.0,16.0,0.22967585133400698
1.0,0.0,0.0,0.0,0.0,0.0,0.0,1.0,64.0,10.0,16.0,0.2792539392118846
1.0,0.0,0.0,0.0,0.0,0.0,0.0,2.0,64.0,10.0,16.0,0.22704060733499004
1.0,0.0,0.0,0.0,0.0,0.0,0.0,3.0,64.0,10.0,16.0,0.16626614598978678
1.0,0.0,0.0,0.0,0.0,0.0,0.0,4.0,64.0,10.0,16.0,0.16526939566891513
1.0,0.0,0.0,0.0,0.0,0.0,0.0,1.0,128.0,10.0,16.0,0.19133509926540876
1.0,0.0,0.0,0.0,0.0,0.0,0.0,2.0,128.0,10.0,16.0,0.1783363827521232
1.0,0.0,0.0,0.0,0.0,0.0,0.0,3.0,128.0,10.0,16.0,0.12548130751795522
1.0,0.0,0.0,0.0,0.0,0.0,0.0,4.0,128.0,10.0,16.0,0.12448455719708357
1.0,0.0,0.0,0.0,0.0,0.0,0.0,1.0,0.0,16.0,16.0,0.07451050001365417
1.0,0.0,0.0,0.0,0.0,0.0,0.0,2.0,0.0,16.0,16.0,0.07268084873972536
1.0,0.0,0.0,0.0,0.0,0.0,0.0,3.0,0.0,16.0,16.0,0.040170403342527194
1.0,0.0,0.0,0.0,0.0,0.0,0.0,4.0,0.0,16.0,16.0,0.040730222015893436
1.0,0.0,0.0,0.0,0.0,0.0,0.0,1.0,8.0,16.0,16.0,0.4626423441382889
1.0,0.0,0.0,0.0,0.0,0.0,0.0,2.0,8.0,16.0,16.0,0.4390480351729978
1.0,0.0,0.0,0.0,0.0,0.0,0.0,3.0,8.0,16.0,16.0,0.37547448046096293
1.0,0.0,0.0,0.0,0.0,0.0,0.0,4.0,8.0,16.0,16.0,0.3684835741008767
1.0,0.0,0.0,0.0,0.0,0.0,0.0,1.0,10.0,16.0,16.0,0.40163576285534847
1.0,0.0,0.0,0.0,0.0,0.0,0.0,2.0,10.0,16.0,16.0,0.3819874928315902
1.0,0.0,0.0,0.0,0.0,0.0,0.0,3.0,10.0,16.0,16.0,0.32190939129959867
1.0,0.0,0.0,0.0,0.0,0.0,0.0,4.0,10.0,16.0,16.0,0.3087058630765451
1.0,0.0,0.0,0.0,0.0,0.0,0.0,1.0,16.0,16.0,16.0,0.30151014500669066
1.0,0.0,0.0,0.0,0.0,0.0,0.0,2.0,16.0,16.0,16.0,0.280646658838308
1.0,0.0,0.0,0.0,0.0,0.0,0.0,3.0,16.0,16.0,16.0,0.22402304814440605
1.0,0.0,0.0,0.0,0.0,0.0,0.0,4.0,16.0,16.0,16.0,0.2203227832545947
1.0,0.0,0.0,0.0,0.0,0.0,0.0,1.0,20.0,16.0,16.0,0.2798274119992355
1.0,0.0,0.0,0.0,0.0,0.0,0.0,2.0,20.0,16.0,16.0,0.2725361151314893
1.0,0.0,0.0,0.0,0.0,0.0,0.0,3.0,20.0,16.0,16.0,0.2010295201944347
1.0,0.0,0.0,0.0,0.0,0.0,0.0,4.0,20.0,16.0,16.0,0.19723367650673157
1.0,0.0,0.0,0.0,0.0,0.0,0.0,1.0,32.0,16.0,16.0,0.24662060678882552
1.0,0.0,0.0,0.0,0.0,0.0,0.0,2.0,32.0,16.0,16.0,0.20852562877194908
1.0,0.0,0.0,0.0,0.0,0.0,0.0,3.0,32.0,16.0,16.0,0.16062699691417032
1.0,0.0,0.0,0.0,0.0,0.0,0.0,4.0,32.0,16.0,16.0,0.15804636937109157
1.0,0.0,0.0,0.0,0.0,0.0,0.0,1.0,64.0,16.0,16.0,0.21289494524700298
1.0,0.0,0.0,0.0,0.0,0.0,0.0,2.0,64.0,16.0,16.0,0.16671673175127671
1.0,0.0,0.0,0.0,0.0,0.0,0.0,3.0,64.0,16.0,16.0,0.1201425489499987
1.0,0.0,0.0,0.0,0.0,0.0,0.0,4.0,64.0,16.0,16.0,0.11823097299216262
1.0,0.0,0.0,0.0,0.0,0.0,0.0,1.0,128.0,16.0,16.0,0.14544362216335788
1.0,0.0,0.0,0.0,0.0,0.0,0.0,2.0,128.0,16.0,16.0,0.12950927114339555
1.0,0.0,0.0,0.0,0.0,0.0,0.0,3.0,128.0,16.0,16.0,0.08998061115814199
1.0,0.0,0.0,0.0,0.0,0.0,0.0,4.0,128.0,16.0,16.0,0.08789153171850689
1.0,0.0,0.0,0.0,0.0,0.0,0.0,1.0,0.0,20.0,16.0,0.07259892405581808
1.0,0.0,0.0,0.0,0.0,0.0,0.0,2.0,0.0,20.0,16.0,0.0718479477866682
1.0,0.0,0.0,0.0,0.0,0.0,0.0,3.0,0.0,20.0,16.0,0.040661951445970734
1.0,0.0,0.0,0.0,0.0,0.0,0.0,4.0,0.0,20.0,16.0,0.04120811600535246
1.0,0.0,0.0,0.0,0.0,0.0,0.0,1.0,8.0,20.0,16.0,0.40605969578634055
1.0,0.0,0.0,0.0,0.0,0.0,0.0,2.0,8.0,20.0,16.0,0.37965263934023336
1.0,0.0,0.0,0.0,0.0,0.0,0.0,3.0,8.0,20.0,16.0,0.3240803954231411
1.0,0.0,0.0,0.0,0.0,0.0,0.0,4.0,8.0,20.0,16.0,0.31090417542805665
1.0,0.0,0.0,0.0,0.0,0.0,0.0,1.0,10.0,20.0,16.0,0.35017340724760376
1.0,0.0,0.0,0.0,0.0,0.0,0.0,2.0,10.0,20.0,16.0,0.3312761134929955
1.0,0.0,0.0,0.0,0.0,0.0,0.0,3.0,10.0,20.0,16.0,0.27594964362762514
1.0,0.0,0.0,0.0,0.0,0.0,0.0,4.0,10.0,20.0,16.0,0.2656407875692947
1.0,0.0,0.0,0.0,0.0,0.0,0.0,1.0,16.0,20.0,16.0,0.27556732843605786
1.0,0.0,0.0,0.0,0.0,0.0,0.0,2.0,16.0,20.0,16.0,0.24782216881946545
1.0,0.0,0.0,0.0,0.0,0.0,0.0,3.0,16.0,20.0,16.0,0.19784811163603594
1.0,0.0,0.0,0.0,0.0,0.0,0.0,4.0,16.0,20.0,16.0,0.1918266473688523
1.0,0.0,0.0,0.0,0.0,0.0,0.0,1.0,20.0,20.0,16.0,0.2580764084218576
1.0,0.0,0.0,0.0,0.0,0.0,0.0,2.0,20.0,20.0,16.0,0.24703023020836185
1.0,0.0,0.0,0.0,0.0,0.0,0.0,3.0,20.0,20.0,16.0,0.17803599224446337
1.0,0.0,0.0,0.0,0.0,0.0,0.0,4.0,20.0,20.0,16.0,0.17591960457685912
1.0,0.0,0.0,0.0,0.0,0.0,0.0,1.0,32.0,20.0,16.0,0.23653021655424783
1.0,0.0,0.0,0.0,0.0,0.0,0.0,2.0,32.0,20.0,16.0,0.19440727491193105
1.0,0.0,0.0,0.0,0.0,0.0,0.0,3.0,32.0,20.0,16.0,0.14956716458669
1.0,0.0,0.0,0.0,0.0,0.0,0.0,4.0,32.0,20.0,16.0,0.14556650918921876
1.0,0.0,0.0,0.0,0.0,0.0,0.0,1.0,64.0,20.0,16.0,0.20815696769436637
1.0,0.0,0.0,0.0,0.0,0.0,0.0,2.0,64.0,20.0,16.0,0.1588656162101642
1.0,0.0,0.0,0.0,0.0,0.0,0.0,3.0,64.0,20.0,16.0,0.11768480843278084
1.0,0.0,0.0,0.0,0.0,0.0,0.0,4.0,64.0,20.0,16.0,0.11444878341844406
1.0,0.0,0.0,0.0,0.0,0.0,0.0,1.0,128.0,20.0,16.0,0.1380157841557662
1.0,0.0,0.0,0.0,0.0,0.0,0.0,2.0,128.0,20.0,16.0,0.123214724596521
1.0,0.0,0.0,0.0,0.0,0.0,0.0,3.0,128.0,20.0,16.0,0.08783691526256865
1.0,0.0,0.0,0.0,0.0,0.0,0.0,4.0,128.0,20.0,16.0,0.08496955132581452
1.0,0.0,0.0,0.0,0.0,0.0,0.0,1.0,0.0,32.0,16.0,0.06844807340451686
1.0,0.0,0.0,0.0,0.0,0.0,0.0,2.0,0.0,32.0,16.0,0.06697342909418613
1.0,0.0,0.0,0.0,0.0,0.0,0.0,3.0,0.0,32.0,16.0,0.03932384827548546
1.0,0.0,0.0,0.0,0.0,0.0,0.0,4.0,0.0,32.0,16.0,0.039596930555176324
1.0,0.0,0.0,0.0,0.0,0.0,0.0,1.0,8.0,32.0,16.0,0.3069308282585544
1.0,0.0,0.0,0.0,0.0,0.0,0.0,2.0,8.0,32.0,16.0,0.28130205630956623
1.0,0.0,0.0,0.0,0.0,0.0,0.0,3.0,8.0,32.0,16.0,0.2341817089489064
1.0,0.0,0.0,0.0,0.0,0.0,0.0,4.0,8.0,32.0,16.0,0.22628963106584016
1.0,0.0,0.0,0.0,0.0,0.0,0.0,1.0,10.0,32.0,16.0,0.27435211229143347
1.0,0.0,0.0,0.0,0.0,0.0,0.0,2.0,10.0,32.0,16.0,0.2528468827657773
1.0,0.0,0.0,0.0,0.0,0.0,0.0,3.0,10.0,32.0,16.0,0.20583576831699396
1.0,0.0,0.0,0.0,0.0,0.0,0.0,4.0,10.0,32.0,16.0,0.19496709358529735
1.0,0.0,0.0,0.0,0.0,0.0,0.0,1.0,16.0,32.0,16.0,0.2205549031923319
1.0,0.0,0.0,0.0,0.0,0.0,0.0,2.0,16.0,32.0,16.0,0.19558152871460183
1.0,0.0,0.0,0.0,0.0,0.0,0.0,3.0,16.0,32.0,16.0,0.154264179797373
1.0,0.0,0.0,0.0,0.0,0.0,0.0,4.0,16.0,32.0,16.0,0.15033179496982446
1.0,0.0,0.0,0.0,0.0,0.0,0.0,1.0,20.0,32.0,16.0,0.21686829241650513
1.0,0.0,0.0,0.0,0.0,0.0,0.0,2.0,20.0,32.0,16.0,0.20594500122887033
1.0,0.0,0.0,0.0,0.0,0.0,0.0,3.0,20.0,32.0,16.0,0.1469865370436113
1.0,0.0,0.0,0.0,0.0,0.0,0.0,4.0,20.0,32.0,16.0,0.14144296676588664
1.0,0.0,0.0,0.0,0.0,0.0,0.0,1.0,32.0,32.0,16.0,0.21117452688495048
1.0,0.0,0.0,0.0,0.0,0.0,0.0,2.0,32.0,32.0,16.0,0.16503727573117793
1.0,0.0,0.0,0.0,0.0,0.0,0.0,3.0,32.0,32.0,16.0,0.1290723394958902
1.0,0.0,0.0,0.0,0.0,0.0,0.0,4.0,32.0,32.0,16.0,0.12214970370572659
1.0,0.0,0.0,0.0,0.0,0.0,0.0,1.0,64.0,32.0,16.0,0.1947622818755292
1.0,0.0,0.0,0.0,0.0,0.0,0.0,2.0,64.0,32.0,16.0,0.1389988803626533
1.0,0.0,0.0,0.0,0.0,0.0,0.0,3.0,64.0,32.0,16.0,0.10704825363882142
1.0,0.0,0.0,0.0,0.0,0.0,0.0,4.0,64.0,32.0,16.0,0.1006171659521014
1.0,0.0,0.0,0.0,0.0,0.0,0.0,1.0,128.0,32.0,16.0,0.1351347661050275
1.0,0.0,0.0,0.0,0.0,0.0,0.0,2.0,128.0,32.0,16.0,0.12000600781015325
1.0,0.0,0.0,0.0,0.0,0.0,0.0,3.0,128.0,32.0,16.0,0.0905813921734619
1.0,0.0,0.0,0.0,0.0,0.0,0.0,4.0,128.0,32.0,16.0,0.08548840765722715
1.0,0.0,0.0,0.0,0.0,0.0,0.0,1.0,0.0,64.0,16.0,0.06981348480297117
1.0,0.0,0.0,0.0,0.0,0.0,0.0,2.0,0.0,64.0,16.0,0.06865288511428502
1.0,0.0,0.0,0.0,0.0,0.0,0.0,3.0,0.0,64.0,16.0,0.043938938802261185
1.0,0.0,0.0,0.0,0.0,0.0,0.0,4.0,0.0,64.0,16.0,0.0453453125426691
1.0,0.0,0.0,0.0,0.0,0.0,0.0,1.0,8.0,64.0,16.0,0.2343592124307054
1.0,0.0,0.0,0.0,0.0,0.0,0.0,2.0,8.0,64.0,16.0,0.20894890630546997
1.0,0.0,0.0,0.0,0.0,0.0,0.0,3.0,8.0,64.0,16.0,0.16496900516125518
1.0,0.0,0.0,0.0,0.0,0.0,0.0,4.0,8.0,64.0,16.0,0.1558890193615337
1.0,0.0,0.0,0.0,0.0,0.0,0.0,1.0,10.0,64.0,16.0,0.21393265790982824
1.0,0.0,0.0,0.0,0.0,0.0,0.0,2.0,10.0,64.0,16.0,0.19641442966765893
1.0,0.0,0.0,0.0,0.0,0.0,0.0,3.0,10.0,64.0,16.0,0.1475736639449467
1.0,0.0,0.0,0.0,0.0,0.0,0.0,4.0,10.0,64.0,16.0,0.13852098637319427
1.0,0.0,0.0,0.0,0.0,0.0,0.0,1.0,16.0,64.0,16.0,0.18291051093694538
1.0,0.0,0.0,0.0,0.0,0.0,0.0,2.0,16.0,64.0,16.0,0.1569130779103745
1.0,0.0,0.0,0.0,0.0,0.0,0.0,3.0,16.0,64.0,16.0,0.1191184904011579
1.0,0.0,0.0,0.0,0.0,0.0,0.0,4.0,16.0,64.0,16.0,0.1117998853054426
1.0,0.0,0.0,0.0,0.0,0.0,0.0,1.0,20.0,64.0,16.0,0.18547748436603956
1.0,0.0,0.0,0.0,0.0,0.0,0.0,2.0,20.0,64.0,16.0,0.1743903438105902
1.0,0.0,0.0,0.0,0.0,0.0,0.0,3.0,20.0,64.0,16.0,0.11681094513777007
1.0,0.0,0.0,0.0,0.0,0.0,0.0,4.0,20.0,64.0,16.0,0.10900079193861117
1.0,0.0,0.0,0.0,0.0,0.0,0.0,1.0,32.0,64.0,16.0,0.189833146727109
1.0,0.0,0.0,0.0,0.0,0.0,0.0,2.0,32.0,64.0,16.0,0.13832982877741068
1.0,0.0,0.0,0.0,0.0,0.0,0.0,3.0,32.0,64.0,16.0,0.10614708211584156
1.0,0.0,0.0,0.0,0.0,0.0,0.0,4.0,32.0,64.0,16.0,0.0984598159425435
1.0,0.0,0.0,0.0,0.0,0.0,0.0,1.0,64.0,64.0,16.0,0.19590922745023082
1.0,0.0,0.0,0.0,0.0,0.0,0.0,2.0,64.0,64.0,16.0,0.12731095879188403
1.0,0.0,0.0,0.0,0.0,0.0,0.0,3.0,64.0,64.0,16.0,0.10129987165132859
1.0,0.0,0.0,0.0,0.0,0.0,0.0,4.0,64.0,64.0,16.0,0.08785056937655322
1.0,0.0,0.0,0.0,0.0,0.0,0.0,1.0,128.0,64.0,16.0,0.14960812692864367
1.0,0.0,0.0,0.0,0.0,0.0,0.0,2.0,128.0,64.0,16.0,0.12713345531008496
1.0,0.0,0.0,0.0,0.0,0.0,0.0,3.0,128.0,64.0,16.0,0.10521860236489256
1.0,0.0,0.0,0.0,0.0,0.0,0.0,4.0,128.0,64.0,16.0,0.09496436276250037
1.0,0.0,0.0,0.0,0.0,0.0,0.0,1.0,0.0,128.0,16.0,0.17563286818318363
1.0,0.0,0.0,0.0,0.0,0.0,0.0,2.0,0.0,128.0,16.0,0.17581037166498265
1.0,0.0,0.0,0.0,0.0,0.0,0.0,3.0,0.0,128.0,16.0,0.15808733171304518
1.0,0.0,0.0,0.0,0.0,0.0,0.0,4.0,0.0,128.0,16.0,0.15683115322646718
1.0,0.0,0.0,0.0,0.0,0.0,0.0,1.0,8.0,128.0,16.0,0.19997815341762476
1.0,0.0,0.0,0.0,0.0,0.0,0.0,2.0,8.0,128.0,16.0,0.17460880963434294
1.0,0.0,0.0,0.0,0.0,0.0,0.0,3.0,8.0,128.0,16.0,0.13094295311177262
1.0,0.0,0.0,0.0,0.0,0.0,0.0,4.0,8.0,128.0,16.0,0.12268221415112379
1.0,0.0,0.0,0.0,0.0,0.0,0.0,1.0,10.0,128.0,16.0,0.18487670335071965
1.0,0.0,0.0,0.0,0.0,0.0,0.0,2.0,10.0,128.0,16.0,0.16764521150222572
1.0,0.0,0.0,0.0,0.0,0.0,0.0,3.0,10.0,128.0,16.0,0.11920041508506518
1.0,0.0,0.0,0.0,0.0,0.0,0.0,4.0,10.0,128.0,16.0,0.11436685873453672
1.0,0.0,0.0,0.0,0.0,0.0,0.0,1.0,16.0,128.0,16.0,0.16610229662197223
1.0,0.0,0.0,0.0,0.0,0.0,0.0,2.0,16.0,128.0,16.0,0.13842540757530253
1.0,0.0,0.0,0.0,0.0,0.0,0.0,3.0,16.0,128.0,16.0,0.1028564406455666
1.0,0.0,0.0,0.0,0.0,0.0,0.0,4.0,16.0,128.0,16.0,0.0981321172069145
1.0,0.0,0.0,0.0,0.0,0.0,0.0,1.0,20.0,128.0,16.0,0.17463611786231198
1.0,0.0,0.0,0.0,0.0,0.0,0.0,2.0,20.0,128.0,16.0,0.1621699117944237
1.0,0.0,0.0,0.0,0.0,0.0,0.0,3.0,20.0,128.0,16.0,0.10519129413692352
1.0,0.0,0.0,0.0,0.0,0.0,0.0,4.0,20.0,128.0,16.0,0.09873289822223441
1.0,0.0,0.0,0.0,0.0,0.0,0.0,1.0,32.0,128.0,16.0,0.1896419891313253
1.0,0.0,0.0,0.0,0.0,0.0,0.0,2.0,32.0,128.0,16.0,0.13345531008492867
1.0,0.0,0.0,0.0,0.0,0.0,0.0,3.0,32.0,128.0,16.0,0.10424916027199
1.0,0.0,0.0,0.0,0.0,0.0,0.0,4.0,32.0,128.0,16.0,0.0971353668860428
1.0,0.0,0.0,0.0,0.0,0.0,0.0,1.0,64.0,128.0,16.0,0.21441055189928732
1.0,0.0,0.0,0.0,0.0,0.0,0.0,2.0,64.0,128.0,16.0,0.14355935443349088
1.0,0.0,0.0,0.0,0.0,0.0,0.0,3.0,64.0,128.0,16.0,0.11380704006117048
1.0,0.0,0.0,0.0,0.0,0.0,0.0,4.0,64.0,128.0,16.0,0.10108140582757591
1.0,0.0,0.0,0.0,0.0,0.0,0.0,1.0,128.0,128.0,16.0,0.17586498812092094
1.0,0.0,0.0,0.0,0.0,0.0,0.0,2.0,128.0,128.0,16.0,0.1385482946011634
1.0,0.0,0.0,0.0,0.0,0.0,0.0,3.0,128.0,128.0,16.0,0.12546765340397065
1.0,0.0,0.0,0.0,0.0,0.0,0.0,4.0,128.0,128.0,16.0,0.10714383243671327
1.0,0.0,0.0,0.0,0.0,0.0,0.0,1.0,0.0,0.0,20.0,0.21998143040498103
1.0,0.0,0.0,0.0,0.0,0.0,0.0,2.0,0.0,0.0,20.0,0.21875256014637218
1.0,0.0,0.0,0.0,0.0,0.0,0.0,3.0,0.0,0.0,20.0,0.20793850187061363
1.0,0.0,0.0,0.0,0.0,0.0,0.0,4.0,0.0,0.0,20.0,0.20756984079303104
1.0,0.0,0.0,0.0,0.0,0.0,0.0,1.0,8.0,0.0,20.0,0.28732352057674976
1.0,0.0,0.0,0.0,0.0,0.0,0.0,2.0,8.0,0.0,20.0,0.3704361124006665
1.0,0.0,0.0,0.0,0.0,0.0,0.0,3.0,8.0,0.0,20.0,0.22765504246429452
1.0,0.0,0.0,0.0,0.0,0.0,0.0,4.0,8.0,0.0,20.0,0.30262978235342314
1.0,0.0,0.0,0.0,0.0,0.0,0.0,1.0,10.0,0.0,20.0,0.27259073158742736
1.0,0.0,0.0,0.0,0.0,0.0,0.0,2.0,10.0,0.0,20.0,0.30364018678827936
1.0,0.0,0.0,0.0,0.0,0.0,0.0,3.0,10.0,0.0,20.0,0.21654059368087614
1.0,0.0,0.0,0.0,0.0,0.0,0.0,4.0,10.0,0.0,20.0,0.28090608700401437
1.0,0.0,0.0,0.0,0.0,0.0,0.0,1.0,16.0,0.0,20.0,0.25343400966711277
1.0,0.0,0.0,0.0,0.0,0.0,0.0,2.0,16.0,0.0,20.0,0.26897239138152335
1.0,0.0,0.0,0.0,0.0,0.0,0.0,3.0,16.0,0.0,20.0,0.18688385810644753
1.0,0.0,0.0,0.0,0.0,0.0,0.0,4.0,16.0,0.0,20.0,0.21604904557743249
1.0,0.0,0.0,0.0,0.0,0.0,0.0,1.0,20.0,0.0,20.0,0.2516999371910757
1.0,0.0,0.0,0.0,0.0,0.0,0.0,2.0,20.0,0.0,20.0,0.22704060733499004
1.0,0.0,0.0,0.0,0.0,0.0,0.0,3.0,20.0,0.0,20.0,0.17656134793413264
1.0,0.0,0.0,0.0,0.0,0.0,0.0,4.0,20.0,0.0,20.0,0.19478959010349822
1.0,0.0,0.0,0.0,0.0,0.0,0.0,1.0,32.0,0.0,20.0,0.2399847073923374
1.0,0.0,0.0,0.0,0.0,0.0,0.0,2.0,32.0,0.0,20.0,0.20351456893962155
1.0,0.0,0.0,0.0,0.0,0.0,0.0,3.0,32.0,0.0,20.0,0.15384090226385216
1.0,0.0,0.0,0.0,0.0,0.0,0.0,4.0,32.0,0.0,20.0,0.15857887981648872
1.0,0.0,0.0,0.0,0.0,0.0,0.0,1.0,64.0,0.0,20.0,0.2883339250116061
1.0,0.0,0.0,0.0,0.0,0.0,0.0,2.0,64.0,0.0,20.0,0.3217045795898305
1.0,0.0,0.0,0.0,0.0,0.0,0.0,3.0,64.0,0.0,20.0,0.16660749883940035
1.0,0.0,0.0,0.0,0.0,0.0,0.0,4.0,64.0,0.0,20.0,0.25423960239220095
1.0,0.0,0.0,0.0,0.0,0.0,0.0,1.0,128.0,0.0,20.0,0.31048089789453576
1.0,0.0,0.0,0.0,0.0,0.0,0.0,2.0,128.0,0.0,20.0,0.33354269641442974
1.0,0.0,0.0,0.0,0.0,0.0,0.0,3.0,128.0,0.0,20.0,0.2675387094131462
1.0,0.0,0.0,0.0,0.0,0.0,0.0,4.0,128.0,0.0,20.0,0.30564734154400736
1.0,0.0,0.0,0.0,0.0,0.0,0.0,1.0,0.0,8.0,20.0,0.07481089052131412
1.0,0.0,0.0,0.0,0.0,0.0,0.0,2.0,0.0,8.0,20.0,0.07537070919468042
1.0,0.0,0.0,0.0,0.0,0.0,0.0,3.0,0.0,8.0,20.0,0.04010213277260444
1.0,0.0,0.0,0.0,0.0,0.0,0.0,4.0,0.0,8.0,20.0,0.040033862202681736
1.0,0.0,0.0,0.0,0.0,0.0,0.0,1.0,8.0,8.0,20.0,0.7452961577323249
1.0,0.0,0.0,0.0,0.0,0.0,0.0,2.0,8.0,8.0,20.0,0.7423059067697098
1.0,0.0,0.0,0.0,0.0,0.0,0.0,3.0,8.0,8.0,20.0,0.6530489636527486
1.0,0.0,0.0,0.0,0.0,0.0,0.0,4.0,8.0,8.0,20.0,0.6499358256642729
1.0,0.0,0.0,0.0,0.0,0.0,0.0,1.0,10.0,8.0,20.0,0.6292498429776894
1.0,0.0,0.0,0.0,0.0,0.0,0.0,2.0,10.0,8.0,20.0,0.6143258963925833
1.0,0.0,0.0,0.0,0.0,0.0,0.0,3.0,10.0,8.0,20.0,0.5503290641470278
1.0,0.0,0.0,0.0,0.0,0.0,0.0,4.0,10.0,8.0,20.0,0.5432698872170185
1.0,0.0,0.0,0.0,0.0,0.0,0.0,1.0,16.0,8.0,20.0,0.43943035036456485
1.0,0.0,0.0,0.0,0.0,0.0,0.0,2.0,16.0,8.0,20.0,0.4358802807285836
1.0,0.0,0.0,0.0,0.0,0.0,0.0,3.0,16.0,8.0,20.0,0.3633496272426883
1.0,0.0,0.0,0.0,0.0,0.0,0.0,4.0,16.0,8.0,20.0,0.36455118927332814
1.0,0.0,0.0,0.0,0.0,0.0,0.0,1.0,20.0,8.0,20.0,0.3945083153554166
1.0,0.0,0.0,0.0,0.0,0.0,0.0,2.0,20.0,8.0,20.0,0.38731259728556217
1.0,0.0,0.0,0.0,0.0,0.0,0.0,3.0,20.0,8.0,20.0,0.31353941942707336
1.0,0.0,0.0,0.0,0.0,0.0,0.0,4.0,20.0,8.0,20.0,0.31272017258800083
1.0,0.0,0.0,0.0,0.0,0.0,0.0,1.0,32.0,8.0,20.0,0.32070782926895874
1.0,0.0,0.0,0.0,0.0,0.0,0.0,2.0,32.0,8.0,20.0,0.2893989459024005
1.0,0.0,0.0,0.0,0.0,0.0,0.0,3.0,32.0,8.0,20.0,0.23075452633878596
1.0,0.0,0.0,0.0,0.0,0.0,0.0,4.0,32.0,8.0,20.0,0.22895218329282613
1.0,0.0,0.0,0.0,0.0,0.0,0.0,1.0,64.0,8.0,20.0,0.2503072175646523
1.0,0.0,0.0,0.0,0.0,0.0,0.0,2.0,64.0,8.0,20.0,0.21010950599415618
1.0,0.0,0.0,0.0,0.0,0.0,0.0,3.0,64.0,8.0,20.0,0.1520522133318769
1.0,0.0,0.0,0.0,0.0,0.0,0.0,4.0,64.0,8.0,20.0,0.15040006553974716
1.0,0.0,0.0,0.0,0.0,0.0,0.0,1.0,128.0,8.0,20.0,0.16929735929435547
1.0,0.0,0.0,0.0,0.0,0.0,0.0,2.0,128.0,8.0,20.0,0.1582238728528907
1.0,0.0,0.0,0.0,0.0,0.0,0.0,3.0,128.0,8.0,20.0,0.10808596630164674
1.0,0.0,0.0,0.0,0.0,0.0,0.0,4.0,128.0,8.0,20.0,0.10745787705835774
1.0,0.0,0.0,0.0,0.0,0.0,0.0,1.0,0.0,10.0,20.0,0.10258335836587573
1.0,0.0,0.0,0.0,0.0,0.0,0.0,2.0,0.0,10.0,20.0,0.10271989950572114
1.0,0.0,0.0,0.0,0.0,0.0,0.0,3.0,0.0,10.0,20.0,0.06010540975996076
1.0,0.0,0.0,0.0,0.0,0.0,0.0,4.0,0.0,10.0,20.0,0.05999617684808439
1.0,0.0,0.0,0.0,0.0,0.0,0.0,1.0,8.0,10.0,20.0,0.6882492695049018
1.0,0.0,0.0,0.0,0.0,0.0,0.0,2.0,8.0,10.0,20.0,0.6647778475654715
1.0,0.0,0.0,0.0,0.0,0.0,0.0,3.0,8.0,10.0,20.0,0.590909090909091
1.0,0.0,0.0,0.0,0.0,0.0,0.0,4.0,8.0,10.0,20.0,0.5795625221879352
1.0,0.0,0.0,0.0,0.0,0.0,0.0,1.0,10.0,10.0,20.0,0.5857478358229335
1.0,0.0,0.0,0.0,0.0,0.0,0.0,2.0,10.0,10.0,20.0,0.57194352658456
1.0,0.0,0.0,0.0,0.0,0.0,0.0,3.0,10.0,10.0,20.0,0.493992189846801
1.0,0.0,0.0,0.0,0.0,0.0,0.0,4.0,10.0,10.0,20.0,0.47685627679619885
1.0,0.0,0.0,0.0,0.0,0.0,0.0,1.0,16.0,10.0,20.0,0.4364400994019499
1.0,0.0,0.0,0.0,0.0,0.0,0.0,2.0,16.0,10.0,20.0,0.4124361670171223
1.0,0.0,0.0,0.0,0.0,0.0,0.0,3.0,16.0,10.0,20.0,0.34375597367486826
1.0,0.0,0.0,0.0,0.0,0.0,0.0,4.0,16.0,10.0,20.0,0.33944127365575266
1.0,0.0,0.0,0.0,0.0,0.0,0.0,1.0,20.0,10.0,20.0,0.39834512138507344
1.0,0.0,0.0,0.0,0.0,0.0,0.0,2.0,20.0,10.0,20.0,0.3918048007864771
1.0,0.0,0.0,0.0,0.0,0.0,0.0,3.0,20.0,10.0,20.0,0.2984652775881374
1.0,0.0,0.0,0.0,0.0,0.0,0.0,4.0,20.0,10.0,20.0,0.29690870859389945
1.0,0.0,0.0,0.0,0.0,0.0,0.0,1.0,32.0,10.0,20.0,0.3360140910456321
1.0,0.0,0.0,0.0,0.0,0.0,0.0,2.0,32.0,10.0,20.0,0.2967448592260849
1.0,0.0,0.0,0.0,0.0,0.0,0.0,3.0,32.0,10.0,20.0,0.23330784565389556
1.0,0.0,0.0,0.0,0.0,0.0,0.0,4.0,32.0,10.0,20.0,0.23109587918839963
1.0,0.0,0.0,0.0,0.0,0.0,0.0,1.0,64.0,10.0,20.0,0.2777246784456158
1.0,0.0,0.0,0.0,0.0,0.0,0.0,2.0,64.0,10.0,20.0,0.22783254594609365
1.0,0.0,0.0,0.0,0.0,0.0,0.0,3.0,64.0,10.0,20.0,0.1662524918758022
1.0,0.0,0.0,0.0,0.0,0.0,0.0,4.0,64.0,10.0,20.0,0.16460034408367247
1.0,0.0,0.0,0.0,0.0,0.0,0.0,1.0,128.0,10.0,20.0,0.18979218438515527
1.0,0.0,0.0,0.0,0.0,0.0,0.0,2.0,128.0,10.0,20.0,0.17800868401649422
1.0,0.0,0.0,0.0,0.0,0.0,0.0,3.0,128.0,10.0,20.0,0.124470903083099
1.0,0.0,0.0,0.0,0.0,0.0,0.0,4.0,128.0,10.0,20.0,0.12392473852371721
1.0,0.0,0.0,0.0,0.0,0.0,0.0,1.0,0.0,16.0,20.0,0.07355471203473612
1.0,0.0,0.0,0.0,0.0,0.0,0.0,2.0,0.0,16.0,20.0,0.07108331740353369
1.0,0.0,0.0,0.0,0.0,0.0,0.0,3.0,0.0,16.0,20.0,0.041139845435429756
1.0,0.0,0.0,0.0,0.0,0.0,0.0,4.0,0.0,16.0,20.0,0.04063464321800159
1.0,0.0,0.0,0.0,0.0,0.0,0.0,1.0,8.0,16.0,20.0,0.46620606788825486
1.0,0.0,0.0,0.0,0.0,0.0,0.0,2.0,8.0,16.0,20.0,0.44180616619787555
1.0,0.0,0.0,0.0,0.0,0.0,0.0,3.0,8.0,16.0,20.0,0.3755017886889321
1.0,0.0,0.0,0.0,0.0,0.0,0.0,4.0,8.0,16.0,20.0,0.37099593107403267
1.0,0.0,0.0,0.0,0.0,0.0,0.0,1.0,10.0,16.0,20.0,0.40244135558043653
1.0,0.0,0.0,0.0,0.0,0.0,0.0,2.0,10.0,16.0,20.0,0.38179633523580664
1.0,0.0,0.0,0.0,0.0,0.0,0.0,3.0,10.0,16.0,20.0,0.32364346377563563
1.0,0.0,0.0,0.0,0.0,0.0,0.0,4.0,10.0,16.0,20.0,0.3087877877604524
1.0,0.0,0.0,0.0,0.0,0.0,0.0,1.0,16.0,16.0,20.0,0.30178322728638146
1.0,0.0,0.0,0.0,0.0,0.0,0.0,2.0,16.0,16.0,20.0,0.28053742592643166
1.0,0.0,0.0,0.0,0.0,0.0,0.0,3.0,16.0,16.0,20.0,0.22462382915972584
1.0,0.0,0.0,0.0,0.0,0.0,0.0,4.0,16.0,16.0,20.0,0.2204593243944401
1.0,0.0,0.0,0.0,0.0,0.0,0.0,1.0,20.0,16.0,20.0,0.2812747480815971
1.0,0.0,0.0,0.0,0.0,0.0,0.0,2.0,20.0,16.0,20.0,0.2727955432971955
1.0,0.0,0.0,0.0,0.0,0.0,0.0,3.0,20.0,16.0,20.0,0.2025587809607035
1.0,0.0,0.0,0.0,0.0,0.0,0.0,4.0,20.0,16.0,20.0,0.19862639613315497
1.0,0.0,0.0,0.0,0.0,0.0,0.0,1.0,32.0,16.0,20.0,0.24735792894399083
1.0,0.0,0.0,0.0,0.0,0.0,0.0,2.0,32.0,16.0,20.0,0.21049182118572335
1.0,0.0,0.0,0.0,0.0,0.0,0.0,3.0,32.0,16.0,20.0,0.16272973046779
1.0,0.0,0.0,0.0,0.0,0.0,0.0,4.0,32.0,16.0,20.0,0.1604904557743249
1.0,0.0,0.0,0.0,0.0,0.0,0.0,1.0,64.0,16.0,20.0,0.21289494524700298
1.0,0.0,0.0,0.0,0.0,0.0,0.0,2.0,64.0,16.0,20.0,0.1684508042273138
1.0,0.0,0.0,0.0,0.0,0.0,0.0,3.0,64.0,16.0,20.0,0.12285971763292286
1.0,0.0,0.0,0.0,0.0,0.0,0.0,4.0,64.0,16.0,20.0,0.12187662142603567
1.0,0.0,0.0,0.0,0.0,0.0,0.0,1.0,128.0,16.0,20.0,0.1453616974794506
1.0,0.0,0.0,0.0,0.0,0.0,0.0,2.0,128.0,16.0,20.0,0.1290723394958902
1.0,0.0,0.0,0.0,0.0,0.0,0.0,3.0,128.0,16.0,20.0,0.08937983014282208
1.0,0.0,0.0,0.0,0.0,0.0,0.0,4.0,128.0,16.0,20.0,0.08854692918976492
1.0,0.0,0.0,0.0,0.0,0.0,0.0,1.0,0.0,20.0,20.0,0.0707965810098583
1.0,0.0,0.0,0.0,0.0,0.0,0.0,2.0,0.0,20.0,20.0,0.06932193669952763
1.0,0.0,0.0,0.0,0.0,0.0,0.0,3.0,0.0,20.0,20.0,0.04105792075152248
1.0,0.0,0.0,0.0,0.0,0.0,0.0,4.0,0.0,20.0,20.0,0.040743876129877954
1.0,0.0,0.0,0.0,0.0,0.0,0.0,1.0,8.0,20.0,20.0,0.40982823124607454
1.0,0.0,0.0,0.0,0.0,0.0,0.0,2.0,8.0,20.0,20.0,0.3806493896611049
1.0,0.0,0.0,0.0,0.0,0.0,0.0,3.0,8.0,20.0,20.0,0.32196400775553685
1.0,0.0,0.0,0.0,0.0,0.0,0.0,4.0,8.0,20.0,20.0,0.3131980665774598
1.0,0.0,0.0,0.0,0.0,0.0,0.0,1.0,10.0,20.0,20.0,0.35179824681176447
1.0,0.0,0.0,0.0,0.0,0.0,0.0,2.0,10.0,20.0,20.0,0.3317949698244082
1.0,0.0,0.0,0.0,0.0,0.0,0.0,3.0,10.0,20.0,20.0,0.27515770501652154
1.0,0.0,0.0,0.0,0.0,0.0,0.0,4.0,10.0,20.0,20.0,0.2660777192168002
1.0,0.0,0.0,0.0,0.0,0.0,0.0,1.0,16.0,20.0,20.0,0.2768371610366204
1.0,0.0,0.0,0.0,0.0,0.0,0.0,2.0,16.0,20.0,20.0,0.24973374477730154
1.0,0.0,0.0,0.0,0.0,0.0,0.0,3.0,16.0,20.0,20.0,0.19727463884868518
1.0,0.0,0.0,0.0,0.0,0.0,0.0,4.0,16.0,20.0,20.0,0.19342417870504386
1.0,0.0,0.0,0.0,0.0,0.0,0.0,1.0,20.0,20.0,20.0,0.258212949561703
1.0,0.0,0.0,0.0,0.0,0.0,0.0,2.0,20.0,20.0,20.0,0.24799967230126435
1.0,0.0,0.0,0.0,0.0,0.0,0.0,3.0,20.0,20.0,20.0,0.1785821568038451
1.0,0.0,0.0,0.0,0.0,0.0,0.0,4.0,20.0,20.0,20.0,0.17772194762281884
1.0,0.0,0.0,0.0,0.0,0.0,0.0,1.0,32.0,20.0,20.0,0.23861929599388304
1.0,0.0,0.0,0.0,0.0,0.0,0.0,2.0,32.0,20.0,20.0,0.19626423441382895
1.0,0.0,0.0,0.0,0.0,0.0,0.0,3.0,32.0,20.0,20.0,0.15162893579835607
1.0,0.0,0.0,0.0,0.0,0.0,0.0,4.0,32.0,20.0,20.0,0.14848848958191108
1.0,0.0,0.0,0.0,0.0,0.0,0.0,1.0,64.0,20.0,20.0,0.20812965946639733
1.0,0.0,0.0,0.0,0.0,0.0,0.0,2.0,64.0,20.0,20.0,0.1596985171632213
1.0,0.0,0.0,0.0,0.0,0.0,0.0,3.0,64.0,20.0,20.0,0.11888637046342071
1.0,0.0,0.0,0.0,0.0,0.0,0.0,4.0,64.0,20.0,20.0,0.11713864387339912
1.0,0.0,0.0,0.0,0.0,0.0,0.0,1.0,128.0,20.0,20.0,0.13790655124388984
1.0,0.0,0.0,0.0,0.0,0.0,0.0,2.0,128.0,20.0,20.0,0.1256997733417079
1.0,0.0,0.0,0.0,0.0,0.0,0.0,3.0,128.0,20.0,20.0,0.08805538108632138
1.0,0.0,0.0,0.0,0.0,0.0,0.0,4.0,128.0,20.0,20.0,0.08552936999918082
1.0,0.0,0.0,0.0,0.0,0.0,0.0,1.0,0.0,32.0,20.0,0.06523935661814911
1.0,0.0,0.0,0.0,0.0,0.0,0.0,2.0,0.0,32.0,20.0,0.06395586990360203
1.0,0.0,0.0,0.0,0.0,0.0,0.0,3.0,0.0,32.0,20.0,0.036142439717086805
1.0,0.0,0.0,0.0,0.0,0.0,0.0,4.0,0.0,32.0,20.0,0.03640186788279309
1.0,0.0,0.0,0.0,0.0,0.0,0.0,1.0,8.0,32.0,20.0,0.3092929899778804
1.0,0.0,0.0,0.0,0.0,0.0,0.0,2.0,8.0,32.0,20.0,0.28198476200879335
1.0,0.0,0.0,0.0,0.0,0.0,0.0,3.0,8.0,32.0,20.0,0.23430459597476733
1.0,0.0,0.0,0.0,0.0,0.0,0.0,4.0,8.0,32.0,20.0,0.22581173707638108
1.0,0.0,0.0,0.0,0.0,0.0,0.0,1.0,10.0,32.0,20.0,0.2741199923536963
1.0,0.0,0.0,0.0,0.0,0.0,0.0,2.0,10.0,32.0,20.0,0.25336573909719
1.0,0.0,0.0,0.0,0.0,0.0,0.0,3.0,10.0,32.0,20.0,0.20478440154018412
1.0,0.0,0.0,0.0,0.0,0.0,0.0,4.0,10.0,32.0,20.0,0.1946667030776374
1.0,0.0,0.0,0.0,0.0,0.0,0.0,1.0,16.0,32.0,20.0,0.22159261585515727
1.0,0.0,0.0,0.0,0.0,0.0,0.0,2.0,16.0,32.0,20.0,0.19724733062071603
1.0,0.0,0.0,0.0,0.0,0.0,0.0,3.0,16.0,32.0,20.0,0.15467380321690932
1.0,0.0,0.0,0.0,0.0,0.0,0.0,4.0,16.0,32.0,20.0,0.14925311996504548
1.0,0.0,0.0,0.0,0.0,0.0,0.0,1.0,20.0,32.0,20.0,0.21658155602282975
1.0,0.0,0.0,0.0,0.0,0.0,0.0,2.0,20.0,32.0,20.0,0.2059586553428549
1.0,0.0,0.0,0.0,0.0,0.0,0.0,3.0,20.0,32.0,20.0,0.1463584478003223
1.0,0.0,0.0,0.0,0.0,0.0,0.0,4.0,20.0,32.0,20.0,0.14086949397853582
1.0,0.0,0.0,0.0,0.0,0.0,0.0,1.0,32.0,32.0,20.0,0.21114721865698144
1.0,0.0,0.0,0.0,0.0,0.0,0.0,2.0,32.0,32.0,20.0,0.16360359376280081
1.0,0.0,0.0,0.0,0.0,0.0,0.0,3.0,32.0,32.0,20.0,0.12701056828422413
1.0,0.0,0.0,0.0,0.0,0.0,0.0,4.0,32.0,32.0,20.0,0.12082525464922589
1.0,0.0,0.0,0.0,0.0,0.0,0.0,1.0,64.0,32.0,20.0,0.19373822332668839
1.0,0.0,0.0,0.0,0.0,0.0,0.0,2.0,64.0,32.0,20.0,0.13857560282913245
1.0,0.0,0.0,0.0,0.0,0.0,0.0,3.0,64.0,32.0,20.0,0.1054097599606762
1.0,0.0,0.0,0.0,0.0,0.0,0.0,4.0,64.0,32.0,20.0,0.0987875146781726
1.0,0.0,0.0,0.0,0.0,0.0,0.0,1.0,128.0,32.0,20.0,0.1369507632649718
1.0,0.0,0.0,0.0,0.0,0.0,0.0,2.0,128.0,32.0,20.0,0.12220432016166477
1.0,0.0,0.0,0.0,0.0,0.0,0.0,3.0,128.0,32.0,20.0,0.09264316338512796
1.0,0.0,0.0,0.0,0.0,0.0,0.0,4.0,128.0,32.0,20.0,0.08789153171850689
1.0,0.0,0.0,0.0,0.0,0.0,0.0,1.0,0.0,64.0,20.0,0.0672192031459079
1.0,0.0,0.0,0.0,0.0,0.0,0.0,2.0,0.0,64.0,20.0,0.06497992845244277
1.0,0.0,0.0,0.0,0.0,0.0,0.0,3.0,0.0,64.0,20.0,0.03956962232720723
1.0,0.0,0.0,0.0,0.0,0.0,0.0,4.0,0.0,64.0,20.0,0.03900980365384099
1.0,0.0,0.0,0.0,0.0,0.0,0.0,1.0,8.0,64.0,20.0,0.23397689723913823
1.0,0.0,0.0,0.0,0.0,0.0,0.0,2.0,8.0,64.0,20.0,0.21077855757939873
1.0,0.0,0.0,0.0,0.0,0.0,0.0,3.0,8.0,64.0,20.0,0.16312569977334185
1.0,0.0,0.0,0.0,0.0,0.0,0.0,4.0,8.0,64.0,20.0,0.15500150195253842
1.0,0.0,0.0,0.0,0.0,0.0,0.0,1.0,10.0,64.0,20.0,0.21262186296731217
1.0,0.0,0.0,0.0,0.0,0.0,0.0,2.0,10.0,64.0,20.0,0.1950763264971737
1.0,0.0,0.0,0.0,0.0,0.0,0.0,3.0,10.0,64.0,20.0,0.14593517026680147
1.0,0.0,0.0,0.0,0.0,0.0,0.0,4.0,10.0,64.0,20.0,0.13696441737895632
1.0,0.0,0.0,0.0,0.0,0.0,0.0,1.0,16.0,64.0,20.0,0.18166798656435185
1.0,0.0,0.0,0.0,0.0,0.0,0.0,2.0,16.0,64.0,20.0,0.15591632758950275
1.0,0.0,0.0,0.0,0.0,0.0,0.0,3.0,16.0,64.0,20.0,0.11709768153144545
1.0,0.0,0.0,0.0,0.0,0.0,0.0,4.0,16.0,64.0,20.0,0.11013408339932823
1.0,0.0,0.0,0.0,0.0,0.0,0.0,1.0,20.0,64.0,20.0,0.18409841885360062
1.0,0.0,0.0,0.0,0.0,0.0,0.0,2.0,20.0,64.0,20.0,0.17335263114776484
1.0,0.0,0.0,0.0,0.0,0.0,0.0,3.0,20.0,64.0,20.0,0.11495398563587217
1.0,0.0,0.0,0.0,0.0,0.0,0.0,4.0,20.0,64.0,20.0,0.10784019224992497
1.0,0.0,0.0,0.0,0.0,0.0,0.0,1.0,32.0,64.0,20.0,0.1879761872252111
1.0,0.0,0.0,0.0,0.0,0.0,0.0,2.0,32.0,64.0,20.0,0.13700537972090998
1.0,0.0,0.0,0.0,0.0,0.0,0.0,3.0,32.0,64.0,20.0,0.10416723558808272
1.0,0.0,0.0,0.0,0.0,0.0,0.0,4.0,32.0,64.0,20.0,0.09660285644064559
1.0,0.0,0.0,0.0,0.0,0.0,0.0,1.0,64.0,64.0,20.0,0.19700155656899426
1.0,0.0,0.0,0.0,0.0,0.0,0.0,2.0,64.0,64.0,20.0,0.1286080996204157
1.0,0.0,0.0,0.0,0.0,0.0,0.0,3.0,64.0,64.0,20.0,0.10034408367241054
1.0,0.0,0.0,0.0,0.0,0.0,0.0,4.0,64.0,64.0,20.0,0.08749556241295509
1.0,0.0,0.0,0.0,0.0,0.0,0.0,1.0,128.0,64.0,20.0,0.14915754116715374
1.0,0.0,0.0,0.0,0.0,0.0,0.0,2.0,128.0,64.0,20.0,0.1256997733417079
1.0,0.0,0.0,0.0,0.0,0.0,0.0,3.0,128.0,64.0,20.0,0.10576476692427433
1.0,0.0,0.0,0.0,0.0,0.0,0.0,4.0,128.0,64.0,20.0,0.0941587700374123
1.0,0.0,0.0,0.0,0.0,0.0,0.0,1.0,0.0,128.0,20.0,0.175564597613261
1.0,0.0,0.0,0.0,0.0,0.0,0.0,2.0,0.0,128.0,20.0,0.1756465222971682
1.0,0.0,0.0,0.0,0.0,0.0,0.0,3.0,0.0,128.0,20.0,0.1573363554438953
1.0,0.0,0.0,0.0,0.0,0.0,0.0,4.0,0.0,128.0,20.0,0.15698134848029716
1.0,0.0,0.0,0.0,0.0,0.0,0.0,1.0,8.0,128.0,20.0,0.1974521423304842
1.0,0.0,0.0,0.0,0.0,0.0,0.0,2.0,8.0,128.0,20.0,0.174485922608482
1.0,0.0,0.0,0.0,0.0,0.0,0.0,3.0,8.0,128.0,20.0,0.12899041481198292
1.0,0.0,0.0,0.0,0.0,0.0,0.0,4.0,8.0,128.0,20.0,0.12092083344711763
1.0,0.0,0.0,0.0,0.0,0.0,0.0,1.0,10.0,128.0,20.0,0.18306070619077536
1.0,0.0,0.0,0.0,0.0,0.0,0.0,2.0,10.0,128.0,20.0,0.1667303858652613
1.0,0.0,0.0,0.0,0.0,0.0,0.0,3.0,10.0,128.0,20.0,0.1178213495726263
1.0,0.0,0.0,0.0,0.0,0.0,0.0,4.0,10.0,128.0,20.0,0.11347934132554144
1.0,0.0,0.0,0.0,0.0,0.0,0.0,1.0,16.0,128.0,20.0,0.165091892187116
1.0,0.0,0.0,0.0,0.0,0.0,0.0,2.0,16.0,128.0,20.0,0.13944946612414327
1.0,0.0,0.0,0.0,0.0,0.0,0.0,3.0,16.0,128.0,20.0,0.10259701247986025
1.0,0.0,0.0,0.0,0.0,0.0,0.0,4.0,16.0,128.0,20.0,0.09847347005652812
1.0,0.0,0.0,0.0,0.0,0.0,0.0,1.0,20.0,128.0,20.0,0.17503208716786373
1.0,0.0,0.0,0.0,0.0,0.0,0.0,2.0,20.0,128.0,20.0,0.16229279882028463
1.0,0.0,0.0,0.0,0.0,0.0,0.0,3.0,20.0,128.0,20.0,0.10469974603347998
1.0,0.0,0.0,0.0,0.0,0.0,0.0,4.0,20.0,128.0,20.0,0.10009830962068872
1.0,0.0,0.0,0.0,0.0,0.0,0.0,1.0,32.0,128.0,20.0,0.19118490401157878
1.0,0.0,0.0,0.0,0.0,0.0,0.0,2.0,32.0,128.0,20.0,0.13542150249870294
1.0,0.0,0.0,0.0,0.0,0.0,0.0,3.0,32.0,128.0,20.0,0.10433108495589727
1.0,0.0,0.0,0.0,0.0,0.0,0.0,4.0,32.0,128.0,20.0,0.09837789125863627
1.0,0.0,0.0,0.0,0.0,0.0,0.0,1.0,64.0,128.0,20.0,0.21695021710041246
1.0,0.0,0.0,0.0,0.0,0.0,0.0,2.0,64.0,128.0,20.0,0.14477457057811527
1.0,0.0,0.0,0.0,0.0,0.0,0.0,3.0,64.0,128.0,20.0,0.11570496190502205
1.0,0.0,0.0,0.0,0.0,0.0,0.0,4.0,64.0,128.0,20.0,0.10274720773369023
1.0,0.0,0.0,0.0,0.0,0.0,0.0,1.0,128.0,128.0,20.0,0.17396706627706932
1.0,0.0,0.0,0.0,0.0,0.0,0.0,2.0,128.0,128.0,20.0,0.13544881072667198
1.0,0.0,0.0,0.0,0.0,0.0,0.0,3.0,128.0,128.0,20.0,0.12279144706300016
1.0,0.0,0.0,0.0,0.0,0.0,0.0,4.0,128.0,128.0,20.0,0.10452224255168086
1.0,0.0,0.0,0.0,0.0,0.0,0.0,1.0,0.0,0.0,32.0,0.22014527977279558
1.0,0.0,0.0,0.0,0.0,0.0,0.0,2.0,0.0,0.0,32.0,0.21849313198066583
1.0,0.0,0.0,0.0,0.0,0.0,0.0,3.0,0.0,0.0,32.0,0.20792484775662917
1.0,0.0,0.0,0.0,0.0,0.0,0.0,4.0,0.0,0.0,32.0,0.20751522433709285
1.0,0.0,0.0,0.0,0.0,0.0,0.0,1.0,8.0,0.0,32.0,0.32596466315300804
1.0,0.0,0.0,0.0,0.0,0.0,0.0,2.0,8.0,0.0,32.0,0.3734809798192196
1.0,0.0,0.0,0.0,0.0,0.0,0.0,3.0,8.0,0.0,32.0,0.2710887790491276
1.0,0.0,0.0,0.0,0.0,0.0,0.0,4.0,8.0,0.0,32.0,0.31834566754963284
1.0,0.0,0.0,0.0,0.0,0.0,0.0,1.0,10.0,0.0,32.0,0.3018105355143506
1.0,0.0,0.0,0.0,0.0,0.0,0.0,2.0,10.0,0.0,32.0,0.2961031158688114
1.0,0.0,0.0,0.0,0.0,0.0,0.0,3.0,10.0,0.0,32.0,0.24739889128594456
1.0,0.0,0.0,0.0,0.0,0.0,0.0,4.0,10.0,0.0,32.0,0.27746525027990937
1.0,0.0,0.0,0.0,0.0,0.0,0.0,1.0,16.0,0.0,32.0,0.26677407903001177
1.0,0.0,0.0,0.0,0.0,0.0,0.0,2.0,16.0,0.0,32.0,0.26050684071110636
1.0,0.0,0.0,0.0,0.0,0.0,0.0,3.0,16.0,0.0,32.0,0.1977798410661133
1.0,0.0,0.0,0.0,0.0,0.0,0.0,4.0,16.0,0.0,32.0,0.20705098446161835
1.0,0.0,0.0,0.0,0.0,0.0,0.0,1.0,20.0,0.0,32.0,0.2574619732925531
1.0,0.0,0.0,0.0,0.0,0.0,0.0,2.0,20.0,0.0,32.0,0.21681367596056694
1.0,0.0,0.0,0.0,0.0,0.0,0.0,3.0,20.0,0.0,32.0,0.18088970206723293
1.0,0.0,0.0,0.0,0.0,0.0,0.0,4.0,20.0,0.0,32.0,0.18505420683251866
1.0,0.0,0.0,0.0,0.0,0.0,0.0,1.0,32.0,0.0,32.0,0.23818236434637768
1.0,0.0,0.0,0.0,0.0,0.0,0.0,2.0,32.0,0.0,32.0,0.19732925530462336
1.0,0.0,0.0,0.0,0.0,0.0,0.0,3.0,32.0,0.0,32.0,0.15087795952920618
1.0,0.0,0.0,0.0,0.0,0.0,0.0,4.0,32.0,0.0,32.0,0.151751822824217
1.0,0.0,0.0,0.0,0.0,0.0,0.0,1.0,64.0,0.0,32.0,0.28287227941778864
1.0,0.0,0.0,0.0,0.0,0.0,0.0,2.0,64.0,0.0,32.0,0.31666621152953395
1.0,0.0,0.0,0.0,0.0,0.0,0.0,3.0,64.0,0.0,32.0,0.16774079030011751
1.0,0.0,0.0,0.0,0.0,0.0,0.0,4.0,64.0,0.0,32.0,0.2459379010895984
1.0,0.0,0.0,0.0,0.0,0.0,0.0,1.0,128.0,0.0,32.0,0.30559272508806906
1.0,0.0,0.0,0.0,0.0,0.0,0.0,2.0,128.0,0.0,32.0,0.33083918184549016
1.0,0.0,0.0,0.0,0.0,0.0,0.0,3.0,128.0,0.0,32.0,0.2623911084409734
1.0,0.0,0.0,0.0,0.0,0.0,0.0,4.0,128.0,0.0,32.0,0.3034353750785112
1.0,0.0,0.0,0.0,0.0,0.0,0.0,1.0,0.0,8.0,32.0,0.07445588355771598
1.0,0.0,0.0,0.0,0.0,0.0,0.0,2.0,0.0,8.0,32.0,0.07318605095715341
1.0,0.0,0.0,0.0,0.0,0.0,0.0,3.0,0.0,8.0,32.0,0.042751030885605834
1.0,0.0,0.0,0.0,0.0,0.0,0.0,4.0,0.0,8.0,32.0,0.0428602637974822
1.0,0.0,0.0,0.0,0.0,0.0,0.0,1.0,8.0,8.0,32.0,0.7525055299161638
1.0,0.0,0.0,0.0,0.0,0.0,0.0,2.0,8.0,8.0,32.0,0.7465659903328874
1.0,0.0,0.0,0.0,0.0,0.0,0.0,3.0,8.0,8.0,32.0,0.6551516972063685
1.0,0.0,0.0,0.0,0.0,0.0,0.0,4.0,8.0,8.0,32.0,0.649690051612551
1.0,0.0,0.0,0.0,0.0,0.0,0.0,1.0,10.0,8.0,32.0,0.6382479040935034
1.0,0.0,0.0,0.0,0.0,0.0,0.0,2.0,10.0,8.0,32.0,0.6139026188590624
1.0,0.0,0.0,0.0,0.0,0.0,0.0,3.0,10.0,8.0,32.0,0.5534695103634726
1.0,0.0,0.0,0.0,0.0,0.0,0.0,4.0,10.0,8.0,32.0,0.5450722302629785
1.0,0.0,0.0,0.0,0.0,0.0,0.0,1.0,16.0,8.0,32.0,0.453576012452552
1.0,0.0,0.0,0.0,0.0,0.0,0.0,2.0,16.0,8.0,32.0,0.4395122750484722
1.0,0.0,0.0,0.0,0.0,0.0,0.0,3.0,16.0,8.0,32.0,0.36538409022638535
1.0,0.0,0.0,0.0,0.0,0.0,0.0,4.0,16.0,8.0,32.0,0.37230672601654885
1.0,0.0,0.0,0.0,0.0,0.0,0.0,1.0,20.0,8.0,32.0,0.4035336846992
1.0,0.0,0.0,0.0,0.0,0.0,0.0,2.0,20.0,8.0,32.0,0.394740435293154
1.0,0.0,0.0,0.0,0.0,0.0,0.0,3.0,20.0,8.0,32.0,0.3204620552172371
1.0,0.0,0.0,0.0,0.0,0.0,0.0,4.0,20.0,8.0,32.0,0.3178950817881429
1.0,0.0,0.0,0.0,0.0,0.0,0.0,1.0,32.0,8.0,32.0,0.32911876348343766
1.0,0.0,0.0,0.0,0.0,0.0,0.0,2.0,32.0,8.0,32.0,0.29611676998279596
1.0,0.0,0.0,0.0,0.0,0.0,0.0,3.0,32.0,8.0,32.0,0.23855102542396028
1.0,0.0,0.0,0.0,0.0,0.0,0.0,4.0,32.0,8.0,32.0,0.2395204675168629
1.0,0.0,0.0,0.0,0.0,0.0,0.0,1.0,64.0,8.0,32.0,0.2528605368797619
1.0,0.0,0.0,0.0,0.0,0.0,0.0,2.0,64.0,8.0,32.0,0.21243070537152847
1.0,0.0,0.0,0.0,0.0,0.0,0.0,3.0,64.0,8.0,32.0,0.15861984215844244
1.0,0.0,0.0,0.0,0.0,0.0,0.0,4.0,64.0,8.0,32.0,0.15860618804445786
1.0,0.0,0.0,0.0,0.0,0.0,0.0,1.0,128.0,8.0,32.0,0.1702121849313199
1.0,0.0,0.0,0.0,0.0,0.0,0.0,2.0,128.0,8.0,32.0,0.1569130779103745
1.0,0.0,0.0,0.0,0.0,0.0,0.0,3.0,128.0,8.0,32.0,0.10759441819820315
1.0,0.0,0.0,0.0,0.0,0.0,0.0,4.0,128.0,8.0,32.0,0.10786750047789401
1.0,0.0,0.0,0.0,0.0,0.0,0.0,1.0,0.0,10.0,32.0,0.10490455774324808
1.0,0.0,0.0,0.0,0.0,0.0,0.0,2.0,0.0,10.0,32.0,0.10209181026243214
1.0,0.0,0.0,0.0,0.0,0.0,0.0,3.0,0.0,10.0,32.0,0.06818864523881052
1.0,0.0,0.0,0.0,0.0,0.0,0.0,4.0,0.0,10.0,32.0,0.06790190884513508
1.0,0.0,0.0,0.0,0.0,0.0,0.0,1.0,8.0,10.0,32.0,0.6981758103716651
1.0,0.0,0.0,0.0,0.0,0.0,0.0,2.0,8.0,10.0,32.0,0.6664709576995549
1.0,0.0,0.0,0.0,0.0,0.0,0.0,3.0,8.0,10.0,32.0,0.5946093557989023
1.0,0.0,0.0,0.0,0.0,0.0,0.0,4.0,8.0,10.0,32.0,0.5814331358038178
1.0,0.0,0.0,0.0,0.0,0.0,0.0,1.0,10.0,10.0,32.0,0.5957699554875884
1.0,0.0,0.0,0.0,0.0,0.0,0.0,2.0,10.0,10.0,32.0,0.5724350746880036
1.0,0.0,0.0,0.0,0.0,0.0,0.0,3.0,10.0,10.0,32.0,0.49703705726535413
1.0,0.0,0.0,0.0,0.0,0.0,0.0,4.0,10.0,10.0,32.0,0.48126655561320636
1.0,0.0,0.0,0.0,0.0,0.0,0.0,1.0,16.0,10.0,32.0,0.44370408804172706
1.0,0.0,0.0,0.0,0.0,0.0,0.0,2.0,16.0,10.0,32.0,0.41619104836287185
1.0,0.0,0.0,0.0,0.0,0.0,0.0,3.0,16.0,10.0,32.0,0.34893088287501034
1.0,0.0,0.0,0.0,0.0,0.0,0.0,4.0,16.0,10.0,32.0,0.34344192905322374
1.0,0.0,0.0,0.0,0.0,0.0,0.0,1.0,20.0,10.0,32.0,0.4051039078074225
1.0,0.0,0.0,0.0,0.0,0.0,0.0,2.0,20.0,10.0,32.0,0.39471312706518474
1.0,0.0,0.0,0.0,0.0,0.0,0.0,3.0,20.0,10.0,32.0,0.3075862257298125
1.0,0.0,0.0,0.0,0.0,0.0,0.0,4.0,20.0,10.0,32.0,0.3068762118026163
1.0,0.0,0.0,0.0,0.0,0.0,0.0,1.0,32.0,10.0,32.0,0.34533985089707536
1.0,0.0,0.0,0.0,0.0,0.0,0.0,2.0,32.0,10.0,32.0,0.30396788552390847
1.0,0.0,0.0,0.0,0.0,0.0,0.0,3.0,32.0,10.0,32.0,0.24586963051967564
1.0,0.0,0.0,0.0,0.0,0.0,0.0,4.0,32.0,10.0,32.0,0.24317977006472064
1.0,0.0,0.0,0.0,0.0,0.0,0.0,1.0,64.0,10.0,32.0,0.2848930882875012
1.0,0.0,0.0,0.0,0.0,0.0,0.0,2.0,64.0,10.0,32.0,0.2349599934460253
1.0,0.0,0.0,0.0,0.0,0.0,0.0,3.0,64.0,10.0,32.0,0.1788552390835359
1.0,0.0,0.0,0.0,0.0,0.0,0.0,4.0,64.0,10.0,32.0,0.17740790300117432
1.0,0.0,0.0,0.0,0.0,0.0,0.0,1.0,128.0,10.0,32.0,0.19189491793877506
1.0,0.0,0.0,0.0,0.0,0.0,0.0,2.0,128.0,10.0,32.0,0.1783363827521232
1.0,0.0,0.0,0.0,0.0,0.0,0.0,3.0,128.0,10.0,32.0,0.126833064802425
1.0,0.0,0.0,0.0,0.0,0.0,0.0,4.0,128.0,10.0,32.0,0.1256588109997543
1.0,0.0,0.0,0.0,0.0,0.0,0.0,1.0,0.0,16.0,32.0,0.07205275949643636
1.0,0.0,0.0,0.0,0.0,0.0,0.0,2.0,0.0,16.0,32.0,0.06954040252328031
1.0,0.0,0.0,0.0,0.0,0.0,0.0,3.0,0.0,16.0,32.0,0.04423932930992114
1.0,0.0,0.0,0.0,0.0,0.0,0.0,4.0,0.0,16.0,32.0,0.044498757475627426
1.0,0.0,0.0,0.0,0.0,0.0,0.0,1.0,8.0,16.0,32.0,0.4706436549332315
1.0,0.0,0.0,0.0,0.0,0.0,0.0,2.0,8.0,16.0,32.0,0.4426527212649172
1.0,0.0,0.0,0.0,0.0,0.0,0.0,3.0,8.0,16.0,32.0,0.37936590294655786
1.0,0.0,0.0,0.0,0.0,0.0,0.0,4.0,8.0,16.0,32.0,0.3727573117780389
1.0,0.0,0.0,0.0,0.0,0.0,0.0,1.0,10.0,16.0,32.0,0.40865397744340376
1.0,0.0,0.0,0.0,0.0,0.0,0.0,2.0,10.0,16.0,32.0,0.3832573254321528
1.0,0.0,0.0,0.0,0.0,0.0,0.0,3.0,10.0,16.0,32.0,0.32780796854092137
1.0,0.0,0.0,0.0,0.0,0.0,0.0,4.0,10.0,16.0,32.0,0.3131434501215217
1.0,0.0,0.0,0.0,0.0,0.0,0.0,1.0,16.0,16.0,32.0,0.30736775990605975
1.0,0.0,0.0,0.0,0.0,0.0,0.0,2.0,16.0,16.0,32.0,0.28324094049537135
1.0,0.0,0.0,0.0,0.0,0.0,0.0,3.0,16.0,16.0,32.0,0.22986700892979067
1.0,0.0,0.0,0.0,0.0,0.0,0.0,4.0,16.0,16.0,32.0,0.22541576777082944
1.0,0.0,0.0,0.0,0.0,0.0,0.0,1.0,20.0,16.0,32.0,0.2870640924110435
1.0,0.0,0.0,0.0,0.0,0.0,0.0,2.0,20.0,16.0,32.0,0.27627734236325413
1.0,0.0,0.0,0.0,0.0,0.0,0.0,3.0,20.0,16.0,32.0,0.2083754335181191
1.0,0.0,0.0,0.0,0.0,0.0,0.0,4.0,20.0,16.0,32.0,0.20533056609956585
1.0,0.0,0.0,0.0,0.0,0.0,0.0,1.0,32.0,16.0,32.0,0.2532838144132828
1.0,0.0,0.0,0.0,0.0,0.0,0.0,2.0,32.0,16.0,32.0,0.21401458259373557
1.0,0.0,0.0,0.0,0.0,0.0,0.0,3.0,32.0,16.0,32.0,0.16970698271389179
1.0,0.0,0.0,0.0,0.0,0.0,0.0,4.0,32.0,16.0,32.0,0.16662115295338492
1.0,0.0,0.0,0.0,0.0,0.0,0.0,1.0,64.0,16.0,32.0,0.21673175127665972
1.0,0.0,0.0,0.0,0.0,0.0,0.0,2.0,64.0,16.0,32.0,0.17171413746961967
1.0,0.0,0.0,0.0,0.0,0.0,0.0,3.0,64.0,16.0,32.0,0.12959119582730277
1.0,0.0,0.0,0.0,0.0,0.0,0.0,4.0,64.0,16.0,32.0,0.12806193506103397
1.0,0.0,0.0,0.0,0.0,0.0,0.0,1.0,128.0,16.0,32.0,0.1527349190311041
1.0,0.0,0.0,0.0,0.0,0.0,0.0,2.0,128.0,16.0,32.0,0.13110680247958717
1.0,0.0,0.0,0.0,0.0,0.0,0.0,3.0,128.0,16.0,32.0,0.09366722193396876
1.0,0.0,0.0,0.0,0.0,0.0,0.0,4.0,128.0,16.0,32.0,0.09242469756137528
1.0,0.0,0.0,0.0,0.0,0.0,0.0,1.0,0.0,20.0,32.0,0.06727381960184609
1.0,0.0,0.0,0.0,0.0,0.0,0.0,2.0,0.0,20.0,32.0,0.06671400092847979
1.0,0.0,0.0,0.0,0.0,0.0,0.0,3.0,0.0,20.0,32.0,0.039665201125099026
1.0,0.0,0.0,0.0,0.0,0.0,0.0,4.0,0.0,20.0,32.0,0.03977443403697539
1.0,0.0,0.0,0.0,0.0,0.0,0.0,1.0,8.0,20.0,32.0,0.4125727081569677
1.0,0.0,0.0,0.0,0.0,0.0,0.0,2.0,8.0,20.0,32.0,0.3813184412463477
1.0,0.0,0.0,0.0,0.0,0.0,0.0,3.0,8.0,20.0,32.0,0.3231109533302385
1.0,0.0,0.0,0.0,0.0,0.0,0.0,4.0,8.0,20.0,32.0,0.3148365602556051
1.0,0.0,0.0,0.0,0.0,0.0,0.0,1.0,10.0,20.0,32.0,0.35649526202244747
1.0,0.0,0.0,0.0,0.0,0.0,0.0,2.0,10.0,20.0,32.0,0.33433463502553323
1.0,0.0,0.0,0.0,0.0,0.0,0.0,3.0,10.0,20.0,32.0,0.2780933395231984
1.0,0.0,0.0,0.0,0.0,0.0,0.0,4.0,10.0,20.0,32.0,0.26823506922635804
1.0,0.0,0.0,0.0,0.0,0.0,0.0,1.0,16.0,20.0,32.0,0.2803872306726018
1.0,0.0,0.0,0.0,0.0,0.0,0.0,2.0,16.0,20.0,32.0,0.25294246156366923
1.0,0.0,0.0,0.0,0.0,0.0,0.0,3.0,16.0,20.0,32.0,0.19962314645402662
1.0,0.0,0.0,0.0,0.0,0.0,0.0,4.0,16.0,20.0,32.0,0.19612769327398355
1.0,0.0,0.0,0.0,0.0,0.0,0.0,1.0,20.0,20.0,32.0,0.2621999508451897
1.0,0.0,0.0,0.0,0.0,0.0,0.0,2.0,20.0,20.0,32.0,0.250853382124034
1.0,0.0,0.0,0.0,0.0,0.0,0.0,3.0,20.0,20.0,32.0,0.18176356536224375
1.0,0.0,0.0,0.0,0.0,0.0,0.0,4.0,20.0,20.0,32.0,0.1802479587099593
1.0,0.0,0.0,0.0,0.0,0.0,0.0,1.0,32.0,20.0,32.0,0.23931565580709474
1.0,0.0,0.0,0.0,0.0,0.0,0.0,2.0,32.0,20.0,32.0,0.1967557825172725
1.0,0.0,0.0,0.0,0.0,0.0,0.0,3.0,32.0,20.0,32.0,0.15276222725907324
1.0,0.0,0.0,0.0,0.0,0.0,0.0,4.0,32.0,20.0,32.0,0.14951254813075182
1.0,0.0,0.0,0.0,0.0,0.0,0.0,1.0,64.0,20.0,32.0,0.21084682814932149
1.0,0.0,0.0,0.0,0.0,0.0,0.0,2.0,64.0,20.0,32.0,0.16241568584614546
1.0,0.0,0.0,0.0,0.0,0.0,0.0,3.0,64.0,20.0,32.0,0.12093448756110226
1.0,0.0,0.0,0.0,0.0,0.0,0.0,4.0,64.0,20.0,32.0,0.11872252109560616
1.0,0.0,0.0,0.0,0.0,0.0,0.0,1.0,128.0,20.0,32.0,0.1447336082361616
1.0,0.0,0.0,0.0,0.0,0.0,0.0,2.0,128.0,20.0,32.0,0.12761134929954399
1.0,0.0,0.0,0.0,0.0,0.0,0.0,3.0,128.0,20.0,32.0,0.09215161528168442
1.0,0.0,0.0,0.0,0.0,0.0,0.0,4.0,128.0,20.0,32.0,0.08962560419454385
1.0,0.0,0.0,0.0,0.0,0.0,0.0,1.0,0.0,32.0,32.0,0.060542341407466116
1.0,0.0,0.0,0.0,0.0,0.0,0.0,2.0,0.0,32.0,32.0,0.059845981594254416
1.0,0.0,0.0,0.0,0.0,0.0,0.0,3.0,0.0,32.0,32.0,0.03169119855812558
1.0,0.0,0.0,0.0,0.0,0.0,0.0,4.0,0.0,32.0,32.0,0.0321008219776619
1.0,0.0,0.0,0.0,0.0,0.0,0.0,1.0,8.0,32.0,32.0,0.3104535896665666
1.0,0.0,0.0,0.0,0.0,0.0,0.0,2.0,8.0,32.0,32.0,0.28691389715721355
1.0,0.0,0.0,0.0,0.0,0.0,0.0,3.0,8.0,32.0,32.0,0.2352467298397008
1.0,0.0,0.0,0.0,0.0,0.0,0.0,4.0,8.0,32.0,32.0,0.2263715557497475
1.0,0.0,0.0,0.0,0.0,0.0,0.0,1.0,10.0,32.0,32.0,0.2764275376170841
1.0,0.0,0.0,0.0,0.0,0.0,0.0,2.0,10.0,32.0,32.0,0.25766678500232126
1.0,0.0,0.0,0.0,0.0,0.0,0.0,3.0,10.0,32.0,32.0,0.20388323001720426
1.0,0.0,0.0,0.0,0.0,0.0,0.0,4.0,10.0,32.0,32.0,0.19472131953357547
1.0,0.0,0.0,0.0,0.0,0.0,0.0,1.0,16.0,32.0,32.0,0.22239820858024523
1.0,0.0,0.0,0.0,0.0,0.0,0.0,2.0,16.0,32.0,32.0,0.19914525246456766
1.0,0.0,0.0,0.0,0.0,0.0,0.0,3.0,16.0,32.0,32.0,0.15358147409814582
1.0,0.0,0.0,0.0,0.0,0.0,0.0,4.0,16.0,32.0,32.0,0.14918484939512278
1.0,0.0,0.0,0.0,0.0,0.0,0.0,1.0,20.0,32.0,32.0,0.21719599115213423
1.0,0.0,0.0,0.0,0.0,0.0,0.0,2.0,20.0,32.0,32.0,0.2072148338294329
1.0,0.0,0.0,0.0,0.0,0.0,0.0,3.0,20.0,32.0,32.0,0.14547093039132697
1.0,0.0,0.0,0.0,0.0,0.0,0.0,4.0,20.0,32.0,32.0,0.1401048635954013
1.0,0.0,0.0,0.0,0.0,0.0,0.0,1.0,32.0,32.0,32.0,0.20866216991179448
1.0,0.0,0.0,0.0,0.0,0.0,0.0,2.0,32.0,32.0,32.0,0.16159643900707293
1.0,0.0,0.0,0.0,0.0,0.0,0.0,3.0,32.0,32.0,32.0,0.1243753242852072
1.0,0.0,0.0,0.0,0.0,0.0,0.0,4.0,32.0,32.0,32.0,0.11885906223545156
1.0,0.0,0.0,0.0,0.0,0.0,0.0,1.0,64.0,32.0,32.0,0.19734290941860794
1.0,0.0,0.0,0.0,0.0,0.0,0.0,2.0,64.0,32.0,32.0,0.13974985663180323
1.0,0.0,0.0,0.0,0.0,0.0,0.0,3.0,64.0,32.0,32.0,0.10510936945301624
1.0,0.0,0.0,0.0,0.0,0.0,0.0,4.0,64.0,32.0,32.0,0.0986919358802808
1.0,0.0,0.0,0.0,0.0,0.0,0.0,1.0,128.0,32.0,32.0,0.1453343892514815
1.0,0.0,0.0,0.0,0.0,0.0,0.0,2.0,128.0,32.0,32.0,0.12843059613861657
1.0,0.0,0.0,0.0,0.0,0.0,0.0,3.0,128.0,32.0,32.0,0.09941560392146154
1.0,0.0,0.0,0.0,0.0,0.0,0.0,4.0,128.0,32.0,32.0,0.09495070864851585
1.0,0.0,0.0,0.0,0.0,0.0,0.0,1.0,0.0,64.0,32.0,0.06084273191512607
1.0,0.0,0.0,0.0,0.0,0.0,0.0,2.0,0.0,64.0,32.0,0.05991425216417712
1.0,0.0,0.0,0.0,0.0,0.0,0.0,3.0,0.0,64.0,32.0,0.0355416587017669
1.0,0.0,0.0,0.0,0.0,0.0,0.0,4.0,0.0,64.0,32.0,0.035487042245828715
1.0,0.0,0.0,0.0,0.0,0.0,0.0,1.0,8.0,64.0,32.0,0.2318058931155958
1.0,0.0,0.0,0.0,0.0,0.0,0.0,2.0,8.0,64.0,32.0,0.21047816707173878
1.0,0.0,0.0,0.0,0.0,0.0,0.0,3.0,8.0,64.0,32.0,0.1620743329965319
1.0,0.0,0.0,0.0,0.0,0.0,0.0,4.0,8.0,64.0,32.0,0.15325377536251678
1.0,0.0,0.0,0.0,0.0,0.0,0.0,1.0,10.0,64.0,32.0,0.21064201643955333
1.0,0.0,0.0,0.0,0.0,0.0,0.0,2.0,10.0,64.0,32.0,0.1946120866216992
1.0,0.0,0.0,0.0,0.0,0.0,0.0,3.0,10.0,64.0,32.0,0.14454245064037796
1.0,0.0,0.0,0.0,0.0,0.0,0.0,4.0,10.0,64.0,32.0,0.13652748573145096
1.0,0.0,0.0,0.0,0.0,0.0,0.0,1.0,16.0,64.0,32.0,0.18045277041972746
1.0,0.0,0.0,0.0,0.0,0.0,0.0,2.0,16.0,64.0,32.0,0.1559436358174719
1.0,0.0,0.0,0.0,0.0,0.0,0.0,3.0,16.0,64.0,32.0,0.11589611950080564
1.0,0.0,0.0,0.0,0.0,0.0,0.0,4.0,16.0,64.0,32.0,0.11012042928534371
1.0,0.0,0.0,0.0,0.0,0.0,0.0,1.0,20.0,64.0,32.0,0.18409841885360062
1.0,0.0,0.0,0.0,0.0,0.0,0.0,2.0,20.0,64.0,32.0,0.17288839127229044
1.0,0.0,0.0,0.0,0.0,0.0,0.0,3.0,20.0,64.0,32.0,0.11410743056883049
1.0,0.0,0.0,0.0,0.0,0.0,0.0,4.0,20.0,64.0,32.0,0.1073349900324968
1.0,0.0,0.0,0.0,0.0,0.0,0.0,1.0,32.0,64.0,32.0,0.1884267729867009
1.0,0.0,0.0,0.0,0.0,0.0,0.0,2.0,32.0,64.0,32.0,0.13654113984543548
1.0,0.0,0.0,0.0,0.0,0.0,0.0,3.0,32.0,64.0,32.0,0.10375761216854645
1.0,0.0,0.0,0.0,0.0,0.0,0.0,4.0,32.0,64.0,32.0,0.09732652448182644
1.0,0.0,0.0,0.0,0.0,0.0,0.0,1.0,64.0,64.0,32.0,0.20919468035719163
1.0,0.0,0.0,0.0,0.0,0.0,0.0,2.0,64.0,64.0,32.0,0.13744231136841534
1.0,0.0,0.0,0.0,0.0,0.0,0.0,3.0,64.0,64.0,32.0,0.10588765395013522
1.0,0.0,0.0,0.0,0.0,0.0,0.0,4.0,64.0,64.0,32.0,0.09361260547803057
1.0,0.0,0.0,0.0,0.0,0.0,0.0,1.0,128.0,64.0,32.0,0.1470821158415031
1.0,0.0,0.0,0.0,0.0,0.0,0.0,2.0,128.0,64.0,32.0,0.12223162838963386
1.0,0.0,0.0,0.0,0.0,0.0,0.0,3.0,128.0,64.0,32.0,0.10143641279117405
1.0,0.0,0.0,0.0,0.0,0.0,0.0,4.0,128.0,64.0,32.0,0.0911139026188591
1.0,0.0,0.0,0.0,0.0,0.0,0.0,1.0,0.0,128.0,32.0,0.1740216827330075
1.0,0.0,0.0,0.0,0.0,0.0,0.0,2.0,0.0,128.0,32.0,0.1757011387531064
1.0,0.0,0.0,0.0,0.0,0.0,0.0,3.0,0.0,128.0,32.0,0.15392282694775944
1.0,0.0,0.0,0.0,0.0,0.0,0.0,4.0,0.0,128.0,32.0,0.1550561184084765
1.0,0.0,0.0,0.0,0.0,0.0,0.0,1.0,8.0,128.0,32.0,0.20235396925093535
1.0,0.0,0.0,0.0,0.0,0.0,0.0,2.0,8.0,128.0,32.0,0.18437150113329154
1.0,0.0,0.0,0.0,0.0,0.0,0.0,3.0,8.0,128.0,32.0,0.13577650946230108
1.0,0.0,0.0,0.0,0.0,0.0,0.0,4.0,8.0,128.0,32.0,0.1392310003003906
1.0,0.0,0.0,0.0,0.0,0.0,0.0,1.0,10.0,128.0,32.0,0.19091182173188787
1.0,0.0,0.0,0.0,0.0,0.0,0.0,2.0,10.0,128.0,32.0,0.1764384609082717
1.0,0.0,0.0,0.0,0.0,0.0,0.0,3.0,10.0,128.0,32.0,0.12847155848057024
1.0,0.0,0.0,0.0,0.0,0.0,0.0,4.0,10.0,128.0,32.0,0.13319588191922233
1.0,0.0,0.0,0.0,0.0,0.0,0.0,1.0,16.0,128.0,32.0,0.18026161282394398
1.0,0.0,0.0,0.0,0.0,0.0,0.0,2.0,16.0,128.0,32.0,0.15325377536251678
1.0,0.0,0.0,0.0,0.0,0.0,0.0,3.0,16.0,128.0,32.0,0.11726153089926
1.0,0.0,0.0,0.0,0.0,0.0,0.0,4.0,16.0,128.0,32.0,0.11593708184275925
1.0,0.0,0.0,0.0,0.0,0.0,0.0,1.0,20.0,128.0,32.0,0.19111663344165603
1.0,0.0,0.0,0.0,0.0,0.0,0.0,2.0,20.0,128.0,32.0,0.18058931155957297
1.0,0.0,0.0,0.0,0.0,0.0,0.0,3.0,20.0,128.0,32.0,0.12033370654578229
1.0,0.0,0.0,0.0,0.0,0.0,0.0,4.0,20.0,128.0,32.0,0.11559572899314569
1.0,0.0,0.0,0.0,0.0,0.0,0.0,1.0,32.0,128.0,32.0,0.20919468035719163
1.0,0.0,0.0,0.0,0.0,0.0,0.0,2.0,32.0,128.0,32.0,0.14923946585106096
1.0,0.0,0.0,0.0,0.0,0.0,0.0,3.0,32.0,128.0,32.0,0.11973292553046239
1.0,0.0,0.0,0.0,0.0,0.0,0.0,4.0,32.0,128.0,32.0,0.11530899259947025
1.0,0.0,0.0,0.0,0.0,0.0,0.0,1.0,64.0,128.0,32.0,0.2179469674212841
1.0,0.0,0.0,0.0,0.0,0.0,0.0,2.0,64.0,128.0,32.0,0.14507496108577517
1.0,0.0,0.0,0.0,0.0,0.0,0.0,3.0,64.0,128.0,32.0,0.11890002457740523
1.0,0.0,0.0,0.0,0.0,0.0,0.0,4.0,64.0,128.0,32.0,0.10502744476910902
1.0,0.0,0.0,0.0,0.0,0.0,0.0,1.0,128.0,128.0,32.0,0.16883311941888096
1.0,0.0,0.0,0.0,0.0,0.0,0.0,2.0,128.0,128.0,32.0,0.131052186023649
1.0,0.0,0.0,0.0,0.0,0.0,0.0,3.0,128.0,128.0,32.0,0.11681094513777007
1.0,0.0,0.0,0.0,0.0,0.0,0.0,4.0,128.0,128.0,32.0,0.09912886752778616
1.0,0.0,0.0,0.0,0.0,0.0,0.0,1.0,0.0,0.0,64.0,0.22030912914061024
1.0,0.0,0.0,0.0,0.0,0.0,0.0,2.0,0.0,0.0,64.0,0.21902564242606298
1.0,0.0,0.0,0.0,0.0,0.0,0.0,3.0,0.0,0.0,64.0,0.20789753952866002
1.0,0.0,0.0,0.0,0.0,0.0,0.0,4.0,0.0,0.0,64.0,0.20796581009858278
1.0,0.0,0.0,0.0,0.0,0.0,0.0,1.0,8.0,0.0,64.0,0.3430869220896257
1.0,0.0,0.0,0.0,0.0,0.0,0.0,2.0,8.0,0.0,64.0,0.36292634970916754
1.0,0.0,0.0,0.0,0.0,0.0,0.0,3.0,8.0,0.0,64.0,0.289439908244354
1.0,0.0,0.0,0.0,0.0,0.0,0.0,4.0,8.0,0.0,64.0,0.2954067560555997
1.0,0.0,0.0,0.0,0.0,0.0,0.0,1.0,10.0,0.0,64.0,0.3138534640487179
1.0,0.0,0.0,0.0,0.0,0.0,0.0,2.0,10.0,0.0,64.0,0.2866544689915072
1.0,0.0,0.0,0.0,0.0,0.0,0.0,3.0,10.0,0.0,64.0,0.25893661760288383
1.0,0.0,0.0,0.0,0.0,0.0,0.0,4.0,10.0,0.0,64.0,0.26757967175509995
1.0,0.0,0.0,0.0,0.0,0.0,0.0,1.0,16.0,0.0,64.0,0.2703104945520087
1.0,0.0,0.0,0.0,0.0,0.0,0.0,2.0,16.0,0.0,64.0,0.2546765340397063
1.0,0.0,0.0,0.0,0.0,0.0,0.0,3.0,16.0,0.0,64.0,0.19981430404981032
1.0,0.0,0.0,0.0,0.0,0.0,0.0,4.0,16.0,0.0,64.0,0.19877659138698495
1.0,0.0,0.0,0.0,0.0,0.0,0.0,1.0,20.0,0.0,64.0,0.2570933122149704
1.0,0.0,0.0,0.0,0.0,0.0,0.0,2.0,20.0,0.0,64.0,0.2095360332068053
1.0,0.0,0.0,0.0,0.0,0.0,0.0,3.0,20.0,0.0,64.0,0.17981102706245394
1.0,0.0,0.0,0.0,0.0,0.0,0.0,4.0,20.0,0.0,64.0,0.17804964635844783
1.0,0.0,0.0,0.0,0.0,0.0,0.0,1.0,32.0,0.0,64.0,0.2343182500887518
1.0,0.0,0.0,0.0,0.0,0.0,0.0,2.0,32.0,0.0,64.0,0.19098009230181062
1.0,0.0,0.0,0.0,0.0,0.0,0.0,3.0,32.0,0.0,64.0,0.14579862912695601
1.0,0.0,0.0,0.0,0.0,0.0,0.0,4.0,32.0,0.0,64.0,0.14355935443349088
1.0,0.0,0.0,0.0,0.0,0.0,0.0,1.0,64.0,0.0,64.0,0.2779158360413993
1.0,0.0,0.0,0.0,0.0,0.0,0.0,2.0,64.0,0.0,64.0,0.30824162320107057
1.0,0.0,0.0,0.0,0.0,0.0,0.0,3.0,64.0,0.0,64.0,0.16232010704825367
1.0,0.0,0.0,0.0,0.0,0.0,0.0,4.0,64.0,0.0,64.0,0.2413364646768072
1.0,0.0,0.0,0.0,0.0,0.0,0.0,1.0,128.0,0.0,64.0,0.30189246019825783
1.0,0.0,0.0,0.0,0.0,0.0,0.0,2.0,128.0,0.0,64.0,0.32517272454190466
1.0,0.0,0.0,0.0,0.0,0.0,0.0,3.0,128.0,0.0,64.0,0.2580764084218576
1.0,0.0,0.0,0.0,0.0,0.0,0.0,4.0,128.0,0.0,64.0,0.29996723012643717
1.0,0.0,0.0,0.0,0.0,0.0,0.0,1.0,0.0,8.0,64.0,0.0773095933804856
1.0,0.0,0.0,0.0,0.0,0.0,0.0,2.0,0.0,8.0,64.0,0.07371856140255062
1.0,0.0,0.0,0.0,0.0,0.0,0.0,3.0,0.0,8.0,64.0,0.061730249324121356
1.0,0.0,0.0,0.0,0.0,0.0,0.0,4.0,0.0,8.0,64.0,0.06127966356263148
1.0,0.0,0.0,0.0,0.0,0.0,0.0,1.0,8.0,8.0,64.0,0.7671700483355637
1.0,0.0,0.0,0.0,0.0,0.0,0.0,2.0,8.0,8.0,64.0,0.7506212621862969
1.0,0.0,0.0,0.0,0.0,0.0,0.0,3.0,8.0,8.0,64.0,0.6658428684562661
1.0,0.0,0.0,0.0,0.0,0.0,0.0,4.0,8.0,8.0,64.0,0.666976159916983
1.0,0.0,0.0,0.0,0.0,0.0,0.0,1.0,10.0,8.0,64.0,0.6579234823452307
1.0,0.0,0.0,0.0,0.0,0.0,0.0,2.0,10.0,8.0,64.0,0.6221497037057266
1.0,0.0,0.0,0.0,0.0,0.0,0.0,3.0,10.0,8.0,64.0,0.5687621180261615
1.0,0.0,0.0,0.0,0.0,0.0,0.0,4.0,10.0,8.0,64.0,0.5579344056364184
1.0,0.0,0.0,0.0,0.0,0.0,0.0,1.0,16.0,8.0,64.0,0.47867227395614315
1.0,0.0,0.0,0.0,0.0,0.0,0.0,2.0,16.0,8.0,64.0,0.45053114503399877
1.0,0.0,0.0,0.0,0.0,0.0,0.0,3.0,16.0,8.0,64.0,0.38152325295611583
1.0,0.0,0.0,0.0,0.0,0.0,0.0,4.0,16.0,8.0,64.0,0.3876812583631449
1.0,0.0,0.0,0.0,0.0,0.0,0.0,1.0,20.0,8.0,64.0,0.42595373986182045
1.0,0.0,0.0,0.0,0.0,0.0,0.0,2.0,20.0,8.0,64.0,0.4077528059204239
1.0,0.0,0.0,0.0,0.0,0.0,0.0,3.0,20.0,8.0,64.0,0.3395505065676289
1.0,0.0,0.0,0.0,0.0,0.0,0.0,4.0,20.0,8.0,64.0,0.34153035309538765
1.0,0.0,0.0,0.0,0.0,0.0,0.0,1.0,32.0,8.0,64.0,0.3469510363472516
1.0,0.0,0.0,0.0,0.0,0.0,0.0,2.0,32.0,8.0,64.0,0.31430404981020793
1.0,0.0,0.0,0.0,0.0,0.0,0.0,3.0,32.0,8.0,64.0,0.2635926704716132
1.0,0.0,0.0,0.0,0.0,0.0,0.0,4.0,32.0,8.0,64.0,0.2659684863049237
1.0,0.0,0.0,0.0,0.0,0.0,0.0,1.0,64.0,8.0,64.0,0.2647532701602994
1.0,0.0,0.0,0.0,0.0,0.0,0.0,2.0,64.0,8.0,64.0,0.2262759769518557
1.0,0.0,0.0,0.0,0.0,0.0,0.0,3.0,64.0,8.0,64.0,0.18153144542450644
1.0,0.0,0.0,0.0,0.0,0.0,0.0,4.0,64.0,8.0,64.0,0.18205030175591913
1.0,0.0,0.0,0.0,0.0,0.0,0.0,1.0,128.0,8.0,64.0,0.18323820967257437
1.0,0.0,0.0,0.0,0.0,0.0,0.0,2.0,128.0,8.0,64.0,0.16623883776181764
1.0,0.0,0.0,0.0,0.0,0.0,0.0,3.0,128.0,8.0,64.0,0.12075698407930313
1.0,0.0,0.0,0.0,0.0,0.0,0.0,4.0,128.0,8.0,64.0,0.1215352685764221
1.0,0.0,0.0,0.0,0.0,0.0,0.0,1.0,0.0,10.0,64.0,0.10691171249897596
1.0,0.0,0.0,0.0,0.0,0.0,0.0,2.0,0.0,10.0,64.0,0.10307490646931927
1.0,0.0,0.0,0.0,0.0,0.0,0.0,3.0,0.0,10.0,64.0,0.07774652502799101
1.0,0.0,0.0,0.0,0.0,0.0,0.0,4.0,0.0,10.0,64.0,0.07811518610557361
1.0,0.0,0.0,0.0,0.0,0.0,0.0,1.0,8.0,10.0,64.0,0.7096862284606353
1.0,0.0,0.0,0.0,0.0,0.0,0.0,2.0,8.0,10.0,64.0,0.6730112782981514
1.0,0.0,0.0,0.0,0.0,0.0,0.0,3.0,8.0,10.0,64.0,0.6032114476091648
1.0,0.0,0.0,0.0,0.0,0.0,0.0,4.0,8.0,10.0,64.0,0.5928479750948963
1.0,0.0,0.0,0.0,0.0,0.0,0.0,1.0,10.0,10.0,64.0,0.6082634697834459
1.0,0.0,0.0,0.0,0.0,0.0,0.0,2.0,10.0,10.0,64.0,0.5790982823124609
1.0,0.0,0.0,0.0,0.0,0.0,0.0,3.0,10.0,10.0,64.0,0.5061033889510911
1.0,0.0,0.0,0.0,0.0,0.0,0.0,4.0,10.0,10.0,64.0,0.4897184521696388
1.0,0.0,0.0,0.0,0.0,0.0,0.0,1.0,16.0,10.0,64.0,0.45802725361151325
1.0,0.0,0.0,0.0,0.0,0.0,0.0,2.0,16.0,10.0,64.0,0.4250525683388407
1.0,0.0,0.0,0.0,0.0,0.0,0.0,3.0,16.0,10.0,64.0,0.3620661405281413
1.0,0.0,0.0,0.0,0.0,0.0,0.0,4.0,16.0,10.0,64.0,0.3573008547475354
1.0,0.0,0.0,0.0,0.0,0.0,0.0,1.0,20.0,10.0,64.0,0.42027362844425037
1.0,0.0,0.0,0.0,0.0,0.0,0.0,2.0,20.0,10.0,64.0,0.40489909609765434
1.0,0.0,0.0,0.0,0.0,0.0,0.0,3.0,20.0,10.0,64.0,0.32186842895764495
1.0,0.0,0.0,0.0,0.0,0.0,0.0,4.0,20.0,10.0,64.0,0.31954722958027254
1.0,0.0,0.0,0.0,0.0,0.0,0.0,1.0,32.0,10.0,64.0,0.3585297250061444
1.0,0.0,0.0,0.0,0.0,0.0,0.0,2.0,32.0,10.0,64.0,0.31601081405827586
1.0,0.0,0.0,0.0,0.0,0.0,0.0,3.0,32.0,10.0,64.0,0.26022010431743087
1.0,0.0,0.0,0.0,0.0,0.0,0.0,4.0,32.0,10.0,64.0,0.2585816106392857
1.0,0.0,0.0,0.0,0.0,0.0,0.0,1.0,64.0,10.0,64.0,0.298506239930091
1.0,0.0,0.0,0.0,0.0,0.0,0.0,2.0,64.0,10.0,64.0,0.2498020153472243
1.0,0.0,0.0,0.0,0.0,0.0,0.0,3.0,64.0,10.0,64.0,0.19506267238318914
1.0,0.0,0.0,0.0,0.0,0.0,0.0,4.0,64.0,10.0,64.0,0.19280974357573938
1.0,0.0,0.0,0.0,0.0,0.0,0.0,1.0,128.0,10.0,64.0,0.207720036046861
1.0,0.0,0.0,0.0,0.0,0.0,0.0,2.0,128.0,10.0,64.0,0.189833146727109
1.0,0.0,0.0,0.0,0.0,0.0,0.0,3.0,128.0,10.0,64.0,0.14189355252737657
1.0,0.0,0.0,0.0,0.0,0.0,0.0,4.0,128.0,10.0,64.0,0.14172970315956201
1.0,0.0,0.0,0.0,0.0,0.0,0.0,1.0,0.0,16.0,64.0,0.06930828258554306
1.0,0.0,0.0,0.0,0.0,0.0,0.0,2.0,0.0,16.0,64.0,0.06656380567464981
1.0,0.0,0.0,0.0,0.0,0.0,0.0,3.0,0.0,16.0,64.0,0.042450640377945936
1.0,0.0,0.0,0.0,0.0,0.0,0.0,4.0,0.0,16.0,64.0,0.042013708730440524
1.0,0.0,0.0,0.0,0.0,0.0,0.0,1.0,8.0,16.0,64.0,0.4725688850050522
1.0,0.0,0.0,0.0,0.0,0.0,0.0,2.0,8.0,16.0,64.0,0.4437450503836807
1.0,0.0,0.0,0.0,0.0,0.0,0.0,3.0,8.0,16.0,64.0,0.38119555422048673
1.0,0.0,0.0,0.0,0.0,0.0,0.0,4.0,8.0,16.0,64.0,0.37621180261612824
1.0,0.0,0.0,0.0,0.0,0.0,0.0,1.0,10.0,16.0,64.0,0.41019689232365725
1.0,0.0,0.0,0.0,0.0,0.0,0.0,2.0,10.0,16.0,64.0,0.3874901007673613
1.0,0.0,0.0,0.0,0.0,0.0,0.0,3.0,10.0,16.0,64.0,0.3277533520849833
1.0,0.0,0.0,0.0,0.0,0.0,0.0,4.0,10.0,16.0,64.0,0.314932139053497
1.0,0.0,0.0,0.0,0.0,0.0,0.0,1.0,16.0,16.0,64.0,0.3114230317594691
1.0,0.0,0.0,0.0,0.0,0.0,0.0,2.0,16.0,16.0,64.0,0.2871187088669816
1.0,0.0,0.0,0.0,0.0,0.0,0.0,3.0,16.0,16.0,64.0,0.23251590704279207
1.0,0.0,0.0,0.0,0.0,0.0,0.0,4.0,16.0,16.0,64.0,0.22876102569704254
1.0,0.0,0.0,0.0,0.0,0.0,0.0,1.0,20.0,16.0,64.0,0.2895491411562305
1.0,0.0,0.0,0.0,0.0,0.0,0.0,2.0,20.0,16.0,64.0,0.2787077746525029
1.0,0.0,0.0,0.0,0.0,0.0,0.0,3.0,20.0,16.0,64.0,0.20998661896829524
1.0,0.0,0.0,0.0,0.0,0.0,0.0,4.0,20.0,16.0,64.0,0.20822523826428913
1.0,0.0,0.0,0.0,0.0,0.0,0.0,1.0,32.0,16.0,64.0,0.254621917583768
1.0,0.0,0.0,0.0,0.0,0.0,0.0,2.0,32.0,16.0,64.0,0.21583057975367986
1.0,0.0,0.0,0.0,0.0,0.0,0.0,3.0,32.0,16.0,64.0,0.17000737322155174
1.0,0.0,0.0,0.0,0.0,0.0,0.0,4.0,32.0,16.0,64.0,0.16869657827903556
1.0,0.0,0.0,0.0,0.0,0.0,0.0,1.0,64.0,16.0,64.0,0.2259482782162266
1.0,0.0,0.0,0.0,0.0,0.0,0.0,2.0,64.0,16.0,64.0,0.18147682896856826
1.0,0.0,0.0,0.0,0.0,0.0,0.0,3.0,64.0,16.0,64.0,0.13682787623911086
1.0,0.0,0.0,0.0,0.0,0.0,0.0,4.0,64.0,16.0,64.0,0.13521669078893478
1.0,0.0,0.0,0.0,0.0,0.0,0.0,1.0,128.0,16.0,64.0,0.16595210136814226
1.0,0.0,0.0,0.0,0.0,0.0,0.0,2.0,128.0,16.0,64.0,0.14037794587509222
1.0,0.0,0.0,0.0,0.0,0.0,0.0,3.0,128.0,16.0,64.0,0.10678882547311508
1.0,0.0,0.0,0.0,0.0,0.0,0.0,4.0,128.0,16.0,64.0,0.10509571533903173
1.0,0.0,0.0,0.0,0.0,0.0,0.0,1.0,0.0,20.0,64.0,0.06422895218329289
1.0,0.0,0.0,0.0,0.0,0.0,0.0,2.0,0.0,20.0,64.0,0.06220814331358038
1.0,0.0,0.0,0.0,0.0,0.0,0.0,3.0,0.0,20.0,64.0,0.036101477375133195
1.0,0.0,0.0,0.0,0.0,0.0,0.0,4.0,0.0,20.0,64.0,0.03641552199677772
1.0,0.0,0.0,0.0,0.0,0.0,0.0,1.0,8.0,20.0,64.0,0.4128730986646277
1.0,0.0,0.0,0.0,0.0,0.0,0.0,2.0,8.0,20.0,64.0,0.3863158469646905
1.0,0.0,0.0,0.0,0.0,0.0,0.0,3.0,8.0,20.0,64.0,0.32317922390016124
1.0,0.0,0.0,0.0,0.0,0.0,0.0,4.0,8.0,20.0,64.0,0.3151506048772496
1.0,0.0,0.0,0.0,0.0,0.0,0.0,1.0,10.0,20.0,64.0,0.3589803107676343
1.0,0.0,0.0,0.0,0.0,0.0,0.0,2.0,10.0,20.0,64.0,0.3390862666921544
1.0,0.0,0.0,0.0,0.0,0.0,0.0,3.0,10.0,20.0,64.0,0.27835276768890477
1.0,0.0,0.0,0.0,0.0,0.0,0.0,4.0,10.0,20.0,64.0,0.2696960594227042
1.0,0.0,0.0,0.0,0.0,0.0,0.0,1.0,16.0,20.0,64.0,0.2823943854283297
1.0,0.0,0.0,0.0,0.0,0.0,0.0,2.0,16.0,20.0,64.0,0.25638329828777423
1.0,0.0,0.0,0.0,0.0,0.0,0.0,3.0,16.0,20.0,64.0,0.20031950626723832
1.0,0.0,0.0,0.0,0.0,0.0,0.0,4.0,16.0,20.0,64.0,0.19780714929408244
1.0,0.0,0.0,0.0,0.0,0.0,0.0,1.0,20.0,20.0,64.0,0.2630465059122315
1.0,0.0,0.0,0.0,0.0,0.0,0.0,2.0,20.0,20.0,64.0,0.2518501324449058
1.0,0.0,0.0,0.0,0.0,0.0,0.0,3.0,20.0,20.0,64.0,0.1836887954340644
1.0,0.0,0.0,0.0,0.0,0.0,0.0,4.0,20.0,20.0,64.0,0.18191376061607373
1.0,0.0,0.0,0.0,0.0,0.0,0.0,1.0,32.0,20.0,64.0,0.2394795051749093
1.0,0.0,0.0,0.0,0.0,0.0,0.0,2.0,32.0,20.0,64.0,0.19817581037166504
1.0,0.0,0.0,0.0,0.0,0.0,0.0,3.0,32.0,20.0,64.0,0.15344493295830042
1.0,0.0,0.0,0.0,0.0,0.0,0.0,4.0,32.0,20.0,64.0,0.1506594937054535
1.0,0.0,0.0,0.0,0.0,0.0,0.0,1.0,64.0,20.0,64.0,0.21987219749310466
1.0,0.0,0.0,0.0,0.0,0.0,0.0,2.0,64.0,20.0,64.0,0.17000737322155174
1.0,0.0,0.0,0.0,0.0,0.0,0.0,3.0,64.0,20.0,64.0,0.12666921543461052
1.0,0.0,0.0,0.0,0.0,0.0,0.0,4.0,64.0,20.0,64.0,0.12418416668942356
1.0,0.0,0.0,0.0,0.0,0.0,0.0,1.0,128.0,20.0,64.0,0.15674922854255996
1.0,0.0,0.0,0.0,0.0,0.0,0.0,2.0,128.0,20.0,64.0,0.13491630028127477
1.0,0.0,0.0,0.0,0.0,0.0,0.0,3.0,128.0,20.0,64.0,0.10153199158906584
1.0,0.0,0.0,0.0,0.0,0.0,0.0,4.0,128.0,20.0,64.0,0.10018023430459605
1.0,0.0,0.0,0.0,0.0,0.0,0.0,1.0,0.0,32.0,64.0,0.05624129550233492
1.0,0.0,0.0,0.0,0.0,0.0,0.0,2.0,0.0,32.0,64.0,0.05549031923318498
1.0,0.0,0.0,0.0,0.0,0.0,0.0,3.0,0.0,32.0,64.0,0.027581310248777968
1.0,0.0,0.0,0.0,0.0,0.0,0.0,4.0,0.0,32.0,64.0,0.027799776072530646
1.0,0.0,0.0,0.0,0.0,0.0,0.0,1.0,8.0,32.0,64.0,0.3126928643600317
1.0,0.0,0.0,0.0,0.0,0.0,0.0,2.0,8.0,32.0,64.0,0.28983587754990586
1.0,0.0,0.0,0.0,0.0,0.0,0.0,3.0,8.0,32.0,64.0,0.2337038149594473
1.0,0.0,0.0,0.0,0.0,0.0,0.0,4.0,8.0,32.0,64.0,0.22536115131489126
1.0,0.0,0.0,0.0,0.0,0.0,0.0,1.0,10.0,32.0,64.0,0.2765094623009913
1.0,0.0,0.0,0.0,0.0,0.0,0.0,2.0,10.0,32.0,64.0,0.26004260083563185
1.0,0.0,0.0,0.0,0.0,0.0,0.0,3.0,10.0,32.0,64.0,0.2039105382451733
1.0,0.0,0.0,0.0,0.0,0.0,0.0,4.0,10.0,32.0,64.0,0.1955405663726481
1.0,0.0,0.0,0.0,0.0,0.0,0.0,1.0,16.0,32.0,64.0,0.22400939403042136
1.0,0.0,0.0,0.0,0.0,0.0,0.0,2.0,16.0,32.0,64.0,0.20038777683716108
1.0,0.0,0.0,0.0,0.0,0.0,0.0,3.0,16.0,32.0,64.0,0.15445533739315664
1.0,0.0,0.0,0.0,0.0,0.0,0.0,4.0,16.0,32.0,64.0,0.15106911712498983
1.0,0.0,0.0,0.0,0.0,0.0,0.0,1.0,20.0,32.0,64.0,0.21964007755536746
1.0,0.0,0.0,0.0,0.0,0.0,0.0,2.0,20.0,32.0,64.0,0.21027335536197062
1.0,0.0,0.0,0.0,0.0,0.0,0.0,3.0,20.0,32.0,64.0,0.1465905677380595
1.0,0.0,0.0,0.0,0.0,0.0,0.0,4.0,20.0,32.0,64.0,0.1418116278434693
1.0,0.0,0.0,0.0,0.0,0.0,0.0,1.0,32.0,32.0,64.0,0.21192550315410036
1.0,0.0,0.0,0.0,0.0,0.0,0.0,2.0,32.0,32.0,64.0,0.16424533712007433
1.0,0.0,0.0,0.0,0.0,0.0,0.0,3.0,32.0,32.0,64.0,0.12645074961085778
1.0,0.0,0.0,0.0,0.0,0.0,0.0,4.0,32.0,32.0,64.0,0.12092083344711763
1.0,0.0,0.0,0.0,0.0,0.0,0.0,1.0,64.0,32.0,64.0,0.20983642371446526
1.0,0.0,0.0,0.0,0.0,0.0,0.0,2.0,64.0,32.0,64.0,0.15022256205794815
1.0,0.0,0.0,0.0,0.0,0.0,0.0,3.0,64.0,32.0,64.0,0.11473551981211944
1.0,0.0,0.0,0.0,0.0,0.0,0.0,4.0,64.0,32.0,64.0,0.10876867200087387
1.0,0.0,0.0,0.0,0.0,0.0,0.0,1.0,128.0,32.0,64.0,0.1472732734372867
1.0,0.0,0.0,0.0,0.0,0.0,0.0,2.0,128.0,32.0,64.0,0.1293181135476119
1.0,0.0,0.0,0.0,0.0,0.0,0.0,3.0,128.0,32.0,64.0,0.10139545044922038
1.0,0.0,0.0,0.0,0.0,0.0,0.0,4.0,128.0,32.0,64.0,0.09795461372511544
1.0,0.0,0.0,0.0,0.0,0.0,0.0,1.0,0.0,64.0,64.0,0.05716977525328387
1.0,0.0,0.0,0.0,0.0,0.0,0.0,2.0,0.0,64.0,64.0,0.056063792020535796
1.0,0.0,0.0,0.0,0.0,0.0,0.0,3.0,0.0,64.0,64.0,0.032073513749692806
1.0,0.0,0.0,0.0,0.0,0.0,0.0,4.0,0.0,64.0,64.0,0.030598869439362075
1.0,0.0,0.0,0.0,0.0,0.0,0.0,1.0,8.0,64.0,64.0,0.2405445260657037
1.0,0.0,0.0,0.0,0.0,0.0,0.0,2.0,8.0,64.0,64.0,0.22160626996914184
1.0,0.0,0.0,0.0,0.0,0.0,0.0,3.0,8.0,64.0,64.0,0.1711406646822688
1.0,0.0,0.0,0.0,0.0,0.0,0.0,4.0,8.0,64.0,64.0,0.17316147355198125
1.0,0.0,0.0,0.0,0.0,0.0,0.0,1.0,10.0,64.0,64.0,0.22239820858024523
1.0,0.0,0.0,0.0,0.0,0.0,0.0,2.0,10.0,64.0,64.0,0.20639558699036026
1.0,0.0,0.0,0.0,0.0,0.0,0.0,3.0,10.0,64.0,64.0,0.15610748518528644
1.0,0.0,0.0,0.0,0.0,0.0,0.0,4.0,10.0,64.0,64.0,0.15994429121494308
1.0,0.0,0.0,0.0,0.0,0.0,0.0,1.0,16.0,64.0,64.0,0.2002785439252847
1.0,0.0,0.0,0.0,0.0,0.0,0.0,2.0,16.0,64.0,64.0,0.17306589475408946
1.0,0.0,0.0,0.0,0.0,0.0,0.0,3.0,16.0,64.0,64.0,0.13502553319315114
1.0,0.0,0.0,0.0,0.0,0.0,0.0,4.0,16.0,64.0,64.0,0.13024659329856092
1.0,0.0,0.0,0.0,0.0,0.0,0.0,1.0,20.0,64.0,64.0,0.20709194680357196
1.0,0.0,0.0,0.0,0.0,0.0,0.0,2.0,20.0,64.0,64.0,0.1954040252328027
1.0,0.0,0.0,0.0,0.0,0.0,0.0,3.0,20.0,64.0,64.0,0.1335508888828204
1.0,0.0,0.0,0.0,0.0,0.0,0.0,4.0,20.0,64.0,64.0,0.12833501734072483
1.0,0.0,0.0,0.0,0.0,0.0,0.0,1.0,32.0,64.0,64.0,0.21333187689450833
1.0,0.0,0.0,0.0,0.0,0.0,0.0,2.0,32.0,64.0,64.0,0.15521996777629105
1.0,0.0,0.0,0.0,0.0,0.0,0.0,3.0,32.0,64.0,64.0,0.12434801605723811
1.0,0.0,0.0,0.0,0.0,0.0,0.0,4.0,32.0,64.0,64.0,0.1171249897594146
1.0,0.0,0.0,0.0,0.0,0.0,0.0,1.0,64.0,64.0,64.0,0.21977661869521287
1.0,0.0,0.0,0.0,0.0,0.0,0.0,2.0,64.0,64.0,64.0,0.14110161391627302
1.0,0.0,0.0,0.0,0.0,0.0,0.0,3.0,64.0,64.0,64.0,0.11586881127283655
1.0,0.0,0.0,0.0,0.0,0.0,0.0,4.0,64.0,64.0,64.0,0.10340260520494832
1.0,0.0,0.0,0.0,0.0,0.0,0.0,1.0,128.0,64.0,64.0,0.1439416696250581
1.0,0.0,0.0,0.0,0.0,0.0,0.0,2.0,128.0,64.0,64.0,0.1192140691990497
1.0,0.0,0.0,0.0,0.0,0.0,0.0,3.0,128.0,64.0,64.0,0.09712171277205828
1.0,0.0,0.0,0.0,0.0,0.0,0.0,4.0,128.0,64.0,64.0,0.08655342854802156
1.0,0.0,0.0,0.0,0.0,0.0,0.0,1.0,0.0,128.0,64.0,0.1726289631065841
1.0,0.0,0.0,0.0,0.0,0.0,0.0,2.0,0.0,128.0,64.0,0.1748545836860646
1.0,0.0,0.0,0.0,0.0,0.0,0.0,3.0,0.0,128.0,64.0,0.15287146017094955
1.0,0.0,0.0,0.0,0.0,0.0,0.0,4.0,0.0,128.0,64.0,0.15381359403588307
1.0,0.0,0.0,0.0,0.0,0.0,0.0,1.0,8.0,128.0,64.0,0.2897266446380295
1.0,0.0,0.0,0.0,0.0,0.0,0.0,2.0,8.0,128.0,64.0,0.27384691007400536
1.0,0.0,0.0,0.0,0.0,0.0,0.0,3.0,8.0,128.0,64.0,0.22532018897293765
1.0,0.0,0.0,0.0,0.0,0.0,0.0,4.0,8.0,128.0,64.0,0.24069472131953357
1.0,0.0,0.0,0.0,0.0,0.0,0.0,1.0,10.0,128.0,64.0,0.2726726562713347
1.0,0.0,0.0,0.0,0.0,0.0,0.0,2.0,10.0,128.0,64.0,0.2656954040252329
1.0,0.0,0.0,0.0,0.0,0.0,0.0,3.0,10.0,128.0,64.0,0.20879871105164
1.0,0.0,0.0,0.0,0.0,0.0,0.0,4.0,10.0,128.0,64.0,0.22303995193751885
1.0,0.0,0.0,0.0,0.0,0.0,0.0,1.0,16.0,128.0,64.0,0.24656599033288734
1.0,0.0,0.0,0.0,0.0,0.0,0.0,2.0,16.0,128.0,64.0,0.20426554520877144
1.0,0.0,0.0,0.0,0.0,0.0,0.0,3.0,16.0,128.0,64.0,0.17511401185177095
1.0,0.0,0.0,0.0,0.0,0.0,0.0,4.0,16.0,128.0,64.0,0.1722056855730632
1.0,0.0,0.0,0.0,0.0,0.0,0.0,1.0,20.0,128.0,64.0,0.2405445260657037
1.0,0.0,0.0,0.0,0.0,0.0,0.0,2.0,20.0,128.0,64.0,0.2361752095906498
1.0,0.0,0.0,0.0,0.0,0.0,0.0,3.0,20.0,128.0,64.0,0.16318031622927992
1.0,0.0,0.0,0.0,0.0,0.0,0.0,4.0,20.0,128.0,64.0,0.1583057975367979
1.0,0.0,0.0,0.0,0.0,0.0,0.0,1.0,32.0,128.0,64.0,0.22872006335508893
1.0,0.0,0.0,0.0,0.0,0.0,0.0,2.0,32.0,128.0,64.0,0.16165105546301112
1.0,0.0,0.0,0.0,0.0,0.0,0.0,3.0,32.0,128.0,64.0,0.13715557497473996
1.0,0.0,0.0,0.0,0.0,0.0,0.0,4.0,32.0,128.0,64.0,0.1293727300035501
1.0,0.0,0.0,0.0,0.0,0.0,0.0,1.0,64.0,128.0,64.0,0.21749638165979418
1.0,0.0,0.0,0.0,0.0,0.0,0.0,2.0,64.0,128.0,64.0,0.14041890821704583
1.0,0.0,0.0,0.0,0.0,0.0,0.0,3.0,64.0,128.0,64.0,0.11698844861956914
1.0,0.0,0.0,0.0,0.0,0.0,0.0,4.0,64.0,128.0,64.0,0.10259701247986025
1.0,0.0,0.0,0.0,0.0,0.0,0.0,1.0,128.0,128.0,64.0,0.16446380294382706
1.0,0.0,0.0,0.0,0.0,0.0,0.0,2.0,128.0,128.0,64.0,0.1256041945438161
1.0,0.0,0.0,0.0,0.0,0.0,0.0,3.0,128.0,128.0,64.0,0.11294683088014429
1.0,0.0,0.0,0.0,0.0,0.0,0.0,4.0,128.0,128.0,64.0,0.09440454408913412
1.0,0.0,0.0,0.0,0.0,0.0,0.0,1.0,0.0,0.0,128.0,0.22086894781397642
1.0,0.0,0.0,0.0,0.0,0.0,0.0,2.0,0.0,0.0,128.0,0.2187798683743412
1.0,0.0,0.0,0.0,0.0,0.0,0.0,3.0,0.0,0.0,128.0,0.20797946421256736
1.0,0.0,0.0,0.0,0.0,0.0,0.0,4.0,0.0,0.0,128.0,0.20776099838881462
1.0,0.0,0.0,0.0,0.0,0.0,0.0,1.0,8.0,0.0,128.0,0.3440563641825282
1.0,0.0,0.0,0.0,0.0,0.0,0.0,2.0,8.0,0.0,128.0,0.35850241677817535
1.0,0.0,0.0,0.0,0.0,0.0,0.0,3.0,8.0,0.0,128.0,0.2909828231246075
1.0,0.0,0.0,0.0,0.0,0.0,0.0,4.0,8.0,0.0,128.0,0.290013381031705
1.0,0.0,0.0,0.0,0.0,0.0,0.0,1.0,10.0,0.0,128.0,0.3143177039241925
1.0,0.0,0.0,0.0,0.0,0.0,0.0,2.0,10.0,0.0,128.0,0.28138398099347334
1.0,0.0,0.0,0.0,0.0,0.0,0.0,3.0,10.0,0.0,128.0,0.2588956552609302
1.0,0.0,0.0,0.0,0.0,0.0,0.0,4.0,10.0,0.0,128.0,0.2634015128758295
1.0,0.0,0.0,0.0,0.0,0.0,0.0,1.0,16.0,0.0,128.0,0.2685764220759716
1.0,0.0,0.0,0.0,0.0,0.0,0.0,2.0,16.0,0.0,128.0,0.2482591004669708
1.0,0.0,0.0,0.0,0.0,0.0,0.0,3.0,16.0,0.0,128.0,0.1975886834703297
1.0,0.0,0.0,0.0,0.0,0.0,0.0,4.0,16.0,0.0,128.0,0.19510363472514275
1.0,0.0,0.0,0.0,0.0,0.0,0.0,1.0,20.0,0.0,128.0,0.2551407739151807
1.0,0.0,0.0,0.0,0.0,0.0,0.0,2.0,20.0,0.0,128.0,0.20740599142521648
1.0,0.0,0.0,0.0,0.0,0.0,0.0,3.0,20.0,0.0,128.0,0.17728501597531338
1.0,0.0,0.0,0.0,0.0,0.0,0.0,4.0,20.0,0.0,128.0,0.17419918621480662
1.0,0.0,0.0,0.0,0.0,0.0,0.0,1.0,32.0,0.0,128.0,0.23154646494988945
1.0,0.0,0.0,0.0,0.0,0.0,0.0,2.0,32.0,0.0,128.0,0.18804445779513373
1.0,0.0,0.0,0.0,0.0,0.0,0.0,3.0,32.0,0.0,128.0,0.1435320462055218
1.0,0.0,0.0,0.0,0.0,0.0,0.0,4.0,32.0,0.0,128.0,0.14085583986455125
1.0,0.0,0.0,0.0,0.0,0.0,0.0,1.0,64.0,0.0,128.0,0.27807968540921385
1.0,0.0,0.0,0.0,0.0,0.0,0.0,2.0,64.0,0.0,128.0,0.3060979273054972
1.0,0.0,0.0,0.0,0.0,0.0,0.0,3.0,64.0,0.0,128.0,0.16401321718233713
1.0,0.0,0.0,0.0,0.0,0.0,0.0,4.0,64.0,0.0,128.0,0.2415139681586062
1.0,0.0,0.0,0.0,0.0,0.0,0.0,1.0,128.0,0.0,128.0,0.2994483737950245
1.0,0.0,0.0,0.0,0.0,0.0,0.0,2.0,128.0,0.0,128.0,0.3283131707583496
1.0,0.0,0.0,0.0,0.0,0.0,0.0,3.0,128.0,0.0,128.0,0.2560829077801143
1.0,0.0,0.0,0.0,0.0,0.0,0.0,4.0,128.0,0.0,128.0,0.30810508206122517
1.0,0.0,0.0,0.0,0.0,0.0,0.0,1.0,0.0,8.0,128.0,0.07579398672820126
1.0,0.0,0.0,0.0,0.0,0.0,0.0,2.0,0.0,8.0,128.0,0.07229853354815807
1.0,0.0,0.0,0.0,0.0,0.0,0.0,3.0,0.0,8.0,128.0,0.06167563286818328
1.0,0.0,0.0,0.0,0.0,0.0,0.0,4.0,0.0,8.0,128.0,0.06130697179060052
1.0,0.0,0.0,0.0,0.0,0.0,0.0,1.0,8.0,8.0,128.0,0.7746661569130782
1.0,0.0,0.0,0.0,0.0,0.0,0.0,2.0,8.0,8.0,128.0,0.7553046232829952
1.0,0.0,0.0,0.0,0.0,0.0,0.0,3.0,8.0,8.0,128.0,0.671167972910238
1.0,0.0,0.0,0.0,0.0,0.0,0.0,4.0,8.0,8.0,128.0,0.6741445697588684
1.0,0.0,0.0,0.0,0.0,0.0,0.0,1.0,10.0,8.0,128.0,0.6653376662388377
1.0,0.0,0.0,0.0,0.0,0.0,0.0,2.0,10.0,8.0,128.0,0.6309566072257573
1.0,0.0,0.0,0.0,0.0,0.0,0.0,3.0,10.0,8.0,128.0,0.5754116715366342
1.0,0.0,0.0,0.0,0.0,0.0,0.0,4.0,10.0,8.0,128.0,0.564256260411262
1.0,0.0,0.0,0.0,0.0,0.0,0.0,1.0,16.0,8.0,128.0,0.48508970752887853
1.0,0.0,0.0,0.0,0.0,0.0,0.0,2.0,16.0,8.0,128.0,0.4567983833529044
1.0,0.0,0.0,0.0,0.0,0.0,0.0,3.0,16.0,8.0,128.0,0.3866435457003196
1.0,0.0,0.0,0.0,0.0,0.0,0.0,4.0,16.0,8.0,128.0,0.39521832928261297
1.0,0.0,0.0,0.0,0.0,0.0,0.0,1.0,20.0,8.0,128.0,0.4320161664709578
1.0,0.0,0.0,0.0,0.0,0.0,0.0,2.0,20.0,8.0,128.0,0.4144842841148038
1.0,0.0,0.0,0.0,0.0,0.0,0.0,3.0,20.0,8.0,128.0,0.34479368633769364
1.0,0.0,0.0,0.0,0.0,0.0,0.0,4.0,20.0,8.0,128.0,0.34798874901007676
1.0,0.0,0.0,0.0,0.0,0.0,0.0,1.0,32.0,8.0,128.0,0.35347770283186325
1.0,0.0,0.0,0.0,0.0,0.0,0.0,2.0,32.0,8.0,128.0,0.3225920969988258
1.0,0.0,0.0,0.0,0.0,0.0,0.0,3.0,32.0,8.0,128.0,0.2688085420137088
1.0,0.0,0.0,0.0,0.0,0.0,0.0,4.0,32.0,8.0,128.0,0.2708430049974058
1.0,0.0,0.0,0.0,0.0,0.0,0.0,1.0,64.0,8.0,128.0,0.2826538135940359
1.0,0.0,0.0,0.0,0.0,0.0,0.0,2.0,64.0,8.0,128.0,0.25004778939894595
1.0,0.0,0.0,0.0,0.0,0.0,0.0,3.0,64.0,8.0,128.0,0.19753406701439152
1.0,0.0,0.0,0.0,0.0,0.0,0.0,4.0,64.0,8.0,128.0,0.1979163822059587
1.0,0.0,0.0,0.0,0.0,0.0,0.0,1.0,128.0,8.0,128.0,0.20273628444250263
1.0,0.0,0.0,0.0,0.0,0.0,0.0,2.0,128.0,8.0,128.0,0.18079412326934113
1.0,0.0,0.0,0.0,0.0,0.0,0.0,3.0,128.0,8.0,128.0,0.14969005161255095
1.0,0.0,0.0,0.0,0.0,0.0,0.0,4.0,128.0,8.0,128.0,0.14735519812119402
1.0,0.0,0.0,0.0,0.0,0.0,0.0,1.0,0.0,10.0,128.0,0.10453589666566537
1.0,0.0,0.0,0.0,0.0,0.0,0.0,2.0,0.0,10.0,128.0,0.10203719380649395
1.0,0.0,0.0,0.0,0.0,0.0,0.0,3.0,0.0,10.0,128.0,0.07687266173298019
1.0,0.0,0.0,0.0,0.0,0.0,0.0,4.0,0.0,10.0,128.0,0.07687266173298019
1.0,0.0,0.0,0.0,0.0,0.0,0.0,1.0,8.0,10.0,128.0,0.7139599661377973
1.0,0.0,0.0,0.0,0.0,0.0,0.0,2.0,8.0,10.0,128.0,0.6757147928670908
1.0,0.0,0.0,0.0,0.0,0.0,0.0,3.0,8.0,10.0,128.0,0.608591168519075
1.0,0.0,0.0,0.0,0.0,0.0,0.0,4.0,8.0,10.0,128.0,0.5985417406264508
1.0,0.0,0.0,0.0,0.0,0.0,0.0,1.0,10.0,10.0,128.0,0.6207296758513341
1.0,0.0,0.0,0.0,0.0,0.0,0.0,2.0,10.0,10.0,128.0,0.5832081706218084
1.0,0.0,0.0,0.0,0.0,0.0,0.0,3.0,10.0,10.0,128.0,0.5104453971981759
1.0,0.0,0.0,0.0,0.0,0.0,0.0,4.0,10.0,10.0,128.0,0.49485239902782724
1.0,0.0,0.0,0.0,0.0,0.0,0.0,1.0,16.0,10.0,128.0,0.4646085365520633
1.0,0.0,0.0,0.0,0.0,0.0,0.0,2.0,16.0,10.0,128.0,0.4315655807094679
1.0,0.0,0.0,0.0,0.0,0.0,0.0,3.0,16.0,10.0,128.0,0.3670908544744533
1.0,0.0,0.0,0.0,0.0,0.0,0.0,4.0,16.0,10.0,128.0,0.3629536579371366
1.0,0.0,0.0,0.0,0.0,0.0,0.0,1.0,20.0,10.0,128.0,0.4258854692918977
1.0,0.0,0.0,0.0,0.0,0.0,0.0,2.0,20.0,10.0,128.0,0.41023785466561086
1.0,0.0,0.0,0.0,0.0,0.0,0.0,3.0,20.0,10.0,128.0,0.32646986537043626
1.0,0.0,0.0,0.0,0.0,0.0,0.0,4.0,20.0,10.0,128.0,0.3248723340342446
1.0,0.0,0.0,0.0,0.0,0.0,0.0,1.0,32.0,10.0,128.0,0.36455118927332814
1.0,0.0,0.0,0.0,0.0,0.0,0.0,2.0,32.0,10.0,128.0,0.32122668560037143
1.0,0.0,0.0,0.0,0.0,0.0,0.0,3.0,32.0,10.0,128.0,0.26493077364209844
1.0,0.0,0.0,0.0,0.0,0.0,0.0,4.0,32.0,10.0,128.0,0.2634015128758295
1.0,0.0,0.0,0.0,0.0,0.0,0.0,1.0,64.0,10.0,128.0,0.31997050711379343
1.0,0.0,0.0,0.0,0.0,0.0,0.0,2.0,64.0,10.0,128.0,0.2704743439198231
1.0,0.0,0.0,0.0,0.0,0.0,0.0,3.0,64.0,10.0,128.0,0.21248532182746666
1.0,0.0,0.0,0.0,0.0,0.0,0.0,4.0,64.0,10.0,128.0,0.209303913269068
1.0,0.0,0.0,0.0,0.0,0.0,0.0,1.0,128.0,10.0,128.0,0.22877467981102723
1.0,0.0,0.0,0.0,0.0,0.0,0.0,2.0,128.0,10.0,128.0,0.2016849176656927
1.0,0.0,0.0,0.0,0.0,0.0,0.0,3.0,128.0,10.0,128.0,0.16516016275703876
1.0,0.0,0.0,0.0,0.0,0.0,0.0,4.0,128.0,10.0,128.0,0.16394494661241438
1.0,0.0,0.0,0.0,0.0,0.0,0.0,1.0,0.0,16.0,128.0,0.06678227149840249
1.0,0.0,0.0,0.0,0.0,0.0,0.0,2.0,0.0,16.0,128.0,0.06523935661814911
1.0,0.0,0.0,0.0,0.0,0.0,0.0,3.0,0.0,16.0,128.0,0.040279636254403506
1.0,0.0,0.0,0.0,0.0,0.0,0.0,4.0,0.0,16.0,128.0,0.04040252328026439
1.0,0.0,0.0,0.0,0.0,0.0,0.0,1.0,8.0,16.0,128.0,0.47509489609219274
1.0,0.0,0.0,0.0,0.0,0.0,0.0,2.0,8.0,16.0,128.0,0.4494115076872663
1.0,0.0,0.0,0.0,0.0,0.0,0.0,3.0,8.0,16.0,128.0,0.3827930855566784
1.0,0.0,0.0,0.0,0.0,0.0,0.0,4.0,8.0,16.0,128.0,0.38002130041781595
1.0,0.0,0.0,0.0,0.0,0.0,0.0,1.0,10.0,16.0,128.0,0.4140200442393294
1.0,0.0,0.0,0.0,0.0,0.0,0.0,2.0,10.0,16.0,128.0,0.39072612578169813
1.0,0.0,0.0,0.0,0.0,0.0,0.0,3.0,10.0,16.0,128.0,0.3302247467161857
1.0,0.0,0.0,0.0,0.0,0.0,0.0,4.0,10.0,16.0,128.0,0.31904202736284454
1.0,0.0,0.0,0.0,0.0,0.0,0.0,1.0,16.0,16.0,128.0,0.3163248586799204
1.0,0.0,0.0,0.0,0.0,0.0,0.0,2.0,16.0,16.0,128.0,0.2914880253420356
1.0,0.0,0.0,0.0,0.0,0.0,0.0,3.0,16.0,16.0,128.0,0.23647560009830965
1.0,0.0,0.0,0.0,0.0,0.0,0.0,4.0,16.0,16.0,128.0,0.2347278735082881
1.0,0.0,0.0,0.0,0.0,0.0,0.0,1.0,20.0,16.0,128.0,0.2941778857969907
1.0,0.0,0.0,0.0,0.0,0.0,0.0,2.0,20.0,16.0,128.0,0.28455173543788753
1.0,0.0,0.0,0.0,0.0,0.0,0.0,3.0,20.0,16.0,128.0,0.21411016139162736
1.0,0.0,0.0,0.0,0.0,0.0,0.0,4.0,20.0,16.0,128.0,0.2142740107594418
1.0,0.0,0.0,0.0,0.0,0.0,0.0,1.0,32.0,16.0,128.0,0.26019279608946183
1.0,0.0,0.0,0.0,0.0,0.0,0.0,2.0,32.0,16.0,128.0,0.22144242060132718
1.0,0.0,0.0,0.0,0.0,0.0,0.0,3.0,32.0,16.0,128.0,0.1763428821103799
1.0,0.0,0.0,0.0,0.0,0.0,0.0,4.0,32.0,16.0,128.0,0.17568748463912182
1.0,0.0,0.0,0.0,0.0,0.0,0.0,1.0,64.0,16.0,128.0,0.24104972828313181
1.0,0.0,0.0,0.0,0.0,0.0,0.0,2.0,64.0,16.0,128.0,0.19678309074524164
1.0,0.0,0.0,0.0,0.0,0.0,0.0,3.0,64.0,16.0,128.0,0.15616210164122463
1.0,0.0,0.0,0.0,0.0,0.0,0.0,4.0,64.0,16.0,128.0,0.15336300827439314
1.0,0.0,0.0,0.0,0.0,0.0,0.0,1.0,128.0,16.0,128.0,0.17138643873399068
1.0,0.0,0.0,0.0,0.0,0.0,0.0,2.0,128.0,16.0,128.0,0.14323165569786184
1.0,0.0,0.0,0.0,0.0,0.0,0.0,3.0,128.0,16.0,128.0,0.1137524236052323
1.0,0.0,0.0,0.0,0.0,0.0,0.0,4.0,128.0,16.0,128.0,0.11271471094240698
1.0,0.0,0.0,0.0,0.0,0.0,0.0,1.0,0.0,20.0,128.0,0.06222179742756501
1.0,0.0,0.0,0.0,0.0,0.0,0.0,2.0,0.0,20.0,128.0,0.06022829678582159
1.0,0.0,0.0,0.0,0.0,0.0,0.0,3.0,0.0,20.0,128.0,0.03476337420464787
1.0,0.0,0.0,0.0,0.0,0.0,0.0,4.0,0.0,20.0,128.0,0.034381059013080695
1.0,0.0,0.0,0.0,0.0,0.0,0.0,1.0,8.0,20.0,128.0,0.41632758950271725
1.0,0.0,0.0,0.0,0.0,0.0,0.0,2.0,8.0,20.0,128.0,0.38959283432098096
1.0,0.0,0.0,0.0,0.0,0.0,0.0,3.0,8.0,20.0,128.0,0.32446271061470827
1.0,0.0,0.0,0.0,0.0,0.0,0.0,4.0,8.0,20.0,128.0,0.3188645238810454
1.0,0.0,0.0,0.0,0.0,0.0,0.0,1.0,10.0,20.0,128.0,0.3642098364237146
1.0,0.0,0.0,0.0,0.0,0.0,0.0,2.0,10.0,20.0,128.0,0.3428138398099348
1.0,0.0,0.0,0.0,0.0,0.0,0.0,3.0,10.0,20.0,128.0,0.2817253338430869
1.0,0.0,0.0,0.0,0.0,0.0,0.0,4.0,10.0,20.0,128.0,0.2744476910893254
1.0,0.0,0.0,0.0,0.0,0.0,0.0,1.0,16.0,20.0,128.0,0.28799257216199253
1.0,0.0,0.0,0.0,0.0,0.0,0.0,2.0,16.0,20.0,128.0,0.2641524891449794
1.0,0.0,0.0,0.0,0.0,0.0,0.0,3.0,16.0,20.0,128.0,0.20654578224419023
1.0,0.0,0.0,0.0,0.0,0.0,0.0,4.0,16.0,20.0,128.0,0.2058630765449631
1.0,0.0,0.0,0.0,0.0,0.0,0.0,1.0,20.0,20.0,128.0,0.2714574401267102
1.0,0.0,0.0,0.0,0.0,0.0,0.0,2.0,20.0,20.0,128.0,0.26050684071110636
1.0,0.0,0.0,0.0,0.0,0.0,0.0,3.0,20.0,20.0,128.0,0.18856331412654642
1.0,0.0,0.0,0.0,0.0,0.0,0.0,4.0,20.0,20.0,128.0,0.1894098691935881
1.0,0.0,0.0,0.0,0.0,0.0,0.0,1.0,32.0,20.0,128.0,0.24621098336928932
1.0,0.0,0.0,0.0,0.0,0.0,0.0,2.0,32.0,20.0,128.0,0.20640924110434483
1.0,0.0,0.0,0.0,0.0,0.0,0.0,3.0,32.0,20.0,128.0,0.16219722002239284
1.0,0.0,0.0,0.0,0.0,0.0,0.0,4.0,32.0,20.0,128.0,0.1594254348835304
1.0,0.0,0.0,0.0,0.0,0.0,0.0,1.0,64.0,20.0,128.0,0.23702176465769148
1.0,0.0,0.0,0.0,0.0,0.0,0.0,2.0,64.0,20.0,128.0,0.18232338403561005
1.0,0.0,0.0,0.0,0.0,0.0,0.0,3.0,64.0,20.0,128.0,0.14436494715857895
1.0,0.0,0.0,0.0,0.0,0.0,0.0,4.0,64.0,20.0,128.0,0.14069199049673675
1.0,0.0,0.0,0.0,0.0,0.0,0.0,1.0,128.0,20.0,128.0,0.15904311969196322
1.0,0.0,0.0,0.0,0.0,0.0,0.0,2.0,128.0,20.0,128.0,0.1364182528195746
1.0,0.0,0.0,0.0,0.0,0.0,0.0,3.0,128.0,20.0,128.0,0.10359376280073196
1.0,0.0,0.0,0.0,0.0,0.0,0.0,4.0,128.0,20.0,128.0,0.10280182418962841
1.0,0.0,0.0,0.0,0.0,0.0,0.0,1.0,0.0,32.0,128.0,0.05416587017668428
1.0,0.0,0.0,0.0,0.0,0.0,0.0,2.0,0.0,32.0,128.0,0.05367432207324069
1.0,0.0,0.0,0.0,0.0,0.0,0.0,3.0,0.0,32.0,128.0,0.025423960239220167
1.0,0.0,0.0,0.0,0.0,0.0,0.0,4.0,0.0,32.0,128.0,0.02528741909937471
1.0,0.0,0.0,0.0,0.0,0.0,0.0,1.0,8.0,32.0,128.0,0.32656544416832806
1.0,0.0,0.0,0.0,0.0,0.0,0.0,2.0,8.0,32.0,128.0,0.30174226494442785
1.0,0.0,0.0,0.0,0.0,0.0,0.0,3.0,8.0,32.0,128.0,0.2458423222917066
1.0,0.0,0.0,0.0,0.0,0.0,0.0,4.0,8.0,32.0,128.0,0.24666156913077925
1.0,0.0,0.0,0.0,0.0,0.0,0.0,1.0,10.0,32.0,128.0,0.29193861110352554
1.0,0.0,0.0,0.0,0.0,0.0,0.0,2.0,10.0,32.0,128.0,0.27422922526557264
1.0,0.0,0.0,0.0,0.0,0.0,0.0,3.0,10.0,32.0,128.0,0.21921680002184668
1.0,0.0,0.0,0.0,0.0,0.0,0.0,4.0,10.0,32.0,128.0,0.21886179305824854
1.0,0.0,0.0,0.0,0.0,0.0,0.0,1.0,16.0,32.0,128.0,0.24817717578306348
1.0,0.0,0.0,0.0,0.0,0.0,0.0,2.0,16.0,32.0,128.0,0.21988585160708923
1.0,0.0,0.0,0.0,0.0,0.0,0.0,3.0,16.0,32.0,128.0,0.17710751249351436
1.0,0.0,0.0,0.0,0.0,0.0,0.0,4.0,16.0,32.0,128.0,0.1713727846200061
1.0,0.0,0.0,0.0,0.0,0.0,0.0,1.0,20.0,32.0,128.0,0.24484557197083495
1.0,0.0,0.0,0.0,0.0,0.0,0.0,2.0,20.0,32.0,128.0,0.23322592096998834
1.0,0.0,0.0,0.0,0.0,0.0,0.0,3.0,20.0,32.0,128.0,0.1700210273355363
1.0,0.0,0.0,0.0,0.0,0.0,0.0,4.0,20.0,32.0,128.0,0.16176028837488748
1.0,0.0,0.0,0.0,0.0,0.0,0.0,1.0,32.0,32.0,128.0,0.23695349408776872
1.0,0.0,0.0,0.0,0.0,0.0,0.0,2.0,32.0,32.0,128.0,0.18296512739288356
1.0,0.0,0.0,0.0,0.0,0.0,0.0,3.0,32.0,32.0,128.0,0.1522843332696142
1.0,0.0,0.0,0.0,0.0,0.0,0.0,4.0,32.0,32.0,128.0,0.14222125126300555
1.0,0.0,0.0,0.0,0.0,0.0,0.0,1.0,64.0,32.0,128.0,0.22040470793850192
1.0,0.0,0.0,0.0,0.0,0.0,0.0,2.0,64.0,32.0,128.0,0.15614844752723994
1.0,0.0,0.0,0.0,0.0,0.0,0.0,3.0,64.0,32.0,128.0,0.1267511401185178
1.0,0.0,0.0,0.0,0.0,0.0,0.0,4.0,64.0,32.0,128.0,0.11930964799694155
1.0,0.0,0.0,0.0,0.0,0.0,0.0,1.0,128.0,32.0,128.0,0.14731423577924035
1.0,0.0,0.0,0.0,0.0,0.0,0.0,2.0,128.0,32.0,128.0,0.1293727300035501
1.0,0.0,0.0,0.0,0.0,0.0,0.0,3.0,128.0,32.0,128.0,0.09997542259482789
1.0,0.0,0.0,0.0,0.0,0.0,0.0,4.0,128.0,32.0,128.0,0.09598842131134117
1.0,0.0,0.0,0.0,0.0,0.0,0.0,1.0,0.0,64.0,128.0,0.056582648351948484
1.0,0.0,0.0,0.0,0.0,0.0,0.0,2.0,0.0,64.0,128.0,0.05394740435293155
1.0,0.0,0.0,0.0,0.0,0.0,0.0,3.0,0.0,64.0,128.0,0.029998088424042224
1.0,0.0,0.0,0.0,0.0,0.0,0.0,4.0,0.0,64.0,128.0,0.03106310931483658
1.0,0.0,0.0,0.0,0.0,0.0,0.0,1.0,8.0,64.0,128.0,0.3373795024440865
1.0,0.0,0.0,0.0,0.0,0.0,0.0,2.0,8.0,64.0,128.0,0.30407711843578483
1.0,0.0,0.0,0.0,0.0,0.0,0.0,3.0,8.0,64.0,128.0,0.27431114994947986
1.0,0.0,0.0,0.0,0.0,0.0,0.0,4.0,8.0,64.0,128.0,0.2760042600835632
1.0,0.0,0.0,0.0,0.0,0.0,0.0,1.0,10.0,64.0,128.0,0.31409923810043977
1.0,0.0,0.0,0.0,0.0,0.0,0.0,2.0,10.0,64.0,128.0,0.29435538927878974
1.0,0.0,0.0,0.0,0.0,0.0,0.0,3.0,10.0,64.0,128.0,0.2519866735847512
1.0,0.0,0.0,0.0,0.0,0.0,0.0,4.0,10.0,64.0,128.0,0.24776755236352715
1.0,0.0,0.0,0.0,0.0,0.0,0.0,1.0,16.0,64.0,128.0,0.272153799939922
1.0,0.0,0.0,0.0,0.0,0.0,0.0,2.0,16.0,64.0,128.0,0.22248013326415256
1.0,0.0,0.0,0.0,0.0,0.0,0.0,3.0,16.0,64.0,128.0,0.19843523853737138
1.0,0.0,0.0,0.0,0.0,0.0,0.0,4.0,16.0,64.0,128.0,0.18553210082197774
1.0,0.0,0.0,0.0,0.0,0.0,0.0,1.0,20.0,64.0,128.0,0.2592370081105438
1.0,0.0,0.0,0.0,0.0,0.0,0.0,2.0,20.0,64.0,128.0,0.24870968622846074
1.0,0.0,0.0,0.0,0.0,0.0,0.0,3.0,20.0,64.0,128.0,0.18191376061607373
1.0,0.0,0.0,0.0,0.0,0.0,0.0,4.0,20.0,64.0,128.0,0.16966602037193806
1.0,0.0,0.0,0.0,0.0,0.0,0.0,1.0,32.0,64.0,128.0,0.23475518173625715
1.0,0.0,0.0,0.0,0.0,0.0,0.0,2.0,32.0,64.0,128.0,0.16662115295338492
1.0,0.0,0.0,0.0,0.0,0.0,0.0,3.0,32.0,64.0,128.0,0.1446243753242853
1.0,0.0,0.0,0.0,0.0,0.0,0.0,4.0,32.0,64.0,128.0,0.13340069362899049
1.0,0.0,0.0,0.0,0.0,0.0,0.0,1.0,64.0,64.0,128.0,0.21891640951418662
1.0,0.0,0.0,0.0,0.0,0.0,0.0,2.0,64.0,64.0,128.0,0.13976351074578774
1.0,0.0,0.0,0.0,0.0,0.0,0.0,3.0,64.0,64.0,128.0,0.11597804418471291
1.0,0.0,0.0,0.0,0.0,0.0,0.0,4.0,64.0,64.0,128.0,0.10284278653158202
1.0,0.0,0.0,0.0,0.0,0.0,0.0,1.0,128.0,64.0,128.0,0.141552199677763
1.0,0.0,0.0,0.0,0.0,0.0,0.0,2.0,128.0,64.0,128.0,0.11622381823643474
1.0,0.0,0.0,0.0,0.0,0.0,0.0,3.0,128.0,64.0,128.0,0.09466397225484047
1.0,0.0,0.0,0.0,0.0,0.0,0.0,4.0,128.0,64.0,128.0,0.08477839373003093
1.0,0.0,0.0,0.0,0.0,0.0,0.0,1.0,0.0,128.0,128.0,0.17279281247439854
1.0,0.0,0.0,0.0,0.0,0.0,0.0,2.0,0.0,128.0,128.0,0.17291569950025948
1.0,0.0,0.0,0.0,0.0,0.0,0.0,3.0,0.0,128.0,128.0,0.151123733580928
1.0,0.0,0.0,0.0,0.0,0.0,0.0,4.0,0.0,128.0,128.0,0.15109642535295886
1.0,0.0,0.0,0.0,0.0,0.0,0.0,1.0,8.0,128.0,128.0,0.350705917693001
1.0,0.0,0.0,0.0,0.0,0.0,0.0,2.0,8.0,128.0,128.0,0.3190693355908136
1.0,0.0,0.0,0.0,0.0,0.0,0.0,3.0,8.0,128.0,128.0,0.2911193642644529
1.0,0.0,0.0,0.0,0.0,0.0,0.0,4.0,8.0,128.0,128.0,0.2812747480815971
1.0,0.0,0.0,0.0,0.0,0.0,0.0,1.0,10.0,128.0,128.0,0.3213768808542015
1.0,0.0,0.0,0.0,0.0,0.0,0.0,2.0,10.0,128.0,128.0,0.3114366858734538
1.0,0.0,0.0,0.0,0.0,0.0,0.0,3.0,10.0,128.0,128.0,0.25828122013162574
1.0,0.0,0.0,0.0,0.0,0.0,0.0,4.0,10.0,128.0,128.0,0.2565881099975424
1.0,0.0,0.0,0.0,0.0,0.0,0.0,1.0,16.0,128.0,128.0,0.2703378027799777
1.0,0.0,0.0,0.0,0.0,0.0,0.0,2.0,16.0,128.0,128.0,0.21643136076899977
1.0,0.0,0.0,0.0,0.0,0.0,0.0,3.0,16.0,128.0,128.0,0.19790272809197423
1.0,0.0,0.0,0.0,0.0,0.0,0.0,4.0,16.0,128.0,128.0,0.18751194734973659
1.0,0.0,0.0,0.0,0.0,0.0,0.0,1.0,20.0,128.0,128.0,0.25493596220541254
1.0,0.0,0.0,0.0,0.0,0.0,0.0,2.0,20.0,128.0,128.0,0.24892815205221336
1.0,0.0,0.0,0.0,0.0,0.0,0.0,3.0,20.0,128.0,128.0,0.1762609574264727
1.0,0.0,0.0,0.0,0.0,0.0,0.0,4.0,20.0,128.0,128.0,0.16778175264207112
1.0,0.0,0.0,0.0,0.0,0.0,0.0,1.0,32.0,128.0,128.0,0.23233840356099295
1.0,0.0,0.0,0.0,0.0,0.0,0.0,2.0,32.0,128.0,128.0,0.16257953521396
1.0,0.0,0.0,0.0,0.0,0.0,0.0,3.0,32.0,128.0,128.0,0.1402687129632159
1.0,0.0,0.0,0.0,0.0,0.0,0.0,4.0,32.0,128.0,128.0,0.13136623064529346
1.0,0.0,0.0,0.0,0.0,0.0,0.0,1.0,64.0,128.0,128.0,0.2164586689969688
1.0,0.0,0.0,0.0,0.0,0.0,0.0,2.0,64.0,128.0,128.0,0.138739452196947
1.0,0.0,0.0,0.0,0.0,0.0,0.0,3.0,64.0,128.0,128.0,0.11562303722111478
1.0,0.0,0.0,0.0,0.0,0.0,0.0,4.0,64.0,128.0,128.0,0.10086294000382323
1.0,0.0,0.0,0.0,0.0,0.0,0.0,1.0,128.0,128.0,128.0,0.16266145989786734
1.0,0.0,0.0,0.0,0.0,0.0,0.0,2.0,128.0,128.0,128.0,0.12414320434746995
1.0,0.0,0.0,0.0,0.0,0.0,0.0,3.0,128.0,128.0,128.0,0.10986100111963737
1.0,0.0,0.0,0.0,0.0,0.0,0.0,4.0,128.0,128.0,128.0,0.09148256369644175
1.0,1.0,0.0,0.0,0.0,0.0,1.0,0.0,0.0,0.0,0.0,0.2819984161227778
1.0,1.0,0.0,0.0,0.0,0.0,0.0,1.0,0.0,0.0,0.0,0.2033097572298534
1.0,1.0,0.0,0.0,0.0,0.0,0.0,2.0,0.0,0.0,0.0,0.20351456893962155
1.0,1.0,0.0,0.0,0.0,0.0,0.0,3.0,0.0,0.0,0.0,0.19386111035254933
1.0,1.0,0.0,0.0,0.0,0.0,0.0,4.0,0.0,0.0,0.0,0.19429804200005468
1.0,1.0,0.0,0.0,0.0,0.0,0.0,1.0,8.0,0.0,0.0,0.25098992326387953
1.0,1.0,0.0,0.0,0.0,0.0,0.0,2.0,8.0,0.0,0.0,0.2365438706682324
1.0,1.0,0.0,0.0,0.0,0.0,0.0,3.0,8.0,0.0,0.0,0.2515087795952922
1.0,1.0,0.0,0.0,0.0,0.0,0.0,4.0,8.0,0.0,0.0,0.24698926786640824
1.0,1.0,0.0,0.0,0.0,0.0,0.0,1.0,10.0,0.0,0.0,0.21766023102760862
1.0,1.0,0.0,0.0,0.0,0.0,0.0,2.0,10.0,0.0,0.0,0.20720117971544832
1.0,1.0,0.0,0.0,0.0,0.0,0.0,3.0,10.0,0.0,0.0,0.21857505666457305
1.0,1.0,0.0,0.0,0.0,0.0,0.0,4.0,10.0,0.0,0.0,0.22577077473442758
1.0,1.0,0.0,0.0,0.0,0.0,0.0,1.0,16.0,0.0,0.0,0.15785521177530798
1.0,1.0,0.0,0.0,0.0,0.0,0.0,2.0,16.0,0.0,0.0,0.142180288921052
1.0,1.0,0.0,0.0,0.0,0.0,0.0,3.0,16.0,0.0,0.0,0.15573882410770373
1.0,1.0,0.0,0.0,0.0,0.0,0.0,4.0,16.0,0.0,0.0,0.15535650891613656
1.0,1.0,0.0,0.0,0.0,0.0,0.0,1.0,20.0,0.0,0.0,0.142357792402851
1.0,1.0,0.0,0.0,0.0,0.0,0.0,2.0,20.0,0.0,0.0,0.1226549059231547
1.0,1.0,0.0,0.0,0.0,0.0,0.0,3.0,20.0,0.0,0.0,0.13782462655998257
1.0,1.0,0.0,0.0,0.0,0.0,0.0,4.0,20.0,0.0,0.0,0.13103853190966447
1.0,1.0,0.0,0.0,0.0,0.0,0.0,1.0,32.0,0.0,0.0,0.12546765340397065
1.0,1.0,0.0,0.0,0.0,0.0,0.0,2.0,32.0,0.0,0.0,0.09949752860536887
1.0,1.0,0.0,0.0,0.0,0.0,0.0,3.0,32.0,0.0,0.0,0.11311068024795878
1.0,1.0,0.0,0.0,0.0,0.0,0.0,4.0,32.0,0.0,0.0,0.10239220077009209
1.0,1.0,0.0,0.0,0.0,0.0,0.0,1.0,64.0,0.0,0.0,0.17022583904530447
1.0,1.0,0.0,0.0,0.0,0.0,0.0,2.0,64.0,0.0,0.0,0.22164723231109534
1.0,1.0,0.0,0.0,0.0,0.0,0.0,3.0,64.0,0.0,0.0,0.1394085037821896
1.0,1.0,0.0,0.0,0.0,0.0,0.0,4.0,64.0,0.0,0.0,0.21811081678909866
1.0,1.0,0.0,0.0,0.0,0.0,0.0,1.0,128.0,0.0,0.0,0.22787350828804726
1.0,1.0,0.0,0.0,0.0,0.0,0.0,2.0,128.0,0.0,0.0,0.25860891886725484
1.0,1.0,0.0,0.0,0.0,0.0,0.0,3.0,128.0,0.0,0.0,0.23276168109451384
1.0,1.0,0.0,0.0,0.0,0.0,0.0,4.0,128.0,0.0,0.0,0.27320516671673184
1.0,1.0,0.0,0.0,0.0,0.0,0.0,1.0,0.0,8.0,0.0,0.0368661077582676
1.0,1.0,0.0,0.0,0.0,0.0,0.0,2.0,0.0,8.0,0.0,0.0359376280073187
1.0,1.0,0.0,0.0,0.0,0.0,0.0,3.0,0.0,8.0,0.0,0.04598705589994273
1.0,1.0,0.0,0.0,0.0,0.0,0.0,4.0,0.0,8.0,0.0,0.046710723941123466
1.0,1.0,0.0,0.0,0.0,0.0,0.0,1.0,8.0,8.0,0.0,0.6887817799502991
1.0,1.0,0.0,0.0,0.0,0.0,0.0,2.0,8.0,8.0,0.0,0.6828149321390535
1.0,1.0,0.0,0.0,0.0,0.0,0.0,3.0,8.0,8.0,0.0,0.6887817799502991
1.0,1.0,0.0,0.0,0.0,0.0,0.0,4.0,8.0,8.0,0.0,0.6791146672492423
1.0,1.0,0.0,0.0,0.0,0.0,0.0,1.0,10.0,8.0,0.0,0.5765040006553976
1.0,1.0,0.0,0.0,0.0,0.0,0.0,2.0,10.0,8.0,0.0,0.5650481990223655
1.0,1.0,0.0,0.0,0.0,0.0,0.0,3.0,10.0,8.0,0.0,0.5785930800950327
1.0,1.0,0.0,0.0,0.0,0.0,0.0,4.0,10.0,8.0,0.0,0.5567464977197631
1.0,1.0,0.0,0.0,0.0,0.0,0.0,1.0,16.0,8.0,0.0,0.40010650208907944
1.0,1.0,0.0,0.0,0.0,0.0,0.0,2.0,16.0,8.0,0.0,0.3939484966820504
1.0,1.0,0.0,0.0,0.0,0.0,0.0,3.0,16.0,8.0,0.0,0.4038067669788908
1.0,1.0,0.0,0.0,0.0,0.0,0.0,4.0,16.0,8.0,0.0,0.3915863349627244
1.0,1.0,0.0,0.0,0.0,0.0,0.0,1.0,20.0,8.0,0.0,0.3594582047570934
1.0,1.0,0.0,0.0,0.0,0.0,0.0,2.0,20.0,8.0,0.0,0.33600043693164755
1.0,1.0,0.0,0.0,0.0,0.0,0.0,3.0,20.0,8.0,0.0,0.36412791173980724
1.0,1.0,0.0,0.0,0.0,0.0,0.0,4.0,20.0,8.0,0.0,0.33748873535596285
1.0,1.0,0.0,0.0,0.0,0.0,0.0,1.0,32.0,8.0,0.0,0.29045031267921034
1.0,1.0,0.0,0.0,0.0,0.0,0.0,2.0,32.0,8.0,0.0,0.25809006253584216
1.0,1.0,0.0,0.0,0.0,0.0,0.0,3.0,32.0,8.0,0.0,0.2803326142166635
1.0,1.0,0.0,0.0,0.0,0.0,0.0,4.0,32.0,8.0,0.0,0.2636472869275513
1.0,1.0,0.0,0.0,0.0,0.0,0.0,1.0,64.0,8.0,0.0,0.22327207187525616
1.0,1.0,0.0,0.0,0.0,0.0,0.0,2.0,64.0,8.0,0.0,0.1928916682596467
1.0,1.0,0.0,0.0,0.0,0.0,0.0,3.0,64.0,8.0,0.0,0.21412381550561194
1.0,1.0,0.0,0.0,0.0,0.0,0.0,4.0,64.0,8.0,0.0,0.19743848821649973
1.0,1.0,0.0,0.0,0.0,0.0,0.0,1.0,128.0,8.0,0.0,0.15023621617193267
1.0,1.0,0.0,0.0,0.0,0.0,0.0,2.0,128.0,8.0,0.0,0.136227095223791
1.0,1.0,0.0,0.0,0.0,0.0,0.0,3.0,128.0,8.0,0.0,0.14323165569786184
1.0,1.0,0.0,0.0,0.0,0.0,0.0,4.0,128.0,8.0,0.0,0.14272645348043372
1.0,1.0,0.0,0.0,0.0,0.0,0.0,1.0,0.0,10.0,0.0,0.0553674322073241
1.0,1.0,0.0,0.0,0.0,0.0,0.0,2.0,0.0,10.0,0.0,0.055503973347169555
1.0,1.0,0.0,0.0,0.0,0.0,0.0,3.0,0.0,10.0,0.0,0.06127966356263148
1.0,1.0,0.0,0.0,0.0,0.0,0.0,4.0,0.0,10.0,0.0,0.06179851989404411
1.0,1.0,0.0,0.0,0.0,0.0,0.0,1.0,8.0,10.0,0.0,0.6039897321062837
1.0,1.0,0.0,0.0,0.0,0.0,0.0,2.0,8.0,10.0,0.0,0.5828668177721947
1.0,1.0,0.0,0.0,0.0,0.0,0.0,3.0,8.0,10.0,0.0,0.6189682951473281
1.0,1.0,0.0,0.0,0.0,0.0,0.0,4.0,8.0,10.0,0.0,0.5847510855020619
1.0,1.0,0.0,0.0,0.0,0.0,0.0,1.0,10.0,10.0,0.0,0.506403779458751
1.0,1.0,0.0,0.0,0.0,0.0,0.0,2.0,10.0,10.0,0.0,0.4893497910920562
1.0,1.0,0.0,0.0,0.0,0.0,0.0,3.0,10.0,10.0,0.0,0.5191840301482837
1.0,1.0,0.0,0.0,0.0,0.0,0.0,4.0,10.0,10.0,0.0,0.49471585788798184
1.0,1.0,0.0,0.0,0.0,0.0,0.0,1.0,16.0,10.0,0.0,0.38165979409596124
1.0,1.0,0.0,0.0,0.0,0.0,0.0,2.0,16.0,10.0,0.0,0.35245364428302256
1.0,1.0,0.0,0.0,0.0,0.0,0.0,3.0,16.0,10.0,0.0,0.38731259728556217
1.0,1.0,0.0,0.0,0.0,0.0,0.0,4.0,16.0,10.0,0.0,0.35548485758759124
1.0,1.0,0.0,0.0,0.0,0.0,0.0,1.0,20.0,10.0,0.0,0.3517299762418418
1.0,1.0,0.0,0.0,0.0,0.0,0.0,2.0,20.0,10.0,0.0,0.31146399410142284
1.0,1.0,0.0,0.0,0.0,0.0,0.0,3.0,20.0,10.0,0.0,0.35315000409623426
1.0,1.0,0.0,0.0,0.0,0.0,0.0,4.0,20.0,10.0,0.0,0.31289767606979985
1.0,1.0,0.0,0.0,0.0,0.0,0.0,1.0,32.0,10.0,0.0,0.29234823452306186
1.0,1.0,0.0,0.0,0.0,0.0,0.0,2.0,32.0,10.0,0.0,0.2424561020235398
1.0,1.0,0.0,0.0,0.0,0.0,0.0,3.0,32.0,10.0,0.0,0.28124743985362793
1.0,1.0,0.0,0.0,0.0,0.0,0.0,4.0,32.0,10.0,0.0,0.24956989540948687
1.0,1.0,0.0,0.0,0.0,0.0,0.0,1.0,64.0,10.0,0.0,0.2348780687621181
1.0,1.0,0.0,0.0,0.0,0.0,0.0,2.0,64.0,10.0,0.0,0.19107567109970242
1.0,1.0,0.0,0.0,0.0,0.0,0.0,3.0,64.0,10.0,0.0,0.2195308446434911
1.0,1.0,0.0,0.0,0.0,0.0,0.0,4.0,64.0,10.0,0.0,0.19635981321172075
1.0,1.0,0.0,0.0,0.0,0.0,0.0,1.0,128.0,10.0,0.0,0.1558480570195801
1.0,1.0,0.0,0.0,0.0,0.0,0.0,2.0,128.0,10.0,0.0,0.13624074933777552
1.0,1.0,0.0,0.0,0.0,0.0,0.0,3.0,128.0,10.0,0.0,0.1492667740790301
1.0,1.0,0.0,0.0,0.0,0.0,0.0,4.0,128.0,10.0,0.0,0.14070564461072127
1.0,1.0,0.0,0.0,0.0,0.0,0.0,1.0,0.0,16.0,0.0,0.020453862748846308
1.0,1.0,0.0,0.0,0.0,0.0,0.0,2.0,0.0,16.0,0.0,0.020645020344629894
1.0,1.0,0.0,0.0,0.0,0.0,0.0,3.0,0.0,16.0,0.0,0.024645675742101136
1.0,1.0,0.0,0.0,0.0,0.0,0.0,4.0,0.0,16.0,0.0,0.024604713400147527
1.0,1.0,0.0,0.0,0.0,0.0,0.0,1.0,8.0,16.0,0.0,0.4180753160927388
1.0,1.0,0.0,0.0,0.0,0.0,0.0,2.0,8.0,16.0,0.0,0.3994237963898523
1.0,1.0,0.0,0.0,0.0,0.0,0.0,3.0,8.0,16.0,0.0,0.42716895600644494
1.0,1.0,0.0,0.0,0.0,0.0,0.0,4.0,8.0,16.0,0.0,0.4080395423140994
1.0,1.0,0.0,0.0,0.0,0.0,0.0,1.0,10.0,16.0,0.0,0.3669816215625769
1.0,1.0,0.0,0.0,0.0,0.0,0.0,2.0,10.0,16.0,0.0,0.334402905595456
1.0,1.0,0.0,0.0,0.0,0.0,0.0,3.0,10.0,16.0,0.0,0.37244326715639436
1.0,1.0,0.0,0.0,0.0,0.0,0.0,4.0,10.0,16.0,0.0,0.3500095578797893
1.0,1.0,0.0,0.0,0.0,0.0,0.0,1.0,16.0,16.0,0.0,0.2776290996477239
1.0,1.0,0.0,0.0,0.0,0.0,0.0,2.0,16.0,16.0,0.0,0.24139108113274538
1.0,1.0,0.0,0.0,0.0,0.0,0.0,3.0,16.0,16.0,0.0,0.27627734236325413
1.0,1.0,0.0,0.0,0.0,0.0,0.0,4.0,16.0,16.0,0.0,0.24582866817772203
1.0,1.0,0.0,0.0,0.0,0.0,0.0,1.0,20.0,16.0,0.0,0.25557770556268605
1.0,1.0,0.0,0.0,0.0,0.0,0.0,2.0,20.0,16.0,0.0,0.21791965919331507
1.0,1.0,0.0,0.0,0.0,0.0,0.0,3.0,20.0,16.0,0.0,0.2513722384554467
1.0,1.0,0.0,0.0,0.0,0.0,0.0,4.0,20.0,16.0,0.0,0.2197220022392748
1.0,1.0,0.0,0.0,0.0,0.0,0.0,1.0,32.0,16.0,0.0,0.20171222589366183
1.0,1.0,0.0,0.0,0.0,0.0,0.0,2.0,32.0,16.0,0.0,0.16410879598022893
1.0,1.0,0.0,0.0,0.0,0.0,0.0,3.0,32.0,16.0,0.0,0.1933559081351211
1.0,1.0,0.0,0.0,0.0,0.0,0.0,4.0,32.0,16.0,0.0,0.1721101067751714
1.0,1.0,0.0,0.0,0.0,0.0,0.0,1.0,64.0,16.0,0.0,0.1608727709658921
1.0,1.0,0.0,0.0,0.0,0.0,0.0,2.0,64.0,16.0,0.0,0.1254403451760016
1.0,1.0,0.0,0.0,0.0,0.0,0.0,3.0,64.0,16.0,0.0,0.1471776946393949
1.0,1.0,0.0,0.0,0.0,0.0,0.0,4.0,64.0,16.0,0.0,0.1309292989977881
1.0,1.0,0.0,0.0,0.0,0.0,0.0,1.0,128.0,16.0,0.0,0.09594745896938756
1.0,1.0,0.0,0.0,0.0,0.0,0.0,2.0,128.0,16.0,0.0,0.08129659466397232
1.0,1.0,0.0,0.0,0.0,0.0,0.0,3.0,128.0,16.0,0.0,0.09142794724050357
1.0,1.0,0.0,0.0,0.0,0.0,0.0,4.0,128.0,16.0,0.0,0.08520167126355177
1.0,1.0,0.0,0.0,0.0,0.0,0.0,1.0,0.0,20.0,0.0,0.015074141838936128
1.0,1.0,0.0,0.0,0.0,0.0,0.0,2.0,0.0,20.0,0.0,0.015770501652147828
1.0,1.0,0.0,0.0,0.0,0.0,0.0,3.0,0.0,20.0,0.0,0.018296512739288395
1.0,1.0,0.0,0.0,0.0,0.0,0.0,4.0,0.0,20.0,0.0,0.01891094786859282
1.0,1.0,0.0,0.0,0.0,0.0,0.0,1.0,8.0,20.0,0.0,0.39314290395696233
1.0,1.0,0.0,0.0,0.0,0.0,0.0,2.0,8.0,20.0,0.0,0.35455637783664234
1.0,1.0,0.0,0.0,0.0,0.0,0.0,3.0,8.0,20.0,0.0,0.39383926377017403
1.0,1.0,0.0,0.0,0.0,0.0,0.0,4.0,8.0,20.0,0.0,0.3711188180998936
1.0,1.0,0.0,0.0,0.0,0.0,0.0,1.0,10.0,20.0,0.0,0.3479750948960923
1.0,1.0,0.0,0.0,0.0,0.0,0.0,2.0,10.0,20.0,0.0,0.3005953193697262
1.0,1.0,0.0,0.0,0.0,0.0,0.0,3.0,10.0,20.0,0.0,0.3441929053223736
1.0,1.0,0.0,0.0,0.0,0.0,0.0,4.0,10.0,20.0,0.0,0.3155738824107705
1.0,1.0,0.0,0.0,0.0,0.0,0.0,1.0,16.0,20.0,0.0,0.26194052267948337
1.0,1.0,0.0,0.0,0.0,0.0,0.0,2.0,16.0,20.0,0.0,0.2175373440017478
1.0,1.0,0.0,0.0,0.0,0.0,0.0,3.0,16.0,20.0,0.0,0.25880007646303843
1.0,1.0,0.0,0.0,0.0,0.0,0.0,4.0,16.0,20.0,0.0,0.22732734372866553
1.0,1.0,0.0,0.0,0.0,0.0,0.0,1.0,20.0,20.0,0.0,0.23456402414047356
1.0,1.0,0.0,0.0,0.0,0.0,0.0,2.0,20.0,20.0,0.0,0.19119855812556336
1.0,1.0,0.0,0.0,0.0,0.0,0.0,3.0,20.0,20.0,0.0,0.22912968677462525
1.0,1.0,0.0,0.0,0.0,0.0,0.0,4.0,20.0,20.0,0.0,0.19760233758431428
1.0,1.0,0.0,0.0,0.0,0.0,0.0,1.0,32.0,20.0,0.0,0.18691116633441668
1.0,1.0,0.0,0.0,0.0,0.0,0.0,2.0,32.0,20.0,0.0,0.14603074906469327
1.0,1.0,0.0,0.0,0.0,0.0,0.0,3.0,32.0,20.0,0.0,0.17579671755099818
1.0,1.0,0.0,0.0,0.0,0.0,0.0,4.0,32.0,20.0,0.0,0.15543843360004378
1.0,1.0,0.0,0.0,0.0,0.0,0.0,1.0,64.0,20.0,0.0,0.147205002867364
1.0,1.0,0.0,0.0,0.0,0.0,0.0,2.0,64.0,20.0,0.0,0.10609246565990338
1.0,1.0,0.0,0.0,0.0,0.0,0.0,3.0,64.0,20.0,0.0,0.1315846964690462
1.0,1.0,0.0,0.0,0.0,0.0,0.0,4.0,64.0,20.0,0.0,0.11192277233130349
1.0,1.0,0.0,0.0,0.0,0.0,0.0,1.0,128.0,20.0,0.0,0.08570687348097988
1.0,1.0,0.0,0.0,0.0,0.0,0.0,2.0,128.0,20.0,0.0,0.07022310822250749
1.0,1.0,0.0,0.0,0.0,0.0,0.0,3.0,128.0,20.0,0.0,0.07875692946284724
1.0,1.0,0.0,0.0,0.0,0.0,0.0,4.0,128.0,20.0,0.0,0.07279008165160167
1.0,1.0,0.0,0.0,0.0,0.0,0.0,1.0,0.0,32.0,0.0,0.00705917693000907
1.0,1.0,0.0,0.0,0.0,0.0,0.0,2.0,0.0,32.0,0.0,0.006376471230781888
1.0,1.0,0.0,0.0,0.0,0.0,0.0,3.0,0.0,32.0,0.0,0.009639804473087765
1.0,1.0,0.0,0.0,0.0,0.0,0.0,4.0,0.0,32.0,0.0,0.009830962068871352
1.0,1.0,0.0,0.0,0.0,0.0,0.0,1.0,8.0,32.0,0.0,0.3556350528414212
1.0,1.0,0.0,0.0,0.0,0.0,0.0,2.0,8.0,32.0,0.0,0.3108222507441493
1.0,1.0,0.0,0.0,0.0,0.0,0.0,3.0,8.0,32.0,0.0,0.35390098036538414
1.0,1.0,0.0,0.0,0.0,0.0,0.0,4.0,8.0,32.0,0.0,0.3245446352986156
1.0,1.0,0.0,0.0,0.0,0.0,0.0,1.0,10.0,32.0,0.0,0.3085966301646687
1.0,1.0,0.0,0.0,0.0,0.0,0.0,2.0,10.0,32.0,0.0,0.26706081542368726
1.0,1.0,0.0,0.0,0.0,0.0,0.0,3.0,10.0,32.0,0.0,0.309156448838035
1.0,1.0,0.0,0.0,0.0,0.0,0.0,4.0,10.0,32.0,0.0,0.2845244272099184
1.0,1.0,0.0,0.0,0.0,0.0,0.0,1.0,16.0,32.0,0.0,0.22146972882929644
1.0,1.0,0.0,0.0,0.0,0.0,0.0,2.0,16.0,32.0,0.0,0.19096643818782605
1.0,1.0,0.0,0.0,0.0,0.0,0.0,3.0,16.0,32.0,0.0,0.2198585433791202
1.0,1.0,0.0,0.0,0.0,0.0,0.0,4.0,16.0,32.0,0.0,0.1979163822059587
1.0,1.0,0.0,0.0,0.0,0.0,0.0,1.0,20.0,32.0,0.0,0.19827138916955683
1.0,1.0,0.0,0.0,0.0,0.0,0.0,2.0,20.0,32.0,0.0,0.16080450039596944
1.0,1.0,0.0,0.0,0.0,0.0,0.0,3.0,20.0,32.0,0.0,0.19170376034299136
1.0,1.0,0.0,0.0,0.0,0.0,0.0,4.0,20.0,32.0,0.0,0.1710860482263306
1.0,1.0,0.0,0.0,0.0,0.0,0.0,1.0,32.0,32.0,0.0,0.1582648351948442
1.0,1.0,0.0,0.0,0.0,0.0,0.0,2.0,32.0,32.0,0.0,0.11743903438105907
1.0,1.0,0.0,0.0,0.0,0.0,0.0,3.0,32.0,32.0,0.0,0.1464813348261832
1.0,1.0,0.0,0.0,0.0,0.0,0.0,4.0,32.0,32.0,0.0,0.12452551953903718
1.0,1.0,0.0,0.0,0.0,0.0,0.0,1.0,64.0,32.0,0.0,0.12515360878232612
1.0,1.0,0.0,0.0,0.0,0.0,0.0,2.0,64.0,32.0,0.0,0.08114639941014234
1.0,1.0,0.0,0.0,0.0,0.0,0.0,3.0,64.0,32.0,0.0,0.10681613370108423
1.0,1.0,0.0,0.0,0.0,0.0,0.0,4.0,64.0,32.0,0.0,0.08520167126355177
1.0,1.0,0.0,0.0,0.0,0.0,0.0,1.0,128.0,32.0,0.0,0.07328162975504526
1.0,1.0,0.0,0.0,0.0,0.0,0.0,2.0,128.0,32.0,0.0,0.05969578634042444
1.0,1.0,0.0,0.0,0.0,0.0,0.0,3.0,128.0,32.0,0.0,0.07119255031541011
1.0,1.0,0.0,0.0,0.0,0.0,0.0,4.0,128.0,32.0,0.0,0.06476146262869009
1.0,1.0,0.0,0.0,0.0,0.0,0.0,1.0,0.0,64.0,0.0,0.01973019470766546
1.0,1.0,0.0,0.0,0.0,0.0,0.0,2.0,0.0,64.0,0.0,0.021109260220104342
1.0,1.0,0.0,0.0,0.0,0.0,0.0,3.0,0.0,64.0,0.0,0.012356973156011919
1.0,1.0,0.0,0.0,0.0,0.0,0.0,4.0,0.0,64.0,0.0,0.012889483601409124
1.0,1.0,0.0,0.0,0.0,0.0,0.0,1.0,8.0,64.0,0.0,0.30648024249706446
1.0,1.0,0.0,0.0,0.0,0.0,0.0,2.0,8.0,64.0,0.0,0.2779158360413993
1.0,1.0,0.0,0.0,0.0,0.0,0.0,3.0,8.0,64.0,0.0,0.302875556405145
1.0,1.0,0.0,0.0,0.0,0.0,0.0,4.0,8.0,64.0,0.0,0.27980010377126635
1.0,1.0,0.0,0.0,0.0,0.0,0.0,1.0,10.0,64.0,0.0,0.26361997869958226
1.0,1.0,0.0,0.0,0.0,0.0,0.0,2.0,10.0,64.0,0.0,0.23814140200442396
1.0,1.0,0.0,0.0,0.0,0.0,0.0,3.0,10.0,64.0,0.0,0.2592643163385128
1.0,1.0,0.0,0.0,0.0,0.0,0.0,4.0,10.0,64.0,0.0,0.24734427483000637
1.0,1.0,0.0,0.0,0.0,0.0,0.0,1.0,16.0,64.0,0.0,0.18468554575493595
1.0,1.0,0.0,0.0,0.0,0.0,0.0,2.0,16.0,64.0,0.0,0.16076353805401572
1.0,1.0,0.0,0.0,0.0,0.0,0.0,3.0,16.0,64.0,0.0,0.18086239383926378
1.0,1.0,0.0,0.0,0.0,0.0,0.0,4.0,16.0,64.0,0.0,0.1673721292225348
1.0,1.0,0.0,0.0,0.0,0.0,0.0,1.0,20.0,64.0,0.0,0.16475053933750244
1.0,1.0,0.0,0.0,0.0,0.0,0.0,2.0,20.0,64.0,0.0,0.13140719298724712
1.0,1.0,0.0,0.0,0.0,0.0,0.0,3.0,20.0,64.0,0.0,0.1558480570195801
1.0,1.0,0.0,0.0,0.0,0.0,0.0,4.0,20.0,64.0,0.0,0.14082853163658215
1.0,1.0,0.0,0.0,0.0,0.0,0.0,1.0,32.0,64.0,0.0,0.1333187689450832
1.0,1.0,0.0,0.0,0.0,0.0,0.0,2.0,32.0,64.0,0.0,0.09221988585160712
1.0,1.0,0.0,0.0,0.0,0.0,0.0,3.0,32.0,64.0,0.0,0.1197465796444469
1.0,1.0,0.0,0.0,0.0,0.0,0.0,4.0,32.0,64.0,0.0,0.09663016466861474
1.0,1.0,0.0,0.0,0.0,0.0,0.0,1.0,64.0,64.0,0.0,0.11713864387339912
1.0,1.0,0.0,0.0,0.0,0.0,0.0,2.0,64.0,64.0,0.0,0.061784865780059595
1.0,1.0,0.0,0.0,0.0,0.0,0.0,3.0,64.0,64.0,0.0,0.09379010895982964
1.0,1.0,0.0,0.0,0.0,0.0,0.0,4.0,64.0,64.0,0.0,0.06246757147928672
1.0,1.0,0.0,0.0,0.0,0.0,0.0,1.0,128.0,64.0,0.0,0.06697342909418613
1.0,1.0,0.0,0.0,0.0,0.0,0.0,2.0,128.0,64.0,0.0,0.04856768344302148
1.0,1.0,0.0,0.0,0.0,0.0,0.0,3.0,128.0,64.0,0.0,0.06387394521969475
1.0,1.0,0.0,0.0,0.0,0.0,0.0,4.0,128.0,64.0,0.0,0.051680821431497326
1.0,1.0,0.0,0.0,0.0,0.0,0.0,1.0,0.0,128.0,0.0,0.1487342636336329
1.0,1.0,0.0,0.0,0.0,0.0,0.0,2.0,0.0,128.0,0.0,0.15067314781943802
1.0,1.0,0.0,0.0,0.0,0.0,0.0,3.0,0.0,128.0,0.0,0.13610420819793012
1.0,1.0,0.0,0.0,0.0,0.0,0.0,4.0,0.0,128.0,0.0,0.13634998224965184
1.0,1.0,0.0,0.0,0.0,0.0,0.0,1.0,8.0,128.0,0.0,0.27222207050984476
1.0,1.0,0.0,0.0,0.0,0.0,0.0,2.0,8.0,128.0,0.0,0.25064857041426597
1.0,1.0,0.0,0.0,0.0,0.0,0.0,3.0,8.0,128.0,0.0,0.27203091291406106
1.0,1.0,0.0,0.0,0.0,0.0,0.0,4.0,8.0,128.0,0.0,0.25669734290941876
1.0,1.0,0.0,0.0,0.0,0.0,0.0,1.0,10.0,128.0,0.0,0.23401785958109184
1.0,1.0,0.0,0.0,0.0,0.0,0.0,2.0,10.0,128.0,0.0,0.21416477784756555
1.0,1.0,0.0,0.0,0.0,0.0,0.0,3.0,10.0,128.0,0.0,0.23328053742592653
1.0,1.0,0.0,0.0,0.0,0.0,0.0,4.0,10.0,128.0,0.0,0.22820120702367624
1.0,1.0,0.0,0.0,0.0,0.0,0.0,1.0,16.0,128.0,0.0,0.16499631338922421
1.0,1.0,0.0,0.0,0.0,0.0,0.0,2.0,16.0,128.0,0.0,0.14327261803981545
1.0,1.0,0.0,0.0,0.0,0.0,0.0,3.0,16.0,128.0,0.0,0.16293454217755815
1.0,1.0,0.0,0.0,0.0,0.0,0.0,4.0,16.0,128.0,0.0,0.15265299434719687
1.0,1.0,0.0,0.0,0.0,0.0,0.0,1.0,20.0,128.0,0.0,0.14851579780988022
1.0,1.0,0.0,0.0,0.0,0.0,0.0,2.0,20.0,128.0,0.0,0.11555476665119208
1.0,1.0,0.0,0.0,0.0,0.0,0.0,3.0,20.0,128.0,0.0,0.1407875692946285
1.0,1.0,0.0,0.0,0.0,0.0,0.0,4.0,20.0,128.0,0.0,0.12710614708211587
1.0,1.0,0.0,0.0,0.0,0.0,0.0,1.0,32.0,128.0,0.0,0.12520822523826436
1.0,1.0,0.0,0.0,0.0,0.0,0.0,2.0,32.0,128.0,0.0,0.08342663644556109
1.0,1.0,0.0,0.0,0.0,0.0,0.0,3.0,32.0,128.0,0.0,0.11098063846636996
1.0,1.0,0.0,0.0,0.0,0.0,0.0,4.0,32.0,128.0,0.0,0.08973483710642022
1.0,1.0,0.0,0.0,0.0,0.0,0.0,1.0,64.0,128.0,0.0,0.11883175400748253
1.0,1.0,0.0,0.0,0.0,0.0,0.0,2.0,64.0,128.0,0.0,0.06017368032988346
1.0,1.0,0.0,0.0,0.0,0.0,0.0,3.0,64.0,128.0,0.0,0.09372183838990694
1.0,1.0,0.0,0.0,0.0,0.0,0.0,4.0,64.0,128.0,0.0,0.061197738878724206
1.0,1.0,0.0,0.0,0.0,0.0,0.0,1.0,128.0,128.0,0.0,0.08739998361506324
1.0,1.0,0.0,0.0,0.0,0.0,0.0,2.0,128.0,128.0,0.0,0.055858980310767636
1.0,1.0,0.0,0.0,0.0,0.0,0.0,3.0,128.0,128.0,0.0,0.07632649717359846
1.0,1.0,0.0,0.0,0.0,0.0,0.0,4.0,128.0,128.0,0.0,0.058262104372047374
1.0,1.0,0.0,0.0,0.0,0.0,0.0,1.0,0.0,0.0,8.0,0.20345995248368337
1.0,1.0,0.0,0.0,0.0,0.0,0.0,2.0,0.0,0.0,8.0,0.2033097572298534
1.0,1.0,0.0,0.0,0.0,0.0,0.0,3.0,0.0,0.0,8.0,0.19388841858051836
1.0,1.0,0.0,0.0,0.0,0.0,0.0,4.0,0.0,0.0,8.0,0.19373822332668839
1.0,1.0,0.0,0.0,0.0,0.0,0.0,1.0,8.0,0.0,8.0,0.10666593844725425
1.0,1.0,0.0,0.0,0.0,0.0,0.0,2.0,8.0,0.0,8.0,0.13553073541057925
1.0,1.0,0.0,0.0,0.0,0.0,0.0,3.0,8.0,0.0,8.0,0.10500013654113988
1.0,1.0,0.0,0.0,0.0,0.0,0.0,4.0,8.0,0.0,8.0,0.1334826183128977
1.0,1.0,0.0,0.0,0.0,0.0,0.0,1.0,10.0,0.0,8.0,0.10397607799229913
1.0,1.0,0.0,0.0,0.0,0.0,0.0,2.0,10.0,0.0,8.0,0.13621344110980643
1.0,1.0,0.0,0.0,0.0,0.0,0.0,3.0,10.0,0.0,8.0,0.10404434856222183
1.0,1.0,0.0,0.0,0.0,0.0,0.0,4.0,10.0,0.0,8.0,0.14198913132526836
1.0,1.0,0.0,0.0,0.0,0.0,0.0,1.0,16.0,0.0,8.0,0.10476801660340268
1.0,1.0,0.0,0.0,0.0,0.0,0.0,2.0,16.0,0.0,8.0,0.13372839236461953
1.0,1.0,0.0,0.0,0.0,0.0,0.0,3.0,16.0,0.0,8.0,0.10723941123460506
1.0,1.0,0.0,0.0,0.0,0.0,0.0,4.0,16.0,0.0,8.0,0.14082853163658215
1.0,1.0,0.0,0.0,0.0,0.0,0.0,1.0,20.0,0.0,8.0,0.12094814167508677
1.0,1.0,0.0,0.0,0.0,0.0,0.0,2.0,20.0,0.0,8.0,0.1388077227668697
1.0,1.0,0.0,0.0,0.0,0.0,0.0,3.0,20.0,0.0,8.0,0.11929599388295703
1.0,1.0,0.0,0.0,0.0,0.0,0.0,4.0,20.0,0.0,8.0,0.1446243753242853
1.0,1.0,0.0,0.0,0.0,0.0,0.0,1.0,32.0,0.0,8.0,0.13663671864332733
1.0,1.0,0.0,0.0,0.0,0.0,0.0,2.0,32.0,0.0,8.0,0.13712826674677087
1.0,1.0,0.0,0.0,0.0,0.0,0.0,3.0,32.0,0.0,8.0,0.1285125208225239
1.0,1.0,0.0,0.0,0.0,0.0,0.0,4.0,32.0,0.0,8.0,0.14167508670362383
1.0,1.0,0.0,0.0,0.0,0.0,0.0,1.0,64.0,0.0,8.0,0.1929462847155849
1.0,1.0,0.0,0.0,0.0,0.0,0.0,2.0,64.0,0.0,8.0,0.2504847210464514
1.0,1.0,0.0,0.0,0.0,0.0,0.0,3.0,64.0,0.0,8.0,0.16494169693328603
1.0,1.0,0.0,0.0,0.0,0.0,0.0,4.0,64.0,0.0,8.0,0.2492285425598733
1.0,1.0,0.0,0.0,0.0,0.0,0.0,1.0,128.0,0.0,8.0,0.2576121685463831
1.0,1.0,0.0,0.0,0.0,0.0,0.0,2.0,128.0,0.0,8.0,0.2820939949206697
1.0,1.0,0.0,0.0,0.0,0.0,0.0,3.0,128.0,0.0,8.0,0.2671427401075946
1.0,1.0,0.0,0.0,0.0,0.0,0.0,4.0,128.0,0.0,8.0,0.29503809497801686
1.0,1.0,0.0,0.0,0.0,0.0,0.0,1.0,0.0,8.0,8.0,0.045331658428684585
1.0,1.0,0.0,0.0,0.0,0.0,0.0,2.0,0.0,8.0,8.0,0.0446489527294574
1.0,1.0,0.0,0.0,0.0,0.0,0.0,3.0,0.0,8.0,8.0,0.04250525683388412
1.0,1.0,0.0,0.0,0.0,0.0,0.0,4.0,0.0,8.0,8.0,0.042751030885605834
1.0,1.0,0.0,0.0,0.0,0.0,0.0,1.0,8.0,8.0,8.0,0.6582784893088287
1.0,1.0,0.0,0.0,0.0,0.0,0.0,2.0,8.0,8.0,8.0,0.6431770392419238
1.0,1.0,0.0,0.0,0.0,0.0,0.0,3.0,8.0,8.0,8.0,0.6389306097927308
1.0,1.0,0.0,0.0,0.0,0.0,0.0,4.0,8.0,8.0,8.0,0.6292225347497202
1.0,1.0,0.0,0.0,0.0,0.0,0.0,1.0,10.0,8.0,8.0,0.5357601245255197
1.0,1.0,0.0,0.0,0.0,0.0,0.0,2.0,10.0,8.0,8.0,0.5183784374231957
1.0,1.0,0.0,0.0,0.0,0.0,0.0,3.0,10.0,8.0,8.0,0.5214779212976872
1.0,1.0,0.0,0.0,0.0,0.0,0.0,4.0,10.0,8.0,8.0,0.503713919003796
1.0,1.0,0.0,0.0,0.0,0.0,0.0,1.0,16.0,8.0,8.0,0.3559764056910348
1.0,1.0,0.0,0.0,0.0,0.0,0.0,2.0,16.0,8.0,8.0,0.34468445342581727
1.0,1.0,0.0,0.0,0.0,0.0,0.0,3.0,16.0,8.0,8.0,0.3485895300253968
1.0,1.0,0.0,0.0,0.0,0.0,0.0,4.0,16.0,8.0,8.0,0.33675141320079743
1.0,1.0,0.0,0.0,0.0,0.0,0.0,1.0,20.0,8.0,8.0,0.31299325486769164
1.0,1.0,0.0,0.0,0.0,0.0,0.0,2.0,20.0,8.0,8.0,0.28811545918785336
1.0,1.0,0.0,0.0,0.0,0.0,0.0,3.0,20.0,8.0,8.0,0.30545618394822366
1.0,1.0,0.0,0.0,0.0,0.0,0.0,4.0,20.0,8.0,8.0,0.2843332696141348
1.0,1.0,0.0,0.0,0.0,0.0,0.0,1.0,32.0,8.0,8.0,0.2320789753952867
1.0,1.0,0.0,0.0,0.0,0.0,0.0,2.0,32.0,8.0,8.0,0.20699636800568016
1.0,1.0,0.0,0.0,0.0,0.0,0.0,3.0,32.0,8.0,8.0,0.21964007755536746
1.0,1.0,0.0,0.0,0.0,0.0,0.0,4.0,32.0,8.0,8.0,0.2062863540784839
1.0,1.0,0.0,0.0,0.0,0.0,0.0,1.0,64.0,8.0,8.0,0.15957563013736048
1.0,1.0,0.0,0.0,0.0,0.0,0.0,2.0,64.0,8.0,8.0,0.13098391545372629
1.0,1.0,0.0,0.0,0.0,0.0,0.0,3.0,64.0,8.0,8.0,0.15027717851388628
1.0,1.0,0.0,0.0,0.0,0.0,0.0,4.0,64.0,8.0,8.0,0.13322319014719142
1.0,1.0,0.0,0.0,0.0,0.0,0.0,1.0,128.0,8.0,8.0,0.09552418143586666
1.0,1.0,0.0,0.0,0.0,0.0,0.0,2.0,128.0,8.0,8.0,0.08491493486987634
1.0,1.0,0.0,0.0,0.0,0.0,0.0,3.0,128.0,8.0,8.0,0.0891613643190694
1.0,1.0,0.0,0.0,0.0,0.0,0.0,4.0,128.0,8.0,8.0,0.0837270269532211
1.0,1.0,0.0,0.0,0.0,0.0,0.0,1.0,0.0,10.0,8.0,0.06246757147928672
1.0,1.0,0.0,0.0,0.0,0.0,0.0,2.0,0.0,10.0,8.0,0.06249487970725587
1.0,1.0,0.0,0.0,0.0,0.0,0.0,3.0,0.0,10.0,8.0,0.05995521450613073
1.0,1.0,0.0,0.0,0.0,0.0,0.0,4.0,0.0,10.0,8.0,0.06062426609137339
1.0,1.0,0.0,0.0,0.0,0.0,0.0,1.0,8.0,10.0,8.0,0.5638056746497722
1.0,1.0,0.0,0.0,0.0,0.0,0.0,2.0,8.0,10.0,8.0,0.5436385482946013
1.0,1.0,0.0,0.0,0.0,0.0,0.0,3.0,8.0,10.0,8.0,0.5667140009284799
1.0,1.0,0.0,0.0,0.0,0.0,0.0,4.0,8.0,10.0,8.0,0.5310221469728831
1.0,1.0,0.0,0.0,0.0,0.0,0.0,1.0,10.0,10.0,8.0,0.4624784947704745
1.0,1.0,0.0,0.0,0.0,0.0,0.0,2.0,10.0,10.0,8.0,0.4474862776154456
1.0,1.0,0.0,0.0,0.0,0.0,0.0,3.0,10.0,10.0,8.0,0.46383025205494427
1.0,1.0,0.0,0.0,0.0,0.0,0.0,4.0,10.0,10.0,8.0,0.4403042136595758
1.0,1.0,0.0,0.0,0.0,0.0,0.0,1.0,16.0,10.0,8.0,0.32039378464731433
1.0,1.0,0.0,0.0,0.0,0.0,0.0,2.0,16.0,10.0,8.0,0.3048417488189192
1.0,1.0,0.0,0.0,0.0,0.0,0.0,3.0,16.0,10.0,8.0,0.32330211092602207
1.0,1.0,0.0,0.0,0.0,0.0,0.0,4.0,16.0,10.0,8.0,0.2982877741063383
1.0,1.0,0.0,0.0,0.0,0.0,0.0,1.0,20.0,10.0,8.0,0.2923345804090774
1.0,1.0,0.0,0.0,0.0,0.0,0.0,2.0,20.0,10.0,8.0,0.2621180261612825
1.0,1.0,0.0,0.0,0.0,0.0,0.0,3.0,20.0,10.0,8.0,0.29035473388131855
1.0,1.0,0.0,0.0,0.0,0.0,0.0,4.0,20.0,10.0,8.0,0.2612851252082253
1.0,1.0,0.0,0.0,0.0,0.0,0.0,1.0,32.0,10.0,8.0,0.23229744121903934
1.0,1.0,0.0,0.0,0.0,0.0,0.0,2.0,32.0,10.0,8.0,0.19326032933722942
1.0,1.0,0.0,0.0,0.0,0.0,0.0,3.0,32.0,10.0,8.0,0.22099183483983736
1.0,1.0,0.0,0.0,0.0,0.0,0.0,4.0,32.0,10.0,8.0,0.19753406701439152
1.0,1.0,0.0,0.0,0.0,0.0,0.0,1.0,64.0,10.0,8.0,0.17029410961522712
1.0,1.0,0.0,0.0,0.0,0.0,0.0,2.0,64.0,10.0,8.0,0.13281356672765515
1.0,1.0,0.0,0.0,0.0,0.0,0.0,3.0,64.0,10.0,8.0,0.16219722002239284
1.0,1.0,0.0,0.0,0.0,0.0,0.0,4.0,64.0,10.0,8.0,0.13572189300636284
1.0,1.0,0.0,0.0,0.0,0.0,0.0,1.0,128.0,10.0,8.0,0.1006171659521014
1.0,1.0,0.0,0.0,0.0,0.0,0.0,2.0,128.0,10.0,8.0,0.09037658046369379
1.0,1.0,0.0,0.0,0.0,0.0,0.0,3.0,128.0,10.0,8.0,0.09833692891668266
1.0,1.0,0.0,0.0,0.0,0.0,0.0,4.0,128.0,10.0,8.0,0.09432261940522685
1.0,1.0,0.0,0.0,0.0,0.0,0.0,1.0,0.0,16.0,8.0,0.03956962232720723
1.0,1.0,0.0,0.0,0.0,0.0,0.0,2.0,0.0,16.0,8.0,0.03915999890767091
1.0,1.0,0.0,0.0,0.0,0.0,0.0,3.0,0.0,16.0,8.0,0.03753515934351026
1.0,1.0,0.0,0.0,0.0,0.0,0.0,4.0,0.0,16.0,8.0,0.03784920396515479
1.0,1.0,0.0,0.0,0.0,0.0,0.0,1.0,8.0,16.0,8.0,0.3487124170512576
1.0,1.0,0.0,0.0,0.0,0.0,0.0,2.0,8.0,16.0,8.0,0.3469510363472516
1.0,1.0,0.0,0.0,0.0,0.0,0.0,3.0,8.0,16.0,8.0,0.3517709385837953
1.0,1.0,0.0,0.0,0.0,0.0,0.0,4.0,8.0,16.0,8.0,0.3329146071711408
1.0,1.0,0.0,0.0,0.0,0.0,0.0,1.0,10.0,16.0,8.0,0.29197957344547926
1.0,1.0,0.0,0.0,0.0,0.0,0.0,2.0,10.0,16.0,8.0,0.2804281930145553
1.0,1.0,0.0,0.0,0.0,0.0,0.0,3.0,10.0,16.0,8.0,0.2939048035172999
1.0,1.0,0.0,0.0,0.0,0.0,0.0,4.0,10.0,16.0,8.0,0.278434692372812
1.0,1.0,0.0,0.0,0.0,0.0,0.0,1.0,16.0,16.0,8.0,0.19966410879598034
1.0,1.0,0.0,0.0,0.0,0.0,0.0,2.0,16.0,16.0,8.0,0.19132144515142419
1.0,1.0,0.0,0.0,0.0,0.0,0.0,3.0,16.0,16.0,8.0,0.20747426199513924
1.0,1.0,0.0,0.0,0.0,0.0,0.0,4.0,16.0,16.0,8.0,0.1858324913296377
1.0,1.0,0.0,0.0,0.0,0.0,0.0,1.0,20.0,16.0,8.0,0.1901471913487534
1.0,1.0,0.0,0.0,0.0,0.0,0.0,2.0,20.0,16.0,8.0,0.1647232311095334
1.0,1.0,0.0,0.0,0.0,0.0,0.0,3.0,20.0,16.0,8.0,0.19098009230181062
1.0,1.0,0.0,0.0,0.0,0.0,0.0,4.0,20.0,16.0,8.0,0.1673721292225348
1.0,1.0,0.0,0.0,0.0,0.0,0.0,1.0,32.0,16.0,8.0,0.156776536770529
1.0,1.0,0.0,0.0,0.0,0.0,0.0,2.0,32.0,16.0,8.0,0.12759769518555947
1.0,1.0,0.0,0.0,0.0,0.0,0.0,3.0,32.0,16.0,8.0,0.1495262022447364
1.0,1.0,0.0,0.0,0.0,0.0,0.0,4.0,32.0,16.0,8.0,0.12994620279090097
1.0,1.0,0.0,0.0,0.0,0.0,0.0,1.0,64.0,16.0,8.0,0.12112564515688579
1.0,1.0,0.0,0.0,0.0,0.0,0.0,2.0,64.0,16.0,8.0,0.08731805893115602
1.0,1.0,0.0,0.0,0.0,0.0,0.0,3.0,64.0,16.0,8.0,0.11276932739834516
1.0,1.0,0.0,0.0,0.0,0.0,0.0,4.0,64.0,16.0,8.0,0.0909773614790137
1.0,1.0,0.0,0.0,0.0,0.0,0.0,1.0,128.0,16.0,8.0,0.07074196455392012
1.0,1.0,0.0,0.0,0.0,0.0,0.0,2.0,128.0,16.0,8.0,0.059641169884486256
1.0,1.0,0.0,0.0,0.0,0.0,0.0,3.0,128.0,16.0,8.0,0.06936289904148124
1.0,1.0,0.0,0.0,0.0,0.0,0.0,4.0,128.0,16.0,8.0,0.061156776536770596
1.0,1.0,0.0,0.0,0.0,0.0,0.0,1.0,0.0,20.0,8.0,0.03780824162320112
1.0,1.0,0.0,0.0,0.0,0.0,0.0,2.0,0.0,20.0,8.0,0.03816324858679926
1.0,1.0,0.0,0.0,0.0,0.0,0.0,3.0,0.0,20.0,8.0,0.03619705617302493
1.0,1.0,0.0,0.0,0.0,0.0,0.0,4.0,0.0,20.0,8.0,0.03633359731287039
1.0,1.0,0.0,0.0,0.0,0.0,0.0,1.0,8.0,20.0,8.0,0.29412326934105254
1.0,1.0,0.0,0.0,0.0,0.0,0.0,2.0,8.0,20.0,8.0,0.28254458068215954
1.0,1.0,0.0,0.0,0.0,0.0,0.0,3.0,8.0,20.0,8.0,0.3002812747480817
1.0,1.0,0.0,0.0,0.0,0.0,0.0,4.0,8.0,20.0,8.0,0.27779294901553847
1.0,1.0,0.0,0.0,0.0,0.0,0.0,1.0,10.0,20.0,8.0,0.24645675742101109
1.0,1.0,0.0,0.0,0.0,0.0,0.0,2.0,10.0,20.0,8.0,0.2312870367841831
1.0,1.0,0.0,0.0,0.0,0.0,0.0,3.0,10.0,20.0,8.0,0.24842294983478524
1.0,1.0,0.0,0.0,0.0,0.0,0.0,4.0,10.0,20.0,8.0,0.22682214151123742
1.0,1.0,0.0,0.0,0.0,0.0,0.0,1.0,16.0,20.0,8.0,0.17445861438051297
1.0,1.0,0.0,0.0,0.0,0.0,0.0,2.0,16.0,20.0,8.0,0.16126874027144383
1.0,1.0,0.0,0.0,0.0,0.0,0.0,3.0,16.0,20.0,8.0,0.18009776345612943
1.0,1.0,0.0,0.0,0.0,0.0,0.0,4.0,16.0,20.0,8.0,0.15885196209617963
1.0,1.0,0.0,0.0,0.0,0.0,0.0,1.0,20.0,20.0,8.0,0.16794560200988567
1.0,1.0,0.0,0.0,0.0,0.0,0.0,2.0,20.0,20.0,8.0,0.1440099401949808
1.0,1.0,0.0,0.0,0.0,0.0,0.0,3.0,20.0,20.0,8.0,0.16731751276659662
1.0,1.0,0.0,0.0,0.0,0.0,0.0,4.0,20.0,20.0,8.0,0.14343646740762994
1.0,1.0,0.0,0.0,0.0,0.0,0.0,1.0,32.0,20.0,8.0,0.14624921488844594
1.0,1.0,0.0,0.0,0.0,0.0,0.0,2.0,32.0,20.0,8.0,0.11334280018569598
1.0,1.0,0.0,0.0,0.0,0.0,0.0,3.0,32.0,20.0,8.0,0.13652748573145096
1.0,1.0,0.0,0.0,0.0,0.0,0.0,4.0,32.0,20.0,8.0,0.11636035937628014
1.0,1.0,0.0,0.0,0.0,0.0,0.0,1.0,64.0,20.0,8.0,0.11622381823643474
1.0,1.0,0.0,0.0,0.0,0.0,0.0,2.0,64.0,20.0,8.0,0.07935771047816714
1.0,1.0,0.0,0.0,0.0,0.0,0.0,3.0,64.0,20.0,8.0,0.10706190775280594
1.0,1.0,0.0,0.0,0.0,0.0,0.0,4.0,64.0,20.0,8.0,0.08390453043502011
1.0,1.0,0.0,0.0,0.0,0.0,0.0,1.0,128.0,20.0,8.0,0.06549878478385546
1.0,1.0,0.0,0.0,0.0,0.0,0.0,2.0,128.0,20.0,8.0,0.0552718534094323
1.0,1.0,0.0,0.0,0.0,0.0,0.0,3.0,128.0,20.0,8.0,0.06564898003768543
1.0,1.0,0.0,0.0,0.0,0.0,0.0,4.0,128.0,20.0,8.0,0.05704688822742299
1.0,1.0,0.0,0.0,0.0,0.0,0.0,1.0,0.0,32.0,8.0,0.03780824162320112
1.0,1.0,0.0,0.0,0.0,0.0,0.0,2.0,0.0,32.0,8.0,0.03771266282530933
1.0,1.0,0.0,0.0,0.0,0.0,0.0,3.0,0.0,32.0,8.0,0.03660667959256125
1.0,1.0,0.0,0.0,0.0,0.0,0.0,4.0,0.0,32.0,8.0,0.03653840902263855
1.0,1.0,0.0,0.0,0.0,0.0,0.0,1.0,8.0,32.0,8.0,0.20371938064938971
1.0,1.0,0.0,0.0,0.0,0.0,0.0,2.0,8.0,32.0,8.0,0.1984215844233868
1.0,1.0,0.0,0.0,0.0,0.0,0.0,3.0,8.0,32.0,8.0,0.20931756738305257
1.0,1.0,0.0,0.0,0.0,0.0,0.0,4.0,8.0,32.0,8.0,0.18969660558726348
1.0,1.0,0.0,0.0,0.0,0.0,0.0,1.0,10.0,32.0,8.0,0.17478631311614196
1.0,1.0,0.0,0.0,0.0,0.0,0.0,2.0,10.0,32.0,8.0,0.16595210136814226
1.0,1.0,0.0,0.0,0.0,0.0,0.0,3.0,10.0,32.0,8.0,0.18035719162183578
1.0,1.0,0.0,0.0,0.0,0.0,0.0,4.0,10.0,32.0,8.0,0.16364455610475442
1.0,1.0,0.0,0.0,0.0,0.0,0.0,1.0,16.0,32.0,8.0,0.1285125208225239
1.0,1.0,0.0,0.0,0.0,0.0,0.0,2.0,16.0,32.0,8.0,0.11996504546819958
1.0,1.0,0.0,0.0,0.0,0.0,0.0,3.0,16.0,32.0,8.0,0.13634998224965184
1.0,1.0,0.0,0.0,0.0,0.0,0.0,4.0,16.0,32.0,8.0,0.11676998279581646
1.0,1.0,0.0,0.0,0.0,0.0,0.0,1.0,20.0,32.0,8.0,0.13292279963953146
1.0,1.0,0.0,0.0,0.0,0.0,0.0,2.0,20.0,32.0,8.0,0.10906906250853388
1.0,1.0,0.0,0.0,0.0,0.0,0.0,3.0,20.0,32.0,8.0,0.1339741664163413
1.0,1.0,0.0,0.0,0.0,0.0,0.0,4.0,20.0,32.0,8.0,0.1119637346732571
1.0,1.0,0.0,0.0,0.0,0.0,0.0,1.0,32.0,32.0,8.0,0.12419782080340808
1.0,1.0,0.0,0.0,0.0,0.0,0.0,2.0,32.0,32.0,8.0,0.09043119691963197
1.0,1.0,0.0,0.0,0.0,0.0,0.0,3.0,32.0,32.0,8.0,0.11645593817417194
1.0,1.0,0.0,0.0,0.0,0.0,0.0,4.0,32.0,32.0,8.0,0.09400857478358232
1.0,1.0,0.0,0.0,0.0,0.0,0.0,1.0,64.0,32.0,8.0,0.10820885332750763
1.0,1.0,0.0,0.0,0.0,0.0,0.0,2.0,64.0,32.0,8.0,0.06650918921871163
1.0,1.0,0.0,0.0,0.0,0.0,0.0,3.0,64.0,32.0,8.0,0.09990715202490519
1.0,1.0,0.0,0.0,0.0,0.0,0.0,4.0,64.0,32.0,8.0,0.07385510254239608
1.0,1.0,0.0,0.0,0.0,0.0,0.0,1.0,128.0,32.0,8.0,0.06017368032988346
1.0,1.0,0.0,0.0,0.0,0.0,0.0,2.0,128.0,32.0,8.0,0.05206313662306461
1.0,1.0,0.0,0.0,0.0,0.0,0.0,3.0,128.0,32.0,8.0,0.06249487970725587
1.0,1.0,0.0,0.0,0.0,0.0,0.0,4.0,128.0,32.0,8.0,0.0557634015128759
1.0,1.0,0.0,0.0,0.0,0.0,0.0,1.0,0.0,64.0,8.0,0.052909691690106286
1.0,1.0,0.0,0.0,0.0,0.0,0.0,2.0,0.0,64.0,8.0,0.05289603757612171
1.0,1.0,0.0,0.0,0.0,0.0,0.0,3.0,0.0,64.0,8.0,0.04591878533001997
1.0,1.0,0.0,0.0,0.0,0.0,0.0,4.0,0.0,64.0,8.0,0.04507223026297824
1.0,1.0,0.0,0.0,0.0,0.0,0.0,1.0,8.0,64.0,8.0,0.1375788525082608
1.0,1.0,0.0,0.0,0.0,0.0,0.0,2.0,8.0,64.0,8.0,0.13056063792020545
1.0,1.0,0.0,0.0,0.0,0.0,0.0,3.0,8.0,64.0,8.0,0.1427127993664492
1.0,1.0,0.0,0.0,0.0,0.0,0.0,4.0,8.0,64.0,8.0,0.12422512903137722
1.0,1.0,0.0,0.0,0.0,0.0,0.0,1.0,10.0,64.0,8.0,0.12015620306398322
1.0,1.0,0.0,0.0,0.0,0.0,0.0,2.0,10.0,64.0,8.0,0.11048909036292642
1.0,1.0,0.0,0.0,0.0,0.0,0.0,3.0,10.0,64.0,8.0,0.12649171195281145
1.0,1.0,0.0,0.0,0.0,0.0,0.0,4.0,10.0,64.0,8.0,0.10975176820776106
1.0,1.0,0.0,0.0,0.0,0.0,0.0,1.0,16.0,64.0,8.0,0.09507359567437673
1.0,1.0,0.0,0.0,0.0,0.0,0.0,2.0,16.0,64.0,8.0,0.08331740353368478
1.0,1.0,0.0,0.0,0.0,0.0,0.0,3.0,16.0,64.0,8.0,0.10393511565034552
1.0,1.0,0.0,0.0,0.0,0.0,0.0,4.0,16.0,64.0,8.0,0.08208853327507587
1.0,1.0,0.0,0.0,0.0,0.0,0.0,1.0,20.0,64.0,8.0,0.10513667768098534
1.0,1.0,0.0,0.0,0.0,0.0,0.0,2.0,20.0,64.0,8.0,0.0814467899178023
1.0,1.0,0.0,0.0,0.0,0.0,0.0,3.0,20.0,64.0,8.0,0.10737595237445047
1.0,1.0,0.0,0.0,0.0,0.0,0.0,4.0,20.0,64.0,8.0,0.0831399000518857
1.0,1.0,0.0,0.0,0.0,0.0,0.0,1.0,32.0,64.0,8.0,0.10900079193861117
1.0,1.0,0.0,0.0,0.0,0.0,0.0,2.0,32.0,64.0,8.0,0.07210737595237449
1.0,1.0,0.0,0.0,0.0,0.0,0.0,3.0,32.0,64.0,8.0,0.10128621753734407
1.0,1.0,0.0,0.0,0.0,0.0,0.0,4.0,32.0,64.0,8.0,0.0750976269149895
1.0,1.0,0.0,0.0,0.0,0.0,0.0,1.0,64.0,64.0,8.0,0.10635189382560972
1.0,1.0,0.0,0.0,0.0,0.0,0.0,2.0,64.0,64.0,8.0,0.056596302465933
1.0,1.0,0.0,0.0,0.0,0.0,0.0,3.0,64.0,64.0,8.0,0.09870558999426532
1.0,1.0,0.0,0.0,0.0,0.0,0.0,4.0,64.0,64.0,8.0,0.06497992845244277
1.0,1.0,0.0,0.0,0.0,0.0,0.0,1.0,128.0,64.0,8.0,0.06922635790163578
1.0,1.0,0.0,0.0,0.0,0.0,0.0,2.0,128.0,64.0,8.0,0.05667822714984028
1.0,1.0,0.0,0.0,0.0,0.0,0.0,3.0,128.0,64.0,8.0,0.07150659493705463
1.0,1.0,0.0,0.0,0.0,0.0,0.0,4.0,128.0,64.0,8.0,0.06022829678582159
1.0,1.0,0.0,0.0,0.0,0.0,0.0,1.0,0.0,128.0,8.0,0.1595619760233759
1.0,1.0,0.0,0.0,0.0,0.0,0.0,2.0,0.0,128.0,8.0,0.16036756874846397
1.0,1.0,0.0,0.0,0.0,0.0,0.0,3.0,0.0,128.0,8.0,0.14776482154073028
1.0,1.0,0.0,0.0,0.0,0.0,0.0,4.0,0.0,128.0,8.0,0.14964908927059728
1.0,1.0,0.0,0.0,0.0,0.0,0.0,1.0,8.0,128.0,8.0,0.10738960648843499
1.0,1.0,0.0,0.0,0.0,0.0,0.0,2.0,8.0,128.0,8.0,0.09848712417051264
1.0,1.0,0.0,0.0,0.0,0.0,0.0,3.0,8.0,128.0,8.0,0.11103525492230815
1.0,1.0,0.0,0.0,0.0,0.0,0.0,4.0,8.0,128.0,8.0,0.09396761244162877
1.0,1.0,0.0,0.0,0.0,0.0,0.0,1.0,10.0,128.0,8.0,0.09667112701056835
1.0,1.0,0.0,0.0,0.0,0.0,0.0,2.0,10.0,128.0,8.0,0.08544744531527354
1.0,1.0,0.0,0.0,0.0,0.0,0.0,3.0,10.0,128.0,8.0,0.09959310740326066
1.0,1.0,0.0,0.0,0.0,0.0,0.0,4.0,10.0,128.0,8.0,0.08716786367732604
1.0,1.0,0.0,0.0,0.0,0.0,0.0,1.0,16.0,128.0,8.0,0.08117370763811138
1.0,1.0,0.0,0.0,0.0,0.0,0.0,2.0,16.0,128.0,8.0,0.06873480979819224
1.0,1.0,0.0,0.0,0.0,0.0,0.0,3.0,16.0,128.0,8.0,0.08735902127310963
1.0,1.0,0.0,0.0,0.0,0.0,0.0,4.0,16.0,128.0,8.0,0.06859826865834678
1.0,1.0,0.0,0.0,0.0,0.0,0.0,1.0,20.0,128.0,8.0,0.09363991370599967
1.0,1.0,0.0,0.0,0.0,0.0,0.0,2.0,20.0,128.0,8.0,0.06906250853382129
1.0,1.0,0.0,0.0,0.0,0.0,0.0,3.0,20.0,128.0,8.0,0.09484147573663948
1.0,1.0,0.0,0.0,0.0,0.0,0.0,4.0,20.0,128.0,8.0,0.07220295475026633
1.0,1.0,0.0,0.0,0.0,0.0,0.0,1.0,32.0,128.0,8.0,0.10318413938119564
1.0,1.0,0.0,0.0,0.0,0.0,0.0,2.0,32.0,128.0,8.0,0.065990332887299
1.0,1.0,0.0,0.0,0.0,0.0,0.0,3.0,32.0,128.0,8.0,0.09414511592342778
1.0,1.0,0.0,0.0,0.0,0.0,0.0,4.0,32.0,128.0,8.0,0.07018214588055383
1.0,1.0,0.0,0.0,0.0,0.0,0.0,1.0,64.0,128.0,8.0,0.11270105682842246
1.0,1.0,0.0,0.0,0.0,0.0,0.0,2.0,64.0,128.0,8.0,0.06398317813157106
1.0,1.0,0.0,0.0,0.0,0.0,0.0,3.0,64.0,128.0,8.0,0.10284278653158202
1.0,1.0,0.0,0.0,0.0,0.0,0.0,4.0,64.0,128.0,8.0,0.07050984461618293
1.0,1.0,0.0,0.0,0.0,0.0,0.0,1.0,128.0,128.0,8.0,0.10876867200087387
1.0,1.0,0.0,0.0,0.0,0.0,0.0,2.0,128.0,128.0,8.0,0.08602091810262436
1.0,1.0,0.0,0.0,0.0,0.0,0.0,3.0,128.0,128.0,8.0,0.10353914634479378
1.0,1.0,0.0,0.0,0.0,0.0,0.0,4.0,128.0,128.0,8.0,0.08772768235069228
1.0,1.0,0.0,0.0,0.0,0.0,0.0,1.0,0.0,0.0,10.0,0.20315956197602342
1.0,1.0,0.0,0.0,0.0,0.0,0.0,2.0,0.0,0.0,10.0,0.20406073349900328
1.0,1.0,0.0,0.0,0.0,0.0,0.0,3.0,0.0,0.0,10.0,0.1940522679483329
1.0,1.0,0.0,0.0,0.0,0.0,0.0,4.0,0.0,0.0,10.0,0.19395668915044112
1.0,1.0,0.0,0.0,0.0,0.0,0.0,1.0,8.0,0.0,10.0,0.11182719353341164
1.0,1.0,0.0,0.0,0.0,0.0,0.0,2.0,8.0,0.0,10.0,0.1634260902810017
1.0,1.0,0.0,0.0,0.0,0.0,0.0,3.0,8.0,0.0,10.0,0.11214123815505617
1.0,1.0,0.0,0.0,0.0,0.0,0.0,4.0,8.0,0.0,10.0,0.1620333706545783
1.0,1.0,0.0,0.0,0.0,0.0,0.0,1.0,10.0,0.0,10.0,0.10942406947213201
1.0,1.0,0.0,0.0,0.0,0.0,0.0,2.0,10.0,0.0,10.0,0.16335781971107904
1.0,1.0,0.0,0.0,0.0,0.0,0.0,3.0,10.0,0.0,10.0,0.11051639859089551
1.0,1.0,0.0,0.0,0.0,0.0,0.0,4.0,10.0,0.0,10.0,0.1663071083317404
1.0,1.0,0.0,0.0,0.0,0.0,0.0,1.0,16.0,0.0,10.0,0.1118681558753653
1.0,1.0,0.0,0.0,0.0,0.0,0.0,2.0,16.0,0.0,10.0,0.15091892187115985
1.0,1.0,0.0,0.0,0.0,0.0,0.0,3.0,16.0,0.0,10.0,0.11453070810235133
1.0,1.0,0.0,0.0,0.0,0.0,0.0,4.0,16.0,0.0,10.0,0.15846964690461235
1.0,1.0,0.0,0.0,0.0,0.0,0.0,1.0,20.0,0.0,10.0,0.1260547803053061
1.0,1.0,0.0,0.0,0.0,0.0,0.0,2.0,20.0,0.0,10.0,0.14754635571697755
1.0,1.0,0.0,0.0,0.0,0.0,0.0,3.0,20.0,0.0,10.0,0.12355607744613456
1.0,1.0,0.0,0.0,0.0,0.0,0.0,4.0,20.0,0.0,10.0,0.1553292006881674
1.0,1.0,0.0,0.0,0.0,0.0,0.0,1.0,32.0,0.0,10.0,0.13656844807340462
1.0,1.0,0.0,0.0,0.0,0.0,0.0,2.0,32.0,0.0,10.0,0.1358584341462083
1.0,1.0,0.0,0.0,0.0,0.0,0.0,3.0,32.0,0.0,10.0,0.12866271607635388
1.0,1.0,0.0,0.0,0.0,0.0,0.0,4.0,32.0,0.0,10.0,0.13867118162702424
1.0,1.0,0.0,0.0,0.0,0.0,0.0,1.0,64.0,0.0,10.0,0.18844042710068548
1.0,1.0,0.0,0.0,0.0,0.0,0.0,2.0,64.0,0.0,10.0,0.24689368906851644
1.0,1.0,0.0,0.0,0.0,0.0,0.0,3.0,64.0,0.0,10.0,0.15990332887298947
1.0,1.0,0.0,0.0,0.0,0.0,0.0,4.0,64.0,0.0,10.0,0.2379365902946558
1.0,1.0,0.0,0.0,0.0,0.0,0.0,1.0,128.0,0.0,10.0,0.2546628799257216
1.0,1.0,0.0,0.0,0.0,0.0,0.0,2.0,128.0,0.0,10.0,0.27984106611322007
1.0,1.0,0.0,0.0,0.0,0.0,0.0,3.0,128.0,0.0,10.0,0.26218629673120525
1.0,1.0,0.0,0.0,0.0,0.0,0.0,4.0,128.0,0.0,10.0,0.29443731396269707
1.0,1.0,0.0,0.0,0.0,0.0,0.0,1.0,0.0,8.0,10.0,0.03838171441055194
1.0,1.0,0.0,0.0,0.0,0.0,0.0,2.0,0.0,8.0,10.0,0.037371309975695766
1.0,1.0,0.0,0.0,0.0,0.0,0.0,3.0,0.0,8.0,10.0,0.0363062890849013
1.0,1.0,0.0,0.0,0.0,0.0,0.0,4.0,0.0,8.0,10.0,0.03644283022474676
1.0,1.0,0.0,0.0,0.0,0.0,0.0,1.0,8.0,8.0,10.0,0.6541549468854968
1.0,1.0,0.0,0.0,0.0,0.0,0.0,2.0,8.0,8.0,10.0,0.6389715721346843
1.0,1.0,0.0,0.0,0.0,0.0,0.0,3.0,8.0,8.0,10.0,0.6334553100849287
1.0,1.0,0.0,0.0,0.0,0.0,0.0,4.0,8.0,8.0,10.0,0.6263142084710125
1.0,1.0,0.0,0.0,0.0,0.0,0.0,1.0,10.0,8.0,10.0,0.5344902919249572
1.0,1.0,0.0,0.0,0.0,0.0,0.0,2.0,10.0,8.0,10.0,0.5157841557661325
1.0,1.0,0.0,0.0,0.0,0.0,0.0,3.0,10.0,8.0,10.0,0.5174772659002158
1.0,1.0,0.0,0.0,0.0,0.0,0.0,4.0,10.0,8.0,10.0,0.5004096234195363
1.0,1.0,0.0,0.0,0.0,0.0,0.0,1.0,16.0,8.0,10.0,0.3523034490291926
1.0,1.0,0.0,0.0,0.0,0.0,0.0,2.0,16.0,8.0,10.0,0.3402195581528716
1.0,1.0,0.0,0.0,0.0,0.0,0.0,3.0,16.0,8.0,10.0,0.34409732652448194
1.0,1.0,0.0,0.0,0.0,0.0,0.0,4.0,16.0,8.0,10.0,0.3332832682487234
1.0,1.0,0.0,0.0,0.0,0.0,0.0,1.0,20.0,8.0,10.0,0.30917010295201947
1.0,1.0,0.0,0.0,0.0,0.0,0.0,2.0,20.0,8.0,10.0,0.283732488598815
1.0,1.0,0.0,0.0,0.0,0.0,0.0,3.0,20.0,8.0,10.0,0.3030803681149132
1.0,1.0,0.0,0.0,0.0,0.0,0.0,4.0,20.0,8.0,10.0,0.281902837324886
1.0,1.0,0.0,0.0,0.0,0.0,0.0,1.0,32.0,8.0,10.0,0.22964854310603794
1.0,1.0,0.0,0.0,0.0,0.0,0.0,2.0,32.0,8.0,10.0,0.20264070564461073
1.0,1.0,0.0,0.0,0.0,0.0,0.0,3.0,32.0,8.0,10.0,0.2160900079193862
1.0,1.0,0.0,0.0,0.0,0.0,0.0,4.0,32.0,8.0,10.0,0.2027089762145335
1.0,1.0,0.0,0.0,0.0,0.0,0.0,1.0,64.0,8.0,10.0,0.15500150195253842
1.0,1.0,0.0,0.0,0.0,0.0,0.0,2.0,64.0,8.0,10.0,0.1260001638493679
1.0,1.0,0.0,0.0,0.0,0.0,0.0,3.0,64.0,8.0,10.0,0.14600344083672417
1.0,1.0,0.0,0.0,0.0,0.0,0.0,4.0,64.0,8.0,10.0,0.12826674677080208
1.0,1.0,0.0,0.0,0.0,0.0,0.0,1.0,128.0,8.0,10.0,0.09052677571752371
1.0,1.0,0.0,0.0,0.0,0.0,0.0,2.0,128.0,8.0,10.0,0.08023157377317791
1.0,1.0,0.0,0.0,0.0,0.0,0.0,3.0,128.0,8.0,10.0,0.08475108550206184
1.0,1.0,0.0,0.0,0.0,0.0,0.0,4.0,128.0,8.0,10.0,0.07928943990824444
1.0,1.0,0.0,0.0,0.0,0.0,0.0,1.0,0.0,10.0,10.0,0.05594090499467497
1.0,1.0,0.0,0.0,0.0,0.0,0.0,2.0,0.0,10.0,10.0,0.055790709740844935
1.0,1.0,0.0,0.0,0.0,0.0,0.0,3.0,0.0,10.0,10.0,0.05367432207324069
1.0,1.0,0.0,0.0,0.0,0.0,0.0,4.0,0.0,10.0,10.0,0.05454818536825151
1.0,1.0,0.0,0.0,0.0,0.0,0.0,1.0,8.0,10.0,10.0,0.5570878505693768
1.0,1.0,0.0,0.0,0.0,0.0,0.0,2.0,8.0,10.0,10.0,0.540265982140419
1.0,1.0,0.0,0.0,0.0,0.0,0.0,3.0,8.0,10.0,10.0,0.5614571670444306
1.0,1.0,0.0,0.0,0.0,0.0,0.0,4.0,8.0,10.0,10.0,0.531145033998744
1.0,1.0,0.0,0.0,0.0,0.0,0.0,1.0,10.0,10.0,10.0,0.45427237226576384
1.0,1.0,0.0,0.0,0.0,0.0,0.0,2.0,10.0,10.0,10.0,0.4429531117725772
1.0,1.0,0.0,0.0,0.0,0.0,0.0,3.0,10.0,10.0,10.0,0.4573991643682242
1.0,1.0,0.0,0.0,0.0,0.0,0.0,4.0,10.0,10.0,10.0,0.4376962778885279
1.0,1.0,0.0,0.0,0.0,0.0,0.0,1.0,16.0,10.0,10.0,0.31461809443185246
1.0,1.0,0.0,0.0,0.0,0.0,0.0,2.0,16.0,10.0,10.0,0.30099128867527797
1.0,1.0,0.0,0.0,0.0,0.0,0.0,3.0,16.0,10.0,10.0,0.31823643463775647
1.0,1.0,0.0,0.0,0.0,0.0,0.0,4.0,16.0,10.0,10.0,0.2962806193506104
1.0,1.0,0.0,0.0,0.0,0.0,0.0,1.0,20.0,10.0,10.0,0.28756929462847164
1.0,1.0,0.0,0.0,0.0,0.0,0.0,2.0,20.0,10.0,10.0,0.2587318058931157
1.0,1.0,0.0,0.0,0.0,0.0,0.0,3.0,20.0,10.0,10.0,0.2860127256342337
1.0,1.0,0.0,0.0,0.0,0.0,0.0,4.0,20.0,10.0,10.0,0.2590048881728066
1.0,1.0,0.0,0.0,0.0,0.0,0.0,1.0,32.0,10.0,10.0,0.2267811791692838
1.0,1.0,0.0,0.0,0.0,0.0,0.0,2.0,32.0,10.0,10.0,0.18818099893497925
1.0,1.0,0.0,0.0,0.0,0.0,0.0,3.0,32.0,10.0,10.0,0.2163221278571234
1.0,1.0,0.0,0.0,0.0,0.0,0.0,4.0,32.0,10.0,10.0,0.1934105245910594
1.0,1.0,0.0,0.0,0.0,0.0,0.0,1.0,64.0,10.0,10.0,0.16443649471585792
1.0,1.0,0.0,0.0,0.0,0.0,0.0,2.0,64.0,10.0,10.0,0.12534476637810976
1.0,1.0,0.0,0.0,0.0,0.0,0.0,3.0,64.0,10.0,10.0,0.15788252000327702
1.0,1.0,0.0,0.0,0.0,0.0,0.0,4.0,64.0,10.0,10.0,0.13230836451022698
1.0,1.0,0.0,0.0,0.0,0.0,0.0,1.0,128.0,10.0,10.0,0.09663016466861474
1.0,1.0,0.0,0.0,0.0,0.0,0.0,2.0,128.0,10.0,10.0,0.08647150386411434
1.0,1.0,0.0,0.0,0.0,0.0,0.0,3.0,128.0,10.0,10.0,0.09396761244162877
1.0,1.0,0.0,0.0,0.0,0.0,0.0,4.0,128.0,10.0,10.0,0.08746825418498594
1.0,1.0,0.0,0.0,0.0,0.0,0.0,1.0,0.0,16.0,10.0,0.03581474098145776
1.0,1.0,0.0,0.0,0.0,0.0,0.0,2.0,0.0,16.0,10.0,0.033302384008301766
1.0,1.0,0.0,0.0,0.0,0.0,0.0,3.0,0.0,16.0,10.0,0.031581965646249266
1.0,1.0,0.0,0.0,0.0,0.0,0.0,4.0,0.0,16.0,10.0,0.03205985963570829
1.0,1.0,0.0,0.0,0.0,0.0,0.0,1.0,8.0,16.0,10.0,0.34427483000628095
1.0,1.0,0.0,0.0,0.0,0.0,0.0,2.0,8.0,16.0,10.0,0.3418990141729705
1.0,1.0,0.0,0.0,0.0,0.0,0.0,3.0,8.0,16.0,10.0,0.3489445369889948
1.0,1.0,0.0,0.0,0.0,0.0,0.0,4.0,8.0,16.0,10.0,0.3299926267784484
1.0,1.0,0.0,0.0,0.0,0.0,0.0,1.0,10.0,16.0,10.0,0.28751467817253346
1.0,1.0,0.0,0.0,0.0,0.0,0.0,2.0,10.0,16.0,10.0,0.2778612195854612
1.0,1.0,0.0,0.0,0.0,0.0,0.0,3.0,10.0,16.0,10.0,0.2904230044512413
1.0,1.0,0.0,0.0,0.0,0.0,0.0,4.0,10.0,16.0,10.0,0.2747617357109698
1.0,1.0,0.0,0.0,0.0,0.0,0.0,1.0,16.0,16.0,10.0,0.19660558726344252
1.0,1.0,0.0,0.0,0.0,0.0,0.0,2.0,16.0,16.0,10.0,0.1873617520959066
1.0,1.0,0.0,0.0,0.0,0.0,0.0,3.0,16.0,16.0,10.0,0.20235396925093535
1.0,1.0,0.0,0.0,0.0,0.0,0.0,4.0,16.0,16.0,10.0,0.18353860018023443
1.0,1.0,0.0,0.0,0.0,0.0,0.0,1.0,20.0,16.0,10.0,0.186569813484803
1.0,1.0,0.0,0.0,0.0,0.0,0.0,2.0,20.0,16.0,10.0,0.1626751140118518
1.0,1.0,0.0,0.0,0.0,0.0,0.0,3.0,20.0,16.0,10.0,0.18706136158824654
1.0,1.0,0.0,0.0,0.0,0.0,0.0,4.0,20.0,16.0,10.0,0.16378109724459983
1.0,1.0,0.0,0.0,0.0,0.0,0.0,1.0,32.0,16.0,10.0,0.15281684371501142
1.0,1.0,0.0,0.0,0.0,0.0,0.0,2.0,32.0,16.0,10.0,0.12280510117698468
1.0,1.0,0.0,0.0,0.0,0.0,0.0,3.0,32.0,16.0,10.0,0.14470630000819257
1.0,1.0,0.0,0.0,0.0,0.0,0.0,4.0,32.0,16.0,10.0,0.12488052650263526
1.0,1.0,0.0,0.0,0.0,0.0,0.0,1.0,64.0,16.0,10.0,0.11687921570769277
1.0,1.0,0.0,0.0,0.0,0.0,0.0,2.0,64.0,16.0,10.0,0.0822114203009367
1.0,1.0,0.0,0.0,0.0,0.0,0.0,3.0,64.0,16.0,10.0,0.10883694257079662
1.0,1.0,0.0,0.0,0.0,0.0,0.0,4.0,64.0,16.0,10.0,0.0866763155738825
1.0,1.0,0.0,0.0,0.0,0.0,0.0,1.0,128.0,16.0,10.0,0.06712362434801611
1.0,1.0,0.0,0.0,0.0,0.0,0.0,2.0,128.0,16.0,10.0,0.05549031923318498
1.0,1.0,0.0,0.0,0.0,0.0,0.0,3.0,128.0,16.0,10.0,0.06623610693902077
1.0,1.0,0.0,0.0,0.0,0.0,0.0,4.0,128.0,16.0,10.0,0.05689669297359301
1.0,1.0,0.0,0.0,0.0,0.0,0.0,1.0,0.0,20.0,10.0,0.03196428083781644
1.0,1.0,0.0,0.0,0.0,0.0,0.0,2.0,0.0,20.0,10.0,0.031827739697971036
1.0,1.0,0.0,0.0,0.0,0.0,0.0,3.0,0.0,20.0,10.0,0.030312133045686696
1.0,1.0,0.0,0.0,0.0,0.0,0.0,4.0,0.0,20.0,10.0,0.030790027035145717
1.0,1.0,0.0,0.0,0.0,0.0,0.0,1.0,8.0,20.0,10.0,0.28923509653458596
1.0,1.0,0.0,0.0,0.0,0.0,0.0,2.0,8.0,20.0,10.0,0.2789945110461783
1.0,1.0,0.0,0.0,0.0,0.0,0.0,3.0,8.0,20.0,10.0,0.29700428739179124
1.0,1.0,0.0,0.0,0.0,0.0,0.0,4.0,8.0,20.0,10.0,0.276700619896775
1.0,1.0,0.0,0.0,0.0,0.0,0.0,1.0,10.0,20.0,10.0,0.24102242005516267
1.0,1.0,0.0,0.0,0.0,0.0,0.0,2.0,10.0,20.0,10.0,0.22983970070182153
1.0,1.0,0.0,0.0,0.0,0.0,0.0,3.0,10.0,20.0,10.0,0.2439853627898086
1.0,1.0,0.0,0.0,0.0,0.0,0.0,4.0,10.0,20.0,10.0,0.22588000764630384
1.0,1.0,0.0,0.0,0.0,0.0,0.0,1.0,16.0,20.0,10.0,0.16925639695240174
1.0,1.0,0.0,0.0,0.0,0.0,0.0,2.0,16.0,20.0,10.0,0.15811463994101432
1.0,1.0,0.0,0.0,0.0,0.0,0.0,3.0,16.0,20.0,10.0,0.17615172451459632
1.0,1.0,0.0,0.0,0.0,0.0,0.0,4.0,16.0,20.0,10.0,0.15640787569294629
1.0,1.0,0.0,0.0,0.0,0.0,0.0,1.0,20.0,20.0,10.0,0.16350801496490902
1.0,1.0,0.0,0.0,0.0,0.0,0.0,2.0,20.0,20.0,10.0,0.14086949397853582
1.0,1.0,0.0,0.0,0.0,0.0,0.0,3.0,20.0,20.0,10.0,0.16395860072639895
1.0,1.0,0.0,0.0,0.0,0.0,0.0,4.0,20.0,20.0,10.0,0.14088314809252034
1.0,1.0,0.0,0.0,0.0,0.0,0.0,1.0,32.0,20.0,10.0,0.1417160490455775
1.0,1.0,0.0,0.0,0.0,0.0,0.0,2.0,32.0,20.0,10.0,0.10943772358611653
1.0,1.0,0.0,0.0,0.0,0.0,0.0,3.0,32.0,20.0,10.0,0.13234932685218065
1.0,1.0,0.0,0.0,0.0,0.0,0.0,4.0,32.0,20.0,10.0,0.11298779322209784
1.0,1.0,0.0,0.0,0.0,0.0,0.0,1.0,64.0,20.0,10.0,0.11454436221633585
1.0,1.0,0.0,0.0,0.0,0.0,0.0,2.0,64.0,20.0,10.0,0.07474261995139142
1.0,1.0,0.0,0.0,0.0,0.0,0.0,3.0,64.0,20.0,10.0,0.10382588273846916
1.0,1.0,0.0,0.0,0.0,0.0,0.0,4.0,64.0,20.0,10.0,0.08070946776263693
1.0,1.0,0.0,0.0,0.0,0.0,0.0,1.0,128.0,20.0,10.0,0.06151178350036868
1.0,1.0,0.0,0.0,0.0,0.0,0.0,2.0,128.0,20.0,10.0,0.05203582839509546
1.0,1.0,0.0,0.0,0.0,0.0,0.0,3.0,128.0,20.0,10.0,0.061443512930445976
1.0,1.0,0.0,0.0,0.0,0.0,0.0,4.0,128.0,20.0,10.0,0.05382451732707072
1.0,1.0,0.0,0.0,0.0,0.0,0.0,1.0,0.0,32.0,10.0,0.032196400775553746
1.0,1.0,0.0,0.0,0.0,0.0,0.0,2.0,0.0,32.0,10.0,0.03196428083781644
1.0,1.0,0.0,0.0,0.0,0.0,0.0,3.0,0.0,32.0,10.0,0.032210054889538264
1.0,1.0,0.0,0.0,0.0,0.0,0.0,4.0,0.0,32.0,10.0,0.03181408558398646
1.0,1.0,0.0,0.0,0.0,0.0,0.0,1.0,8.0,32.0,10.0,0.20011469455747016
1.0,1.0,0.0,0.0,0.0,0.0,0.0,2.0,8.0,32.0,10.0,0.1949807476992818
1.0,1.0,0.0,0.0,0.0,0.0,0.0,3.0,8.0,32.0,10.0,0.20552172369534955
1.0,1.0,0.0,0.0,0.0,0.0,0.0,4.0,8.0,32.0,10.0,0.18740271443786022
1.0,1.0,0.0,0.0,0.0,0.0,0.0,1.0,10.0,32.0,10.0,0.1702531472732735
1.0,1.0,0.0,0.0,0.0,0.0,0.0,2.0,10.0,32.0,10.0,0.16503727573117793
1.0,1.0,0.0,0.0,0.0,0.0,0.0,3.0,10.0,32.0,10.0,0.1756465222971682
1.0,1.0,0.0,0.0,0.0,0.0,0.0,4.0,10.0,32.0,10.0,0.16096834976378388
1.0,1.0,0.0,0.0,0.0,0.0,0.0,1.0,16.0,32.0,10.0,0.12526284169420254
1.0,1.0,0.0,0.0,0.0,0.0,0.0,2.0,16.0,32.0,10.0,0.11622381823643474
1.0,1.0,0.0,0.0,0.0,0.0,0.0,3.0,16.0,32.0,10.0,0.1322127857123352
1.0,1.0,0.0,0.0,0.0,0.0,0.0,4.0,16.0,32.0,10.0,0.11436685873453672
1.0,1.0,0.0,0.0,0.0,0.0,0.0,1.0,20.0,32.0,10.0,0.1291815724077665
1.0,1.0,0.0,0.0,0.0,0.0,0.0,2.0,20.0,32.0,10.0,0.10580572926622794
1.0,1.0,0.0,0.0,0.0,0.0,0.0,3.0,20.0,32.0,10.0,0.13107949425161808
1.0,1.0,0.0,0.0,0.0,0.0,0.0,4.0,20.0,32.0,10.0,0.10901444605259569
1.0,1.0,0.0,0.0,0.0,0.0,0.0,1.0,32.0,32.0,10.0,0.12001966192413777
1.0,1.0,0.0,0.0,0.0,0.0,0.0,2.0,32.0,32.0,10.0,0.08622572981239252
1.0,1.0,0.0,0.0,0.0,0.0,0.0,3.0,32.0,32.0,10.0,0.11223681695294796
1.0,1.0,0.0,0.0,0.0,0.0,0.0,4.0,32.0,32.0,10.0,0.09045850514760101
1.0,1.0,0.0,0.0,0.0,0.0,0.0,1.0,64.0,32.0,10.0,0.10737595237445047
1.0,1.0,0.0,0.0,0.0,0.0,0.0,2.0,64.0,32.0,10.0,0.06274065375897764
1.0,1.0,0.0,0.0,0.0,0.0,0.0,3.0,64.0,32.0,10.0,0.09583822605751119
1.0,1.0,0.0,0.0,0.0,0.0,0.0,4.0,64.0,32.0,10.0,0.07064638575602833
1.0,1.0,0.0,0.0,0.0,0.0,0.0,1.0,128.0,32.0,10.0,0.05751112810289749
1.0,1.0,0.0,0.0,0.0,0.0,0.0,2.0,128.0,32.0,10.0,0.049386930282094066
1.0,1.0,0.0,0.0,0.0,0.0,0.0,3.0,128.0,32.0,10.0,0.059450012288702614
1.0,1.0,0.0,0.0,0.0,0.0,0.0,4.0,128.0,32.0,10.0,0.05325104453971985
1.0,1.0,0.0,0.0,0.0,0.0,0.0,1.0,0.0,64.0,10.0,0.04444414101968924
1.0,1.0,0.0,0.0,0.0,0.0,0.0,2.0,0.0,64.0,10.0,0.045946093557989065
1.0,1.0,0.0,0.0,0.0,0.0,0.0,3.0,0.0,64.0,10.0,0.039555968213222714
1.0,1.0,0.0,0.0,0.0,0.0,0.0,4.0,0.0,64.0,10.0,0.039173653021655486
1.0,1.0,0.0,0.0,0.0,0.0,0.0,1.0,8.0,64.0,10.0,0.13305934077937687
1.0,1.0,0.0,0.0,0.0,0.0,0.0,2.0,8.0,64.0,10.0,0.1256041945438161
1.0,1.0,0.0,0.0,0.0,0.0,0.0,3.0,8.0,64.0,10.0,0.13882137688085427
1.0,1.0,0.0,0.0,0.0,0.0,0.0,4.0,8.0,64.0,10.0,0.1196100385046015
1.0,1.0,0.0,0.0,0.0,0.0,0.0,1.0,10.0,64.0,10.0,0.11569130779103753
1.0,1.0,0.0,0.0,0.0,0.0,0.0,2.0,10.0,64.0,10.0,0.10740326060241956
1.0,1.0,0.0,0.0,0.0,0.0,0.0,3.0,10.0,64.0,10.0,0.12049755591359679
1.0,1.0,0.0,0.0,0.0,0.0,0.0,4.0,10.0,64.0,10.0,0.10586034572216618
1.0,1.0,0.0,0.0,0.0,0.0,0.0,1.0,16.0,64.0,10.0,0.09089543679510642
1.0,1.0,0.0,0.0,0.0,0.0,0.0,2.0,16.0,64.0,10.0,0.07983560446762616
1.0,1.0,0.0,0.0,0.0,0.0,0.0,3.0,16.0,64.0,10.0,0.09755864441956363
1.0,1.0,0.0,0.0,0.0,0.0,0.0,4.0,16.0,64.0,10.0,0.0779376826237746
1.0,1.0,0.0,0.0,0.0,0.0,0.0,1.0,20.0,64.0,10.0,0.1007127447499932
1.0,1.0,0.0,0.0,0.0,0.0,0.0,2.0,20.0,64.0,10.0,0.07670881236516569
1.0,1.0,0.0,0.0,0.0,0.0,0.0,3.0,20.0,64.0,10.0,0.1054097599606762
1.0,1.0,0.0,0.0,0.0,0.0,0.0,4.0,20.0,64.0,10.0,0.07866135066495539
1.0,1.0,0.0,0.0,0.0,0.0,0.0,1.0,32.0,64.0,10.0,0.10317048526721107
1.0,1.0,0.0,0.0,0.0,0.0,0.0,2.0,32.0,64.0,10.0,0.06629072339495895
1.0,1.0,0.0,0.0,0.0,0.0,0.0,3.0,32.0,64.0,10.0,0.09428165706327318
1.0,1.0,0.0,0.0,0.0,0.0,0.0,4.0,32.0,64.0,10.0,0.0691717414456976
1.0,1.0,0.0,0.0,0.0,0.0,0.0,1.0,64.0,64.0,10.0,0.10259701247986025
1.0,1.0,0.0,0.0,0.0,0.0,0.0,2.0,64.0,64.0,10.0,0.052295256560801806
1.0,1.0,0.0,0.0,0.0,0.0,0.0,3.0,64.0,64.0,10.0,0.09253393047325165
1.0,1.0,0.0,0.0,0.0,0.0,0.0,4.0,64.0,64.0,10.0,0.058753652475490914
1.0,1.0,0.0,0.0,0.0,0.0,0.0,1.0,128.0,64.0,10.0,0.0695677107512494
1.0,1.0,0.0,0.0,0.0,0.0,0.0,2.0,128.0,64.0,10.0,0.05625494961631944
1.0,1.0,0.0,0.0,0.0,0.0,0.0,3.0,128.0,64.0,10.0,0.0713563996832246
1.0,1.0,0.0,0.0,0.0,0.0,0.0,4.0,128.0,64.0,10.0,0.06009175564597613
1.0,1.0,0.0,0.0,0.0,0.0,0.0,1.0,0.0,128.0,10.0,0.1590567738059478
1.0,1.0,0.0,0.0,0.0,0.0,0.0,2.0,0.0,128.0,10.0,0.159288893743685
1.0,1.0,0.0,0.0,0.0,0.0,0.0,3.0,0.0,128.0,10.0,0.1465086430541523
1.0,1.0,0.0,0.0,0.0,0.0,0.0,4.0,0.0,128.0,10.0,0.14881618831754012
1.0,1.0,0.0,0.0,0.0,0.0,0.0,1.0,8.0,128.0,10.0,0.10281547830361293
1.0,1.0,0.0,0.0,0.0,0.0,0.0,2.0,8.0,128.0,10.0,0.09490974630656218
1.0,1.0,0.0,0.0,0.0,0.0,0.0,3.0,8.0,128.0,10.0,0.10460416723558813
1.0,1.0,0.0,0.0,0.0,0.0,0.0,4.0,8.0,128.0,10.0,0.09069062508533832
1.0,1.0,0.0,0.0,0.0,0.0,0.0,1.0,10.0,128.0,10.0,0.09146890958245724
1.0,1.0,0.0,0.0,0.0,0.0,0.0,2.0,10.0,128.0,10.0,0.08182910510936953
1.0,1.0,0.0,0.0,0.0,0.0,0.0,3.0,10.0,128.0,10.0,0.09374914661787598
1.0,1.0,0.0,0.0,0.0,0.0,0.0,4.0,10.0,128.0,10.0,0.08322182473579293
1.0,1.0,0.0,0.0,0.0,0.0,0.0,1.0,16.0,128.0,10.0,0.07646303831344387
1.0,1.0,0.0,0.0,0.0,0.0,0.0,2.0,16.0,128.0,10.0,0.06375105819383386
1.0,1.0,0.0,0.0,0.0,0.0,0.0,3.0,16.0,128.0,10.0,0.08185641333733856
1.0,1.0,0.0,0.0,0.0,0.0,0.0,4.0,16.0,128.0,10.0,0.06451568857696827
1.0,1.0,0.0,0.0,0.0,0.0,0.0,1.0,20.0,128.0,10.0,0.08993964881618838
1.0,1.0,0.0,0.0,0.0,0.0,0.0,2.0,20.0,128.0,10.0,0.06391490756164836
1.0,1.0,0.0,0.0,0.0,0.0,0.0,3.0,20.0,128.0,10.0,0.08910674786313116
1.0,1.0,0.0,0.0,0.0,0.0,0.0,4.0,20.0,128.0,10.0,0.06797017941505784
1.0,1.0,0.0,0.0,0.0,0.0,0.0,1.0,32.0,128.0,10.0,0.10138179633523586
1.0,1.0,0.0,0.0,0.0,0.0,0.0,2.0,32.0,128.0,10.0,0.05981867336628527
1.0,1.0,0.0,0.0,0.0,0.0,0.0,3.0,32.0,128.0,10.0,0.08835577159398128
1.0,1.0,0.0,0.0,0.0,0.0,0.0,4.0,32.0,128.0,10.0,0.06492531199650459
1.0,1.0,0.0,0.0,0.0,0.0,0.0,1.0,64.0,128.0,10.0,0.11229143340888614
1.0,1.0,0.0,0.0,0.0,0.0,0.0,2.0,64.0,128.0,10.0,0.061375242360523274
1.0,1.0,0.0,0.0,0.0,0.0,0.0,3.0,64.0,128.0,10.0,0.0987602064502035
1.0,1.0,0.0,0.0,0.0,0.0,0.0,4.0,64.0,128.0,10.0,0.06642726453480435
1.0,1.0,0.0,0.0,0.0,0.0,0.0,1.0,128.0,128.0,10.0,0.10680247958709965
1.0,1.0,0.0,0.0,0.0,0.0,0.0,2.0,128.0,128.0,10.0,0.08232065321281307
1.0,1.0,0.0,0.0,0.0,0.0,0.0,3.0,128.0,128.0,10.0,0.10211911849040123
1.0,1.0,0.0,0.0,0.0,0.0,0.0,4.0,128.0,128.0,10.0,0.08443704088041731
1.0,1.0,0.0,0.0,0.0,0.0,0.0,1.0,0.0,0.0,16.0,0.20347360659766794
1.0,1.0,0.0,0.0,0.0,0.0,0.0,2.0,0.0,0.0,16.0,0.20335071957180711
1.0,1.0,0.0,0.0,0.0,0.0,0.0,3.0,0.0,0.0,16.0,0.19403861383434834
1.0,1.0,0.0,0.0,0.0,0.0,0.0,4.0,0.0,0.0,16.0,0.19397034326442558
1.0,1.0,0.0,0.0,0.0,0.0,0.0,1.0,8.0,0.0,16.0,0.1542232174554194
1.0,1.0,0.0,0.0,0.0,0.0,0.0,2.0,8.0,0.0,16.0,0.23531500040962344
1.0,1.0,0.0,0.0,0.0,0.0,0.0,3.0,8.0,0.0,16.0,0.15629864278107003
1.0,1.0,0.0,0.0,0.0,0.0,0.0,4.0,8.0,0.0,16.0,0.23827794314426937
1.0,1.0,0.0,0.0,0.0,0.0,0.0,1.0,10.0,0.0,16.0,0.14922581173707644
1.0,1.0,0.0,0.0,0.0,0.0,0.0,2.0,10.0,0.0,16.0,0.21931237881973847
1.0,1.0,0.0,0.0,0.0,0.0,0.0,3.0,10.0,0.0,16.0,0.1512466206067889
1.0,1.0,0.0,0.0,0.0,0.0,0.0,4.0,10.0,0.0,16.0,0.2289248750648571
1.0,1.0,0.0,0.0,0.0,0.0,0.0,1.0,16.0,0.0,16.0,0.138111362953658
1.0,1.0,0.0,0.0,0.0,0.0,0.0,2.0,16.0,0.0,16.0,0.16935197575029365
1.0,1.0,0.0,0.0,0.0,0.0,0.0,3.0,16.0,0.0,16.0,0.1391763838444524
1.0,1.0,0.0,0.0,0.0,0.0,0.0,4.0,16.0,0.0,16.0,0.18005680111417582
1.0,1.0,0.0,0.0,0.0,0.0,0.0,1.0,20.0,0.0,16.0,0.1419481689833147
1.0,1.0,0.0,0.0,0.0,0.0,0.0,2.0,20.0,0.0,16.0,0.15278953548704227
1.0,1.0,0.0,0.0,0.0,0.0,0.0,3.0,20.0,0.0,16.0,0.13751058193833804
1.0,1.0,0.0,0.0,0.0,0.0,0.0,4.0,20.0,0.0,16.0,0.1586744586143805
1.0,1.0,0.0,0.0,0.0,0.0,0.0,1.0,32.0,0.0,16.0,0.13828886643545707
1.0,1.0,0.0,0.0,0.0,0.0,0.0,2.0,32.0,0.0,16.0,0.12482591004669713
1.0,1.0,0.0,0.0,0.0,0.0,0.0,3.0,32.0,0.0,16.0,0.12822578442884847
1.0,1.0,0.0,0.0,0.0,0.0,0.0,4.0,32.0,0.0,16.0,0.1292498429776892
1.0,1.0,0.0,0.0,0.0,0.0,0.0,1.0,64.0,0.0,16.0,0.18595537835549852
1.0,1.0,0.0,0.0,0.0,0.0,0.0,2.0,64.0,0.0,16.0,0.23898795707146564
1.0,1.0,0.0,0.0,0.0,0.0,0.0,3.0,64.0,0.0,16.0,0.15098719244108255
1.0,1.0,0.0,0.0,0.0,0.0,0.0,4.0,64.0,0.0,16.0,0.2295256560801771
1.0,1.0,0.0,0.0,0.0,0.0,0.0,1.0,128.0,0.0,16.0,0.24479095551489666
1.0,1.0,0.0,0.0,0.0,0.0,0.0,2.0,128.0,0.0,16.0,0.27630465059122317
1.0,1.0,0.0,0.0,0.0,0.0,0.0,3.0,128.0,0.0,16.0,0.2510445397198176
1.0,1.0,0.0,0.0,0.0,0.0,0.0,4.0,128.0,0.0,16.0,0.2890712471667714
1.0,1.0,0.0,0.0,0.0,0.0,0.0,1.0,0.0,8.0,16.0,0.028509789999726975
1.0,1.0,0.0,0.0,0.0,0.0,0.0,2.0,0.0,8.0,16.0,0.028031896010267954
1.0,1.0,0.0,0.0,0.0,0.0,0.0,3.0,0.0,8.0,16.0,0.02715803271525713
1.0,1.0,0.0,0.0,0.0,0.0,0.0,4.0,0.0,8.0,16.0,0.027540347906824414
1.0,1.0,0.0,0.0,0.0,0.0,0.0,1.0,8.0,8.0,16.0,0.6500040962341955
1.0,1.0,0.0,0.0,0.0,0.0,0.0,2.0,8.0,8.0,16.0,0.639845435429695
1.0,1.0,0.0,0.0,0.0,0.0,0.0,3.0,8.0,8.0,16.0,0.6285671372784623
1.0,1.0,0.0,0.0,0.0,0.0,0.0,4.0,8.0,8.0,16.0,0.6260820885332752
1.0,1.0,0.0,0.0,0.0,0.0,0.0,1.0,10.0,8.0,16.0,0.528659985253557
1.0,1.0,0.0,0.0,0.0,0.0,0.0,2.0,10.0,8.0,16.0,0.5142958573418173
1.0,1.0,0.0,0.0,0.0,0.0,0.0,3.0,10.0,8.0,16.0,0.5124662060678884
1.0,1.0,0.0,0.0,0.0,0.0,0.0,4.0,10.0,8.0,16.0,0.49754225948278225
1.0,1.0,0.0,0.0,0.0,0.0,0.0,1.0,16.0,8.0,16.0,0.3441519429804201
1.0,1.0,0.0,0.0,0.0,0.0,0.0,2.0,16.0,8.0,16.0,0.33915453726207717
1.0,1.0,0.0,0.0,0.0,0.0,0.0,3.0,16.0,8.0,16.0,0.33940031131379894
1.0,1.0,0.0,0.0,0.0,0.0,0.0,4.0,16.0,8.0,16.0,0.330811873617521
1.0,1.0,0.0,0.0,0.0,0.0,0.0,1.0,20.0,8.0,16.0,0.30230208361779415
1.0,1.0,0.0,0.0,0.0,0.0,0.0,2.0,20.0,8.0,16.0,0.279212976869931
1.0,1.0,0.0,0.0,0.0,0.0,0.0,3.0,20.0,8.0,16.0,0.29733198612742023
1.0,1.0,0.0,0.0,0.0,0.0,0.0,4.0,20.0,8.0,16.0,0.2787896993364101
1.0,1.0,0.0,0.0,0.0,0.0,0.0,1.0,32.0,8.0,16.0,0.22160626996914184
1.0,1.0,0.0,0.0,0.0,0.0,0.0,2.0,32.0,8.0,16.0,0.19562249105655544
1.0,1.0,0.0,0.0,0.0,0.0,0.0,3.0,32.0,8.0,16.0,0.21072394112346055
1.0,1.0,0.0,0.0,0.0,0.0,0.0,4.0,32.0,8.0,16.0,0.19982795816379478
1.0,1.0,0.0,0.0,0.0,0.0,0.0,1.0,64.0,8.0,16.0,0.14811982850432842
1.0,1.0,0.0,0.0,0.0,0.0,0.0,2.0,64.0,8.0,16.0,0.11947349736475604
1.0,1.0,0.0,0.0,0.0,0.0,0.0,3.0,64.0,8.0,16.0,0.13977716485977232
1.0,1.0,0.0,0.0,0.0,0.0,0.0,4.0,64.0,8.0,16.0,0.12471667713482076
1.0,1.0,0.0,0.0,0.0,0.0,0.0,1.0,128.0,8.0,16.0,0.08425953739861824
1.0,1.0,0.0,0.0,0.0,0.0,0.0,2.0,128.0,8.0,16.0,0.0748928152052214
1.0,1.0,0.0,0.0,0.0,0.0,0.0,3.0,128.0,8.0,16.0,0.0779786449657282
1.0,1.0,0.0,0.0,0.0,0.0,0.0,4.0,128.0,8.0,16.0,0.07302220158933892
1.0,1.0,0.0,0.0,0.0,0.0,0.0,1.0,0.0,10.0,16.0,0.04769382014801066
1.0,1.0,0.0,0.0,0.0,0.0,0.0,2.0,0.0,10.0,16.0,0.04787132362980967
1.0,1.0,0.0,0.0,0.0,0.0,0.0,3.0,0.0,10.0,16.0,0.04559108659439093
1.0,1.0,0.0,0.0,0.0,0.0,0.0,4.0,0.0,10.0,16.0,0.04642398754744809
1.0,1.0,0.0,0.0,0.0,0.0,0.0,1.0,8.0,10.0,16.0,0.5500286736393676
1.0,1.0,0.0,0.0,0.0,0.0,0.0,2.0,8.0,10.0,16.0,0.5371391900379585
1.0,1.0,0.0,0.0,0.0,0.0,0.0,3.0,8.0,10.0,16.0,0.5547803053059888
1.0,1.0,0.0,0.0,0.0,0.0,0.0,4.0,8.0,10.0,16.0,0.5272809197411181
1.0,1.0,0.0,0.0,0.0,0.0,0.0,1.0,10.0,10.0,16.0,0.44691280482809476
1.0,1.0,0.0,0.0,0.0,0.0,0.0,2.0,10.0,10.0,16.0,0.4394030421365958
1.0,1.0,0.0,0.0,0.0,0.0,0.0,3.0,10.0,10.0,16.0,0.45259291624566494
1.0,1.0,0.0,0.0,0.0,0.0,0.0,4.0,10.0,10.0,16.0,0.4340642835686394
1.0,1.0,0.0,0.0,0.0,0.0,0.0,1.0,16.0,10.0,16.0,0.30777738332559607
1.0,1.0,0.0,0.0,0.0,0.0,0.0,2.0,16.0,10.0,16.0,0.29685409213796127
1.0,1.0,0.0,0.0,0.0,0.0,0.0,3.0,16.0,10.0,16.0,0.3136623064529344
1.0,1.0,0.0,0.0,0.0,0.0,0.0,4.0,16.0,10.0,16.0,0.29314017313416546
1.0,1.0,0.0,0.0,0.0,0.0,0.0,1.0,20.0,10.0,16.0,0.2823261148584069
1.0,1.0,0.0,0.0,0.0,0.0,0.0,2.0,20.0,10.0,16.0,0.25385728720063366
1.0,1.0,0.0,0.0,0.0,0.0,0.0,3.0,20.0,10.0,16.0,0.28188918321090156
1.0,1.0,0.0,0.0,0.0,0.0,0.0,4.0,20.0,10.0,16.0,0.25777601791419763
1.0,1.0,0.0,0.0,0.0,0.0,0.0,1.0,32.0,10.0,16.0,0.22080067724405367
1.0,1.0,0.0,0.0,0.0,0.0,0.0,2.0,32.0,10.0,16.0,0.1834566754963271
1.0,1.0,0.0,0.0,0.0,0.0,0.0,3.0,32.0,10.0,16.0,0.21091509871924424
1.0,1.0,0.0,0.0,0.0,0.0,0.0,4.0,32.0,10.0,16.0,0.19179933914088326
1.0,1.0,0.0,0.0,0.0,0.0,0.0,1.0,64.0,10.0,16.0,0.15695404025232812
1.0,1.0,0.0,0.0,0.0,0.0,0.0,2.0,64.0,10.0,16.0,0.1207706381932877
1.0,1.0,0.0,0.0,0.0,0.0,0.0,3.0,64.0,10.0,16.0,0.15444168327917207
1.0,1.0,0.0,0.0,0.0,0.0,0.0,4.0,64.0,10.0,16.0,0.1300690898167618
1.0,1.0,0.0,0.0,0.0,0.0,0.0,1.0,128.0,10.0,16.0,0.09110024850487458
1.0,1.0,0.0,0.0,0.0,0.0,0.0,2.0,128.0,10.0,16.0,0.08053196428083786
1.0,1.0,0.0,0.0,0.0,0.0,0.0,3.0,128.0,10.0,16.0,0.08888828203937849
1.0,1.0,0.0,0.0,0.0,0.0,0.0,4.0,128.0,10.0,16.0,0.0822114203009367
1.0,1.0,0.0,0.0,0.0,0.0,0.0,1.0,0.0,16.0,16.0,0.025983778912586408
1.0,1.0,0.0,0.0,0.0,0.0,0.0,2.0,0.0,16.0,16.0,0.025642426062972845
1.0,1.0,0.0,0.0,0.0,0.0,0.0,3.0,0.0,16.0,16.0,0.02535568966929741
1.0,1.0,0.0,0.0,0.0,0.0,0.0,4.0,0.0,16.0,16.0,0.025273764985390135
1.0,1.0,0.0,0.0,0.0,0.0,0.0,1.0,8.0,16.0,16.0,0.33796662934542193
1.0,1.0,0.0,0.0,0.0,0.0,0.0,2.0,8.0,16.0,16.0,0.3436467407629919
1.0,1.0,0.0,0.0,0.0,0.0,0.0,3.0,8.0,16.0,16.0,0.34591332368442623
1.0,1.0,0.0,0.0,0.0,0.0,0.0,4.0,8.0,16.0,16.0,0.3304022501979847
1.0,1.0,0.0,0.0,0.0,0.0,0.0,1.0,10.0,16.0,16.0,0.28194379966683975
1.0,1.0,0.0,0.0,0.0,0.0,0.0,2.0,10.0,16.0,16.0,0.2776427537617085
1.0,1.0,0.0,0.0,0.0,0.0,0.0,3.0,10.0,16.0,16.0,0.2877194898823016
1.0,1.0,0.0,0.0,0.0,0.0,0.0,4.0,10.0,16.0,16.0,0.2740653758977581
1.0,1.0,0.0,0.0,0.0,0.0,0.0,1.0,16.0,16.0,16.0,0.1916354897730687
1.0,1.0,0.0,0.0,0.0,0.0,0.0,2.0,16.0,16.0,16.0,0.18785330019935015
1.0,1.0,0.0,0.0,0.0,0.0,0.0,3.0,16.0,16.0,16.0,0.20007373221551666
1.0,1.0,0.0,0.0,0.0,0.0,0.0,4.0,16.0,16.0,16.0,0.18286954859499177
1.0,1.0,0.0,0.0,0.0,0.0,0.0,1.0,20.0,16.0,16.0,0.18174991124825918
1.0,1.0,0.0,0.0,0.0,0.0,0.0,2.0,20.0,16.0,16.0,0.15931620197165414
1.0,1.0,0.0,0.0,0.0,0.0,0.0,3.0,20.0,16.0,16.0,0.18430323056336878
1.0,1.0,0.0,0.0,0.0,0.0,0.0,4.0,20.0,16.0,16.0,0.1640268712963217
1.0,1.0,0.0,0.0,0.0,0.0,0.0,1.0,32.0,16.0,16.0,0.14835194844206562
1.0,1.0,0.0,0.0,0.0,0.0,0.0,2.0,32.0,16.0,16.0,0.12130314863868491
1.0,1.0,0.0,0.0,0.0,0.0,0.0,3.0,32.0,16.0,16.0,0.14179797372948472
1.0,1.0,0.0,0.0,0.0,0.0,0.0,4.0,32.0,16.0,16.0,0.12568611922772338
1.0,1.0,0.0,0.0,0.0,0.0,0.0,1.0,64.0,16.0,16.0,0.1117998853054426
1.0,1.0,0.0,0.0,0.0,0.0,0.0,2.0,64.0,16.0,16.0,0.08020426554520882
1.0,1.0,0.0,0.0,0.0,0.0,0.0,3.0,64.0,16.0,16.0,0.10714383243671327
1.0,1.0,0.0,0.0,0.0,0.0,0.0,4.0,64.0,16.0,16.0,0.0870449766514651
1.0,1.0,0.0,0.0,0.0,0.0,0.0,1.0,128.0,16.0,16.0,0.06365547939594207
1.0,1.0,0.0,0.0,0.0,0.0,0.0,2.0,128.0,16.0,16.0,0.051325814467899245
1.0,1.0,0.0,0.0,0.0,0.0,0.0,3.0,128.0,16.0,16.0,0.06130697179060052
1.0,1.0,0.0,0.0,0.0,0.0,0.0,4.0,128.0,16.0,16.0,0.05323739042573533
1.0,1.0,0.0,0.0,0.0,0.0,0.0,1.0,0.0,20.0,16.0,0.025997433026570926
1.0,1.0,0.0,0.0,0.0,0.0,0.0,2.0,0.0,20.0,16.0,0.025915508342663707
1.0,1.0,0.0,0.0,0.0,0.0,0.0,3.0,0.0,20.0,16.0,0.025819929544771858
1.0,1.0,0.0,0.0,0.0,0.0,0.0,4.0,0.0,20.0,16.0,0.026625522269859925
1.0,1.0,0.0,0.0,0.0,0.0,0.0,1.0,8.0,20.0,16.0,0.2842923072721812
1.0,1.0,0.0,0.0,0.0,0.0,0.0,2.0,8.0,20.0,16.0,0.27939048035173003
1.0,1.0,0.0,0.0,0.0,0.0,0.0,3.0,8.0,20.0,16.0,0.2945055845326197
1.0,1.0,0.0,0.0,0.0,0.0,0.0,4.0,8.0,20.0,16.0,0.2757311778038724
1.0,1.0,0.0,0.0,0.0,0.0,0.0,1.0,10.0,20.0,16.0,0.23657117889620144
1.0,1.0,0.0,0.0,0.0,0.0,0.0,2.0,10.0,20.0,16.0,0.22930719025642438
1.0,1.0,0.0,0.0,0.0,0.0,0.0,3.0,10.0,20.0,16.0,0.242360523225648
1.0,1.0,0.0,0.0,0.0,0.0,0.0,4.0,10.0,20.0,16.0,0.2247876785275404
1.0,1.0,0.0,0.0,0.0,0.0,0.0,1.0,16.0,20.0,16.0,0.16487342636336338
1.0,1.0,0.0,0.0,0.0,0.0,0.0,2.0,16.0,20.0,16.0,0.15755482126764803
1.0,1.0,0.0,0.0,0.0,0.0,0.0,3.0,16.0,20.0,16.0,0.17393975804910028
1.0,1.0,0.0,0.0,0.0,0.0,0.0,4.0,16.0,20.0,16.0,0.15655807094677626
1.0,1.0,0.0,0.0,0.0,0.0,0.0,1.0,20.0,20.0,16.0,0.1595619760233759
1.0,1.0,0.0,0.0,0.0,0.0,0.0,2.0,20.0,20.0,16.0,0.13921734618640602
1.0,1.0,0.0,0.0,0.0,0.0,0.0,3.0,20.0,20.0,16.0,0.16185586717277917
1.0,1.0,0.0,0.0,0.0,0.0,0.0,4.0,20.0,20.0,16.0,0.1404598705589995
1.0,1.0,0.0,0.0,0.0,0.0,0.0,1.0,32.0,20.0,16.0,0.13842540757530253
1.0,1.0,0.0,0.0,0.0,0.0,0.0,2.0,32.0,20.0,16.0,0.10729402769054325
1.0,1.0,0.0,0.0,0.0,0.0,0.0,3.0,32.0,20.0,16.0,0.13101122368169532
1.0,1.0,0.0,0.0,0.0,0.0,0.0,4.0,32.0,20.0,16.0,0.11238701220677794
1.0,1.0,0.0,0.0,0.0,0.0,0.0,1.0,64.0,20.0,16.0,0.10807231218766217
1.0,1.0,0.0,0.0,0.0,0.0,0.0,2.0,64.0,20.0,16.0,0.07340451678090609
1.0,1.0,0.0,0.0,0.0,0.0,0.0,3.0,64.0,20.0,16.0,0.10614708211584156
1.0,1.0,0.0,0.0,0.0,0.0,0.0,4.0,64.0,20.0,16.0,0.0821158415030449
1.0,1.0,0.0,0.0,0.0,0.0,0.0,1.0,128.0,20.0,16.0,0.05852153253775366
1.0,1.0,0.0,0.0,0.0,0.0,0.0,2.0,128.0,20.0,16.0,0.04761189546410338
1.0,1.0,0.0,0.0,0.0,0.0,0.0,3.0,128.0,20.0,16.0,0.05893115595728993
1.0,1.0,0.0,0.0,0.0,0.0,0.0,4.0,128.0,20.0,16.0,0.05095715339031659
1.0,1.0,0.0,0.0,0.0,0.0,0.0,1.0,0.0,32.0,16.0,0.023853737130997643
1.0,1.0,0.0,0.0,0.0,0.0,0.0,2.0,0.0,32.0,16.0,0.023744504219121276
1.0,1.0,0.0,0.0,0.0,0.0,0.0,3.0,0.0,32.0,16.0,0.024891449793822906
1.0,1.0,0.0,0.0,0.0,0.0,0.0,4.0,0.0,32.0,16.0,0.024864141565853815
1.0,1.0,0.0,0.0,0.0,0.0,0.0,1.0,8.0,32.0,16.0,0.19541767934678728
1.0,1.0,0.0,0.0,0.0,0.0,0.0,2.0,8.0,32.0,16.0,0.19551325814467907
1.0,1.0,0.0,0.0,0.0,0.0,0.0,3.0,8.0,32.0,16.0,0.20369207242142068
1.0,1.0,0.0,0.0,0.0,0.0,0.0,4.0,8.0,32.0,16.0,0.18771675905950475
1.0,1.0,0.0,0.0,0.0,0.0,0.0,1.0,10.0,32.0,16.0,0.167276550424643
1.0,1.0,0.0,0.0,0.0,0.0,0.0,2.0,10.0,32.0,16.0,0.16255222698599098
1.0,1.0,0.0,0.0,0.0,0.0,0.0,3.0,10.0,32.0,16.0,0.17414456975886844
1.0,1.0,0.0,0.0,0.0,0.0,0.0,4.0,10.0,32.0,16.0,0.16055872634424756
1.0,1.0,0.0,0.0,0.0,0.0,0.0,1.0,16.0,32.0,16.0,0.12019716540593689
1.0,1.0,0.0,0.0,0.0,0.0,0.0,2.0,16.0,32.0,16.0,0.11461263278625855
1.0,1.0,0.0,0.0,0.0,0.0,0.0,3.0,16.0,32.0,16.0,0.12950927114339555
1.0,1.0,0.0,0.0,0.0,0.0,0.0,4.0,16.0,32.0,16.0,0.1125918239165461
1.0,1.0,0.0,0.0,0.0,0.0,0.0,1.0,20.0,32.0,16.0,0.1248395641606817
1.0,1.0,0.0,0.0,0.0,0.0,0.0,2.0,20.0,32.0,16.0,0.10359376280073196
1.0,1.0,0.0,0.0,0.0,0.0,0.0,3.0,20.0,32.0,16.0,0.12748846227368316
1.0,1.0,0.0,0.0,0.0,0.0,0.0,4.0,20.0,32.0,16.0,0.10700729129686781
1.0,1.0,0.0,0.0,0.0,0.0,0.0,1.0,32.0,32.0,16.0,0.11552745842322293
1.0,1.0,0.0,0.0,0.0,0.0,0.0,2.0,32.0,32.0,16.0,0.0821158415030449
1.0,1.0,0.0,0.0,0.0,0.0,0.0,3.0,32.0,32.0,16.0,0.10797673338977043
1.0,1.0,0.0,0.0,0.0,0.0,0.0,4.0,32.0,32.0,16.0,0.08615745924246981
1.0,1.0,0.0,0.0,0.0,0.0,0.0,1.0,64.0,32.0,16.0,0.09996176848084332
1.0,1.0,0.0,0.0,0.0,0.0,0.0,2.0,64.0,32.0,16.0,0.05919058412299627
1.0,1.0,0.0,0.0,0.0,0.0,0.0,3.0,64.0,32.0,16.0,0.0922745023075453
1.0,1.0,0.0,0.0,0.0,0.0,0.0,4.0,64.0,32.0,16.0,0.066618422130588
1.0,1.0,0.0,0.0,0.0,0.0,0.0,1.0,128.0,32.0,16.0,0.05712881291133021
1.0,1.0,0.0,0.0,0.0,0.0,0.0,2.0,128.0,32.0,16.0,0.048403834075206875
1.0,1.0,0.0,0.0,0.0,0.0,0.0,3.0,128.0,32.0,16.0,0.05861711133564551
1.0,1.0,0.0,0.0,0.0,0.0,0.0,4.0,128.0,32.0,16.0,0.052022174281110944
1.0,1.0,0.0,0.0,0.0,0.0,0.0,1.0,0.0,64.0,16.0,0.03446298369698797
1.0,1.0,0.0,0.0,0.0,0.0,0.0,2.0,0.0,64.0,16.0,0.03767170048335566
1.0,1.0,0.0,0.0,0.0,0.0,0.0,3.0,0.0,64.0,16.0,0.02928807449684595
1.0,1.0,0.0,0.0,0.0,0.0,0.0,4.0,0.0,64.0,16.0,0.02846882765777331
1.0,1.0,0.0,0.0,0.0,0.0,0.0,1.0,8.0,64.0,16.0,0.13011005215871546
1.0,1.0,0.0,0.0,0.0,0.0,0.0,2.0,8.0,64.0,16.0,0.1236789644719955
1.0,1.0,0.0,0.0,0.0,0.0,0.0,3.0,8.0,64.0,16.0,0.13166662115295347
1.0,1.0,0.0,0.0,0.0,0.0,0.0,4.0,8.0,64.0,16.0,0.11817635653622438
1.0,1.0,0.0,0.0,0.0,0.0,0.0,1.0,10.0,64.0,16.0,0.11147218656981356
1.0,1.0,0.0,0.0,0.0,0.0,0.0,2.0,10.0,64.0,16.0,0.10411261913214453
1.0,1.0,0.0,0.0,0.0,0.0,0.0,3.0,10.0,64.0,16.0,0.11439416696250587
1.0,1.0,0.0,0.0,0.0,0.0,0.0,4.0,10.0,64.0,16.0,0.10258335836587573
1.0,1.0,0.0,0.0,0.0,0.0,0.0,1.0,16.0,64.0,16.0,0.08486031841393815
1.0,1.0,0.0,0.0,0.0,0.0,0.0,2.0,16.0,64.0,16.0,0.07635380540156755
1.0,1.0,0.0,0.0,0.0,0.0,0.0,3.0,16.0,64.0,16.0,0.09133236844261183
1.0,1.0,0.0,0.0,0.0,0.0,0.0,4.0,16.0,64.0,16.0,0.07415549305005603
1.0,1.0,0.0,0.0,0.0,0.0,0.0,1.0,20.0,64.0,16.0,0.09512821213031492
1.0,1.0,0.0,0.0,0.0,0.0,0.0,2.0,20.0,64.0,16.0,0.07124716677134829
1.0,1.0,0.0,0.0,0.0,0.0,0.0,3.0,20.0,64.0,16.0,0.09536033206805217
1.0,1.0,0.0,0.0,0.0,0.0,0.0,4.0,20.0,64.0,16.0,0.07384144842841156
1.0,1.0,0.0,0.0,0.0,0.0,0.0,1.0,32.0,64.0,16.0,0.0957426472596194
1.0,1.0,0.0,0.0,0.0,0.0,0.0,2.0,32.0,64.0,16.0,0.05839864551189283
1.0,1.0,0.0,0.0,0.0,0.0,0.0,3.0,32.0,64.0,16.0,0.08603457221660887
1.0,1.0,0.0,0.0,0.0,0.0,0.0,4.0,32.0,64.0,16.0,0.06189409869193596
1.0,1.0,0.0,0.0,0.0,0.0,0.0,1.0,64.0,64.0,16.0,0.09981157322701334
1.0,1.0,0.0,0.0,0.0,0.0,0.0,2.0,64.0,64.0,16.0,0.04878614926677416
1.0,1.0,0.0,0.0,0.0,0.0,0.0,3.0,64.0,64.0,16.0,0.08567956525301079
1.0,1.0,0.0,0.0,0.0,0.0,0.0,4.0,64.0,64.0,16.0,0.05262295529643085
1.0,1.0,0.0,0.0,0.0,0.0,0.0,1.0,128.0,64.0,16.0,0.0754253256506186
1.0,1.0,0.0,0.0,0.0,0.0,0.0,2.0,128.0,64.0,16.0,0.058958464185259074
1.0,1.0,0.0,0.0,0.0,0.0,0.0,3.0,128.0,64.0,16.0,0.07534340096671133
1.0,1.0,0.0,0.0,0.0,0.0,0.0,4.0,128.0,64.0,16.0,0.06332778066031303
1.0,1.0,0.0,0.0,0.0,0.0,0.0,1.0,0.0,128.0,16.0,0.1579780988011688
1.0,1.0,0.0,0.0,0.0,0.0,0.0,2.0,0.0,128.0,16.0,0.15557497473988918
1.0,1.0,0.0,0.0,0.0,0.0,0.0,3.0,0.0,128.0,16.0,0.14314973101395456
1.0,1.0,0.0,0.0,0.0,0.0,0.0,4.0,0.0,128.0,16.0,0.14355935443349088
1.0,1.0,0.0,0.0,0.0,0.0,0.0,1.0,8.0,128.0,16.0,0.0958109178295421
1.0,1.0,0.0,0.0,0.0,0.0,0.0,2.0,8.0,128.0,16.0,0.0891613643190694
1.0,1.0,0.0,0.0,0.0,0.0,0.0,3.0,8.0,128.0,16.0,0.09646631530080019
1.0,1.0,0.0,0.0,0.0,0.0,0.0,4.0,8.0,128.0,16.0,0.0865124662060679
1.0,1.0,0.0,0.0,0.0,0.0,0.0,1.0,10.0,128.0,16.0,0.08492858898386085
1.0,1.0,0.0,0.0,0.0,0.0,0.0,2.0,10.0,128.0,16.0,0.07603976077992303
1.0,1.0,0.0,0.0,0.0,0.0,0.0,3.0,10.0,128.0,16.0,0.0861847674704389
1.0,1.0,0.0,0.0,0.0,0.0,0.0,4.0,10.0,128.0,16.0,0.07841557661323362
1.0,1.0,0.0,0.0,0.0,0.0,0.0,1.0,16.0,128.0,16.0,0.07042791993227565
1.0,1.0,0.0,0.0,0.0,0.0,0.0,2.0,16.0,128.0,16.0,0.058098255004232824
1.0,1.0,0.0,0.0,0.0,0.0,0.0,3.0,16.0,128.0,16.0,0.07405991425216424
1.0,1.0,0.0,0.0,0.0,0.0,0.0,4.0,16.0,128.0,16.0,0.06087004014309516
1.0,1.0,0.0,0.0,0.0,0.0,0.0,1.0,20.0,128.0,16.0,0.0844643491083864
1.0,1.0,0.0,0.0,0.0,0.0,0.0,2.0,20.0,128.0,16.0,0.057470165760943825
1.0,1.0,0.0,0.0,0.0,0.0,0.0,3.0,20.0,128.0,16.0,0.08252546492258123
1.0,1.0,0.0,0.0,0.0,0.0,0.0,4.0,20.0,128.0,16.0,0.06323220186242118
1.0,1.0,0.0,0.0,0.0,0.0,0.0,1.0,32.0,128.0,16.0,0.09428165706327318
1.0,1.0,0.0,0.0,0.0,0.0,0.0,2.0,32.0,128.0,16.0,0.05382451732707072
1.0,1.0,0.0,0.0,0.0,0.0,0.0,3.0,32.0,128.0,16.0,0.08178814276741586
1.0,1.0,0.0,0.0,0.0,0.0,0.0,4.0,32.0,128.0,16.0,0.06044676260957432
1.0,1.0,0.0,0.0,0.0,0.0,0.0,1.0,64.0,128.0,16.0,0.11797154482645628
1.0,1.0,0.0,0.0,0.0,0.0,0.0,2.0,64.0,128.0,16.0,0.06429722275321559
1.0,1.0,0.0,0.0,0.0,0.0,0.0,3.0,64.0,128.0,16.0,0.09627515770501655
1.0,1.0,0.0,0.0,0.0,0.0,0.0,4.0,64.0,128.0,16.0,0.06521204839017997
1.0,1.0,0.0,0.0,0.0,0.0,0.0,1.0,128.0,128.0,16.0,0.1030339441273656
1.0,1.0,0.0,0.0,0.0,0.0,0.0,2.0,128.0,128.0,16.0,0.07482454463529864
1.0,1.0,0.0,0.0,0.0,0.0,0.0,3.0,128.0,128.0,16.0,0.0940631912395205
1.0,1.0,0.0,0.0,0.0,0.0,0.0,4.0,128.0,128.0,16.0,0.07654496299735114
1.0,1.0,0.0,0.0,0.0,0.0,0.0,1.0,0.0,0.0,20.0,0.20374668887735886
1.0,1.0,0.0,0.0,0.0,0.0,0.0,2.0,0.0,0.0,20.0,0.20347360659766794
1.0,1.0,0.0,0.0,0.0,0.0,0.0,3.0,0.0,0.0,20.0,0.19390207269450294
1.0,1.0,0.0,0.0,0.0,0.0,0.0,4.0,0.0,0.0,20.0,0.19394303503645655
1.0,1.0,0.0,0.0,0.0,0.0,0.0,1.0,8.0,0.0,20.0,0.18274666156913083
1.0,1.0,0.0,0.0,0.0,0.0,0.0,2.0,8.0,0.0,20.0,0.25294246156366923
1.0,1.0,0.0,0.0,0.0,0.0,0.0,3.0,8.0,0.0,20.0,0.18478112455282786
1.0,1.0,0.0,0.0,0.0,0.0,0.0,4.0,8.0,0.0,20.0,0.26060241950899815
1.0,1.0,0.0,0.0,0.0,0.0,0.0,1.0,10.0,0.0,20.0,0.17064911657882526
1.0,1.0,0.0,0.0,0.0,0.0,0.0,2.0,10.0,0.0,20.0,0.2289248750648571
1.0,1.0,0.0,0.0,0.0,0.0,0.0,3.0,10.0,0.0,20.0,0.17567383052513724
1.0,1.0,0.0,0.0,0.0,0.0,0.0,4.0,10.0,0.0,20.0,0.24277014664518431
1.0,1.0,0.0,0.0,0.0,0.0,0.0,1.0,16.0,0.0,20.0,0.14738250634916306
1.0,1.0,0.0,0.0,0.0,0.0,0.0,2.0,16.0,0.0,20.0,0.16655288238346216
1.0,1.0,0.0,0.0,0.0,0.0,0.0,3.0,16.0,0.0,20.0,0.14796963325049844
1.0,1.0,0.0,0.0,0.0,0.0,0.0,4.0,16.0,0.0,20.0,0.17822714984024696
1.0,1.0,0.0,0.0,0.0,0.0,0.0,1.0,20.0,0.0,20.0,0.1453343892514815
1.0,1.0,0.0,0.0,0.0,0.0,0.0,2.0,20.0,0.0,20.0,0.14586689969687872
1.0,1.0,0.0,0.0,0.0,0.0,0.0,3.0,20.0,0.0,20.0,0.14190720664136114
1.0,1.0,0.0,0.0,0.0,0.0,0.0,4.0,20.0,0.0,20.0,0.15403205985963575
1.0,1.0,0.0,0.0,0.0,0.0,0.0,1.0,32.0,0.0,20.0,0.13768808542013716
1.0,1.0,0.0,0.0,0.0,0.0,0.0,2.0,32.0,0.0,20.0,0.11982850432835418
1.0,1.0,0.0,0.0,0.0,0.0,0.0,3.0,32.0,0.0,20.0,0.12621862967312059
1.0,1.0,0.0,0.0,0.0,0.0,0.0,4.0,32.0,0.0,20.0,0.1226549059231547
1.0,1.0,0.0,0.0,0.0,0.0,0.0,1.0,64.0,0.0,20.0,0.1836478330921107
1.0,1.0,0.0,0.0,0.0,0.0,0.0,2.0,64.0,0.0,20.0,0.2346869111663344
1.0,1.0,0.0,0.0,0.0,0.0,0.0,3.0,64.0,0.0,20.0,0.1471230781834567
1.0,1.0,0.0,0.0,0.0,0.0,0.0,4.0,64.0,0.0,20.0,0.22772331303421728
1.0,1.0,0.0,0.0,0.0,0.0,0.0,1.0,128.0,0.0,20.0,0.24140473524672995
1.0,1.0,0.0,0.0,0.0,0.0,0.0,2.0,128.0,0.0,20.0,0.27343728665446904
1.0,1.0,0.0,0.0,0.0,0.0,0.0,3.0,128.0,0.0,20.0,0.24627925393921196
1.0,1.0,0.0,0.0,0.0,0.0,0.0,4.0,128.0,0.0,20.0,0.28676370190338357
1.0,1.0,0.0,0.0,0.0,0.0,0.0,1.0,0.0,8.0,20.0,0.02617493650837005
1.0,1.0,0.0,0.0,0.0,0.0,0.0,2.0,0.0,8.0,20.0,0.02560146372101918
1.0,1.0,0.0,0.0,0.0,0.0,0.0,3.0,0.0,8.0,20.0,0.024440864032332976
1.0,1.0,0.0,0.0,0.0,0.0,0.0,4.0,0.0,8.0,20.0,0.024672983970070228
1.0,1.0,0.0,0.0,0.0,0.0,0.0,1.0,8.0,8.0,20.0,0.6460990196346161
1.0,1.0,0.0,0.0,0.0,0.0,0.0,2.0,8.0,8.0,20.0,0.6385073322592099
1.0,1.0,0.0,0.0,0.0,0.0,0.0,3.0,8.0,8.0,20.0,0.6294273464594884
1.0,1.0,0.0,0.0,0.0,0.0,0.0,4.0,8.0,8.0,20.0,0.6253311122641252
1.0,1.0,0.0,0.0,0.0,0.0,0.0,1.0,10.0,8.0,20.0,0.5242906687785029
1.0,1.0,0.0,0.0,0.0,0.0,0.0,2.0,10.0,8.0,20.0,0.514118353860018
1.0,1.0,0.0,0.0,0.0,0.0,0.0,3.0,10.0,8.0,20.0,0.5094486468773043
1.0,1.0,0.0,0.0,0.0,0.0,0.0,4.0,10.0,8.0,20.0,0.4963133892241734
1.0,1.0,0.0,0.0,0.0,0.0,0.0,1.0,16.0,8.0,20.0,0.34133919549960406
1.0,1.0,0.0,0.0,0.0,0.0,0.0,2.0,16.0,8.0,20.0,0.33436194325350227
1.0,1.0,0.0,0.0,0.0,0.0,0.0,3.0,16.0,8.0,20.0,0.33818509516917455
1.0,1.0,0.0,0.0,0.0,0.0,0.0,4.0,16.0,8.0,20.0,0.3298424315246185
1.0,1.0,0.0,0.0,0.0,0.0,0.0,1.0,20.0,8.0,20.0,0.3014828367787215
1.0,1.0,0.0,0.0,0.0,0.0,0.0,2.0,20.0,8.0,20.0,0.2780660312952294
1.0,1.0,0.0,0.0,0.0,0.0,0.0,3.0,20.0,8.0,20.0,0.2980966165105547
1.0,1.0,0.0,0.0,0.0,0.0,0.0,4.0,20.0,8.0,20.0,0.27896720281820914
1.0,1.0,0.0,0.0,0.0,0.0,0.0,1.0,32.0,8.0,20.0,0.2205958655342855
1.0,1.0,0.0,0.0,0.0,0.0,0.0,2.0,32.0,8.0,20.0,0.19503536415522
1.0,1.0,0.0,0.0,0.0,0.0,0.0,3.0,32.0,8.0,20.0,0.2101368142221252
1.0,1.0,0.0,0.0,0.0,0.0,0.0,4.0,32.0,8.0,20.0,0.20164395532373908
1.0,1.0,0.0,0.0,0.0,0.0,0.0,1.0,64.0,8.0,20.0,0.14675441710587406
1.0,1.0,0.0,0.0,0.0,0.0,0.0,2.0,64.0,8.0,20.0,0.11746634260902816
1.0,1.0,0.0,0.0,0.0,0.0,0.0,3.0,64.0,8.0,20.0,0.14014582593735497
1.0,1.0,0.0,0.0,0.0,0.0,0.0,4.0,64.0,8.0,20.0,0.12509899232638805
1.0,1.0,0.0,0.0,0.0,0.0,0.0,1.0,128.0,8.0,20.0,0.08289412600016388
1.0,1.0,0.0,0.0,0.0,0.0,0.0,2.0,128.0,8.0,20.0,0.07217564652229719
1.0,1.0,0.0,0.0,0.0,0.0,0.0,3.0,128.0,8.0,20.0,0.07703651110079474
1.0,1.0,0.0,0.0,0.0,0.0,0.0,4.0,128.0,8.0,20.0,0.07198448892651366
1.0,1.0,0.0,0.0,0.0,0.0,0.0,1.0,0.0,10.0,20.0,0.045249733744777365
1.0,1.0,0.0,0.0,0.0,0.0,0.0,2.0,0.0,10.0,20.0,0.04509953849094739
1.0,1.0,0.0,0.0,0.0,0.0,0.0,3.0,0.0,10.0,20.0,0.044020863486168404
1.0,1.0,0.0,0.0,0.0,0.0,0.0,4.0,0.0,10.0,20.0,0.04493568912313284
1.0,1.0,0.0,0.0,0.0,0.0,0.0,1.0,8.0,10.0,20.0,0.5454955077964991
1.0,1.0,0.0,0.0,0.0,0.0,0.0,2.0,8.0,10.0,20.0,0.5361834020590406
1.0,1.0,0.0,0.0,0.0,0.0,0.0,3.0,8.0,10.0,20.0,0.5540702913787925
1.0,1.0,0.0,0.0,0.0,0.0,0.0,4.0,8.0,10.0,20.0,0.5277178513886236
1.0,1.0,0.0,0.0,0.0,0.0,0.0,1.0,10.0,10.0,20.0,0.44232502252928824
1.0,1.0,0.0,0.0,0.0,0.0,0.0,2.0,10.0,10.0,20.0,0.4400584396078539
1.0,1.0,0.0,0.0,0.0,0.0,0.0,3.0,10.0,10.0,20.0,0.4530298478931703
1.0,1.0,0.0,0.0,0.0,0.0,0.0,4.0,10.0,10.0,20.0,0.43441929053223743
1.0,1.0,0.0,0.0,0.0,0.0,0.0,1.0,16.0,10.0,20.0,0.3066987083208172
1.0,1.0,0.0,0.0,0.0,0.0,0.0,2.0,16.0,10.0,20.0,0.2964171604904559
1.0,1.0,0.0,0.0,0.0,0.0,0.0,3.0,16.0,10.0,20.0,0.31225593271252633
1.0,1.0,0.0,0.0,0.0,0.0,0.0,4.0,16.0,10.0,20.0,0.29337229307190266
1.0,1.0,0.0,0.0,0.0,0.0,0.0,1.0,20.0,10.0,20.0,0.280469155356509
1.0,1.0,0.0,0.0,0.0,0.0,0.0,2.0,20.0,10.0,20.0,0.25646522297168134
1.0,1.0,0.0,0.0,0.0,0.0,0.0,3.0,20.0,10.0,20.0,0.2815341762473034
1.0,1.0,0.0,0.0,0.0,0.0,0.0,4.0,20.0,10.0,20.0,0.25725716158278494
1.0,1.0,0.0,0.0,0.0,0.0,0.0,1.0,32.0,10.0,20.0,0.21961276932739843
1.0,1.0,0.0,0.0,0.0,0.0,0.0,2.0,32.0,10.0,20.0,0.1846718916409515
1.0,1.0,0.0,0.0,0.0,0.0,0.0,3.0,32.0,10.0,20.0,0.2127857123351266
1.0,1.0,0.0,0.0,0.0,0.0,0.0,4.0,32.0,10.0,20.0,0.19499440181326638
1.0,1.0,0.0,0.0,0.0,0.0,0.0,1.0,64.0,10.0,20.0,0.1559845981594255
1.0,1.0,0.0,0.0,0.0,0.0,0.0,2.0,64.0,10.0,20.0,0.1214669980064994
1.0,1.0,0.0,0.0,0.0,0.0,0.0,3.0,64.0,10.0,20.0,0.15476938201480112
1.0,1.0,0.0,0.0,0.0,0.0,0.0,4.0,64.0,10.0,20.0,0.13288183729757785
1.0,1.0,0.0,0.0,0.0,0.0,0.0,1.0,128.0,10.0,20.0,0.08957098773860567
1.0,1.0,0.0,0.0,0.0,0.0,0.0,2.0,128.0,10.0,20.0,0.0802861902291161
1.0,1.0,0.0,0.0,0.0,0.0,0.0,3.0,128.0,10.0,20.0,0.0882055763401513
1.0,1.0,0.0,0.0,0.0,0.0,0.0,4.0,128.0,10.0,20.0,0.08126928643600323
1.0,1.0,0.0,0.0,0.0,0.0,0.0,1.0,0.0,16.0,20.0,0.025710696632895547
1.0,1.0,0.0,0.0,0.0,0.0,0.0,2.0,0.0,16.0,20.0,0.025219148529452007
1.0,1.0,0.0,0.0,0.0,0.0,0.0,3.0,0.0,16.0,20.0,0.025437614353204685
1.0,1.0,0.0,0.0,0.0,0.0,0.0,4.0,0.0,16.0,20.0,0.02625686119227727
1.0,1.0,0.0,0.0,0.0,0.0,0.0,1.0,8.0,16.0,20.0,0.33862202681668
1.0,1.0,0.0,0.0,0.0,0.0,0.0,2.0,8.0,16.0,20.0,0.3433736584833011
1.0,1.0,0.0,0.0,0.0,0.0,0.0,3.0,8.0,16.0,20.0,0.3465277588137307
1.0,1.0,0.0,0.0,0.0,0.0,0.0,4.0,8.0,16.0,20.0,0.33238209672574354
1.0,1.0,0.0,0.0,0.0,0.0,0.0,1.0,10.0,16.0,20.0,0.2823261148584069
1.0,1.0,0.0,0.0,0.0,0.0,0.0,2.0,10.0,16.0,20.0,0.27974548731532817
1.0,1.0,0.0,0.0,0.0,0.0,0.0,3.0,10.0,16.0,20.0,0.2896856822960759
1.0,1.0,0.0,0.0,0.0,0.0,0.0,4.0,10.0,16.0,20.0,0.2758813730577024
1.0,1.0,0.0,0.0,0.0,0.0,0.0,1.0,16.0,16.0,20.0,0.18972391381523263
1.0,1.0,0.0,0.0,0.0,0.0,0.0,2.0,16.0,16.0,20.0,0.18827657773287093
1.0,1.0,0.0,0.0,0.0,0.0,0.0,3.0,16.0,16.0,20.0,0.20048335563505287
1.0,1.0,0.0,0.0,0.0,0.0,0.0,4.0,16.0,16.0,20.0,0.18458996695704427
1.0,1.0,0.0,0.0,0.0,0.0,0.0,1.0,20.0,16.0,20.0,0.18144952074059922
1.0,1.0,0.0,0.0,0.0,0.0,0.0,2.0,20.0,16.0,20.0,0.16206067888254733
1.0,1.0,0.0,0.0,0.0,0.0,0.0,3.0,20.0,16.0,20.0,0.18607826538135946
1.0,1.0,0.0,0.0,0.0,0.0,0.0,4.0,20.0,16.0,20.0,0.16674403997924586
1.0,1.0,0.0,0.0,0.0,0.0,0.0,1.0,32.0,16.0,20.0,0.1494033152188755
1.0,1.0,0.0,0.0,0.0,0.0,0.0,2.0,32.0,16.0,20.0,0.12350146099019638
1.0,1.0,0.0,0.0,0.0,0.0,0.0,3.0,32.0,16.0,20.0,0.1445014882984244
1.0,1.0,0.0,0.0,0.0,0.0,0.0,4.0,32.0,16.0,20.0,0.12774789043938944
1.0,1.0,0.0,0.0,0.0,0.0,0.0,1.0,64.0,16.0,20.0,0.11323356727381967
1.0,1.0,0.0,0.0,0.0,0.0,0.0,2.0,64.0,16.0,20.0,0.08212949561702942
1.0,1.0,0.0,0.0,0.0,0.0,0.0,3.0,64.0,16.0,20.0,0.10972445997979197
1.0,1.0,0.0,0.0,0.0,0.0,0.0,4.0,64.0,16.0,20.0,0.09054042983150828
1.0,1.0,0.0,0.0,0.0,0.0,0.0,1.0,128.0,16.0,20.0,0.06372374996586477
1.0,1.0,0.0,0.0,0.0,0.0,0.0,2.0,128.0,16.0,20.0,0.050492913514842086
1.0,1.0,0.0,0.0,0.0,0.0,0.0,3.0,128.0,16.0,20.0,0.06141620470247694
1.0,1.0,0.0,0.0,0.0,0.0,0.0,4.0,128.0,16.0,20.0,0.05389278789699342
1.0,1.0,0.0,0.0,0.0,0.0,0.0,1.0,0.0,20.0,20.0,0.025096261503591066
1.0,1.0,0.0,0.0,0.0,0.0,0.0,2.0,0.0,20.0,20.0,0.024864141565853815
1.0,1.0,0.0,0.0,0.0,0.0,0.0,3.0,0.0,20.0,20.0,0.02605204948250911
1.0,1.0,0.0,0.0,0.0,0.0,0.0,4.0,0.0,20.0,20.0,0.026448018788060912
1.0,1.0,0.0,0.0,0.0,0.0,0.0,1.0,8.0,20.0,20.0,0.2839099920806139
1.0,1.0,0.0,0.0,0.0,0.0,0.0,2.0,8.0,20.0,20.0,0.2805647341544007
1.0,1.0,0.0,0.0,0.0,0.0,0.0,3.0,8.0,20.0,20.0,0.29596657472896587
1.0,1.0,0.0,0.0,0.0,0.0,0.0,4.0,8.0,20.0,20.0,0.2772331303421722
1.0,1.0,0.0,0.0,0.0,0.0,0.0,1.0,10.0,20.0,20.0,0.23565635325923712
1.0,1.0,0.0,0.0,0.0,0.0,0.0,2.0,10.0,20.0,20.0,0.23075452633878596
1.0,1.0,0.0,0.0,0.0,0.0,0.0,3.0,10.0,20.0,20.0,0.24442229443731406
1.0,1.0,0.0,0.0,0.0,0.0,0.0,4.0,10.0,20.0,20.0,0.2278052377181245
1.0,1.0,0.0,0.0,0.0,0.0,0.0,1.0,16.0,20.0,20.0,0.16457303585570343
1.0,1.0,0.0,0.0,0.0,0.0,0.0,2.0,16.0,20.0,20.0,0.15923427728774692
1.0,1.0,0.0,0.0,0.0,0.0,0.0,3.0,16.0,20.0,20.0,0.17585133400693637
1.0,1.0,0.0,0.0,0.0,0.0,0.0,4.0,16.0,20.0,20.0,0.1581692563969525
1.0,1.0,0.0,0.0,0.0,0.0,0.0,1.0,20.0,20.0,20.0,0.15916600671782416
1.0,1.0,0.0,0.0,0.0,0.0,0.0,2.0,20.0,20.0,20.0,0.14103334334635031
1.0,1.0,0.0,0.0,0.0,0.0,0.0,3.0,20.0,20.0,20.0,0.16438187825991973
1.0,1.0,0.0,0.0,0.0,0.0,0.0,4.0,20.0,20.0,20.0,0.14203009366722202
1.0,1.0,0.0,0.0,0.0,0.0,0.0,1.0,32.0,20.0,20.0,0.13905349681859153
1.0,1.0,0.0,0.0,0.0,0.0,0.0,2.0,32.0,20.0,20.0,0.10872770965892031
1.0,1.0,0.0,0.0,0.0,0.0,0.0,3.0,32.0,20.0,20.0,0.13091564488380358
1.0,1.0,0.0,0.0,0.0,0.0,0.0,4.0,32.0,20.0,20.0,0.11316529670389697
1.0,1.0,0.0,0.0,0.0,0.0,0.0,1.0,64.0,20.0,20.0,0.10788115459187858
1.0,1.0,0.0,0.0,0.0,0.0,0.0,2.0,64.0,20.0,20.0,0.07397798956825696
1.0,1.0,0.0,0.0,0.0,0.0,0.0,3.0,64.0,20.0,20.0,0.10412627324612911
1.0,1.0,0.0,0.0,0.0,0.0,0.0,4.0,64.0,20.0,20.0,0.08346759878751475
1.0,1.0,0.0,0.0,0.0,0.0,0.0,1.0,128.0,20.0,20.0,0.05919058412299627
1.0,1.0,0.0,0.0,0.0,0.0,0.0,2.0,128.0,20.0,20.0,0.047925940085747853
1.0,1.0,0.0,0.0,0.0,0.0,0.0,3.0,128.0,20.0,20.0,0.05876730658947543
1.0,1.0,0.0,0.0,0.0,0.0,0.0,4.0,128.0,20.0,20.0,0.05114831098610012
1.0,1.0,0.0,0.0,0.0,0.0,0.0,1.0,0.0,32.0,20.0,0.020740599142521687
1.0,1.0,0.0,0.0,0.0,0.0,0.0,2.0,0.0,32.0,20.0,0.02060405800267623
1.0,1.0,0.0,0.0,0.0,0.0,0.0,3.0,0.0,32.0,20.0,0.02191485294519241
1.0,1.0,0.0,0.0,0.0,0.0,0.0,4.0,0.0,32.0,20.0,0.021928507059176927
1.0,1.0,0.0,0.0,0.0,0.0,0.0,1.0,8.0,32.0,20.0,0.1953630628908491
1.0,1.0,0.0,0.0,0.0,0.0,0.0,2.0,8.0,32.0,20.0,0.1940522679483329
1.0,1.0,0.0,0.0,0.0,0.0,0.0,3.0,8.0,32.0,20.0,0.2053032578715968
1.0,1.0,0.0,0.0,0.0,0.0,0.0,4.0,8.0,32.0,20.0,0.18874081760834543
1.0,1.0,0.0,0.0,0.0,0.0,0.0,1.0,10.0,32.0,20.0,0.1670034681449521
1.0,1.0,0.0,0.0,0.0,0.0,0.0,2.0,10.0,32.0,20.0,0.16196510008465564
1.0,1.0,0.0,0.0,0.0,0.0,0.0,3.0,10.0,32.0,20.0,0.17209645266118684
1.0,1.0,0.0,0.0,0.0,0.0,0.0,4.0,10.0,32.0,20.0,0.15898850323602504
1.0,1.0,0.0,0.0,0.0,0.0,0.0,1.0,16.0,32.0,20.0,0.11980119610038509
1.0,1.0,0.0,0.0,0.0,0.0,0.0,2.0,16.0,32.0,20.0,0.11327452961577328
1.0,1.0,0.0,0.0,0.0,0.0,0.0,3.0,16.0,32.0,20.0,0.1280209727190803
1.0,1.0,0.0,0.0,0.0,0.0,0.0,4.0,16.0,32.0,20.0,0.11353395778147962
1.0,1.0,0.0,0.0,0.0,0.0,0.0,1.0,20.0,32.0,20.0,0.12362434801605732
1.0,1.0,0.0,0.0,0.0,0.0,0.0,2.0,20.0,32.0,20.0,0.1018733444386794
1.0,1.0,0.0,0.0,0.0,0.0,0.0,3.0,20.0,32.0,20.0,0.12625959201507425
1.0,1.0,0.0,0.0,0.0,0.0,0.0,4.0,20.0,32.0,20.0,0.10621535268576426
1.0,1.0,0.0,0.0,0.0,0.0,0.0,1.0,32.0,32.0,20.0,0.11465359512821222
1.0,1.0,0.0,0.0,0.0,0.0,0.0,2.0,32.0,32.0,20.0,0.08066850542068332
1.0,1.0,0.0,0.0,0.0,0.0,0.0,3.0,32.0,32.0,20.0,0.10639285616756339
1.0,1.0,0.0,0.0,0.0,0.0,0.0,4.0,32.0,32.0,20.0,0.0843551161965101
1.0,1.0,0.0,0.0,0.0,0.0,0.0,1.0,64.0,32.0,20.0,0.09855539474043534
1.0,1.0,0.0,0.0,0.0,0.0,0.0,2.0,64.0,32.0,20.0,0.057470165760943825
1.0,1.0,0.0,0.0,0.0,0.0,0.0,3.0,64.0,32.0,20.0,0.09026734755181737
1.0,1.0,0.0,0.0,0.0,0.0,0.0,4.0,64.0,32.0,20.0,0.06450203446298375
1.0,1.0,0.0,0.0,0.0,0.0,0.0,1.0,128.0,32.0,20.0,0.05939539583276443
1.0,1.0,0.0,0.0,0.0,0.0,0.0,2.0,128.0,32.0,20.0,0.049182118572325906
1.0,1.0,0.0,0.0,0.0,0.0,0.0,3.0,128.0,32.0,20.0,0.060760807231218794
1.0,1.0,0.0,0.0,0.0,0.0,0.0,4.0,128.0,32.0,20.0,0.05375624675714802
1.0,1.0,0.0,0.0,0.0,0.0,0.0,1.0,0.0,64.0,20.0,0.032005243179770104
1.0,1.0,0.0,0.0,0.0,0.0,0.0,2.0,0.0,64.0,20.0,0.033875856795652526
1.0,1.0,0.0,0.0,0.0,0.0,0.0,3.0,0.0,64.0,20.0,0.025860891886725523
1.0,1.0,0.0,0.0,0.0,0.0,0.0,4.0,0.0,64.0,20.0,0.02519184030148286
1.0,1.0,0.0,0.0,0.0,0.0,0.0,1.0,8.0,64.0,20.0,0.12841694202463205
1.0,1.0,0.0,0.0,0.0,0.0,0.0,2.0,8.0,64.0,20.0,0.12432070782926902
1.0,1.0,0.0,0.0,0.0,0.0,0.0,3.0,8.0,64.0,20.0,0.13020563095660725
1.0,1.0,0.0,0.0,0.0,0.0,0.0,4.0,8.0,64.0,20.0,0.11761653786285814
1.0,1.0,0.0,0.0,0.0,0.0,0.0,1.0,10.0,64.0,20.0,0.10971080586580739
1.0,1.0,0.0,0.0,0.0,0.0,0.0,2.0,10.0,64.0,20.0,0.10358010868674733
1.0,1.0,0.0,0.0,0.0,0.0,0.0,3.0,10.0,64.0,20.0,0.11250989923263882
1.0,1.0,0.0,0.0,0.0,0.0,0.0,4.0,10.0,64.0,20.0,0.1030339441273656
1.0,1.0,0.0,0.0,0.0,0.0,0.0,1.0,16.0,64.0,20.0,0.08298970479805573
1.0,1.0,0.0,0.0,0.0,0.0,0.0,2.0,16.0,64.0,20.0,0.07367759906059701
1.0,1.0,0.0,0.0,0.0,0.0,0.0,3.0,16.0,64.0,20.0,0.08886097381140945
1.0,1.0,0.0,0.0,0.0,0.0,0.0,4.0,16.0,64.0,20.0,0.07362298260465888
1.0,1.0,0.0,0.0,0.0,0.0,0.0,1.0,20.0,64.0,20.0,0.09298451623474158
1.0,1.0,0.0,0.0,0.0,0.0,0.0,2.0,20.0,64.0,20.0,0.06885769682405313
1.0,1.0,0.0,0.0,0.0,0.0,0.0,3.0,20.0,64.0,20.0,0.09350337256615426
1.0,1.0,0.0,0.0,0.0,0.0,0.0,4.0,20.0,64.0,20.0,0.07248969114394171
1.0,1.0,0.0,0.0,0.0,0.0,0.0,1.0,32.0,64.0,20.0,0.09499167099046951
1.0,1.0,0.0,0.0,0.0,0.0,0.0,2.0,32.0,64.0,20.0,0.055968213222644
1.0,1.0,0.0,0.0,0.0,0.0,0.0,3.0,32.0,64.0,20.0,0.08318086239383932
1.0,1.0,0.0,0.0,0.0,0.0,0.0,4.0,32.0,64.0,20.0,0.06039214615363614
1.0,1.0,0.0,0.0,0.0,0.0,0.0,1.0,64.0,64.0,20.0,0.1011769846254677
1.0,1.0,0.0,0.0,0.0,0.0,0.0,2.0,64.0,64.0,20.0,0.04889538217865047
1.0,1.0,0.0,0.0,0.0,0.0,0.0,3.0,64.0,64.0,20.0,0.08487397252792267
1.0,1.0,0.0,0.0,0.0,0.0,0.0,4.0,64.0,64.0,20.0,0.051530626177667405
1.0,1.0,0.0,0.0,0.0,0.0,0.0,1.0,128.0,64.0,20.0,0.07621726426172215
1.0,1.0,0.0,0.0,0.0,0.0,0.0,2.0,128.0,64.0,20.0,0.05891750184330541
1.0,1.0,0.0,0.0,0.0,0.0,0.0,3.0,128.0,64.0,20.0,0.07583494907015487
1.0,1.0,0.0,0.0,0.0,0.0,0.0,4.0,128.0,64.0,20.0,0.0631502771785139
1.0,1.0,0.0,0.0,0.0,0.0,0.0,1.0,0.0,128.0,20.0,0.15487861492667748
1.0,1.0,0.0,0.0,0.0,0.0,0.0,2.0,0.0,128.0,20.0,0.1558890193615337
1.0,1.0,0.0,0.0,0.0,0.0,0.0,3.0,0.0,128.0,20.0,0.14370954968732086
1.0,1.0,0.0,0.0,0.0,0.0,0.0,4.0,0.0,128.0,20.0,0.14106065157431935
1.0,1.0,0.0,0.0,0.0,0.0,0.0,1.0,8.0,128.0,20.0,0.09388568775772144
1.0,1.0,0.0,0.0,0.0,0.0,0.0,2.0,8.0,128.0,20.0,0.08771402823670776
1.0,1.0,0.0,0.0,0.0,0.0,0.0,3.0,8.0,128.0,20.0,0.09379010895982964
1.0,1.0,0.0,0.0,0.0,0.0,0.0,4.0,8.0,128.0,20.0,0.08461454436221644
1.0,1.0,0.0,0.0,0.0,0.0,0.0,1.0,10.0,128.0,20.0,0.08315355416587022
1.0,1.0,0.0,0.0,0.0,0.0,0.0,2.0,10.0,128.0,20.0,0.0750976269149895
1.0,1.0,0.0,0.0,0.0,0.0,0.0,3.0,10.0,128.0,20.0,0.08320817062180841
1.0,1.0,0.0,0.0,0.0,0.0,0.0,4.0,10.0,128.0,20.0,0.07804691553565091
1.0,1.0,0.0,0.0,0.0,0.0,0.0,1.0,16.0,128.0,20.0,0.07005925885469294
1.0,1.0,0.0,0.0,0.0,0.0,0.0,2.0,16.0,128.0,20.0,0.05763401512875832
1.0,1.0,0.0,0.0,0.0,0.0,0.0,3.0,16.0,128.0,20.0,0.07418280127802512
1.0,1.0,0.0,0.0,0.0,0.0,0.0,4.0,16.0,128.0,20.0,0.06220814331358038
1.0,1.0,0.0,0.0,0.0,0.0,0.0,1.0,20.0,128.0,20.0,0.08363144815532925
1.0,1.0,0.0,0.0,0.0,0.0,0.0,2.0,20.0,128.0,20.0,0.05727900816516018
1.0,1.0,0.0,0.0,0.0,0.0,0.0,3.0,20.0,128.0,20.0,0.08162429339960137
1.0,1.0,0.0,0.0,0.0,0.0,0.0,4.0,20.0,128.0,20.0,0.0636145170539884
1.0,1.0,0.0,0.0,0.0,0.0,0.0,1.0,32.0,128.0,20.0,0.09807750075097632
1.0,1.0,0.0,0.0,0.0,0.0,0.0,2.0,32.0,128.0,20.0,0.0547393429640351
1.0,1.0,0.0,0.0,0.0,0.0,0.0,3.0,32.0,128.0,20.0,0.08238892378273577
1.0,1.0,0.0,0.0,0.0,0.0,0.0,4.0,32.0,128.0,20.0,0.06159370818427595
1.0,1.0,0.0,0.0,0.0,0.0,0.0,1.0,64.0,128.0,20.0,0.12137141920860761
1.0,1.0,0.0,0.0,0.0,0.0,0.0,2.0,64.0,128.0,20.0,0.06588109997542263
1.0,1.0,0.0,0.0,0.0,0.0,0.0,3.0,64.0,128.0,20.0,0.09762691498948639
1.0,1.0,0.0,0.0,0.0,0.0,0.0,4.0,64.0,128.0,20.0,0.06659111390261896
1.0,1.0,0.0,0.0,0.0,0.0,0.0,1.0,128.0,128.0,20.0,0.09979791911302882
1.0,1.0,0.0,0.0,0.0,0.0,0.0,2.0,128.0,128.0,20.0,0.07096043037767286
1.0,1.0,0.0,0.0,0.0,0.0,0.0,3.0,128.0,128.0,20.0,0.0909773614790137
1.0,1.0,0.0,0.0,0.0,0.0,0.0,4.0,128.0,128.0,20.0,0.07283104399355533
1.0,1.0,0.0,0.0,0.0,0.0,0.0,1.0,0.0,0.0,32.0,0.20324148665993075
1.0,1.0,0.0,0.0,0.0,0.0,0.0,2.0,0.0,0.0,32.0,0.20343264425571433
1.0,1.0,0.0,0.0,0.0,0.0,0.0,3.0,0.0,0.0,32.0,0.19390207269450294
1.0,1.0,0.0,0.0,0.0,0.0,0.0,4.0,0.0,0.0,32.0,0.1941478467462247
1.0,1.0,0.0,0.0,0.0,0.0,0.0,1.0,8.0,0.0,32.0,0.2278052377181245
1.0,1.0,0.0,0.0,0.0,0.0,0.0,2.0,8.0,0.0,32.0,0.2552909691690107
1.0,1.0,0.0,0.0,0.0,0.0,0.0,3.0,8.0,0.0,32.0,0.22983970070182153
1.0,1.0,0.0,0.0,0.0,0.0,0.0,4.0,8.0,0.0,32.0,0.2645211502225621
1.0,1.0,0.0,0.0,0.0,0.0,0.0,1.0,10.0,0.0,32.0,0.2035828395095443
1.0,1.0,0.0,0.0,0.0,0.0,0.0,2.0,10.0,0.0,32.0,0.22424151396815867
1.0,1.0,0.0,0.0,0.0,0.0,0.0,3.0,10.0,0.0,32.0,0.2059586553428549
1.0,1.0,0.0,0.0,0.0,0.0,0.0,4.0,10.0,0.0,32.0,0.240175864988121
1.0,1.0,0.0,0.0,0.0,0.0,0.0,1.0,16.0,0.0,32.0,0.15841503044867428
1.0,1.0,0.0,0.0,0.0,0.0,0.0,2.0,16.0,0.0,32.0,0.15879734564024145
1.0,1.0,0.0,0.0,0.0,0.0,0.0,3.0,16.0,0.0,32.0,0.1585379174745351
1.0,1.0,0.0,0.0,0.0,0.0,0.0,4.0,16.0,0.0,32.0,0.16967967448592275
1.0,1.0,0.0,0.0,0.0,0.0,0.0,1.0,20.0,0.0,32.0,0.14844752723995747
1.0,1.0,0.0,0.0,0.0,0.0,0.0,2.0,20.0,0.0,32.0,0.13696441737895632
1.0,1.0,0.0,0.0,0.0,0.0,0.0,3.0,20.0,0.0,32.0,0.14515688576968244
1.0,1.0,0.0,0.0,0.0,0.0,0.0,4.0,20.0,0.0,32.0,0.14477457057811527
1.0,1.0,0.0,0.0,0.0,0.0,0.0,1.0,32.0,0.0,32.0,0.1340151287582949
1.0,1.0,0.0,0.0,0.0,0.0,0.0,2.0,32.0,0.0,32.0,0.11205931347114895
1.0,1.0,0.0,0.0,0.0,0.0,0.0,3.0,32.0,0.0,32.0,0.12309183757066011
1.0,1.0,0.0,0.0,0.0,0.0,0.0,4.0,32.0,0.0,32.0,0.11514514323165576
1.0,1.0,0.0,0.0,0.0,0.0,0.0,1.0,64.0,0.0,32.0,0.1809989349791093
1.0,1.0,0.0,0.0,0.0,0.0,0.0,2.0,64.0,0.0,32.0,0.22974412190392973
1.0,1.0,0.0,0.0,0.0,0.0,0.0,3.0,64.0,0.0,32.0,0.1448564952620225
1.0,1.0,0.0,0.0,0.0,0.0,0.0,4.0,64.0,0.0,32.0,0.2213878041453891
1.0,1.0,0.0,0.0,0.0,0.0,0.0,1.0,128.0,0.0,32.0,0.2360386684508043
1.0,1.0,0.0,0.0,0.0,0.0,0.0,2.0,128.0,0.0,32.0,0.27041972746388504
1.0,1.0,0.0,0.0,0.0,0.0,0.0,3.0,128.0,0.0,32.0,0.2411999235369618
1.0,1.0,0.0,0.0,0.0,0.0,0.0,4.0,128.0,0.0,32.0,0.2846609683497638
1.0,1.0,0.0,0.0,0.0,0.0,0.0,1.0,0.0,8.0,32.0,0.02556050137906557
1.0,1.0,0.0,0.0,0.0,0.0,0.0,2.0,0.0,8.0,32.0,0.024836833337884723
1.0,1.0,0.0,0.0,0.0,0.0,0.0,3.0,0.0,8.0,32.0,0.02693956689150445
1.0,1.0,0.0,0.0,0.0,0.0,0.0,4.0,0.0,8.0,32.0,0.02687129632158175
1.0,1.0,0.0,0.0,0.0,0.0,0.0,1.0,8.0,8.0,32.0,0.6506048772495154
1.0,1.0,0.0,0.0,0.0,0.0,0.0,2.0,8.0,8.0,32.0,0.6414429667658867
1.0,1.0,0.0,0.0,0.0,0.0,0.0,3.0,8.0,8.0,32.0,0.6358447800322238
1.0,1.0,0.0,0.0,0.0,0.0,0.0,4.0,8.0,8.0,32.0,0.6290040689259675
1.0,1.0,0.0,0.0,0.0,0.0,0.0,1.0,10.0,8.0,32.0,0.5236898877631833
1.0,1.0,0.0,0.0,0.0,0.0,0.0,2.0,10.0,8.0,32.0,0.5201807804691554
1.0,1.0,0.0,0.0,0.0,0.0,0.0,3.0,10.0,8.0,32.0,0.5199623146454027
1.0,1.0,0.0,0.0,0.0,0.0,0.0,4.0,10.0,8.0,32.0,0.5037685354597341
1.0,1.0,0.0,0.0,0.0,0.0,0.0,1.0,16.0,8.0,32.0,0.3437013572189302
1.0,1.0,0.0,0.0,0.0,0.0,0.0,2.0,16.0,8.0,32.0,0.3451896556432454
1.0,1.0,0.0,0.0,0.0,0.0,0.0,3.0,16.0,8.0,32.0,0.3461181353941944
1.0,1.0,0.0,0.0,0.0,0.0,0.0,4.0,16.0,8.0,32.0,0.33832163630901996
1.0,1.0,0.0,0.0,0.0,0.0,0.0,1.0,20.0,8.0,32.0,0.3045959747671974
1.0,1.0,0.0,0.0,0.0,0.0,0.0,2.0,20.0,8.0,32.0,0.2888937436849723
1.0,1.0,0.0,0.0,0.0,0.0,0.0,3.0,20.0,8.0,32.0,0.30791392446544147
1.0,1.0,0.0,0.0,0.0,0.0,0.0,4.0,20.0,8.0,32.0,0.29066877850296297
1.0,1.0,0.0,0.0,0.0,0.0,0.0,1.0,32.0,8.0,32.0,0.22643982631967013
1.0,1.0,0.0,0.0,0.0,0.0,0.0,2.0,32.0,8.0,32.0,0.20384226767525065
1.0,1.0,0.0,0.0,0.0,0.0,0.0,3.0,32.0,8.0,32.0,0.22197493104672444
1.0,1.0,0.0,0.0,0.0,0.0,0.0,4.0,32.0,8.0,32.0,0.213673229744122
1.0,1.0,0.0,0.0,0.0,0.0,0.0,1.0,64.0,8.0,32.0,0.14904830825527737
1.0,1.0,0.0,0.0,0.0,0.0,0.0,2.0,64.0,8.0,32.0,0.12377454326988724
1.0,1.0,0.0,0.0,0.0,0.0,0.0,3.0,64.0,8.0,32.0,0.15029083262787085
1.0,1.0,0.0,0.0,0.0,0.0,0.0,4.0,64.0,8.0,32.0,0.1387667604249161
1.0,1.0,0.0,0.0,0.0,0.0,0.0,1.0,128.0,8.0,32.0,0.08492858898386085
1.0,1.0,0.0,0.0,0.0,0.0,0.0,2.0,128.0,8.0,32.0,0.07358202026270522
1.0,1.0,0.0,0.0,0.0,0.0,0.0,3.0,128.0,8.0,32.0,0.07827903547338821
1.0,1.0,0.0,0.0,0.0,0.0,0.0,4.0,128.0,8.0,32.0,0.07375952374450429
1.0,1.0,0.0,0.0,0.0,0.0,0.0,1.0,0.0,10.0,32.0,0.04986482427155309
1.0,1.0,0.0,0.0,0.0,0.0,0.0,2.0,0.0,10.0,32.0,0.04978289958764576
1.0,1.0,0.0,0.0,0.0,0.0,0.0,3.0,0.0,10.0,32.0,0.05219967776291001
1.0,1.0,0.0,0.0,0.0,0.0,0.0,4.0,0.0,10.0,32.0,0.05284142112018353
1.0,1.0,0.0,0.0,0.0,0.0,0.0,1.0,8.0,10.0,32.0,0.5458641688740817
1.0,1.0,0.0,0.0,0.0,0.0,0.0,2.0,8.0,10.0,32.0,0.5463011005215874
1.0,1.0,0.0,0.0,0.0,0.0,0.0,3.0,8.0,10.0,32.0,0.5666320762445727
1.0,1.0,0.0,0.0,0.0,0.0,0.0,4.0,8.0,10.0,32.0,0.5343810590130809
1.0,1.0,0.0,0.0,0.0,0.0,0.0,1.0,10.0,10.0,32.0,0.44375870449766525
1.0,1.0,0.0,0.0,0.0,0.0,0.0,2.0,10.0,10.0,32.0,0.44822359977061105
1.0,1.0,0.0,0.0,0.0,0.0,0.0,3.0,10.0,10.0,32.0,0.4635435156612689
1.0,1.0,0.0,0.0,0.0,0.0,0.0,4.0,10.0,10.0,32.0,0.43929380922471944
1.0,1.0,0.0,0.0,0.0,0.0,0.0,1.0,16.0,10.0,32.0,0.31061743903438116
1.0,1.0,0.0,0.0,0.0,0.0,0.0,2.0,16.0,10.0,32.0,0.3095797263715558
1.0,1.0,0.0,0.0,0.0,0.0,0.0,3.0,16.0,10.0,32.0,0.3252819574537809
1.0,1.0,0.0,0.0,0.0,0.0,0.0,4.0,16.0,10.0,32.0,0.3026434364674077
1.0,1.0,0.0,0.0,0.0,0.0,0.0,1.0,20.0,10.0,32.0,0.28538463639094463
1.0,1.0,0.0,0.0,0.0,0.0,0.0,2.0,20.0,10.0,32.0,0.26878123378573976
1.0,1.0,0.0,0.0,0.0,0.0,0.0,3.0,20.0,10.0,32.0,0.2954340642835687
1.0,1.0,0.0,0.0,0.0,0.0,0.0,4.0,20.0,10.0,32.0,0.2692727818891833
1.0,1.0,0.0,0.0,0.0,0.0,0.0,1.0,32.0,10.0,32.0,0.22912968677462525
1.0,1.0,0.0,0.0,0.0,0.0,0.0,2.0,32.0,10.0,32.0,0.20071547557279018
1.0,1.0,0.0,0.0,0.0,0.0,0.0,3.0,32.0,10.0,32.0,0.22461017504574138
1.0,1.0,0.0,0.0,0.0,0.0,0.0,4.0,32.0,10.0,32.0,0.20695540566372655
1.0,1.0,0.0,0.0,0.0,0.0,0.0,1.0,64.0,10.0,32.0,0.1637537890166308
1.0,1.0,0.0,0.0,0.0,0.0,0.0,2.0,64.0,10.0,32.0,0.13473879679947576
1.0,1.0,0.0,0.0,0.0,0.0,0.0,3.0,64.0,10.0,32.0,0.16763155738824115
1.0,1.0,0.0,0.0,0.0,0.0,0.0,4.0,64.0,10.0,32.0,0.1472732734372867
1.0,1.0,0.0,0.0,0.0,0.0,0.0,1.0,128.0,10.0,32.0,0.09546956497992853
1.0,1.0,0.0,0.0,0.0,0.0,0.0,2.0,128.0,10.0,32.0,0.08341298233157657
1.0,1.0,0.0,0.0,0.0,0.0,0.0,3.0,128.0,10.0,32.0,0.09209699882574623
1.0,1.0,0.0,0.0,0.0,0.0,0.0,4.0,128.0,10.0,32.0,0.08610284278653163
1.0,1.0,0.0,0.0,0.0,0.0,0.0,1.0,0.0,16.0,32.0,0.026748409295720865
1.0,1.0,0.0,0.0,0.0,0.0,0.0,2.0,0.0,16.0,32.0,0.02688495043556627
1.0,1.0,0.0,0.0,0.0,0.0,0.0,3.0,0.0,16.0,32.0,0.029902509626150375
1.0,1.0,0.0,0.0,0.0,0.0,0.0,4.0,0.0,16.0,32.0,0.02986154728419682
1.0,1.0,0.0,0.0,0.0,0.0,0.0,1.0,8.0,16.0,32.0,0.33912722903410814
1.0,1.0,0.0,0.0,0.0,0.0,0.0,2.0,8.0,16.0,32.0,0.3489581911029795
1.0,1.0,0.0,0.0,0.0,0.0,0.0,3.0,8.0,16.0,32.0,0.3530953876402962
1.0,1.0,0.0,0.0,0.0,0.0,0.0,4.0,8.0,16.0,32.0,0.3382670198530818
1.0,1.0,0.0,0.0,0.0,0.0,0.0,1.0,10.0,16.0,32.0,0.28287227941778864
1.0,1.0,0.0,0.0,0.0,0.0,0.0,2.0,10.0,16.0,32.0,0.2855484857587592
1.0,1.0,0.0,0.0,0.0,0.0,0.0,3.0,10.0,16.0,32.0,0.2954477183975532
1.0,1.0,0.0,0.0,0.0,0.0,0.0,4.0,10.0,16.0,32.0,0.2808378164340916
1.0,1.0,0.0,0.0,0.0,0.0,0.0,1.0,16.0,16.0,32.0,0.19362899041481202
1.0,1.0,0.0,0.0,0.0,0.0,0.0,2.0,16.0,16.0,32.0,0.1949807476992818
1.0,1.0,0.0,0.0,0.0,0.0,0.0,3.0,16.0,16.0,32.0,0.20751522433709285
1.0,1.0,0.0,0.0,0.0,0.0,0.0,4.0,16.0,16.0,32.0,0.19054316065430515
1.0,1.0,0.0,0.0,0.0,0.0,0.0,1.0,20.0,16.0,32.0,0.18628307709112762
1.0,1.0,0.0,0.0,0.0,0.0,0.0,2.0,20.0,16.0,32.0,0.17070373303476344
1.0,1.0,0.0,0.0,0.0,0.0,0.0,3.0,20.0,16.0,32.0,0.19185395559682134
1.0,1.0,0.0,0.0,0.0,0.0,0.0,4.0,20.0,16.0,32.0,0.17268357956252228
1.0,1.0,0.0,0.0,0.0,0.0,0.0,1.0,32.0,16.0,32.0,0.15418225511346578
1.0,1.0,0.0,0.0,0.0,0.0,0.0,2.0,32.0,16.0,32.0,0.12935907588956558
1.0,1.0,0.0,0.0,0.0,0.0,0.0,3.0,32.0,16.0,32.0,0.1494033152188755
1.0,1.0,0.0,0.0,0.0,0.0,0.0,4.0,32.0,16.0,32.0,0.13366012179469677
1.0,1.0,0.0,0.0,0.0,0.0,0.0,1.0,64.0,16.0,32.0,0.11641497583221827
1.0,1.0,0.0,0.0,0.0,0.0,0.0,2.0,64.0,16.0,32.0,0.08846500450585765
1.0,1.0,0.0,0.0,0.0,0.0,0.0,3.0,64.0,16.0,32.0,0.11519975968759394
1.0,1.0,0.0,0.0,0.0,0.0,0.0,4.0,64.0,16.0,32.0,0.09723094568393459
1.0,1.0,0.0,0.0,0.0,0.0,0.0,1.0,128.0,16.0,32.0,0.06981348480297117
1.0,1.0,0.0,0.0,0.0,0.0,0.0,2.0,128.0,16.0,32.0,0.054643764166143305
1.0,1.0,0.0,0.0,0.0,0.0,0.0,3.0,128.0,16.0,32.0,0.06769709713536692
1.0,1.0,0.0,0.0,0.0,0.0,0.0,4.0,128.0,16.0,32.0,0.05954559108659441
1.0,1.0,0.0,0.0,0.0,0.0,0.0,1.0,0.0,20.0,32.0,0.023362189027553992
1.0,1.0,0.0,0.0,0.0,0.0,0.0,2.0,0.0,20.0,32.0,0.022870640924110452
1.0,1.0,0.0,0.0,0.0,0.0,0.0,3.0,0.0,20.0,32.0,0.02528741909937471
1.0,1.0,0.0,0.0,0.0,0.0,0.0,4.0,0.0,20.0,32.0,0.025615117835003698
1.0,1.0,0.0,0.0,0.0,0.0,0.0,1.0,8.0,20.0,32.0,0.3002812747480817
1.0,1.0,0.0,0.0,0.0,0.0,0.0,2.0,8.0,20.0,32.0,0.2828449711898196
1.0,1.0,0.0,0.0,0.0,0.0,0.0,3.0,8.0,20.0,32.0,0.2963352358065486
1.0,1.0,0.0,0.0,0.0,0.0,0.0,4.0,8.0,20.0,32.0,0.2799502990250963
1.0,1.0,0.0,0.0,0.0,0.0,0.0,1.0,10.0,20.0,32.0,0.23820967257434672
1.0,1.0,0.0,0.0,0.0,0.0,0.0,2.0,10.0,20.0,32.0,0.23289822223435935
1.0,1.0,0.0,0.0,0.0,0.0,0.0,3.0,10.0,20.0,32.0,0.24591059286162936
1.0,1.0,0.0,0.0,0.0,0.0,0.0,4.0,10.0,20.0,32.0,0.229703159561976
1.0,1.0,0.0,0.0,0.0,0.0,0.0,1.0,16.0,20.0,32.0,0.16683961877713765
1.0,1.0,0.0,0.0,0.0,0.0,0.0,2.0,16.0,20.0,32.0,0.16281165515169732
1.0,1.0,0.0,0.0,0.0,0.0,0.0,3.0,16.0,20.0,32.0,0.1783500368661079
1.0,1.0,0.0,0.0,0.0,0.0,0.0,4.0,16.0,20.0,32.0,0.1622654905923155
1.0,1.0,0.0,0.0,0.0,0.0,0.0,1.0,20.0,20.0,32.0,0.16136431906933563
1.0,1.0,0.0,0.0,0.0,0.0,0.0,2.0,20.0,20.0,32.0,0.14405090253693442
1.0,1.0,0.0,0.0,0.0,0.0,0.0,3.0,20.0,20.0,32.0,0.16685327289112212
1.0,1.0,0.0,0.0,0.0,0.0,0.0,4.0,20.0,20.0,32.0,0.14541631393538879
1.0,1.0,0.0,0.0,0.0,0.0,0.0,1.0,32.0,20.0,32.0,0.1394631202381278
1.0,1.0,0.0,0.0,0.0,0.0,0.0,2.0,32.0,20.0,32.0,0.10998388814549825
1.0,1.0,0.0,0.0,0.0,0.0,0.0,3.0,32.0,20.0,32.0,0.13289549141156237
1.0,1.0,0.0,0.0,0.0,0.0,0.0,4.0,32.0,20.0,32.0,0.11462628690024307
1.0,1.0,0.0,0.0,0.0,0.0,0.0,1.0,64.0,20.0,32.0,0.10995657991752922
1.0,1.0,0.0,0.0,0.0,0.0,0.0,2.0,64.0,20.0,32.0,0.07659957945328932
1.0,1.0,0.0,0.0,0.0,0.0,0.0,3.0,64.0,20.0,32.0,0.10620169857177975
1.0,1.0,0.0,0.0,0.0,0.0,0.0,4.0,64.0,20.0,32.0,0.08557033234113448
1.0,1.0,0.0,0.0,0.0,0.0,0.0,1.0,128.0,20.0,32.0,0.06612687402714446
1.0,1.0,0.0,0.0,0.0,0.0,0.0,2.0,128.0,20.0,32.0,0.052308910674786324
1.0,1.0,0.0,0.0,0.0,0.0,0.0,3.0,128.0,20.0,32.0,0.06426991452524655
1.0,1.0,0.0,0.0,0.0,0.0,0.0,4.0,128.0,20.0,32.0,0.056200333160381255
1.0,1.0,0.0,0.0,0.0,0.0,0.0,1.0,0.0,32.0,32.0,0.01542914880253421
1.0,1.0,0.0,0.0,0.0,0.0,0.0,2.0,0.0,32.0,32.0,0.01534722411862699
1.0,1.0,0.0,0.0,0.0,0.0,0.0,3.0,0.0,32.0,32.0,0.017914197547721222
1.0,1.0,0.0,0.0,0.0,0.0,0.0,4.0,0.0,32.0,32.0,0.01742264944427757
1.0,1.0,0.0,0.0,0.0,0.0,0.0,1.0,8.0,32.0,32.0,0.19574537808241627
1.0,1.0,0.0,0.0,0.0,0.0,0.0,2.0,8.0,32.0,32.0,0.19601846036210718
1.0,1.0,0.0,0.0,0.0,0.0,0.0,3.0,8.0,32.0,32.0,0.20081105437068197
1.0,1.0,0.0,0.0,0.0,0.0,0.0,4.0,8.0,32.0,32.0,0.18919140336983536
1.0,1.0,0.0,0.0,0.0,0.0,0.0,1.0,10.0,32.0,32.0,0.1670034681449521
1.0,1.0,0.0,0.0,0.0,0.0,0.0,2.0,10.0,32.0,32.0,0.16363090199076985
1.0,1.0,0.0,0.0,0.0,0.0,0.0,3.0,10.0,32.0,32.0,0.1712772058221143
1.0,1.0,0.0,0.0,0.0,0.0,0.0,4.0,10.0,32.0,32.0,0.16028564406455675
1.0,1.0,0.0,0.0,0.0,0.0,0.0,1.0,16.0,32.0,32.0,0.11947349736475604
1.0,1.0,0.0,0.0,0.0,0.0,0.0,2.0,16.0,32.0,32.0,0.11342472486960331
1.0,1.0,0.0,0.0,0.0,0.0,0.0,3.0,16.0,32.0,32.0,0.12713345531008496
1.0,1.0,0.0,0.0,0.0,0.0,0.0,4.0,16.0,32.0,32.0,0.1125235533466234
1.0,1.0,0.0,0.0,0.0,0.0,0.0,1.0,20.0,32.0,32.0,0.1233512657363664
1.0,1.0,0.0,0.0,0.0,0.0,0.0,2.0,20.0,32.0,32.0,0.10172314918484943
1.0,1.0,0.0,0.0,0.0,0.0,0.0,3.0,20.0,32.0,32.0,0.12552226985990889
1.0,1.0,0.0,0.0,0.0,0.0,0.0,4.0,20.0,32.0,32.0,0.10528687293481531
1.0,1.0,0.0,0.0,0.0,0.0,0.0,1.0,32.0,32.0,32.0,0.11210027581310256
1.0,1.0,0.0,0.0,0.0,0.0,0.0,2.0,32.0,32.0,32.0,0.07855211775307908
1.0,1.0,0.0,0.0,0.0,0.0,0.0,3.0,32.0,32.0,32.0,0.1033889510909638
1.0,1.0,0.0,0.0,0.0,0.0,0.0,4.0,32.0,32.0,32.0,0.08260738960648845
1.0,1.0,0.0,0.0,0.0,0.0,0.0,1.0,64.0,32.0,32.0,0.10039870012834873
1.0,1.0,0.0,0.0,0.0,0.0,0.0,2.0,64.0,32.0,32.0,0.05852153253775366
1.0,1.0,0.0,0.0,0.0,0.0,0.0,3.0,64.0,32.0,32.0,0.08973483710642022
1.0,1.0,0.0,0.0,0.0,0.0,0.0,4.0,64.0,32.0,32.0,0.06451568857696827
1.0,1.0,0.0,0.0,0.0,0.0,0.0,1.0,128.0,32.0,32.0,0.07074196455392012
1.0,1.0,0.0,0.0,0.0,0.0,0.0,2.0,128.0,32.0,32.0,0.058262104372047374
1.0,1.0,0.0,0.0,0.0,0.0,0.0,3.0,128.0,32.0,32.0,0.07083754335181197
1.0,1.0,0.0,0.0,0.0,0.0,0.0,4.0,128.0,32.0,32.0,0.06380567464977205
1.0,1.0,0.0,0.0,0.0,0.0,0.0,1.0,0.0,64.0,32.0,0.02950654032059863
1.0,1.0,0.0,0.0,0.0,0.0,0.0,2.0,0.0,64.0,32.0,0.027472077336901657
1.0,1.0,0.0,0.0,0.0,0.0,0.0,3.0,0.0,64.0,32.0,0.020699636800568022
1.0,1.0,0.0,0.0,0.0,0.0,0.0,4.0,0.0,64.0,32.0,0.022133318768945087
1.0,1.0,0.0,0.0,0.0,0.0,0.0,1.0,8.0,64.0,32.0,0.12640978726890417
1.0,1.0,0.0,0.0,0.0,0.0,0.0,2.0,8.0,64.0,32.0,0.12300991288675284
1.0,1.0,0.0,0.0,0.0,0.0,0.0,3.0,8.0,64.0,32.0,0.12731095879188403
1.0,1.0,0.0,0.0,0.0,0.0,0.0,4.0,8.0,64.0,32.0,0.11700210273355366
1.0,1.0,0.0,0.0,0.0,0.0,0.0,1.0,10.0,64.0,32.0,0.10767634288211042
1.0,1.0,0.0,0.0,0.0,0.0,0.0,2.0,10.0,64.0,32.0,0.10287009475955111
1.0,1.0,0.0,0.0,0.0,0.0,0.0,3.0,10.0,64.0,32.0,0.10938310713017835
1.0,1.0,0.0,0.0,0.0,0.0,0.0,4.0,10.0,64.0,32.0,0.10209181026243214
1.0,1.0,0.0,0.0,0.0,0.0,0.0,1.0,16.0,64.0,32.0,0.0822114203009367
1.0,1.0,0.0,0.0,0.0,0.0,0.0,2.0,16.0,64.0,32.0,0.07164313607690004
1.0,1.0,0.0,0.0,0.0,0.0,0.0,3.0,16.0,64.0,32.0,0.08689478139763518
1.0,1.0,0.0,0.0,0.0,0.0,0.0,4.0,16.0,64.0,32.0,0.07336355443895254
1.0,1.0,0.0,0.0,0.0,0.0,0.0,1.0,20.0,64.0,32.0,0.09201507414183902
1.0,1.0,0.0,0.0,0.0,0.0,0.0,2.0,20.0,64.0,32.0,0.06750593953958334
1.0,1.0,0.0,0.0,0.0,0.0,0.0,3.0,20.0,64.0,32.0,0.09116851907479734
1.0,1.0,0.0,0.0,0.0,0.0,0.0,4.0,20.0,64.0,32.0,0.07232584177612722
1.0,1.0,0.0,0.0,0.0,0.0,0.0,1.0,32.0,64.0,32.0,0.09282066686692708
1.0,1.0,0.0,0.0,0.0,0.0,0.0,2.0,32.0,64.0,32.0,0.05528550752341688
1.0,1.0,0.0,0.0,0.0,0.0,0.0,3.0,32.0,64.0,32.0,0.08181545099538501
1.0,1.0,0.0,0.0,0.0,0.0,0.0,4.0,32.0,64.0,32.0,0.060255605013790736
1.0,1.0,0.0,0.0,0.0,0.0,0.0,1.0,64.0,64.0,32.0,0.11032524099511187
1.0,1.0,0.0,0.0,0.0,0.0,0.0,2.0,64.0,64.0,32.0,0.05633687430022666
1.0,1.0,0.0,0.0,0.0,0.0,0.0,3.0,64.0,64.0,32.0,0.08791883994647592
1.0,1.0,0.0,0.0,0.0,0.0,0.0,4.0,64.0,64.0,32.0,0.05591359676670582
1.0,1.0,0.0,0.0,0.0,0.0,0.0,1.0,128.0,64.0,32.0,0.07490646931920592
1.0,1.0,0.0,0.0,0.0,0.0,0.0,2.0,128.0,64.0,32.0,0.057265354051175665
1.0,1.0,0.0,0.0,0.0,0.0,0.0,3.0,128.0,64.0,32.0,0.07273546519566354
1.0,1.0,0.0,0.0,0.0,0.0,0.0,4.0,128.0,64.0,32.0,0.06016002621589889
1.0,1.0,0.0,0.0,0.0,0.0,0.0,1.0,0.0,128.0,32.0,0.15337666238837772
1.0,1.0,0.0,0.0,0.0,0.0,0.0,2.0,0.0,128.0,32.0,0.15332204593243953
1.0,1.0,0.0,0.0,0.0,0.0,0.0,3.0,0.0,128.0,32.0,0.1398044730877414
1.0,1.0,0.0,0.0,0.0,0.0,0.0,4.0,0.0,128.0,32.0,0.1405281411289222
1.0,1.0,0.0,0.0,0.0,0.0,0.0,1.0,8.0,128.0,32.0,0.09720363745596555
1.0,1.0,0.0,0.0,0.0,0.0,0.0,2.0,8.0,128.0,32.0,0.09387203364373692
1.0,1.0,0.0,0.0,0.0,0.0,0.0,3.0,8.0,128.0,32.0,0.099852535568967
1.0,1.0,0.0,0.0,0.0,0.0,0.0,4.0,8.0,128.0,32.0,0.1018323820967258
1.0,1.0,0.0,0.0,0.0,0.0,0.0,1.0,10.0,128.0,32.0,0.08810999754225957
1.0,1.0,0.0,0.0,0.0,0.0,0.0,2.0,10.0,128.0,32.0,0.08400010923291196
1.0,1.0,0.0,0.0,0.0,0.0,0.0,3.0,10.0,128.0,32.0,0.09140063901253453
1.0,1.0,0.0,0.0,0.0,0.0,0.0,4.0,10.0,128.0,32.0,0.09586553428548023
1.0,1.0,0.0,0.0,0.0,0.0,0.0,1.0,16.0,128.0,32.0,0.08121466998006505
1.0,1.0,0.0,0.0,0.0,0.0,0.0,2.0,16.0,128.0,32.0,0.07112427974548735
1.0,1.0,0.0,0.0,0.0,0.0,0.0,3.0,16.0,128.0,32.0,0.08610284278653163
1.0,1.0,0.0,0.0,0.0,0.0,0.0,4.0,16.0,128.0,32.0,0.07811518610557361
1.0,1.0,0.0,0.0,0.0,0.0,0.0,1.0,20.0,128.0,32.0,0.09620688713509384
1.0,1.0,0.0,0.0,0.0,0.0,0.0,2.0,20.0,128.0,32.0,0.07081023512384282
1.0,1.0,0.0,0.0,0.0,0.0,0.0,3.0,20.0,128.0,32.0,0.09224719407957621
1.0,1.0,0.0,0.0,0.0,0.0,0.0,4.0,20.0,128.0,32.0,0.07848384718315637
1.0,1.0,0.0,0.0,0.0,0.0,0.0,1.0,32.0,128.0,32.0,0.10856386029110576
1.0,1.0,0.0,0.0,0.0,0.0,0.0,2.0,32.0,128.0,32.0,0.06872115568420772
1.0,1.0,0.0,0.0,0.0,0.0,0.0,3.0,32.0,128.0,32.0,0.09504628744640764
1.0,1.0,0.0,0.0,0.0,0.0,0.0,4.0,32.0,128.0,32.0,0.07644938419945935
1.0,1.0,0.0,0.0,0.0,0.0,0.0,1.0,64.0,128.0,32.0,0.12377454326988724
1.0,1.0,0.0,0.0,0.0,0.0,0.0,2.0,64.0,128.0,32.0,0.06676861738441797
1.0,1.0,0.0,0.0,0.0,0.0,0.0,3.0,64.0,128.0,32.0,0.09964772385919884
1.0,1.0,0.0,0.0,0.0,0.0,0.0,4.0,64.0,128.0,32.0,0.06812037466888776
1.0,1.0,0.0,0.0,0.0,0.0,0.0,1.0,128.0,128.0,32.0,0.09549687320789757
1.0,1.0,0.0,0.0,0.0,0.0,0.0,2.0,128.0,128.0,32.0,0.06648188099074254
1.0,1.0,0.0,0.0,0.0,0.0,0.0,3.0,128.0,128.0,32.0,0.0857205275949644
1.0,1.0,0.0,0.0,0.0,0.0,0.0,4.0,128.0,128.0,32.0,0.06817499112482595
1.0,1.0,0.0,0.0,0.0,0.0,0.0,1.0,0.0,0.0,64.0,0.20306398317813162
1.0,1.0,0.0,0.0,0.0,0.0,0.0,2.0,0.0,0.0,64.0,0.20403342527103424
1.0,1.0,0.0,0.0,0.0,0.0,0.0,3.0,0.0,0.0,64.0,0.19379283978262657
1.0,1.0,0.0,0.0,0.0,0.0,0.0,4.0,0.0,0.0,64.0,0.19402495972036377
1.0,1.0,0.0,0.0,0.0,0.0,0.0,1.0,8.0,0.0,64.0,0.24920123433190428
1.0,1.0,0.0,0.0,0.0,0.0,0.0,2.0,8.0,0.0,64.0,0.24513230836451022
1.0,1.0,0.0,0.0,0.0,0.0,0.0,3.0,8.0,0.0,64.0,0.2515087795952922
1.0,1.0,0.0,0.0,0.0,0.0,0.0,4.0,8.0,0.0,64.0,0.2542532565061854
1.0,1.0,0.0,0.0,0.0,0.0,0.0,1.0,10.0,0.0,64.0,0.21755099811573225
1.0,1.0,0.0,0.0,0.0,0.0,0.0,2.0,10.0,0.0,64.0,0.21509325759851444
1.0,1.0,0.0,0.0,0.0,0.0,0.0,3.0,10.0,0.0,64.0,0.2221797427564926
1.0,1.0,0.0,0.0,0.0,0.0,0.0,4.0,10.0,0.0,64.0,0.23061798519894056
1.0,1.0,0.0,0.0,0.0,0.0,0.0,1.0,16.0,0.0,64.0,0.1607225757120621
1.0,1.0,0.0,0.0,0.0,0.0,0.0,2.0,16.0,0.0,64.0,0.1494988940167673
1.0,1.0,0.0,0.0,0.0,0.0,0.0,3.0,16.0,0.0,64.0,0.16027198995057218
1.0,1.0,0.0,0.0,0.0,0.0,0.0,4.0,16.0,0.0,64.0,0.1608181545099539
1.0,1.0,0.0,0.0,0.0,0.0,0.0,1.0,20.0,0.0,64.0,0.1470411534995495
1.0,1.0,0.0,0.0,0.0,0.0,0.0,2.0,20.0,0.0,64.0,0.12899041481198292
1.0,1.0,0.0,0.0,0.0,0.0,0.0,3.0,20.0,0.0,64.0,0.14279472405035643
1.0,1.0,0.0,0.0,0.0,0.0,0.0,4.0,20.0,0.0,64.0,0.13875310631093157
1.0,1.0,0.0,0.0,0.0,0.0,0.0,1.0,32.0,0.0,64.0,0.1303421720964527
1.0,1.0,0.0,0.0,0.0,0.0,0.0,2.0,32.0,0.0,64.0,0.10573745869630524
1.0,1.0,0.0,0.0,0.0,0.0,0.0,3.0,32.0,0.0,64.0,0.11915945274311157
1.0,1.0,0.0,0.0,0.0,0.0,0.0,4.0,32.0,0.0,64.0,0.10819519921352311
1.0,1.0,0.0,0.0,0.0,0.0,0.0,1.0,64.0,0.0,64.0,0.17660231027608625
1.0,1.0,0.0,0.0,0.0,0.0,0.0,2.0,64.0,0.0,64.0,0.2213878041453891
1.0,1.0,0.0,0.0,0.0,0.0,0.0,3.0,64.0,0.0,64.0,0.14256260411261917
1.0,1.0,0.0,0.0,0.0,0.0,0.0,4.0,64.0,0.0,64.0,0.21925776236380018
1.0,1.0,0.0,0.0,0.0,0.0,0.0,1.0,128.0,0.0,64.0,0.23079548868073957
1.0,1.0,0.0,0.0,0.0,0.0,0.0,2.0,128.0,0.0,64.0,0.2617493650836999
1.0,1.0,0.0,0.0,0.0,0.0,0.0,3.0,128.0,0.0,64.0,0.23582020262705156
1.0,1.0,0.0,0.0,0.0,0.0,0.0,4.0,128.0,0.0,64.0,0.2797727955432973
1.0,1.0,0.0,0.0,0.0,0.0,0.0,1.0,0.0,8.0,64.0,0.03748054288757208
1.0,1.0,0.0,0.0,0.0,0.0,0.0,2.0,0.0,8.0,64.0,0.03723476883585031
1.0,1.0,0.0,0.0,0.0,0.0,0.0,3.0,0.0,8.0,64.0,0.04550916191048371
1.0,1.0,0.0,0.0,0.0,0.0,0.0,4.0,0.0,8.0,64.0,0.04585051476009727
1.0,1.0,0.0,0.0,0.0,0.0,0.0,1.0,8.0,8.0,64.0,0.6554793959419973
1.0,1.0,0.0,0.0,0.0,0.0,0.0,2.0,8.0,8.0,64.0,0.6578279035473389
1.0,1.0,0.0,0.0,0.0,0.0,0.0,3.0,8.0,8.0,64.0,0.6598760206450203
1.0,1.0,0.0,0.0,0.0,0.0,0.0,4.0,8.0,8.0,64.0,0.6476419345148694
1.0,1.0,0.0,0.0,0.0,0.0,0.0,1.0,10.0,8.0,64.0,0.5346951036347254
1.0,1.0,0.0,0.0,0.0,0.0,0.0,2.0,10.0,8.0,64.0,0.5375078511155411
1.0,1.0,0.0,0.0,0.0,0.0,0.0,3.0,10.0,8.0,64.0,0.5449766514650864
1.0,1.0,0.0,0.0,0.0,0.0,0.0,4.0,10.0,8.0,64.0,0.5240312406127967
1.0,1.0,0.0,0.0,0.0,0.0,0.0,1.0,16.0,8.0,64.0,0.3584341462082526
1.0,1.0,0.0,0.0,0.0,0.0,0.0,2.0,16.0,8.0,64.0,0.36877031049455206
1.0,1.0,0.0,0.0,0.0,0.0,0.0,3.0,16.0,8.0,64.0,0.37047707474262
1.0,1.0,0.0,0.0,0.0,0.0,0.0,4.0,16.0,8.0,64.0,0.36031841393811964
1.0,1.0,0.0,0.0,0.0,0.0,0.0,1.0,20.0,8.0,64.0,0.3211447609164642
1.0,1.0,0.0,0.0,0.0,0.0,0.0,2.0,20.0,8.0,64.0,0.31378519347879524
1.0,1.0,0.0,0.0,0.0,0.0,0.0,3.0,20.0,8.0,64.0,0.3321636309019909
1.0,1.0,0.0,0.0,0.0,0.0,0.0,4.0,20.0,8.0,64.0,0.3119965045468201
1.0,1.0,0.0,0.0,0.0,0.0,0.0,1.0,32.0,8.0,64.0,0.2470029219803928
1.0,1.0,0.0,0.0,0.0,0.0,0.0,2.0,32.0,8.0,64.0,0.2331030339441275
1.0,1.0,0.0,0.0,0.0,0.0,0.0,3.0,32.0,8.0,64.0,0.24474999317294316
1.0,1.0,0.0,0.0,0.0,0.0,0.0,4.0,32.0,8.0,64.0,0.2378546656107487
1.0,1.0,0.0,0.0,0.0,0.0,0.0,1.0,64.0,8.0,64.0,0.16464130642562608
1.0,1.0,0.0,0.0,0.0,0.0,0.0,2.0,64.0,8.0,64.0,0.1457849750129715
1.0,1.0,0.0,0.0,0.0,0.0,0.0,3.0,64.0,8.0,64.0,0.17344820994565674
1.0,1.0,0.0,0.0,0.0,0.0,0.0,4.0,64.0,8.0,64.0,0.16092738742183027
1.0,1.0,0.0,0.0,0.0,0.0,0.0,1.0,128.0,8.0,64.0,0.10318413938119564
1.0,1.0,0.0,0.0,0.0,0.0,0.0,2.0,128.0,8.0,64.0,0.09178295420410176
1.0,1.0,0.0,0.0,0.0,0.0,0.0,3.0,128.0,8.0,64.0,0.09942925803544617
1.0,1.0,0.0,0.0,0.0,0.0,0.0,4.0,128.0,8.0,64.0,0.0953193697260985
1.0,1.0,0.0,0.0,0.0,0.0,0.0,1.0,0.0,10.0,64.0,0.056992271771484804
1.0,1.0,0.0,0.0,0.0,0.0,0.0,2.0,0.0,10.0,64.0,0.05641879898413399
1.0,1.0,0.0,0.0,0.0,0.0,0.0,3.0,0.0,10.0,64.0,0.06289084901280756
1.0,1.0,0.0,0.0,0.0,0.0,0.0,4.0,0.0,10.0,64.0,0.06339605123023573
1.0,1.0,0.0,0.0,0.0,0.0,0.0,1.0,8.0,10.0,64.0,0.5547666511920044
1.0,1.0,0.0,0.0,0.0,0.0,0.0,2.0,8.0,10.0,64.0,0.5565689942379641
1.0,1.0,0.0,0.0,0.0,0.0,0.0,3.0,8.0,10.0,64.0,0.5779103743958056
1.0,1.0,0.0,0.0,0.0,0.0,0.0,4.0,8.0,10.0,64.0,0.5459460935579892
1.0,1.0,0.0,0.0,0.0,0.0,0.0,1.0,10.0,10.0,64.0,0.456061061197739
1.0,1.0,0.0,0.0,0.0,0.0,0.0,2.0,10.0,10.0,64.0,0.46142712799366464
1.0,1.0,0.0,0.0,0.0,0.0,0.0,3.0,10.0,10.0,64.0,0.4759004888172808
1.0,1.0,0.0,0.0,0.0,0.0,0.0,4.0,10.0,10.0,64.0,0.452470029219804
1.0,1.0,0.0,0.0,0.0,0.0,0.0,1.0,16.0,10.0,64.0,0.3226740216827331
1.0,1.0,0.0,0.0,0.0,0.0,0.0,2.0,16.0,10.0,64.0,0.32211420300936683
1.0,1.0,0.0,0.0,0.0,0.0,0.0,3.0,16.0,10.0,64.0,0.34102515087795954
1.0,1.0,0.0,0.0,0.0,0.0,0.0,4.0,16.0,10.0,64.0,0.3167344820994567
1.0,1.0,0.0,0.0,0.0,0.0,0.0,1.0,20.0,10.0,64.0,0.29750948960921936
1.0,1.0,0.0,0.0,0.0,0.0,0.0,2.0,20.0,10.0,64.0,0.28343209809115494
1.0,1.0,0.0,0.0,0.0,0.0,0.0,3.0,20.0,10.0,64.0,0.30903356181217406
1.0,1.0,0.0,0.0,0.0,0.0,0.0,4.0,20.0,10.0,64.0,0.28128840219558154
1.0,1.0,0.0,0.0,0.0,0.0,0.0,1.0,32.0,10.0,64.0,0.24175974221032798
1.0,1.0,0.0,0.0,0.0,0.0,0.0,2.0,32.0,10.0,64.0,0.2153526857642209
1.0,1.0,0.0,0.0,0.0,0.0,0.0,3.0,32.0,10.0,64.0,0.23898795707146564
1.0,1.0,0.0,0.0,0.0,0.0,0.0,4.0,32.0,10.0,64.0,0.21950353641552206
1.0,1.0,0.0,0.0,0.0,0.0,0.0,1.0,64.0,10.0,64.0,0.17957890712471675
1.0,1.0,0.0,0.0,0.0,0.0,0.0,2.0,64.0,10.0,64.0,0.15139681586061887
1.0,1.0,0.0,0.0,0.0,0.0,0.0,3.0,64.0,10.0,64.0,0.1817362571342746
1.0,1.0,0.0,0.0,0.0,0.0,0.0,4.0,64.0,10.0,64.0,0.16059968868620128
1.0,1.0,0.0,0.0,0.0,0.0,0.0,1.0,128.0,10.0,64.0,0.11793058248450267
1.0,1.0,0.0,0.0,0.0,0.0,0.0,2.0,128.0,10.0,64.0,0.10394876976433004
1.0,1.0,0.0,0.0,0.0,0.0,0.0,3.0,128.0,10.0,64.0,0.11644228406018742
1.0,1.0,0.0,0.0,0.0,0.0,0.0,4.0,128.0,10.0,64.0,0.1111717960621536
1.0,1.0,0.0,0.0,0.0,0.0,0.0,1.0,0.0,16.0,64.0,0.024959720363745663
1.0,1.0,0.0,0.0,0.0,0.0,0.0,2.0,0.0,16.0,64.0,0.023853737130997643
1.0,1.0,0.0,0.0,0.0,0.0,0.0,3.0,0.0,16.0,64.0,0.027472077336901657
1.0,1.0,0.0,0.0,0.0,0.0,0.0,4.0,0.0,16.0,64.0,0.027431114994948047
1.0,1.0,0.0,0.0,0.0,0.0,0.0,1.0,8.0,16.0,64.0,0.341134383789836
1.0,1.0,0.0,0.0,0.0,0.0,0.0,2.0,8.0,16.0,64.0,0.3517709385837953
1.0,1.0,0.0,0.0,0.0,0.0,0.0,3.0,8.0,16.0,64.0,0.35585351866517395
1.0,1.0,0.0,0.0,0.0,0.0,0.0,4.0,8.0,16.0,64.0,0.3386766432726181
1.0,1.0,0.0,0.0,0.0,0.0,0.0,1.0,10.0,16.0,64.0,0.285493869302821
1.0,1.0,0.0,0.0,0.0,0.0,0.0,2.0,10.0,16.0,64.0,0.28840219558152885
1.0,1.0,0.0,0.0,0.0,0.0,0.0,3.0,10.0,16.0,64.0,0.29727736967148216
1.0,1.0,0.0,0.0,0.0,0.0,0.0,4.0,10.0,16.0,64.0,0.28411480379038206
1.0,1.0,0.0,0.0,0.0,0.0,0.0,1.0,16.0,16.0,64.0,0.19671482017531888
1.0,1.0,0.0,0.0,0.0,0.0,0.0,2.0,16.0,16.0,64.0,0.1982440809415878
1.0,1.0,0.0,0.0,0.0,0.0,0.0,3.0,16.0,16.0,64.0,0.2086485157978099
1.0,1.0,0.0,0.0,0.0,0.0,0.0,4.0,16.0,16.0,64.0,0.19334225402113664
1.0,1.0,0.0,0.0,0.0,0.0,0.0,1.0,20.0,16.0,64.0,0.18714328627215387
1.0,1.0,0.0,0.0,0.0,0.0,0.0,2.0,20.0,16.0,64.0,0.17134547639203696
1.0,1.0,0.0,0.0,0.0,0.0,0.0,3.0,20.0,16.0,64.0,0.1930282093994921
1.0,1.0,0.0,0.0,0.0,0.0,0.0,4.0,20.0,16.0,64.0,0.17475900488817292
1.0,1.0,0.0,0.0,0.0,0.0,0.0,1.0,32.0,16.0,64.0,0.15464649498894018
1.0,1.0,0.0,0.0,0.0,0.0,0.0,2.0,32.0,16.0,64.0,0.1298642781069937
1.0,1.0,0.0,0.0,0.0,0.0,0.0,3.0,32.0,16.0,64.0,0.15007236680411812
1.0,1.0,0.0,0.0,0.0,0.0,0.0,4.0,32.0,16.0,64.0,0.13477975914142937
1.0,1.0,0.0,0.0,0.0,0.0,0.0,1.0,64.0,16.0,64.0,0.12604112619132146
1.0,1.0,0.0,0.0,0.0,0.0,0.0,2.0,64.0,16.0,64.0,0.09559245200578936
1.0,1.0,0.0,0.0,0.0,0.0,0.0,3.0,64.0,16.0,64.0,0.12093448756110226
1.0,1.0,0.0,0.0,0.0,0.0,0.0,4.0,64.0,16.0,64.0,0.10323875583713377
1.0,1.0,0.0,0.0,0.0,0.0,0.0,1.0,128.0,16.0,64.0,0.0860482263305935
1.0,1.0,0.0,0.0,0.0,0.0,0.0,2.0,128.0,16.0,64.0,0.07031868702039928
1.0,1.0,0.0,0.0,0.0,0.0,0.0,3.0,128.0,16.0,64.0,0.08293508834211755
1.0,1.0,0.0,0.0,0.0,0.0,0.0,4.0,128.0,16.0,64.0,0.07554821267647949
1.0,1.0,0.0,0.0,0.0,0.0,0.0,1.0,0.0,20.0,64.0,0.018883639640623784
1.0,1.0,0.0,0.0,0.0,0.0,0.0,2.0,0.0,20.0,64.0,0.018487670335071982
1.0,1.0,0.0,0.0,0.0,0.0,0.0,3.0,0.0,20.0,64.0,0.021682733007455213
1.0,1.0,0.0,0.0,0.0,0.0,0.0,4.0,0.0,20.0,64.0,0.022338130478713247
1.0,1.0,0.0,0.0,0.0,0.0,0.0,1.0,8.0,20.0,64.0,0.2875966028564407
1.0,1.0,0.0,0.0,0.0,0.0,0.0,2.0,8.0,20.0,64.0,0.28440154018405756
1.0,1.0,0.0,0.0,0.0,0.0,0.0,3.0,8.0,20.0,64.0,0.2996668396187772
1.0,1.0,0.0,0.0,0.0,0.0,0.0,4.0,8.0,20.0,64.0,0.28268112182200505
1.0,1.0,0.0,0.0,0.0,0.0,0.0,1.0,10.0,20.0,64.0,0.24042163903984276
1.0,1.0,0.0,0.0,0.0,0.0,0.0,2.0,10.0,20.0,64.0,0.2353423086375926
1.0,1.0,0.0,0.0,0.0,0.0,0.0,3.0,10.0,20.0,64.0,0.2470029219803928
1.0,1.0,0.0,0.0,0.0,0.0,0.0,4.0,10.0,20.0,64.0,0.2321745541931785
1.0,1.0,0.0,0.0,0.0,0.0,0.0,1.0,16.0,20.0,64.0,0.16787733143996292
1.0,1.0,0.0,0.0,0.0,0.0,0.0,2.0,16.0,20.0,64.0,0.16394494661241438
1.0,1.0,0.0,0.0,0.0,0.0,0.0,3.0,16.0,20.0,64.0,0.17753079002703526
1.0,1.0,0.0,0.0,0.0,0.0,0.0,4.0,16.0,20.0,64.0,0.16470957699554883
1.0,1.0,0.0,0.0,0.0,0.0,0.0,1.0,20.0,20.0,64.0,0.1633305114831099
1.0,1.0,0.0,0.0,0.0,0.0,0.0,2.0,20.0,20.0,64.0,0.145320735137497
1.0,1.0,0.0,0.0,0.0,0.0,0.0,3.0,20.0,20.0,64.0,0.16636172478767858
1.0,1.0,0.0,0.0,0.0,0.0,0.0,4.0,20.0,20.0,64.0,0.14792867090854478
1.0,1.0,0.0,0.0,0.0,0.0,0.0,1.0,32.0,20.0,64.0,0.13852098637319427
1.0,1.0,0.0,0.0,0.0,0.0,0.0,2.0,32.0,20.0,64.0,0.10905540839454936
1.0,1.0,0.0,0.0,0.0,0.0,0.0,3.0,32.0,20.0,64.0,0.1323220186242115
1.0,1.0,0.0,0.0,0.0,0.0,0.0,4.0,32.0,20.0,64.0,0.11634670526229557
1.0,1.0,0.0,0.0,0.0,0.0,0.0,1.0,64.0,20.0,64.0,0.12067505939539591
1.0,1.0,0.0,0.0,0.0,0.0,0.0,2.0,64.0,20.0,64.0,0.08364510226931376
1.0,1.0,0.0,0.0,0.0,0.0,0.0,3.0,64.0,20.0,64.0,0.11037985745105006
1.0,1.0,0.0,0.0,0.0,0.0,0.0,4.0,64.0,20.0,64.0,0.09100466970698273
1.0,1.0,0.0,0.0,0.0,0.0,0.0,1.0,128.0,20.0,64.0,0.08137851934787954
1.0,1.0,0.0,0.0,0.0,0.0,0.0,2.0,128.0,20.0,64.0,0.06646822687675802
1.0,1.0,0.0,0.0,0.0,0.0,0.0,3.0,128.0,20.0,64.0,0.07811518610557361
1.0,1.0,0.0,0.0,0.0,0.0,0.0,4.0,128.0,20.0,64.0,0.06949944018132664
1.0,1.0,0.0,0.0,0.0,0.0,0.0,1.0,0.0,32.0,64.0,0.010554630110052199
1.0,1.0,0.0,0.0,0.0,0.0,0.0,2.0,0.0,32.0,64.0,0.010609246565990382
1.0,1.0,0.0,0.0,0.0,0.0,0.0,3.0,0.0,32.0,64.0,0.016384936781452253
1.0,1.0,0.0,0.0,0.0,0.0,0.0,4.0,0.0,32.0,64.0,0.013189874109069077
1.0,1.0,0.0,0.0,0.0,0.0,0.0,1.0,8.0,32.0,64.0,0.197220022392747
1.0,1.0,0.0,0.0,0.0,0.0,0.0,2.0,8.0,32.0,64.0,0.1971244435948552
1.0,1.0,0.0,0.0,0.0,0.0,0.0,3.0,8.0,32.0,64.0,0.20036046860919204
1.0,1.0,0.0,0.0,0.0,0.0,0.0,4.0,8.0,32.0,64.0,0.19007892077883065
1.0,1.0,0.0,0.0,0.0,0.0,0.0,1.0,10.0,32.0,64.0,0.1672355880826894
1.0,1.0,0.0,0.0,0.0,0.0,0.0,2.0,10.0,32.0,64.0,0.1647232311095334
1.0,1.0,0.0,0.0,0.0,0.0,0.0,3.0,10.0,32.0,64.0,0.17092219885851617
1.0,1.0,0.0,0.0,0.0,0.0,0.0,4.0,10.0,32.0,64.0,0.16236106939020728
1.0,1.0,0.0,0.0,0.0,0.0,0.0,1.0,16.0,32.0,64.0,0.1208389087632104
1.0,1.0,0.0,0.0,0.0,0.0,0.0,2.0,16.0,32.0,64.0,0.1137524236052323
1.0,1.0,0.0,0.0,0.0,0.0,0.0,3.0,16.0,32.0,64.0,0.12703787651219317
1.0,1.0,0.0,0.0,0.0,0.0,0.0,4.0,16.0,32.0,64.0,0.11534995494142392
1.0,1.0,0.0,0.0,0.0,0.0,0.0,1.0,20.0,32.0,64.0,0.12422512903137722
1.0,1.0,0.0,0.0,0.0,0.0,0.0,2.0,20.0,32.0,64.0,0.10134083399328225
1.0,1.0,0.0,0.0,0.0,0.0,0.0,3.0,20.0,32.0,64.0,0.1250307217564653
1.0,1.0,0.0,0.0,0.0,0.0,0.0,4.0,20.0,32.0,64.0,0.10799038750375495
1.0,1.0,0.0,0.0,0.0,0.0,0.0,1.0,32.0,32.0,64.0,0.11364319069335599
1.0,1.0,0.0,0.0,0.0,0.0,0.0,2.0,32.0,32.0,64.0,0.07859308009503269
1.0,1.0,0.0,0.0,0.0,0.0,0.0,3.0,32.0,32.0,64.0,0.10445397198175815
1.0,1.0,0.0,0.0,0.0,0.0,0.0,4.0,32.0,32.0,64.0,0.08528359594745899
1.0,1.0,0.0,0.0,0.0,0.0,0.0,1.0,64.0,32.0,64.0,0.11376607771921687
1.0,1.0,0.0,0.0,0.0,0.0,0.0,2.0,64.0,32.0,64.0,0.07004560474070842
1.0,1.0,0.0,0.0,0.0,0.0,0.0,3.0,64.0,32.0,64.0,0.09611130833720205
1.0,1.0,0.0,0.0,0.0,0.0,0.0,4.0,64.0,32.0,64.0,0.07287200633550894
1.0,1.0,0.0,0.0,0.0,0.0,0.0,1.0,128.0,32.0,64.0,0.075561866790464
1.0,1.0,0.0,0.0,0.0,0.0,0.0,2.0,128.0,32.0,64.0,0.061621016412245044
1.0,1.0,0.0,0.0,0.0,0.0,0.0,3.0,128.0,32.0,64.0,0.0742647259619324
1.0,1.0,0.0,0.0,0.0,0.0,0.0,4.0,128.0,32.0,64.0,0.06756055599552152
1.0,1.0,0.0,0.0,0.0,0.0,0.0,1.0,0.0,64.0,64.0,0.023321226685600438
1.0,1.0,0.0,0.0,0.0,0.0,0.0,2.0,0.0,64.0,64.0,0.023348534913569474
1.0,1.0,0.0,0.0,0.0,0.0,0.0,3.0,0.0,64.0,64.0,0.017436303558262145
1.0,1.0,0.0,0.0,0.0,0.0,0.0,4.0,0.0,64.0,64.0,0.016644364947158596
1.0,1.0,0.0,0.0,0.0,0.0,0.0,1.0,8.0,64.0,64.0,0.13364646768071226
1.0,1.0,0.0,0.0,0.0,0.0,0.0,2.0,8.0,64.0,64.0,0.1308337201998963
1.0,1.0,0.0,0.0,0.0,0.0,0.0,3.0,8.0,64.0,64.0,0.1351347661050275
1.0,1.0,0.0,0.0,0.0,0.0,0.0,4.0,8.0,64.0,64.0,0.1381796335235807
1.0,1.0,0.0,0.0,0.0,0.0,0.0,1.0,10.0,64.0,64.0,0.11700210273355366
1.0,1.0,0.0,0.0,0.0,0.0,0.0,2.0,10.0,64.0,64.0,0.11184084764739621
1.0,1.0,0.0,0.0,0.0,0.0,0.0,3.0,10.0,64.0,64.0,0.11988312078429236
1.0,1.0,0.0,0.0,0.0,0.0,0.0,4.0,10.0,64.0,64.0,0.12466206067888258
1.0,1.0,0.0,0.0,0.0,0.0,0.0,1.0,16.0,64.0,64.0,0.09874655233621898
1.0,1.0,0.0,0.0,0.0,0.0,0.0,2.0,16.0,64.0,64.0,0.08727709658920241
1.0,1.0,0.0,0.0,0.0,0.0,0.0,3.0,16.0,64.0,64.0,0.1028564406455666
1.0,1.0,0.0,0.0,0.0,0.0,0.0,4.0,16.0,64.0,64.0,0.09376280073186061
1.0,1.0,0.0,0.0,0.0,0.0,0.0,1.0,20.0,64.0,64.0,0.10965618940986921
1.0,1.0,0.0,0.0,0.0,0.0,0.0,2.0,20.0,64.0,64.0,0.08323547884977744
1.0,1.0,0.0,0.0,0.0,0.0,0.0,3.0,20.0,64.0,64.0,0.10513667768098534
1.0,1.0,0.0,0.0,0.0,0.0,0.0,4.0,20.0,64.0,64.0,0.08880635735547127
1.0,1.0,0.0,0.0,0.0,0.0,0.0,1.0,32.0,64.0,64.0,0.11276932739834516
1.0,1.0,0.0,0.0,0.0,0.0,0.0,2.0,32.0,64.0,64.0,0.07289931456347803
1.0,1.0,0.0,0.0,0.0,0.0,0.0,3.0,32.0,64.0,64.0,0.09981157322701334
1.0,1.0,0.0,0.0,0.0,0.0,0.0,4.0,32.0,64.0,64.0,0.07844288484120271
1.0,1.0,0.0,0.0,0.0,0.0,0.0,1.0,64.0,64.0,64.0,0.12006062426609143
1.0,1.0,0.0,0.0,0.0,0.0,0.0,2.0,64.0,64.0,64.0,0.06387394521969475
1.0,1.0,0.0,0.0,0.0,0.0,0.0,3.0,64.0,64.0,64.0,0.09601572953931026
1.0,1.0,0.0,0.0,0.0,0.0,0.0,4.0,64.0,64.0,64.0,0.06436549332313829
1.0,1.0,0.0,0.0,0.0,0.0,0.0,1.0,128.0,64.0,64.0,0.07157486550697734
1.0,1.0,0.0,0.0,0.0,0.0,0.0,2.0,128.0,64.0,64.0,0.05363335973128708
1.0,1.0,0.0,0.0,0.0,0.0,0.0,3.0,128.0,64.0,64.0,0.06877577214014591
1.0,1.0,0.0,0.0,0.0,0.0,0.0,4.0,128.0,64.0,64.0,0.05622764138835035
1.0,1.0,0.0,0.0,0.0,0.0,0.0,1.0,0.0,128.0,64.0,0.1519839427619542
1.0,1.0,0.0,0.0,0.0,0.0,0.0,2.0,0.0,128.0,64.0,0.1525710696632896
1.0,1.0,0.0,0.0,0.0,0.0,0.0,3.0,0.0,128.0,64.0,0.1377836642180289
1.0,1.0,0.0,0.0,0.0,0.0,0.0,4.0,0.0,128.0,64.0,0.13921734618640602
1.0,1.0,0.0,0.0,0.0,0.0,0.0,1.0,8.0,128.0,64.0,0.18087604795324835
1.0,1.0,0.0,0.0,0.0,0.0,0.0,2.0,8.0,128.0,64.0,0.1837297577760179
1.0,1.0,0.0,0.0,0.0,0.0,0.0,3.0,8.0,128.0,64.0,0.1856959501897923
1.0,1.0,0.0,0.0,0.0,0.0,0.0,4.0,8.0,128.0,64.0,0.20481170976815316
1.0,1.0,0.0,0.0,0.0,0.0,0.0,1.0,10.0,128.0,64.0,0.16556978617657508
1.0,1.0,0.0,0.0,0.0,0.0,0.0,2.0,10.0,128.0,64.0,0.16457303585570343
1.0,1.0,0.0,0.0,0.0,0.0,0.0,3.0,10.0,128.0,64.0,0.1704443048690571
1.0,1.0,0.0,0.0,0.0,0.0,0.0,4.0,10.0,128.0,64.0,0.18648788880089578
1.0,1.0,0.0,0.0,0.0,0.0,0.0,1.0,16.0,128.0,64.0,0.1387121439689779
1.0,1.0,0.0,0.0,0.0,0.0,0.0,2.0,16.0,128.0,64.0,0.12496245118654259
1.0,1.0,0.0,0.0,0.0,0.0,0.0,3.0,16.0,128.0,64.0,0.1380840547256889
1.0,1.0,0.0,0.0,0.0,0.0,0.0,4.0,16.0,128.0,64.0,0.13439744394986214
1.0,1.0,0.0,0.0,0.0,0.0,0.0,1.0,20.0,128.0,64.0,0.135298615472842
1.0,1.0,0.0,0.0,0.0,0.0,0.0,2.0,20.0,128.0,64.0,0.10728037357655867
1.0,1.0,0.0,0.0,0.0,0.0,0.0,3.0,20.0,128.0,64.0,0.12900406892596744
1.0,1.0,0.0,0.0,0.0,0.0,0.0,4.0,20.0,128.0,64.0,0.11814904830825534
1.0,1.0,0.0,0.0,0.0,0.0,0.0,1.0,32.0,128.0,64.0,0.12407493377754725
1.0,1.0,0.0,0.0,0.0,0.0,0.0,2.0,32.0,128.0,64.0,0.08319451650782389
1.0,1.0,0.0,0.0,0.0,0.0,0.0,3.0,32.0,128.0,64.0,0.11002485048745192
1.0,1.0,0.0,0.0,0.0,0.0,0.0,4.0,32.0,128.0,64.0,0.08984407001829653
1.0,1.0,0.0,0.0,0.0,0.0,0.0,1.0,64.0,128.0,64.0,0.12169911794423666
1.0,1.0,0.0,0.0,0.0,0.0,0.0,2.0,64.0,128.0,64.0,0.06388759933367927
1.0,1.0,0.0,0.0,0.0,0.0,0.0,3.0,64.0,128.0,64.0,0.09794095961113092
1.0,1.0,0.0,0.0,0.0,0.0,0.0,4.0,64.0,128.0,64.0,0.06551243889783998
1.0,1.0,0.0,0.0,0.0,0.0,0.0,1.0,128.0,128.0,64.0,0.09200142002785444
1.0,1.0,0.0,0.0,0.0,0.0,0.0,2.0,128.0,128.0,64.0,0.06111581419481693
1.0,1.0,0.0,0.0,0.0,0.0,0.0,3.0,128.0,128.0,64.0,0.08043638548294602
1.0,1.0,0.0,0.0,0.0,0.0,0.0,4.0,128.0,128.0,64.0,0.06256315027717857
1.0,1.0,0.0,0.0,0.0,0.0,0.0,1.0,0.0,0.0,128.0,0.20343264425571433
1.0,1.0,0.0,0.0,0.0,0.0,0.0,2.0,0.0,0.0,128.0,0.20306398317813162
1.0,1.0,0.0,0.0,0.0,0.0,0.0,3.0,0.0,0.0,128.0,0.19398399737841016
1.0,1.0,0.0,0.0,0.0,0.0,0.0,4.0,0.0,0.0,128.0,0.19394303503645655
1.0,1.0,0.0,0.0,0.0,0.0,0.0,1.0,8.0,0.0,128.0,0.25134493022747756
1.0,1.0,0.0,0.0,0.0,0.0,0.0,2.0,8.0,0.0,128.0,0.23982085802452285
1.0,1.0,0.0,0.0,0.0,0.0,0.0,3.0,8.0,0.0,128.0,0.25176820776099845
1.0,1.0,0.0,0.0,0.0,0.0,0.0,4.0,8.0,0.0,128.0,0.24910565553401248
1.0,1.0,0.0,0.0,0.0,0.0,0.0,1.0,10.0,0.0,128.0,0.218192741473006
1.0,1.0,0.0,0.0,0.0,0.0,0.0,2.0,10.0,0.0,128.0,0.2104235506158006
1.0,1.0,0.0,0.0,0.0,0.0,0.0,3.0,10.0,0.0,128.0,0.2193943035036457
1.0,1.0,0.0,0.0,0.0,0.0,0.0,4.0,10.0,0.0,128.0,0.2263715557497475
1.0,1.0,0.0,0.0,0.0,0.0,0.0,1.0,16.0,0.0,128.0,0.15935716431360775
1.0,1.0,0.0,0.0,0.0,0.0,0.0,2.0,16.0,0.0,128.0,0.145320735137497
1.0,1.0,0.0,0.0,0.0,0.0,0.0,3.0,16.0,0.0,128.0,0.15810098582702975
1.0,1.0,0.0,0.0,0.0,0.0,0.0,4.0,16.0,0.0,128.0,0.1568721155684208
1.0,1.0,0.0,0.0,0.0,0.0,0.0,1.0,20.0,0.0,128.0,0.14487014937600706
1.0,1.0,0.0,0.0,0.0,0.0,0.0,2.0,20.0,0.0,128.0,0.12593189327944515
1.0,1.0,0.0,0.0,0.0,0.0,0.0,3.0,20.0,0.0,128.0,0.14007755536743227
1.0,1.0,0.0,0.0,0.0,0.0,0.0,4.0,20.0,0.0,128.0,0.13345531008492867
1.0,1.0,0.0,0.0,0.0,0.0,0.0,1.0,32.0,0.0,128.0,0.1275157705016522
1.0,1.0,0.0,0.0,0.0,0.0,0.0,2.0,32.0,0.0,128.0,0.1023375843141539
1.0,1.0,0.0,0.0,0.0,0.0,0.0,3.0,32.0,0.0,128.0,0.11577323247494475
1.0,1.0,0.0,0.0,0.0,0.0,0.0,4.0,32.0,0.0,128.0,0.10407165679019098
1.0,1.0,0.0,0.0,0.0,0.0,0.0,1.0,64.0,0.0,128.0,0.17221933968704778
1.0,1.0,0.0,0.0,0.0,0.0,0.0,2.0,64.0,0.0,128.0,0.22081433135803824
1.0,1.0,0.0,0.0,0.0,0.0,0.0,3.0,64.0,0.0,128.0,0.13734673257052354
1.0,1.0,0.0,0.0,0.0,0.0,0.0,4.0,64.0,0.0,128.0,0.2174008028619024
1.0,1.0,0.0,0.0,0.0,0.0,0.0,1.0,128.0,0.0,128.0,0.22870640924110447
1.0,1.0,0.0,0.0,0.0,0.0,0.0,2.0,128.0,0.0,128.0,0.2638384445233349
1.0,1.0,0.0,0.0,0.0,0.0,0.0,3.0,128.0,0.0,128.0,0.23546519566345353
1.0,1.0,0.0,0.0,0.0,0.0,0.0,4.0,128.0,0.0,128.0,0.274515961659248
1.0,1.0,0.0,0.0,0.0,0.0,0.0,1.0,0.0,8.0,128.0,0.037630738141402
1.0,1.0,0.0,0.0,0.0,0.0,0.0,2.0,0.0,8.0,128.0,0.037357655861711137
1.0,1.0,0.0,0.0,0.0,0.0,0.0,3.0,0.0,8.0,128.0,0.04826729293536147
1.0,1.0,0.0,0.0,0.0,0.0,0.0,4.0,0.0,8.0,128.0,0.0463011005215872
1.0,1.0,0.0,0.0,0.0,0.0,0.0,1.0,8.0,8.0,128.0,0.6635626314208471
1.0,1.0,0.0,0.0,0.0,0.0,0.0,2.0,8.0,8.0,128.0,0.6671127010568285
1.0,1.0,0.0,0.0,0.0,0.0,0.0,3.0,8.0,8.0,128.0,0.6649690051612551
1.0,1.0,0.0,0.0,0.0,0.0,0.0,4.0,8.0,8.0,128.0,0.6533493541604087
1.0,1.0,0.0,0.0,0.0,0.0,0.0,1.0,10.0,8.0,128.0,0.5431196919631887
1.0,1.0,0.0,0.0,0.0,0.0,0.0,2.0,10.0,8.0,128.0,0.5453043502007155
1.0,1.0,0.0,0.0,0.0,0.0,0.0,3.0,10.0,8.0,128.0,0.5496327043338158
1.0,1.0,0.0,0.0,0.0,0.0,0.0,4.0,10.0,8.0,128.0,0.5310084928588985
1.0,1.0,0.0,0.0,0.0,0.0,0.0,1.0,16.0,8.0,128.0,0.36444195636145177
1.0,1.0,0.0,0.0,0.0,0.0,0.0,2.0,16.0,8.0,128.0,0.37528332286517946
1.0,1.0,0.0,0.0,0.0,0.0,0.0,3.0,16.0,8.0,128.0,0.3747508124197822
1.0,1.0,0.0,0.0,0.0,0.0,0.0,4.0,16.0,8.0,128.0,0.366531035801087
1.0,1.0,0.0,0.0,0.0,0.0,0.0,1.0,20.0,8.0,128.0,0.3269614134738797
1.0,1.0,0.0,0.0,0.0,0.0,0.0,2.0,20.0,8.0,128.0,0.31983396597394803
1.0,1.0,0.0,0.0,0.0,0.0,0.0,3.0,20.0,8.0,128.0,0.335836587563833
1.0,1.0,0.0,0.0,0.0,0.0,0.0,4.0,20.0,8.0,128.0,0.3160381222862449
1.0,1.0,0.0,0.0,0.0,0.0,0.0,1.0,32.0,8.0,128.0,0.25227340997842657
1.0,1.0,0.0,0.0,0.0,0.0,0.0,2.0,32.0,8.0,128.0,0.2369671482017533
1.0,1.0,0.0,0.0,0.0,0.0,0.0,3.0,32.0,8.0,128.0,0.24946066249761062
1.0,1.0,0.0,0.0,0.0,0.0,0.0,4.0,32.0,8.0,128.0,0.24260629727736965
1.0,1.0,0.0,0.0,0.0,0.0,0.0,1.0,64.0,8.0,128.0,0.18393456948578607
1.0,1.0,0.0,0.0,0.0,0.0,0.0,2.0,64.0,8.0,128.0,0.163835713700538
1.0,1.0,0.0,0.0,0.0,0.0,0.0,3.0,64.0,8.0,128.0,0.1832245555585899
1.0,1.0,0.0,0.0,0.0,0.0,0.0,4.0,64.0,8.0,128.0,0.17370763811136308
1.0,1.0,0.0,0.0,0.0,0.0,0.0,1.0,128.0,8.0,128.0,0.1363226740216828
1.0,1.0,0.0,0.0,0.0,0.0,0.0,2.0,128.0,8.0,128.0,0.12272317649307746
1.0,1.0,0.0,0.0,0.0,0.0,0.0,3.0,128.0,8.0,128.0,0.13211720691444334
1.0,1.0,0.0,0.0,0.0,0.0,0.0,4.0,128.0,8.0,128.0,0.12671017777656413
1.0,1.0,0.0,0.0,0.0,0.0,0.0,1.0,0.0,10.0,128.0,0.05553128157513865
1.0,1.0,0.0,0.0,0.0,0.0,0.0,2.0,0.0,10.0,128.0,0.05549031923318498
1.0,1.0,0.0,0.0,0.0,0.0,0.0,3.0,0.0,10.0,128.0,0.062235451541549525
1.0,1.0,0.0,0.0,0.0,0.0,0.0,4.0,0.0,10.0,128.0,0.06235833856741041
1.0,1.0,0.0,0.0,0.0,0.0,0.0,1.0,8.0,10.0,128.0,0.5611431224227861
1.0,1.0,0.0,0.0,0.0,0.0,0.0,2.0,8.0,10.0,128.0,0.5630410442666376
1.0,1.0,0.0,0.0,0.0,0.0,0.0,3.0,8.0,10.0,128.0,0.5834949070154838
1.0,1.0,0.0,0.0,0.0,0.0,0.0,4.0,8.0,10.0,128.0,0.551066386302193
1.0,1.0,0.0,0.0,0.0,0.0,0.0,1.0,10.0,10.0,128.0,0.4611267374860047
1.0,1.0,0.0,0.0,0.0,0.0,0.0,2.0,10.0,10.0,128.0,0.46750320871678647
1.0,1.0,0.0,0.0,0.0,0.0,0.0,3.0,10.0,10.0,128.0,0.4783309211065296
1.0,1.0,0.0,0.0,0.0,0.0,0.0,4.0,10.0,10.0,128.0,0.4577678254458069
1.0,1.0,0.0,0.0,0.0,0.0,0.0,1.0,16.0,10.0,128.0,0.3276168109451379
1.0,1.0,0.0,0.0,0.0,0.0,0.0,2.0,16.0,10.0,128.0,0.32646986537043626
1.0,1.0,0.0,0.0,0.0,0.0,0.0,3.0,16.0,10.0,128.0,0.3450394603894155
1.0,1.0,0.0,0.0,0.0,0.0,0.0,4.0,16.0,10.0,128.0,0.3206805210409897
1.0,1.0,0.0,0.0,0.0,0.0,0.0,1.0,20.0,10.0,128.0,0.3018241896283352
1.0,1.0,0.0,0.0,0.0,0.0,0.0,2.0,20.0,10.0,128.0,0.28677735601736803
1.0,1.0,0.0,0.0,0.0,0.0,0.0,3.0,20.0,10.0,128.0,0.31188727163494373
1.0,1.0,0.0,0.0,0.0,0.0,0.0,4.0,20.0,10.0,128.0,0.28658619842158456
1.0,1.0,0.0,0.0,0.0,0.0,0.0,1.0,32.0,10.0,128.0,0.24657964444687192
1.0,1.0,0.0,0.0,0.0,0.0,0.0,2.0,32.0,10.0,128.0,0.21888910128621758
1.0,1.0,0.0,0.0,0.0,0.0,0.0,3.0,32.0,10.0,128.0,0.24307053715284427
1.0,1.0,0.0,0.0,0.0,0.0,0.0,4.0,32.0,10.0,128.0,0.22452825036183405
1.0,1.0,0.0,0.0,0.0,0.0,0.0,1.0,64.0,10.0,128.0,0.2018214588055382
1.0,1.0,0.0,0.0,0.0,0.0,0.0,2.0,64.0,10.0,128.0,0.1694612086621699
1.0,1.0,0.0,0.0,0.0,0.0,0.0,3.0,64.0,10.0,128.0,0.19442092902591562
1.0,1.0,0.0,0.0,0.0,0.0,0.0,4.0,64.0,10.0,128.0,0.173557442857533
1.0,1.0,0.0,0.0,0.0,0.0,0.0,1.0,128.0,10.0,128.0,0.14683634178978133
1.0,1.0,0.0,0.0,0.0,0.0,0.0,2.0,128.0,10.0,128.0,0.1288402195581529
1.0,1.0,0.0,0.0,0.0,0.0,0.0,3.0,128.0,10.0,128.0,0.14274010759441824
1.0,1.0,0.0,0.0,0.0,0.0,0.0,4.0,128.0,10.0,128.0,0.13307299489336138
1.0,1.0,0.0,0.0,0.0,0.0,0.0,1.0,0.0,16.0,128.0,0.021860236489254226
1.0,1.0,0.0,0.0,0.0,0.0,0.0,2.0,0.0,16.0,128.0,0.02171004123542425
1.0,1.0,0.0,0.0,0.0,0.0,0.0,3.0,0.0,16.0,128.0,0.02597012479860189
1.0,1.0,0.0,0.0,0.0,0.0,0.0,4.0,0.0,16.0,128.0,0.026311477648215453
1.0,1.0,0.0,0.0,0.0,0.0,0.0,1.0,8.0,16.0,128.0,0.3440836724104975
1.0,1.0,0.0,0.0,0.0,0.0,0.0,2.0,8.0,16.0,128.0,0.3540102132772605
1.0,1.0,0.0,0.0,0.0,0.0,0.0,3.0,8.0,16.0,128.0,0.35761489936917995
1.0,1.0,0.0,0.0,0.0,0.0,0.0,4.0,8.0,16.0,128.0,0.3429094186078266
1.0,1.0,0.0,0.0,0.0,0.0,0.0,1.0,10.0,16.0,128.0,0.2882929626696525
1.0,1.0,0.0,0.0,0.0,0.0,0.0,2.0,10.0,16.0,128.0,0.2907916655288239
1.0,1.0,0.0,0.0,0.0,0.0,0.0,3.0,10.0,16.0,128.0,0.3007045522816025
1.0,1.0,0.0,0.0,0.0,0.0,0.0,4.0,10.0,16.0,128.0,0.2886616237472351
1.0,1.0,0.0,0.0,0.0,0.0,0.0,1.0,16.0,16.0,128.0,0.2001010404434857
1.0,1.0,0.0,0.0,0.0,0.0,0.0,2.0,16.0,16.0,128.0,0.19947295120019665
1.0,1.0,0.0,0.0,0.0,0.0,0.0,3.0,16.0,16.0,128.0,0.21166607498839413
1.0,1.0,0.0,0.0,0.0,0.0,0.0,4.0,16.0,16.0,128.0,0.1990360195526913
1.0,1.0,0.0,0.0,0.0,0.0,0.0,1.0,20.0,16.0,128.0,0.1914989486332232
1.0,1.0,0.0,0.0,0.0,0.0,0.0,2.0,20.0,16.0,128.0,0.17449957672246658
1.0,1.0,0.0,0.0,0.0,0.0,0.0,3.0,20.0,16.0,128.0,0.19668751194734985
1.0,1.0,0.0,0.0,0.0,0.0,0.0,4.0,20.0,16.0,128.0,0.18087604795324835
1.0,1.0,0.0,0.0,0.0,0.0,0.0,1.0,32.0,16.0,128.0,0.15978044184712864
1.0,1.0,0.0,0.0,0.0,0.0,0.0,2.0,32.0,16.0,128.0,0.1346978344575221
1.0,1.0,0.0,0.0,0.0,0.0,0.0,3.0,32.0,16.0,128.0,0.15474207378683208
1.0,1.0,0.0,0.0,0.0,0.0,0.0,4.0,32.0,16.0,128.0,0.140623719926814
1.0,1.0,0.0,0.0,0.0,0.0,0.0,1.0,64.0,16.0,128.0,0.14769655097080758
1.0,1.0,0.0,0.0,0.0,0.0,0.0,2.0,64.0,16.0,128.0,0.11304240967803603
1.0,1.0,0.0,0.0,0.0,0.0,0.0,3.0,64.0,16.0,128.0,0.13483437559736755
1.0,1.0,0.0,0.0,0.0,0.0,0.0,4.0,64.0,16.0,128.0,0.11868155875365255
1.0,1.0,0.0,0.0,0.0,0.0,0.0,1.0,128.0,16.0,128.0,0.09458204757093319
1.0,1.0,0.0,0.0,0.0,0.0,0.0,2.0,128.0,16.0,128.0,0.08001310794942518
1.0,1.0,0.0,0.0,0.0,0.0,0.0,3.0,128.0,16.0,128.0,0.09063600862940008
1.0,1.0,0.0,0.0,0.0,0.0,0.0,4.0,128.0,16.0,128.0,0.08457358202026277
1.0,1.0,0.0,0.0,0.0,0.0,0.0,1.0,0.0,20.0,128.0,0.01669898140309678
1.0,1.0,0.0,0.0,0.0,0.0,0.0,2.0,0.0,20.0,128.0,0.01680821431497309
1.0,1.0,0.0,0.0,0.0,0.0,0.0,3.0,0.0,20.0,128.0,0.01973019470766546
1.0,1.0,0.0,0.0,0.0,0.0,0.0,4.0,0.0,20.0,128.0,0.020658674458614412
1.0,1.0,0.0,0.0,0.0,0.0,0.0,1.0,8.0,20.0,128.0,0.28964471995412217
1.0,1.0,0.0,0.0,0.0,0.0,0.0,2.0,8.0,20.0,128.0,0.2881973838717607
1.0,1.0,0.0,0.0,0.0,0.0,0.0,3.0,8.0,20.0,128.0,0.2984516234741528
1.0,1.0,0.0,0.0,0.0,0.0,0.0,4.0,8.0,20.0,128.0,0.28649061962369277
1.0,1.0,0.0,0.0,0.0,0.0,0.0,1.0,10.0,20.0,128.0,0.24302957481089055
1.0,1.0,0.0,0.0,0.0,0.0,0.0,2.0,10.0,20.0,128.0,0.23805947732051674
1.0,1.0,0.0,0.0,0.0,0.0,0.0,3.0,10.0,20.0,128.0,0.24910565553401248
1.0,1.0,0.0,0.0,0.0,0.0,0.0,4.0,10.0,20.0,128.0,0.23815505611840854
1.0,1.0,0.0,0.0,0.0,0.0,0.0,1.0,16.0,20.0,128.0,0.1731887817799504
1.0,1.0,0.0,0.0,0.0,0.0,0.0,2.0,16.0,20.0,128.0,0.16752232447636478
1.0,1.0,0.0,0.0,0.0,0.0,0.0,3.0,16.0,20.0,128.0,0.1819683770720119
1.0,1.0,0.0,0.0,0.0,0.0,0.0,4.0,16.0,20.0,128.0,0.17195991152134144
1.0,1.0,0.0,0.0,0.0,0.0,0.0,1.0,20.0,20.0,128.0,0.16738578333651938
1.0,1.0,0.0,0.0,0.0,0.0,0.0,2.0,20.0,20.0,128.0,0.15131489117671165
1.0,1.0,0.0,0.0,0.0,0.0,0.0,3.0,20.0,20.0,128.0,0.1706354624648408
1.0,1.0,0.0,0.0,0.0,0.0,0.0,4.0,20.0,20.0,128.0,0.15457822441901753
1.0,1.0,0.0,0.0,0.0,0.0,0.0,1.0,32.0,20.0,128.0,0.14678172533384315
1.0,1.0,0.0,0.0,0.0,0.0,0.0,2.0,32.0,20.0,128.0,0.11586881127283655
1.0,1.0,0.0,0.0,0.0,0.0,0.0,3.0,32.0,20.0,128.0,0.13909445916054514
1.0,1.0,0.0,0.0,0.0,0.0,0.0,4.0,32.0,20.0,128.0,0.12539938283404795
1.0,1.0,0.0,0.0,0.0,0.0,0.0,1.0,64.0,20.0,128.0,0.13966793194789595
1.0,1.0,0.0,0.0,0.0,0.0,0.0,2.0,64.0,20.0,128.0,0.09942925803544617
1.0,1.0,0.0,0.0,0.0,0.0,0.0,3.0,64.0,20.0,128.0,0.12412955023348538
1.0,1.0,0.0,0.0,0.0,0.0,0.0,4.0,64.0,20.0,128.0,0.10516398590895443
1.0,1.0,0.0,0.0,0.0,0.0,0.0,1.0,128.0,20.0,128.0,0.08557033234113448
1.0,1.0,0.0,0.0,0.0,0.0,0.0,2.0,128.0,20.0,128.0,0.07041426581829113
1.0,1.0,0.0,0.0,0.0,0.0,0.0,3.0,128.0,20.0,128.0,0.07954886807395073
1.0,1.0,0.0,0.0,0.0,0.0,0.0,4.0,128.0,20.0,128.0,0.07388241077036511
1.0,1.0,0.0,0.0,0.0,0.0,0.0,1.0,0.0,32.0,128.0,0.008329009530571585
1.0,1.0,0.0,0.0,0.0,0.0,0.0,2.0,0.0,32.0,128.0,0.008492858898386135
1.0,1.0,0.0,0.0,0.0,0.0,0.0,3.0,0.0,32.0,128.0,0.011114448783418496
1.0,1.0,0.0,0.0,0.0,0.0,0.0,4.0,0.0,32.0,128.0,0.011046178213495794
1.0,1.0,0.0,0.0,0.0,0.0,0.0,1.0,8.0,32.0,128.0,0.20636827876239122
1.0,1.0,0.0,0.0,0.0,0.0,0.0,2.0,8.0,32.0,128.0,0.20654578224419023
1.0,1.0,0.0,0.0,0.0,0.0,0.0,3.0,8.0,32.0,128.0,0.21073759523744512
1.0,1.0,0.0,0.0,0.0,0.0,0.0,4.0,8.0,32.0,128.0,0.2107512493514297
1.0,1.0,0.0,0.0,0.0,0.0,0.0,1.0,10.0,32.0,128.0,0.18073950681340295
1.0,1.0,0.0,0.0,0.0,0.0,0.0,2.0,10.0,32.0,128.0,0.17818618749829324
1.0,1.0,0.0,0.0,0.0,0.0,0.0,3.0,10.0,32.0,128.0,0.18416668942352338
1.0,1.0,0.0,0.0,0.0,0.0,0.0,4.0,10.0,32.0,128.0,0.18468554575493595
1.0,1.0,0.0,0.0,0.0,0.0,0.0,1.0,16.0,32.0,128.0,0.14136104208197936
1.0,1.0,0.0,0.0,0.0,0.0,0.0,2.0,16.0,32.0,128.0,0.12994620279090097
1.0,1.0,0.0,0.0,0.0,0.0,0.0,3.0,16.0,32.0,128.0,0.1461809443185232
1.0,1.0,0.0,0.0,0.0,0.0,0.0,4.0,16.0,32.0,128.0,0.13528496135885748
1.0,1.0,0.0,0.0,0.0,0.0,0.0,1.0,20.0,32.0,128.0,0.1457303585570333
1.0,1.0,0.0,0.0,0.0,0.0,0.0,2.0,20.0,32.0,128.0,0.11872252109560616
1.0,1.0,0.0,0.0,0.0,0.0,0.0,3.0,20.0,32.0,128.0,0.14268549113848006
1.0,1.0,0.0,0.0,0.0,0.0,0.0,4.0,20.0,32.0,128.0,0.12520822523826436
1.0,1.0,0.0,0.0,0.0,0.0,0.0,1.0,32.0,32.0,128.0,0.13781097244599805
1.0,1.0,0.0,0.0,0.0,0.0,0.0,2.0,32.0,32.0,128.0,0.09789999726917725
1.0,1.0,0.0,0.0,0.0,0.0,0.0,3.0,32.0,32.0,128.0,0.12754307872962128
1.0,1.0,0.0,0.0,0.0,0.0,0.0,4.0,32.0,32.0,128.0,0.10500013654113988
1.0,1.0,0.0,0.0,0.0,0.0,0.0,1.0,64.0,32.0,128.0,0.12402031732160906
1.0,1.0,0.0,0.0,0.0,0.0,0.0,2.0,64.0,32.0,128.0,0.07930309402222896
1.0,1.0,0.0,0.0,0.0,0.0,0.0,3.0,64.0,32.0,128.0,0.10644747262350152
1.0,1.0,0.0,0.0,0.0,0.0,0.0,4.0,64.0,32.0,128.0,0.08230699909882855
1.0,1.0,0.0,0.0,0.0,0.0,0.0,1.0,128.0,32.0,128.0,0.07526147628280411
1.0,1.0,0.0,0.0,0.0,0.0,0.0,2.0,128.0,32.0,128.0,0.06177121166607502
1.0,1.0,0.0,0.0,0.0,0.0,0.0,3.0,128.0,32.0,128.0,0.07283104399355533
1.0,1.0,0.0,0.0,0.0,0.0,0.0,4.0,128.0,32.0,128.0,0.06601764111526809
1.0,1.0,0.0,0.0,0.0,0.0,0.0,1.0,0.0,64.0,128.0,0.021587154209563364
1.0,1.0,0.0,0.0,0.0,0.0,0.0,2.0,0.0,64.0,128.0,0.021382342499795204
1.0,1.0,0.0,0.0,0.0,0.0,0.0,3.0,0.0,64.0,128.0,0.015183374750812495
1.0,1.0,0.0,0.0,0.0,0.0,0.0,4.0,0.0,64.0,128.0,0.01452797727955435
1.0,1.0,0.0,0.0,0.0,0.0,0.0,1.0,8.0,64.0,128.0,0.22547038422676752
1.0,1.0,0.0,0.0,0.0,0.0,0.0,2.0,8.0,64.0,128.0,0.21221223954777585
1.0,1.0,0.0,0.0,0.0,0.0,0.0,3.0,8.0,64.0,128.0,0.23360823616155552
1.0,1.0,0.0,0.0,0.0,0.0,0.0,4.0,8.0,64.0,128.0,0.24144569758868345
1.0,1.0,0.0,0.0,0.0,0.0,0.0,1.0,10.0,64.0,128.0,0.20472978508424594
1.0,1.0,0.0,0.0,0.0,0.0,0.0,2.0,10.0,64.0,128.0,0.1902973866025835
1.0,1.0,0.0,0.0,0.0,0.0,0.0,3.0,10.0,64.0,128.0,0.21314071929872475
1.0,1.0,0.0,0.0,0.0,0.0,0.0,4.0,10.0,64.0,128.0,0.21057374586963057
1.0,1.0,0.0,0.0,0.0,0.0,0.0,1.0,16.0,64.0,128.0,0.16324858679920268
1.0,1.0,0.0,0.0,0.0,0.0,0.0,2.0,16.0,64.0,128.0,0.14092411043447395
1.0,1.0,0.0,0.0,0.0,0.0,0.0,3.0,16.0,64.0,128.0,0.15990332887298947
1.0,1.0,0.0,0.0,0.0,0.0,0.0,4.0,16.0,64.0,128.0,0.14796963325049844
1.0,1.0,0.0,0.0,0.0,0.0,0.0,1.0,20.0,64.0,128.0,0.15396378928971305
1.0,1.0,0.0,0.0,0.0,0.0,0.0,2.0,20.0,64.0,128.0,0.12126218629673124
1.0,1.0,0.0,0.0,0.0,0.0,0.0,3.0,20.0,64.0,128.0,0.145498238619296
1.0,1.0,0.0,0.0,0.0,0.0,0.0,4.0,20.0,64.0,128.0,0.12866271607635388
1.0,1.0,0.0,0.0,0.0,0.0,0.0,1.0,32.0,64.0,128.0,0.131052186023649
1.0,1.0,0.0,0.0,0.0,0.0,0.0,2.0,32.0,64.0,128.0,0.08935252191485299
1.0,1.0,0.0,0.0,0.0,0.0,0.0,3.0,32.0,64.0,128.0,0.11776673311668812
1.0,1.0,0.0,0.0,0.0,0.0,0.0,4.0,32.0,64.0,128.0,0.09411780769545869
1.0,1.0,0.0,0.0,0.0,0.0,0.0,1.0,64.0,64.0,128.0,0.11836751413200802
1.0,1.0,0.0,0.0,0.0,0.0,0.0,2.0,64.0,64.0,128.0,0.0625221879352249
1.0,1.0,0.0,0.0,0.0,0.0,0.0,3.0,64.0,64.0,128.0,0.09570168491766573
1.0,1.0,0.0,0.0,0.0,0.0,0.0,4.0,64.0,64.0,128.0,0.06305469838062217
1.0,1.0,0.0,0.0,0.0,0.0,0.0,1.0,128.0,64.0,128.0,0.06892596739397588
1.0,1.0,0.0,0.0,0.0,0.0,0.0,2.0,128.0,64.0,128.0,0.050219831235151224
1.0,1.0,0.0,0.0,0.0,0.0,0.0,3.0,128.0,64.0,128.0,0.06560801769573177
1.0,1.0,0.0,0.0,0.0,0.0,0.0,4.0,128.0,64.0,128.0,0.05379720909910157
1.0,1.0,0.0,0.0,0.0,0.0,0.0,1.0,0.0,128.0,128.0,0.15023621617193267
1.0,1.0,0.0,0.0,0.0,0.0,0.0,2.0,0.0,128.0,128.0,0.15011332914607178
1.0,1.0,0.0,0.0,0.0,0.0,0.0,3.0,0.0,128.0,128.0,0.13628171167972913
1.0,1.0,0.0,0.0,0.0,0.0,0.0,4.0,0.0,128.0,128.0,0.13633632813566732
1.0,1.0,0.0,0.0,0.0,0.0,0.0,1.0,8.0,128.0,128.0,0.25224610175045753
1.0,1.0,0.0,0.0,0.0,0.0,0.0,2.0,8.0,128.0,128.0,0.23678964471995417
1.0,1.0,0.0,0.0,0.0,0.0,0.0,3.0,8.0,128.0,128.0,0.25348862612305095
1.0,1.0,0.0,0.0,0.0,0.0,0.0,4.0,8.0,128.0,128.0,0.24655233621890288
1.0,1.0,0.0,0.0,0.0,0.0,0.0,1.0,10.0,128.0,128.0,0.22035009148256374
1.0,1.0,0.0,0.0,0.0,0.0,0.0,2.0,10.0,128.0,128.0,0.20475709331221498
1.0,1.0,0.0,0.0,0.0,0.0,0.0,3.0,10.0,128.0,128.0,0.2214833829432809
1.0,1.0,0.0,0.0,0.0,0.0,0.0,4.0,10.0,128.0,128.0,0.21984488926513562
1.0,1.0,0.0,0.0,0.0,0.0,0.0,1.0,16.0,128.0,128.0,0.16132335672738202
1.0,1.0,0.0,0.0,0.0,0.0,0.0,2.0,16.0,128.0,128.0,0.14059641169884496
1.0,1.0,0.0,0.0,0.0,0.0,0.0,3.0,16.0,128.0,128.0,0.1591933149457932
1.0,1.0,0.0,0.0,0.0,0.0,0.0,4.0,16.0,128.0,128.0,0.1500860209181027
1.0,1.0,0.0,0.0,0.0,0.0,0.0,1.0,20.0,128.0,128.0,0.1463447936863378
1.0,1.0,0.0,0.0,0.0,0.0,0.0,2.0,20.0,128.0,128.0,0.11492667740790308
1.0,1.0,0.0,0.0,0.0,0.0,0.0,3.0,20.0,128.0,128.0,0.1400912094814168
1.0,1.0,0.0,0.0,0.0,0.0,0.0,4.0,20.0,128.0,128.0,0.12665556132062594
1.0,1.0,0.0,0.0,0.0,0.0,0.0,1.0,32.0,128.0,128.0,0.12672383189054864
1.0,1.0,0.0,0.0,0.0,0.0,0.0,2.0,32.0,128.0,128.0,0.08745460007100142
1.0,1.0,0.0,0.0,0.0,0.0,0.0,3.0,32.0,128.0,128.0,0.1125918239165461
1.0,1.0,0.0,0.0,0.0,0.0,0.0,4.0,32.0,128.0,128.0,0.09066331685736917
1.0,1.0,0.0,0.0,0.0,0.0,0.0,1.0,64.0,128.0,128.0,0.12042928534367409
1.0,1.0,0.0,0.0,0.0,0.0,0.0,2.0,64.0,128.0,128.0,0.062016985717796846
1.0,1.0,0.0,0.0,0.0,0.0,0.0,3.0,64.0,128.0,128.0,0.09583822605751119
1.0,1.0,0.0,0.0,0.0,0.0,0.0,4.0,64.0,128.0,128.0,0.06340970534422025
1.0,1.0,0.0,0.0,0.0,0.0,0.0,1.0,128.0,128.0,128.0,0.08905213140719309
1.0,1.0,0.0,0.0,0.0,0.0,0.0,2.0,128.0,128.0,128.0,0.058535186651738236
1.0,1.0,0.0,0.0,0.0,0.0,0.0,3.0,128.0,128.0,128.0,0.07796499085174369
1.0,1.0,0.0,0.0,0.0,0.0,0.0,4.0,128.0,128.0,128.0,0.05932712526284173
