root,opt_useAddressPrecalc,opt_vectorize,simd_avoidUnaligned,data_alignFieldPointers,opt_unroll_interleave,no_explorationId,explorationId,poly_tileSize_x,poly_tileSize_y,poly_tileSize_z,performance
1.0,0.0,0.0,0.0,0.0,0.0,1.0,0.0,0.0,0.0,0.0,0.29128321363226745
1.0,0.0,0.0,0.0,0.0,0.0,0.0,1.0,0.0,0.0,0.0,0.22246647915016798
1.0,0.0,0.0,0.0,0.0,0.0,0.0,2.0,0.0,0.0,0.0,0.2232038013053334
1.0,0.0,0.0,0.0,0.0,0.0,0.0,3.0,0.0,0.0,0.0,0.20463420628635415
1.0,0.0,0.0,0.0,0.0,0.0,0.0,4.0,0.0,0.0,0.0,0.20937218383899076
1.0,0.0,0.0,0.0,0.0,0.0,0.0,1.0,8.0,0.0,0.0,0.40298752013981826
1.0,0.0,0.0,0.0,0.0,0.0,0.0,2.0,8.0,0.0,0.0,0.39592834320980924
1.0,0.0,0.0,0.0,0.0,0.0,0.0,3.0,8.0,0.0,0.0,0.23976624156858478
1.0,0.0,0.0,0.0,0.0,0.0,0.0,4.0,8.0,0.0,0.0,0.23549250389142257
1.0,0.0,0.0,0.0,0.0,0.0,0.0,1.0,10.0,0.0,0.0,0.3785056937655316
1.0,0.0,0.0,0.0,0.0,0.0,0.0,2.0,10.0,0.0,0.0,0.37477812064775123
1.0,0.0,0.0,0.0,0.0,0.0,0.0,3.0,10.0,0.0,0.0,0.21787869685136146
1.0,0.0,0.0,0.0,0.0,0.0,0.0,4.0,10.0,0.0,0.0,0.21488844588874628
1.0,0.0,0.0,0.0,0.0,0.0,0.0,1.0,16.0,0.0,0.0,0.30365384090226394
1.0,0.0,0.0,0.0,0.0,0.0,0.0,2.0,16.0,0.0,0.0,0.2954067560555997
1.0,0.0,0.0,0.0,0.0,0.0,0.0,3.0,16.0,0.0,0.0,0.17097681531445436
1.0,0.0,0.0,0.0,0.0,0.0,0.0,4.0,16.0,0.0,0.0,0.16907889347060273
1.0,0.0,0.0,0.0,0.0,0.0,0.0,1.0,20.0,0.0,0.0,0.2780250689532758
1.0,0.0,0.0,0.0,0.0,0.0,0.0,2.0,20.0,0.0,0.0,0.2258936617602884
1.0,0.0,0.0,0.0,0.0,0.0,0.0,3.0,20.0,0.0,0.0,0.15212048390179966
1.0,0.0,0.0,0.0,0.0,0.0,0.0,4.0,20.0,0.0,0.0,0.1477375133127612
1.0,0.0,0.0,0.0,0.0,0.0,0.0,1.0,32.0,0.0,0.0,0.2440263251317623
1.0,0.0,0.0,0.0,0.0,0.0,0.0,2.0,32.0,0.0,0.0,0.236407329528387
1.0,0.0,0.0,0.0,0.0,0.0,0.0,3.0,32.0,0.0,0.0,0.12673748600453327
1.0,0.0,0.0,0.0,0.0,0.0,0.0,4.0,32.0,0.0,0.0,0.12459379010895988
1.0,0.0,0.0,0.0,0.0,0.0,0.0,1.0,64.0,0.0,0.0,0.2759632977416096
1.0,0.0,0.0,0.0,0.0,0.0,0.0,2.0,64.0,0.0,0.0,0.3339796280619352
1.0,0.0,0.0,0.0,0.0,0.0,0.0,3.0,64.0,0.0,0.0,0.1547284196728475
1.0,0.0,0.0,0.0,0.0,0.0,0.0,4.0,64.0,0.0,0.0,0.22542942188481402
1.0,0.0,0.0,0.0,0.0,0.0,0.0,1.0,128.0,0.0,0.0,0.2968814003659303
1.0,0.0,0.0,0.0,0.0,0.0,0.0,2.0,128.0,0.0,0.0,0.3296103115868813
1.0,0.0,0.0,0.0,0.0,0.0,0.0,3.0,128.0,0.0,0.0,0.26120320052431806
1.0,0.0,0.0,0.0,0.0,0.0,0.0,4.0,128.0,0.0,0.0,0.300690898167618
1.0,0.0,0.0,0.0,0.0,0.0,0.0,1.0,0.0,8.0,0.0,0.08466916081815451
1.0,0.0,0.0,0.0,0.0,0.0,0.0,2.0,0.0,8.0,0.0,0.08778229880663047
1.0,0.0,0.0,0.0,0.0,0.0,0.0,3.0,0.0,8.0,0.0,0.05598186733662858
1.0,0.0,0.0,0.0,0.0,0.0,0.0,4.0,0.0,8.0,0.0,0.0637783664218029
1.0,0.0,0.0,0.0,0.0,0.0,0.0,1.0,8.0,8.0,0.0,0.9743985362789809
1.0,0.0,0.0,0.0,0.0,0.0,0.0,2.0,8.0,8.0,0.0,1.0
1.0,0.0,0.0,0.0,0.0,0.0,0.0,3.0,8.0,8.0,0.0,0.7518501324449058
1.0,0.0,0.0,0.0,0.0,0.0,0.0,4.0,8.0,8.0,0.0,0.7628007318605097
1.0,0.0,0.0,0.0,0.0,0.0,0.0,1.0,10.0,8.0,0.0,0.853095387640296
1.0,0.0,0.0,0.0,0.0,0.0,0.0,2.0,10.0,8.0,0.0,0.8740134902646168
1.0,0.0,0.0,0.0,0.0,0.0,0.0,3.0,10.0,8.0,0.0,0.6567219203145909
1.0,0.0,0.0,0.0,0.0,0.0,0.0,4.0,10.0,8.0,0.0,0.6513148911767117
1.0,0.0,0.0,0.0,0.0,0.0,0.0,1.0,16.0,8.0,0.0,0.5560774461345204
1.0,0.0,0.0,0.0,0.0,0.0,0.0,2.0,16.0,8.0,0.0,0.5398427046068981
1.0,0.0,0.0,0.0,0.0,0.0,0.0,3.0,16.0,8.0,0.0,0.43447390698817573
1.0,0.0,0.0,0.0,0.0,0.0,0.0,4.0,16.0,8.0,0.0,0.42962669652366275
1.0,0.0,0.0,0.0,0.0,0.0,0.0,1.0,20.0,8.0,0.0,0.49471585788798184
1.0,0.0,0.0,0.0,0.0,0.0,0.0,2.0,20.0,8.0,0.0,0.46821322264398274
1.0,0.0,0.0,0.0,0.0,0.0,0.0,3.0,20.0,8.0,0.0,0.38759933367923766
1.0,0.0,0.0,0.0,0.0,0.0,0.0,4.0,20.0,8.0,0.0,0.37342636336328144
1.0,0.0,0.0,0.0,0.0,0.0,0.0,1.0,32.0,8.0,0.0,0.41083863568093076
1.0,0.0,0.0,0.0,0.0,0.0,0.0,2.0,32.0,8.0,0.0,0.39625604194543823
1.0,0.0,0.0,0.0,0.0,0.0,0.0,3.0,32.0,8.0,0.0,0.30373576558617127
1.0,0.0,0.0,0.0,0.0,0.0,0.0,4.0,32.0,8.0,0.0,0.29513367377590877
1.0,0.0,0.0,0.0,0.0,0.0,0.0,1.0,64.0,8.0,0.0,0.32963761981485035
1.0,0.0,0.0,0.0,0.0,0.0,0.0,2.0,64.0,8.0,0.0,0.32731642043747794
1.0,0.0,0.0,0.0,0.0,0.0,0.0,3.0,64.0,8.0,0.0,0.2398481662524919
1.0,0.0,0.0,0.0,0.0,0.0,0.0,4.0,64.0,8.0,0.0,0.23337611622381832
1.0,0.0,0.0,0.0,0.0,0.0,0.0,1.0,128.0,8.0,0.0,0.2116251126464404
1.0,0.0,0.0,0.0,0.0,0.0,0.0,2.0,128.0,8.0,0.0,0.21315437341270932
1.0,0.0,0.0,0.0,0.0,0.0,0.0,3.0,128.0,8.0,0.0,0.16088642507987666
1.0,0.0,0.0,0.0,0.0,0.0,0.0,4.0,128.0,8.0,0.0,0.15976678773314407
1.0,0.0,0.0,0.0,0.0,0.0,0.0,1.0,0.0,10.0,0.0,0.11692017804964644
1.0,0.0,0.0,0.0,0.0,0.0,0.0,2.0,0.0,10.0,0.0,0.11936426445287973
1.0,0.0,0.0,0.0,0.0,0.0,0.0,3.0,0.0,10.0,0.0,0.07175236898877635
1.0,0.0,0.0,0.0,0.0,0.0,0.0,4.0,0.0,10.0,0.0,0.08070946776263693
1.0,0.0,0.0,0.0,0.0,0.0,0.0,1.0,8.0,10.0,0.0,0.9419427073377211
1.0,0.0,0.0,0.0,0.0,0.0,0.0,2.0,8.0,10.0,0.0,0.9352794997132636
1.0,0.0,0.0,0.0,0.0,0.0,0.0,3.0,8.0,10.0,0.0,0.681217400802862
1.0,0.0,0.0,0.0,0.0,0.0,0.0,4.0,8.0,10.0,0.0,0.6771484748354679
1.0,0.0,0.0,0.0,0.0,0.0,0.0,1.0,10.0,10.0,0.0,0.8395231983396598
1.0,0.0,0.0,0.0,0.0,0.0,0.0,2.0,10.0,10.0,0.0,0.8373248859881484
1.0,0.0,0.0,0.0,0.0,0.0,0.0,3.0,10.0,10.0,0.0,0.5956197602337585
1.0,0.0,0.0,0.0,0.0,0.0,0.0,4.0,10.0,10.0,0.0,0.589175018433054
1.0,0.0,0.0,0.0,0.0,0.0,0.0,1.0,16.0,10.0,0.0,0.5601463721019144
1.0,0.0,0.0,0.0,0.0,0.0,0.0,2.0,16.0,10.0,0.0,0.5305579070974087
1.0,0.0,0.0,0.0,0.0,0.0,0.0,3.0,16.0,10.0,0.0,0.4110024850487453
1.0,0.0,0.0,0.0,0.0,0.0,0.0,4.0,16.0,10.0,0.0,0.3958054561839483
1.0,0.0,0.0,0.0,0.0,0.0,0.0,1.0,20.0,10.0,0.0,0.511906387394522
1.0,0.0,0.0,0.0,0.0,0.0,0.0,2.0,20.0,10.0,0.0,0.45868265108277134
1.0,0.0,0.0,0.0,0.0,0.0,0.0,3.0,20.0,10.0,0.0,0.37230672601654885
1.0,0.0,0.0,0.0,0.0,0.0,0.0,4.0,20.0,10.0,0.0,0.3516343974439499
1.0,0.0,0.0,0.0,0.0,0.0,0.0,1.0,32.0,10.0,0.0,0.43450121521614476
1.0,0.0,0.0,0.0,0.0,0.0,0.0,2.0,32.0,10.0,0.0,0.41173980720391073
1.0,0.0,0.0,0.0,0.0,0.0,0.0,3.0,32.0,10.0,0.0,0.30170130260247413
1.0,0.0,0.0,0.0,0.0,0.0,0.0,4.0,32.0,10.0,0.0,0.2858761844943883
1.0,0.0,0.0,0.0,0.0,0.0,0.0,1.0,64.0,10.0,0.0,0.3611376607771923
1.0,0.0,0.0,0.0,0.0,0.0,0.0,2.0,64.0,10.0,0.0,0.3521669078893472
1.0,0.0,0.0,0.0,0.0,0.0,0.0,3.0,64.0,10.0,0.0,0.2424970643654934
1.0,0.0,0.0,0.0,0.0,0.0,0.0,4.0,64.0,10.0,0.0,0.23572462382915976
1.0,0.0,0.0,0.0,0.0,0.0,0.0,1.0,128.0,10.0,0.0,0.23564269914525254
1.0,0.0,0.0,0.0,0.0,0.0,0.0,2.0,128.0,10.0,0.0,0.2339359348971845
1.0,0.0,0.0,0.0,0.0,0.0,0.0,3.0,128.0,10.0,0.0,0.1664026871296323
1.0,0.0,0.0,0.0,0.0,0.0,0.0,4.0,128.0,10.0,0.0,0.16423168300608976
1.0,0.0,0.0,0.0,0.0,0.0,0.0,1.0,0.0,16.0,0.0,0.07680439116305748
1.0,0.0,0.0,0.0,0.0,0.0,0.0,2.0,0.0,16.0,0.0,0.07870231300690905
1.0,0.0,0.0,0.0,0.0,0.0,0.0,3.0,0.0,16.0,0.0,0.03515934351019967
1.0,0.0,0.0,0.0,0.0,0.0,0.0,4.0,0.0,16.0,0.0,0.040457139736202574
1.0,0.0,0.0,0.0,0.0,0.0,0.0,1.0,8.0,16.0,0.0,0.6502225620579483
1.0,0.0,0.0,0.0,0.0,0.0,0.0,2.0,8.0,16.0,0.0,0.6538955187197903
1.0,0.0,0.0,0.0,0.0,0.0,0.0,3.0,8.0,16.0,0.0,0.45444987574756285
1.0,0.0,0.0,0.0,0.0,0.0,0.0,4.0,8.0,16.0,0.0,0.46026652830497844
1.0,0.0,0.0,0.0,0.0,0.0,0.0,1.0,10.0,16.0,0.0,0.5988557852480954
1.0,0.0,0.0,0.0,0.0,0.0,0.0,2.0,10.0,16.0,0.0,0.5888063573554714
1.0,0.0,0.0,0.0,0.0,0.0,0.0,3.0,10.0,16.0,0.0,0.40544526065703607
1.0,0.0,0.0,0.0,0.0,0.0,0.0,4.0,10.0,16.0,0.0,0.40234577678254474
1.0,0.0,0.0,0.0,0.0,0.0,0.0,1.0,16.0,16.0,0.0,0.42084710123160124
1.0,0.0,0.0,0.0,0.0,0.0,0.0,2.0,16.0,16.0,0.0,0.3945902400393239
1.0,0.0,0.0,0.0,0.0,0.0,0.0,3.0,16.0,16.0,0.0,0.29329036838799544
1.0,0.0,0.0,0.0,0.0,0.0,0.0,4.0,16.0,16.0,0.0,0.27440672874737165
1.0,0.0,0.0,0.0,0.0,0.0,0.0,1.0,20.0,16.0,0.0,0.3848412026543599
1.0,0.0,0.0,0.0,0.0,0.0,0.0,2.0,20.0,16.0,0.0,0.3383899068789427
1.0,0.0,0.0,0.0,0.0,0.0,0.0,3.0,20.0,16.0,0.0,0.26576367459515565
1.0,0.0,0.0,0.0,0.0,0.0,0.0,4.0,20.0,16.0,0.0,0.24201917037603443
1.0,0.0,0.0,0.0,0.0,0.0,0.0,1.0,32.0,16.0,0.0,0.32109014446052603
1.0,0.0,0.0,0.0,0.0,0.0,0.0,2.0,32.0,16.0,0.0,0.30649389661104903
1.0,0.0,0.0,0.0,0.0,0.0,0.0,3.0,32.0,16.0,0.0,0.2097271908025889
1.0,0.0,0.0,0.0,0.0,0.0,0.0,4.0,32.0,16.0,0.0,0.19906332778066033
1.0,0.0,0.0,0.0,0.0,0.0,0.0,1.0,64.0,16.0,0.0,0.260902810016658
1.0,0.0,0.0,0.0,0.0,0.0,0.0,2.0,64.0,16.0,0.0,0.2588683470329611
1.0,0.0,0.0,0.0,0.0,0.0,0.0,3.0,64.0,16.0,0.0,0.16595210136814226
1.0,0.0,0.0,0.0,0.0,0.0,0.0,4.0,64.0,16.0,0.0,0.1629618504055272
1.0,0.0,0.0,0.0,0.0,0.0,0.0,1.0,128.0,16.0,0.0,0.170867582402578
1.0,0.0,0.0,0.0,0.0,0.0,0.0,2.0,128.0,16.0,0.0,0.1687648488489582
1.0,0.0,0.0,0.0,0.0,0.0,0.0,3.0,128.0,16.0,0.0,0.10565553401239802
1.0,0.0,0.0,0.0,0.0,0.0,0.0,4.0,128.0,16.0,0.0,0.10509571533903173
1.0,0.0,0.0,0.0,0.0,0.0,0.0,1.0,0.0,20.0,0.0,0.07389606488434974
1.0,0.0,0.0,0.0,0.0,0.0,0.0,2.0,0.0,20.0,0.0,0.07494743166115958
1.0,0.0,0.0,0.0,0.0,0.0,0.0,3.0,0.0,20.0,0.0,0.028714601709495136
1.0,0.0,0.0,0.0,0.0,0.0,0.0,4.0,0.0,20.0,0.0,0.03323411343837901
1.0,0.0,0.0,0.0,0.0,0.0,0.0,1.0,8.0,20.0,0.0,0.5920014200278545
1.0,0.0,0.0,0.0,0.0,0.0,0.0,2.0,8.0,20.0,0.0,0.5848739725279228
1.0,0.0,0.0,0.0,0.0,0.0,0.0,3.0,8.0,20.0,0.0,0.40020208088697135
1.0,0.0,0.0,0.0,0.0,0.0,0.0,4.0,8.0,20.0,0.0,0.4042573527403808
1.0,0.0,0.0,0.0,0.0,0.0,0.0,1.0,10.0,20.0,0.0,0.532728911220951
1.0,0.0,0.0,0.0,0.0,0.0,0.0,2.0,10.0,20.0,0.0,0.5354051175619214
1.0,0.0,0.0,0.0,0.0,0.0,0.0,3.0,10.0,20.0,0.0,0.362940003823152
1.0,0.0,0.0,0.0,0.0,0.0,0.0,4.0,10.0,20.0,0.0,0.3588164613998199
1.0,0.0,0.0,0.0,0.0,0.0,0.0,1.0,16.0,20.0,0.0,0.40660586034572227
1.0,0.0,0.0,0.0,0.0,0.0,0.0,2.0,16.0,20.0,0.0,0.37547448046096293
1.0,0.0,0.0,0.0,0.0,0.0,0.0,3.0,16.0,20.0,0.0,0.2755127119801197
1.0,0.0,0.0,0.0,0.0,0.0,0.0,4.0,16.0,20.0,0.0,0.24936508369971871
1.0,0.0,0.0,0.0,0.0,0.0,0.0,1.0,20.0,20.0,0.0,0.3678281766296186
1.0,0.0,0.0,0.0,0.0,0.0,0.0,2.0,20.0,20.0,0.0,0.3146317485458369
1.0,0.0,0.0,0.0,0.0,0.0,0.0,3.0,20.0,20.0,0.0,0.24442229443731406
1.0,0.0,0.0,0.0,0.0,0.0,0.0,4.0,20.0,20.0,0.0,0.22142876648734272
1.0,0.0,0.0,0.0,0.0,0.0,0.0,1.0,32.0,20.0,0.0,0.3070127529424617
1.0,0.0,0.0,0.0,0.0,0.0,0.0,2.0,32.0,20.0,0.0,0.29166552882383473
1.0,0.0,0.0,0.0,0.0,0.0,0.0,3.0,32.0,20.0,0.0,0.19054316065430515
1.0,0.0,0.0,0.0,0.0,0.0,0.0,4.0,32.0,20.0,0.0,0.1795106365547941
1.0,0.0,0.0,0.0,0.0,0.0,0.0,1.0,64.0,20.0,0.0,0.2479860181872799
1.0,0.0,0.0,0.0,0.0,0.0,0.0,2.0,64.0,20.0,0.0,0.24410824981566953
1.0,0.0,0.0,0.0,0.0,0.0,0.0,3.0,64.0,20.0,0.0,0.14922581173707644
1.0,0.0,0.0,0.0,0.0,0.0,0.0,4.0,64.0,20.0,0.0,0.1584423386766433
1.0,0.0,0.0,0.0,0.0,0.0,0.0,1.0,128.0,20.0,0.0,0.15827848930882887
1.0,0.0,0.0,0.0,0.0,0.0,0.0,2.0,128.0,20.0,0.0,0.15567055353778098
1.0,0.0,0.0,0.0,0.0,0.0,0.0,3.0,128.0,20.0,0.0,0.09344875611021608
1.0,0.0,0.0,0.0,0.0,0.0,0.0,4.0,128.0,20.0,0.0,0.09238373521942161
1.0,0.0,0.0,0.0,0.0,0.0,0.0,1.0,0.0,32.0,0.0,0.06790190884513508
1.0,0.0,0.0,0.0,0.0,0.0,0.0,2.0,0.0,32.0,0.0,0.06977252246101756
1.0,0.0,0.0,0.0,0.0,0.0,0.0,3.0,0.0,32.0,0.0,0.01949807476992821
1.0,0.0,0.0,0.0,0.0,0.0,0.0,4.0,0.0,32.0,0.0,0.022433709276605096
1.0,0.0,0.0,0.0,0.0,0.0,0.0,1.0,8.0,32.0,0.0,0.5188153690707011
1.0,0.0,0.0,0.0,0.0,0.0,0.0,2.0,8.0,32.0,0.0,0.49851170157568486
1.0,0.0,0.0,0.0,0.0,0.0,0.0,3.0,8.0,32.0,0.0,0.3408476473961605
1.0,0.0,0.0,0.0,0.0,0.0,0.0,4.0,8.0,32.0,0.0,0.33316038122286257
1.0,0.0,0.0,0.0,0.0,0.0,0.0,1.0,10.0,32.0,0.0,0.4814030967530519
1.0,0.0,0.0,0.0,0.0,0.0,0.0,2.0,10.0,32.0,0.0,0.46146809033561825
1.0,0.0,0.0,0.0,0.0,0.0,0.0,3.0,10.0,32.0,0.0,0.3110543706818865
1.0,0.0,0.0,0.0,0.0,0.0,0.0,4.0,10.0,32.0,0.0,0.29868374341189013
1.0,0.0,0.0,0.0,0.0,0.0,0.0,1.0,16.0,32.0,0.0,0.3687156940386139
1.0,0.0,0.0,0.0,0.0,0.0,0.0,2.0,16.0,32.0,0.0,0.34502580627543084
1.0,0.0,0.0,0.0,0.0,0.0,0.0,3.0,16.0,32.0,0.0,0.23367650673147827
1.0,0.0,0.0,0.0,0.0,0.0,0.0,4.0,16.0,32.0,0.0,0.21654059368087614
1.0,0.0,0.0,0.0,0.0,0.0,0.0,1.0,20.0,32.0,0.0,0.3308255277315056
1.0,0.0,0.0,0.0,0.0,0.0,0.0,2.0,20.0,32.0,0.0,0.2820393784647314
1.0,0.0,0.0,0.0,0.0,0.0,0.0,3.0,20.0,32.0,0.0,0.20538518255550403
1.0,0.0,0.0,0.0,0.0,0.0,0.0,4.0,20.0,32.0,0.0,0.1898741090690626
1.0,0.0,0.0,0.0,0.0,0.0,0.0,1.0,32.0,32.0,0.0,0.2760179141975479
1.0,0.0,0.0,0.0,0.0,0.0,0.0,2.0,32.0,32.0,0.0,0.2622136049591743
1.0,0.0,0.0,0.0,0.0,0.0,0.0,3.0,32.0,32.0,0.0,0.1600262158988504
1.0,0.0,0.0,0.0,0.0,0.0,0.0,4.0,32.0,32.0,0.0,0.14921215762309192
1.0,0.0,0.0,0.0,0.0,0.0,0.0,1.0,64.0,32.0,0.0,0.2263169392938093
1.0,0.0,0.0,0.0,0.0,0.0,0.0,2.0,64.0,32.0,0.0,0.2182337038149595
1.0,0.0,0.0,0.0,0.0,0.0,0.0,3.0,64.0,32.0,0.0,0.1227504847210465
1.0,0.0,0.0,0.0,0.0,0.0,0.0,4.0,64.0,32.0,0.0,0.11644228406018742
1.0,0.0,0.0,0.0,0.0,0.0,0.0,1.0,128.0,32.0,0.0,0.14312242278598553
1.0,0.0,0.0,0.0,0.0,0.0,0.0,2.0,128.0,32.0,0.0,0.1375515442802917
1.0,0.0,0.0,0.0,0.0,0.0,0.0,3.0,128.0,32.0,0.0,0.0851197465796445
1.0,0.0,0.0,0.0,0.0,0.0,0.0,4.0,128.0,32.0,0.0,0.08193833802124584
1.0,0.0,0.0,0.0,0.0,0.0,0.0,1.0,0.0,64.0,0.0,0.07101504683361098
1.0,0.0,0.0,0.0,0.0,0.0,0.0,2.0,0.0,64.0,0.0,0.07235315000409626
1.0,0.0,0.0,0.0,0.0,0.0,0.0,3.0,0.0,64.0,0.0,0.024304322892487518
1.0,0.0,0.0,0.0,0.0,0.0,0.0,4.0,0.0,64.0,0.0,0.02797727955432977
1.0,0.0,0.0,0.0,0.0,0.0,0.0,1.0,8.0,64.0,0.0,0.46589202326661033
1.0,0.0,0.0,0.0,0.0,0.0,0.0,2.0,8.0,64.0,0.0,0.44571124279745494
1.0,0.0,0.0,0.0,0.0,0.0,0.0,3.0,8.0,64.0,0.0,0.29490155383817146
1.0,0.0,0.0,0.0,0.0,0.0,0.0,4.0,8.0,64.0,0.0,0.27655042464294505
1.0,0.0,0.0,0.0,0.0,0.0,0.0,1.0,10.0,64.0,0.0,0.43101941615008615
1.0,0.0,0.0,0.0,0.0,0.0,0.0,2.0,10.0,64.0,0.0,0.4141565853791748
1.0,0.0,0.0,0.0,0.0,0.0,0.0,3.0,10.0,64.0,0.0,0.2648215407302222
1.0,0.0,0.0,0.0,0.0,0.0,0.0,4.0,10.0,64.0,0.0,0.2510991561757559
1.0,0.0,0.0,0.0,0.0,0.0,0.0,1.0,16.0,64.0,0.0,0.33120784292307287
1.0,0.0,0.0,0.0,0.0,0.0,0.0,2.0,16.0,64.0,0.0,0.31652967038968854
1.0,0.0,0.0,0.0,0.0,0.0,0.0,3.0,16.0,64.0,0.0,0.19637346732570532
1.0,0.0,0.0,0.0,0.0,0.0,0.0,4.0,16.0,64.0,0.0,0.18464458341298245
1.0,0.0,0.0,0.0,0.0,0.0,0.0,1.0,20.0,64.0,0.0,0.29843796936016836
1.0,0.0,0.0,0.0,0.0,0.0,0.0,2.0,20.0,64.0,0.0,0.24948797072557977
1.0,0.0,0.0,0.0,0.0,0.0,0.0,3.0,20.0,64.0,0.0,0.17018487670335075
1.0,0.0,0.0,0.0,0.0,0.0,0.0,4.0,20.0,64.0,0.0,0.15990332887298947
1.0,0.0,0.0,0.0,0.0,0.0,0.0,1.0,32.0,64.0,0.0,0.2519866735847512
1.0,0.0,0.0,0.0,0.0,0.0,0.0,2.0,32.0,64.0,0.0,0.23707638111362955
1.0,0.0,0.0,0.0,0.0,0.0,0.0,3.0,32.0,64.0,0.0,0.1321445151424125
1.0,0.0,0.0,0.0,0.0,0.0,0.0,4.0,32.0,64.0,0.0,0.1218902755400203
1.0,0.0,0.0,0.0,0.0,0.0,0.0,1.0,64.0,64.0,0.0,0.22379092820666874
1.0,0.0,0.0,0.0,0.0,0.0,0.0,2.0,64.0,64.0,0.0,0.20290013381031707
1.0,0.0,0.0,0.0,0.0,0.0,0.0,3.0,64.0,64.0,0.0,0.10715748655069779
1.0,0.0,0.0,0.0,0.0,0.0,0.0,4.0,64.0,64.0,0.0,0.0941587700374123
1.0,0.0,0.0,0.0,0.0,0.0,0.0,1.0,128.0,64.0,0.0,0.13628171167972913
1.0,0.0,0.0,0.0,0.0,0.0,0.0,2.0,128.0,64.0,0.0,0.12340588219230458
1.0,0.0,0.0,0.0,0.0,0.0,0.0,3.0,128.0,64.0,0.0,0.07580764084218583
1.0,0.0,0.0,0.0,0.0,0.0,0.0,4.0,128.0,64.0,0.0,0.06832518637865592
1.0,0.0,0.0,0.0,0.0,0.0,0.0,1.0,0.0,128.0,0.0,0.17376225456730116
1.0,0.0,0.0,0.0,0.0,0.0,0.0,2.0,0.0,128.0,0.0,0.1790873590212731
1.0,0.0,0.0,0.0,0.0,0.0,0.0,3.0,0.0,128.0,0.0,0.14732788989322487
1.0,0.0,0.0,0.0,0.0,0.0,0.0,4.0,0.0,128.0,0.0,0.1538272481498676
1.0,0.0,0.0,0.0,0.0,0.0,0.0,1.0,8.0,128.0,0.0,0.4319615500150196
1.0,0.0,0.0,0.0,0.0,0.0,0.0,2.0,8.0,128.0,0.0,0.4153308391818455
1.0,0.0,0.0,0.0,0.0,0.0,0.0,3.0,8.0,128.0,0.0,0.2659684863049237
1.0,0.0,0.0,0.0,0.0,0.0,0.0,4.0,8.0,128.0,0.0,0.25279226630983925
1.0,0.0,0.0,0.0,0.0,0.0,0.0,1.0,10.0,128.0,0.0,0.40043420082470865
1.0,0.0,0.0,0.0,0.0,0.0,0.0,2.0,10.0,128.0,0.0,0.38759933367923766
1.0,0.0,0.0,0.0,0.0,0.0,0.0,3.0,10.0,128.0,0.0,0.24027144378601278
1.0,0.0,0.0,0.0,0.0,0.0,0.0,4.0,10.0,128.0,0.0,0.23052240640104865
1.0,0.0,0.0,0.0,0.0,0.0,0.0,1.0,16.0,128.0,0.0,0.31237881973838716
1.0,0.0,0.0,0.0,0.0,0.0,0.0,2.0,16.0,128.0,0.0,0.30086840164941714
1.0,0.0,0.0,0.0,0.0,0.0,0.0,3.0,16.0,128.0,0.0,0.17972910237854672
1.0,0.0,0.0,0.0,0.0,0.0,0.0,4.0,16.0,128.0,0.0,0.17000737322155174
1.0,0.0,0.0,0.0,0.0,0.0,0.0,1.0,20.0,128.0,0.0,0.28459269777984114
1.0,0.0,0.0,0.0,0.0,0.0,0.0,2.0,20.0,128.0,0.0,0.2316147355198121
1.0,0.0,0.0,0.0,0.0,0.0,0.0,3.0,20.0,128.0,0.0,0.15535650891613656
1.0,0.0,0.0,0.0,0.0,0.0,0.0,4.0,20.0,128.0,0.0,0.14761462628690025
1.0,0.0,0.0,0.0,0.0,0.0,0.0,1.0,32.0,128.0,0.0,0.2455692400120158
1.0,0.0,0.0,0.0,0.0,0.0,0.0,2.0,32.0,128.0,0.0,0.22968950544799155
1.0,0.0,0.0,0.0,0.0,0.0,0.0,3.0,32.0,128.0,0.0,0.1231191457986292
1.0,0.0,0.0,0.0,0.0,0.0,0.0,4.0,32.0,128.0,0.0,0.11330183784374237
1.0,0.0,0.0,0.0,0.0,0.0,0.0,1.0,64.0,128.0,0.0,0.22235724623829173
1.0,0.0,0.0,0.0,0.0,0.0,0.0,2.0,64.0,128.0,0.0,0.1988858242988613
1.0,0.0,0.0,0.0,0.0,0.0,0.0,3.0,64.0,128.0,0.0,0.12552226985990889
1.0,0.0,0.0,0.0,0.0,0.0,0.0,4.0,64.0,128.0,0.0,0.09582457194352667
1.0,0.0,0.0,0.0,0.0,0.0,0.0,1.0,128.0,128.0,0.0,0.1776536770528961
1.0,0.0,0.0,0.0,0.0,0.0,0.0,2.0,128.0,128.0,0.0,0.1364865233894973
1.0,0.0,0.0,0.0,0.0,0.0,0.0,3.0,128.0,128.0,0.0,0.09201507414183902
1.0,0.0,0.0,0.0,0.0,0.0,0.0,4.0,128.0,128.0,0.0,0.08024522788716248
1.0,0.0,0.0,0.0,0.0,0.0,0.0,1.0,0.0,0.0,8.0,0.22245282503618352
1.0,0.0,0.0,0.0,0.0,0.0,0.0,2.0,0.0,0.0,8.0,0.22290341079767345
1.0,0.0,0.0,0.0,0.0,0.0,0.0,3.0,0.0,0.0,8.0,0.20485267211010688
1.0,0.0,0.0,0.0,0.0,0.0,0.0,4.0,0.0,0.0,8.0,0.20978180725852708
1.0,0.0,0.0,0.0,0.0,0.0,0.0,1.0,8.0,0.0,8.0,0.3727846200060079
1.0,0.0,0.0,0.0,0.0,0.0,0.0,2.0,8.0,0.0,8.0,0.3574647041153501
1.0,0.0,0.0,0.0,0.0,0.0,0.0,3.0,8.0,0.0,8.0,0.16664846118135396
1.0,0.0,0.0,0.0,0.0,0.0,0.0,4.0,8.0,0.0,8.0,0.1647232311095334
1.0,0.0,0.0,0.0,0.0,0.0,0.0,1.0,10.0,0.0,8.0,0.3643327234495754
1.0,0.0,0.0,0.0,0.0,0.0,0.0,2.0,10.0,0.0,8.0,0.35670007373221563
1.0,0.0,0.0,0.0,0.0,0.0,0.0,3.0,10.0,0.0,8.0,0.16447745705781153
1.0,0.0,0.0,0.0,0.0,0.0,0.0,4.0,10.0,0.0,8.0,0.16804118080777747
1.0,0.0,0.0,0.0,0.0,0.0,0.0,1.0,16.0,0.0,8.0,0.22451459624784947
1.0,0.0,0.0,0.0,0.0,0.0,0.0,2.0,16.0,0.0,8.0,0.2589093093749148
1.0,0.0,0.0,0.0,0.0,0.0,0.0,3.0,16.0,0.0,8.0,0.1282121303148639
1.0,0.0,0.0,0.0,0.0,0.0,0.0,4.0,16.0,0.0,8.0,0.15694038613834355
1.0,0.0,0.0,0.0,0.0,0.0,0.0,1.0,20.0,0.0,8.0,0.23151915672192042
1.0,0.0,0.0,0.0,0.0,0.0,0.0,2.0,20.0,0.0,8.0,0.2311095333023841
1.0,0.0,0.0,0.0,0.0,0.0,0.0,3.0,20.0,0.0,8.0,0.13299107020945417
1.0,0.0,0.0,0.0,0.0,0.0,0.0,4.0,20.0,0.0,8.0,0.15842868456265885
1.0,0.0,0.0,0.0,0.0,0.0,0.0,1.0,32.0,0.0,8.0,0.24227859854174066
1.0,0.0,0.0,0.0,0.0,0.0,0.0,2.0,32.0,0.0,8.0,0.26423441382888674
1.0,0.0,0.0,0.0,0.0,0.0,0.0,3.0,32.0,0.0,8.0,0.14376416614325904
1.0,0.0,0.0,0.0,0.0,0.0,0.0,4.0,32.0,0.0,8.0,0.16232010704825367
1.0,0.0,0.0,0.0,0.0,0.0,0.0,1.0,64.0,0.0,8.0,0.2962669652366258
1.0,0.0,0.0,0.0,0.0,0.0,0.0,2.0,64.0,0.0,8.0,0.3628990414811983
1.0,0.0,0.0,0.0,0.0,0.0,0.0,3.0,64.0,0.0,8.0,0.1857778748736995
1.0,0.0,0.0,0.0,0.0,0.0,0.0,4.0,64.0,0.0,8.0,0.23993009093639922
1.0,0.0,0.0,0.0,0.0,0.0,0.0,1.0,128.0,0.0,8.0,0.32610120429285344
1.0,0.0,0.0,0.0,0.0,0.0,0.0,2.0,128.0,0.0,8.0,0.34777028318632414
1.0,0.0,0.0,0.0,0.0,0.0,0.0,3.0,128.0,0.0,8.0,0.2977552636609411
1.0,0.0,0.0,0.0,0.0,0.0,0.0,4.0,128.0,0.0,8.0,0.32875010240585495
1.0,0.0,0.0,0.0,0.0,0.0,0.0,1.0,0.0,8.0,8.0,0.1066386302192851
1.0,0.0,0.0,0.0,0.0,0.0,0.0,2.0,0.0,8.0,8.0,0.10691171249897596
1.0,0.0,0.0,0.0,0.0,0.0,0.0,3.0,0.0,8.0,8.0,0.06936289904148124
1.0,0.0,0.0,0.0,0.0,0.0,0.0,4.0,0.0,8.0,8.0,0.05921789235096542
1.0,0.0,0.0,0.0,0.0,0.0,0.0,1.0,8.0,8.0,8.0,0.9073431825008875
1.0,0.0,0.0,0.0,0.0,0.0,0.0,2.0,8.0,8.0,8.0,0.9183210901444607
1.0,0.0,0.0,0.0,0.0,0.0,0.0,3.0,8.0,8.0,8.0,0.6994456429722276
1.0,0.0,0.0,0.0,0.0,0.0,0.0,4.0,8.0,8.0,8.0,0.7006335508888828
1.0,0.0,0.0,0.0,0.0,0.0,0.0,1.0,10.0,8.0,8.0,0.7740107594418197
1.0,0.0,0.0,0.0,0.0,0.0,0.0,2.0,10.0,8.0,8.0,0.7924574674349383
1.0,0.0,0.0,0.0,0.0,0.0,0.0,3.0,10.0,8.0,8.0,0.6033070264070566
1.0,0.0,0.0,0.0,0.0,0.0,0.0,4.0,10.0,8.0,8.0,0.5886425079876567
1.0,0.0,0.0,0.0,0.0,0.0,0.0,1.0,16.0,8.0,8.0,0.4985799721456076
1.0,0.0,0.0,0.0,0.0,0.0,0.0,2.0,16.0,8.0,8.0,0.49265408667631566
1.0,0.0,0.0,0.0,0.0,0.0,0.0,3.0,16.0,8.0,8.0,0.3745323465960296
1.0,0.0,0.0,0.0,0.0,0.0,0.0,4.0,16.0,8.0,8.0,0.3706682323384037
1.0,0.0,0.0,0.0,0.0,0.0,0.0,1.0,20.0,8.0,8.0,0.44450968076681524
1.0,0.0,0.0,0.0,0.0,0.0,0.0,2.0,20.0,8.0,8.0,0.40569103470875784
1.0,0.0,0.0,0.0,0.0,0.0,0.0,3.0,20.0,8.0,8.0,0.32615582074879174
1.0,0.0,0.0,0.0,0.0,0.0,0.0,4.0,20.0,8.0,8.0,0.3170075643791475
1.0,0.0,0.0,0.0,0.0,0.0,0.0,1.0,32.0,8.0,8.0,0.3575056664573036
1.0,0.0,0.0,0.0,0.0,0.0,0.0,2.0,32.0,8.0,8.0,0.3523853737130998
1.0,0.0,0.0,0.0,0.0,0.0,0.0,3.0,32.0,8.0,8.0,0.2377044703569186
1.0,0.0,0.0,0.0,0.0,0.0,0.0,4.0,32.0,8.0,8.0,0.2355744285753298
1.0,0.0,0.0,0.0,0.0,0.0,0.0,1.0,64.0,8.0,8.0,0.27515770501652154
1.0,0.0,0.0,0.0,0.0,0.0,0.0,2.0,64.0,8.0,8.0,0.27114339550506567
1.0,0.0,0.0,0.0,0.0,0.0,0.0,3.0,64.0,8.0,8.0,0.16734482099456566
1.0,0.0,0.0,0.0,0.0,0.0,0.0,4.0,64.0,8.0,8.0,0.1660749883940032
1.0,0.0,0.0,0.0,0.0,0.0,0.0,1.0,128.0,8.0,8.0,0.17581037166498265
1.0,0.0,0.0,0.0,0.0,0.0,0.0,2.0,128.0,8.0,8.0,0.17645211502225627
1.0,0.0,0.0,0.0,0.0,0.0,0.0,3.0,128.0,8.0,8.0,0.10291105710150478
1.0,0.0,0.0,0.0,0.0,0.0,0.0,4.0,128.0,8.0,8.0,0.10284278653158202
1.0,0.0,0.0,0.0,0.0,0.0,0.0,1.0,0.0,10.0,8.0,0.13614517053988368
1.0,0.0,0.0,0.0,0.0,0.0,0.0,2.0,0.0,10.0,8.0,0.13658210218738914
1.0,0.0,0.0,0.0,0.0,0.0,0.0,3.0,0.0,10.0,8.0,0.07345913323684428
1.0,0.0,0.0,0.0,0.0,0.0,0.0,4.0,0.0,10.0,8.0,0.07747344274830009
1.0,0.0,0.0,0.0,0.0,0.0,0.0,1.0,8.0,10.0,8.0,0.8998197656954043
1.0,0.0,0.0,0.0,0.0,0.0,0.0,2.0,8.0,10.0,8.0,0.8817417187798684
1.0,0.0,0.0,0.0,0.0,0.0,0.0,3.0,8.0,10.0,8.0,0.642507987656681
1.0,0.0,0.0,0.0,0.0,0.0,0.0,4.0,8.0,10.0,8.0,0.6276659657554822
1.0,0.0,0.0,0.0,0.0,0.0,0.0,1.0,10.0,10.0,8.0,0.7922253474972012
1.0,0.0,0.0,0.0,0.0,0.0,0.0,2.0,10.0,10.0,8.0,0.7844561566399957
1.0,0.0,0.0,0.0,0.0,0.0,0.0,3.0,10.0,10.0,8.0,0.5548485758759114
1.0,0.0,0.0,0.0,0.0,0.0,0.0,4.0,10.0,10.0,8.0,0.5408667631557389
1.0,0.0,0.0,0.0,0.0,0.0,0.0,1.0,16.0,10.0,8.0,0.4836287173325325
1.0,0.0,0.0,0.0,0.0,0.0,0.0,2.0,16.0,10.0,8.0,0.48145771320898995
1.0,0.0,0.0,0.0,0.0,0.0,0.0,3.0,16.0,10.0,8.0,0.3531226958682652
1.0,0.0,0.0,0.0,0.0,0.0,0.0,4.0,16.0,10.0,8.0,0.3436057784210384
1.0,0.0,0.0,0.0,0.0,0.0,0.0,1.0,20.0,10.0,8.0,0.4367677981375789
1.0,0.0,0.0,0.0,0.0,0.0,0.0,2.0,20.0,10.0,8.0,0.3913951773669408
1.0,0.0,0.0,0.0,0.0,0.0,0.0,3.0,20.0,10.0,8.0,0.310412627324613
1.0,0.0,0.0,0.0,0.0,0.0,0.0,4.0,20.0,10.0,8.0,0.3019607307681806
1.0,0.0,0.0,0.0,0.0,0.0,0.0,1.0,32.0,10.0,8.0,0.3651246620606789
1.0,0.0,0.0,0.0,0.0,0.0,0.0,2.0,32.0,10.0,8.0,0.36119227723313035
1.0,0.0,0.0,0.0,0.0,0.0,0.0,3.0,32.0,10.0,8.0,0.23876949124771302
1.0,0.0,0.0,0.0,0.0,0.0,0.0,4.0,32.0,10.0,8.0,0.23302110926022018
1.0,0.0,0.0,0.0,0.0,0.0,0.0,1.0,64.0,10.0,8.0,0.29812392473852384
1.0,0.0,0.0,0.0,0.0,0.0,0.0,2.0,64.0,10.0,8.0,0.2950244408640324
1.0,0.0,0.0,0.0,0.0,0.0,0.0,3.0,64.0,10.0,8.0,0.17781752642071064
1.0,0.0,0.0,0.0,0.0,0.0,0.0,4.0,64.0,10.0,8.0,0.1757011387531064
1.0,0.0,0.0,0.0,0.0,0.0,0.0,1.0,128.0,10.0,8.0,0.19144433217728501
1.0,0.0,0.0,0.0,0.0,0.0,0.0,2.0,128.0,10.0,8.0,0.19204511319260503
1.0,0.0,0.0,0.0,0.0,0.0,0.0,3.0,128.0,10.0,8.0,0.1111991042901227
1.0,0.0,0.0,0.0,0.0,0.0,0.0,4.0,128.0,10.0,8.0,0.11014773751331286
1.0,0.0,0.0,0.0,0.0,0.0,0.0,1.0,0.0,16.0,8.0,0.10248777956798388
1.0,0.0,0.0,0.0,0.0,0.0,0.0,2.0,0.0,16.0,8.0,0.10255605013790658
1.0,0.0,0.0,0.0,0.0,0.0,0.0,3.0,0.0,16.0,8.0,0.04972828313170763
1.0,0.0,0.0,0.0,0.0,0.0,0.0,4.0,0.0,16.0,8.0,0.052513722384554484
1.0,0.0,0.0,0.0,0.0,0.0,0.0,1.0,8.0,16.0,8.0,0.6420437477812067
1.0,0.0,0.0,0.0,0.0,0.0,0.0,2.0,8.0,16.0,8.0,0.6335508888828205
1.0,0.0,0.0,0.0,0.0,0.0,0.0,3.0,8.0,16.0,8.0,0.42669106201698587
1.0,0.0,0.0,0.0,0.0,0.0,0.0,4.0,8.0,16.0,8.0,0.42084710123160124
1.0,0.0,0.0,0.0,0.0,0.0,0.0,1.0,10.0,16.0,8.0,0.5794532892760589
1.0,0.0,0.0,0.0,0.0,0.0,0.0,2.0,10.0,16.0,8.0,0.568052104098965
1.0,0.0,0.0,0.0,0.0,0.0,0.0,3.0,10.0,16.0,8.0,0.3773450940768454
1.0,0.0,0.0,0.0,0.0,0.0,0.0,4.0,10.0,16.0,8.0,0.36627160763538064
1.0,0.0,0.0,0.0,0.0,0.0,0.0,1.0,16.0,16.0,8.0,0.3351948442065595
1.0,0.0,0.0,0.0,0.0,0.0,0.0,2.0,16.0,16.0,8.0,0.33228651792785174
1.0,0.0,0.0,0.0,0.0,0.0,0.0,3.0,16.0,16.0,8.0,0.23199705071137938
1.0,0.0,0.0,0.0,0.0,0.0,0.0,4.0,16.0,16.0,8.0,0.22648078866162386
1.0,0.0,0.0,0.0,0.0,0.0,0.0,1.0,20.0,16.0,8.0,0.3111636035937629
1.0,0.0,0.0,0.0,0.0,0.0,0.0,2.0,20.0,16.0,8.0,0.27274092684125745
1.0,0.0,0.0,0.0,0.0,0.0,0.0,3.0,20.0,16.0,8.0,0.20987738605641887
1.0,0.0,0.0,0.0,0.0,0.0,0.0,4.0,20.0,16.0,8.0,0.20276359267047167
1.0,0.0,0.0,0.0,0.0,0.0,0.0,1.0,32.0,16.0,8.0,0.2694093230290287
1.0,0.0,0.0,0.0,0.0,0.0,0.0,2.0,32.0,16.0,8.0,0.2632786258499687
1.0,0.0,0.0,0.0,0.0,0.0,0.0,3.0,32.0,16.0,8.0,0.16554247794860594
1.0,0.0,0.0,0.0,0.0,0.0,0.0,4.0,32.0,16.0,8.0,0.16245664818809918
1.0,0.0,0.0,0.0,0.0,0.0,0.0,1.0,64.0,16.0,8.0,0.22616674403997933
1.0,0.0,0.0,0.0,0.0,0.0,0.0,2.0,64.0,16.0,8.0,0.22035009148256374
1.0,0.0,0.0,0.0,0.0,0.0,0.0,3.0,64.0,16.0,8.0,0.12919522652175108
1.0,0.0,0.0,0.0,0.0,0.0,0.0,4.0,64.0,16.0,8.0,0.12695595182828595
1.0,0.0,0.0,0.0,0.0,0.0,0.0,1.0,128.0,16.0,8.0,0.14742346869111672
1.0,0.0,0.0,0.0,0.0,0.0,0.0,2.0,128.0,16.0,8.0,0.14425571424670258
1.0,0.0,0.0,0.0,0.0,0.0,0.0,3.0,128.0,16.0,8.0,0.08229334498484403
1.0,0.0,0.0,0.0,0.0,0.0,0.0,4.0,128.0,16.0,8.0,0.07999945383544066
1.0,0.0,0.0,0.0,0.0,0.0,0.0,1.0,0.0,20.0,8.0,0.10041235424233325
1.0,0.0,0.0,0.0,0.0,0.0,0.0,2.0,0.0,20.0,8.0,0.10068543652202416
1.0,0.0,0.0,0.0,0.0,0.0,0.0,3.0,0.0,20.0,8.0,0.050096944209290284
1.0,0.0,0.0,0.0,0.0,0.0,0.0,4.0,0.0,20.0,8.0,0.050533875856795696
1.0,0.0,0.0,0.0,0.0,0.0,0.0,1.0,8.0,20.0,8.0,0.5878778776045224
1.0,0.0,0.0,0.0,0.0,0.0,0.0,2.0,8.0,20.0,8.0,0.5787842376908163
1.0,0.0,0.0,0.0,0.0,0.0,0.0,3.0,8.0,20.0,8.0,0.37649853900980373
1.0,0.0,0.0,0.0,0.0,0.0,0.0,4.0,8.0,20.0,8.0,0.36594390889975154
1.0,0.0,0.0,0.0,0.0,0.0,0.0,1.0,10.0,20.0,8.0,0.5007782844971191
1.0,0.0,0.0,0.0,0.0,0.0,0.0,2.0,10.0,20.0,8.0,0.5270078374614273
1.0,0.0,0.0,0.0,0.0,0.0,0.0,3.0,10.0,20.0,8.0,0.33414347742974965
1.0,0.0,0.0,0.0,0.0,0.0,0.0,4.0,10.0,20.0,8.0,0.32275594636664034
1.0,0.0,0.0,0.0,0.0,0.0,0.0,1.0,16.0,20.0,8.0,0.3096343428274941
1.0,0.0,0.0,0.0,0.0,0.0,0.0,2.0,16.0,20.0,8.0,0.2989295174636118
1.0,0.0,0.0,0.0,0.0,0.0,0.0,3.0,16.0,20.0,8.0,0.20706463857560292
1.0,0.0,0.0,0.0,0.0,0.0,0.0,4.0,16.0,20.0,8.0,0.19821677271361876
1.0,0.0,0.0,0.0,0.0,0.0,0.0,1.0,20.0,20.0,8.0,0.28643600316775447
1.0,0.0,0.0,0.0,0.0,0.0,0.0,2.0,20.0,20.0,8.0,0.2456511646959229
1.0,0.0,0.0,0.0,0.0,0.0,0.0,3.0,20.0,20.0,8.0,0.18710232393020026
1.0,0.0,0.0,0.0,0.0,0.0,0.0,4.0,20.0,20.0,8.0,0.18012507168409847
1.0,0.0,0.0,0.0,0.0,0.0,0.0,1.0,32.0,20.0,8.0,0.25553674322073255
1.0,0.0,0.0,0.0,0.0,0.0,0.0,2.0,32.0,20.0,8.0,0.2458423222917066
1.0,0.0,0.0,0.0,0.0,0.0,0.0,3.0,32.0,20.0,8.0,0.1532674294765013
1.0,0.0,0.0,0.0,0.0,0.0,0.0,4.0,32.0,20.0,8.0,0.14738250634916306
1.0,0.0,0.0,0.0,0.0,0.0,0.0,1.0,64.0,20.0,8.0,0.21658155602282975
1.0,0.0,0.0,0.0,0.0,0.0,0.0,2.0,64.0,20.0,8.0,0.20982276960048069
1.0,0.0,0.0,0.0,0.0,0.0,0.0,3.0,64.0,20.0,8.0,0.12422512903137722
1.0,0.0,0.0,0.0,0.0,0.0,0.0,4.0,64.0,20.0,8.0,0.11969196318850872
1.0,0.0,0.0,0.0,0.0,0.0,0.0,1.0,128.0,20.0,8.0,0.13703268794887902
1.0,0.0,0.0,0.0,0.0,0.0,0.0,2.0,128.0,20.0,8.0,0.1352303449029193
1.0,0.0,0.0,0.0,0.0,0.0,0.0,3.0,128.0,20.0,8.0,0.07942598104808984
1.0,0.0,0.0,0.0,0.0,0.0,0.0,4.0,128.0,20.0,8.0,0.07594418198203123
1.0,0.0,0.0,0.0,0.0,0.0,0.0,1.0,0.0,32.0,8.0,0.09624784947704751
1.0,0.0,0.0,0.0,0.0,0.0,0.0,2.0,0.0,32.0,8.0,0.09718998334198098
1.0,0.0,0.0,0.0,0.0,0.0,0.0,3.0,0.0,32.0,8.0,0.047229580272536154
1.0,0.0,0.0,0.0,0.0,0.0,0.0,4.0,0.0,32.0,8.0,0.05127119801196106
1.0,0.0,0.0,0.0,0.0,0.0,0.0,1.0,8.0,32.0,8.0,0.5018842677298672
1.0,0.0,0.0,0.0,0.0,0.0,0.0,2.0,8.0,32.0,8.0,0.49354160408531095
1.0,0.0,0.0,0.0,0.0,0.0,0.0,3.0,8.0,32.0,8.0,0.29673120511210044
1.0,0.0,0.0,0.0,0.0,0.0,0.0,4.0,8.0,32.0,8.0,0.2852071329091455
1.0,0.0,0.0,0.0,0.0,0.0,0.0,1.0,10.0,32.0,8.0,0.46527758813730585
1.0,0.0,0.0,0.0,0.0,0.0,0.0,2.0,10.0,32.0,8.0,0.4565116469592289
1.0,0.0,0.0,0.0,0.0,0.0,0.0,3.0,10.0,32.0,8.0,0.2693273983451215
1.0,0.0,0.0,0.0,0.0,0.0,0.0,4.0,10.0,32.0,8.0,0.2570796581009858
1.0,0.0,0.0,0.0,0.0,0.0,0.0,1.0,16.0,32.0,8.0,0.25256014637210206
1.0,0.0,0.0,0.0,0.0,0.0,0.0,2.0,16.0,32.0,8.0,0.24490018842677302
1.0,0.0,0.0,0.0,0.0,0.0,0.0,3.0,16.0,32.0,8.0,0.16330320325514086
1.0,0.0,0.0,0.0,0.0,0.0,0.0,4.0,16.0,32.0,8.0,0.15639422157896182
1.0,0.0,0.0,0.0,0.0,0.0,0.0,1.0,20.0,32.0,8.0,0.24285207132909153
1.0,0.0,0.0,0.0,0.0,0.0,0.0,2.0,20.0,32.0,8.0,0.2054944154673804
1.0,0.0,0.0,0.0,0.0,0.0,0.0,3.0,20.0,32.0,8.0,0.15333570004642405
1.0,0.0,0.0,0.0,0.0,0.0,0.0,4.0,20.0,32.0,8.0,0.14660422185204408
1.0,0.0,0.0,0.0,0.0,0.0,0.0,1.0,32.0,32.0,8.0,0.22876102569704254
1.0,0.0,0.0,0.0,0.0,0.0,0.0,2.0,32.0,32.0,8.0,0.21626751140118522
1.0,0.0,0.0,0.0,0.0,0.0,0.0,3.0,32.0,32.0,8.0,0.13426090281001674
1.0,0.0,0.0,0.0,0.0,0.0,0.0,4.0,32.0,32.0,8.0,0.12661459897867233
1.0,0.0,0.0,0.0,0.0,0.0,0.0,1.0,64.0,32.0,8.0,0.20295475026625526
1.0,0.0,0.0,0.0,0.0,0.0,0.0,2.0,64.0,32.0,8.0,0.19280974357573938
1.0,0.0,0.0,0.0,0.0,0.0,0.0,3.0,64.0,32.0,8.0,0.1178213495726263
1.0,0.0,0.0,0.0,0.0,0.0,0.0,4.0,64.0,32.0,8.0,0.11125372074606088
1.0,0.0,0.0,0.0,0.0,0.0,0.0,1.0,128.0,32.0,8.0,0.12987793222097826
1.0,0.0,0.0,0.0,0.0,0.0,0.0,2.0,128.0,32.0,8.0,0.12434801605723811
1.0,0.0,0.0,0.0,0.0,0.0,0.0,3.0,128.0,32.0,8.0,0.07595783609601581
1.0,0.0,0.0,0.0,0.0,0.0,0.0,4.0,128.0,32.0,8.0,0.07259892405581808
1.0,0.0,0.0,0.0,0.0,0.0,0.0,1.0,0.0,64.0,8.0,0.10075370709194686
1.0,0.0,0.0,0.0,0.0,0.0,0.0,2.0,0.0,64.0,8.0,0.10200988557852486
1.0,0.0,0.0,0.0,0.0,0.0,0.0,3.0,0.0,64.0,8.0,0.05707419645539202
1.0,0.0,0.0,0.0,0.0,0.0,0.0,4.0,0.0,64.0,8.0,0.061443512930445976
1.0,0.0,0.0,0.0,0.0,0.0,0.0,1.0,8.0,64.0,8.0,0.4362899041481199
1.0,0.0,0.0,0.0,0.0,0.0,0.0,2.0,8.0,64.0,8.0,0.41972746388486865
1.0,0.0,0.0,0.0,0.0,0.0,0.0,3.0,8.0,64.0,8.0,0.22891122095087263
1.0,0.0,0.0,0.0,0.0,0.0,0.0,4.0,8.0,64.0,8.0,0.2163767443130616
1.0,0.0,0.0,0.0,0.0,0.0,0.0,1.0,10.0,64.0,8.0,0.41083863568093076
1.0,0.0,0.0,0.0,0.0,0.0,0.0,2.0,10.0,64.0,8.0,0.3983178131571044
1.0,0.0,0.0,0.0,0.0,0.0,0.0,3.0,10.0,64.0,8.0,0.21281302056309576
1.0,0.0,0.0,0.0,0.0,0.0,0.0,4.0,10.0,64.0,8.0,0.20081105437068197
1.0,0.0,0.0,0.0,0.0,0.0,0.0,1.0,16.0,64.0,8.0,0.21644501488298434
1.0,0.0,0.0,0.0,0.0,0.0,0.0,2.0,16.0,64.0,8.0,0.20345995248368337
1.0,0.0,0.0,0.0,0.0,0.0,0.0,3.0,16.0,64.0,8.0,0.12901772303995201
1.0,0.0,0.0,0.0,0.0,0.0,0.0,4.0,16.0,64.0,8.0,0.11973292553046239
1.0,0.0,0.0,0.0,0.0,0.0,0.0,1.0,20.0,64.0,8.0,0.21267647942325024
1.0,0.0,0.0,0.0,0.0,0.0,0.0,2.0,20.0,64.0,8.0,0.1729976241841667
1.0,0.0,0.0,0.0,0.0,0.0,0.0,3.0,20.0,64.0,8.0,0.12586362270952245
1.0,0.0,0.0,0.0,0.0,0.0,0.0,4.0,20.0,64.0,8.0,0.11668805811190913
1.0,0.0,0.0,0.0,0.0,0.0,0.0,1.0,32.0,64.0,8.0,0.20997296485431066
1.0,0.0,0.0,0.0,0.0,0.0,0.0,2.0,32.0,64.0,8.0,0.19539037111881813
1.0,0.0,0.0,0.0,0.0,0.0,0.0,3.0,32.0,64.0,8.0,0.11599169829869743
1.0,0.0,0.0,0.0,0.0,0.0,0.0,4.0,32.0,64.0,8.0,0.10788115459187858
1.0,0.0,0.0,0.0,0.0,0.0,0.0,1.0,64.0,64.0,8.0,0.20156203063983186
1.0,0.0,0.0,0.0,0.0,0.0,0.0,2.0,64.0,64.0,8.0,0.17998853054425307
1.0,0.0,0.0,0.0,0.0,0.0,0.0,3.0,64.0,64.0,8.0,0.11532264671345477
1.0,0.0,0.0,0.0,0.0,0.0,0.0,4.0,64.0,64.0,8.0,0.1016412245009422
1.0,0.0,0.0,0.0,0.0,0.0,0.0,1.0,128.0,64.0,8.0,0.13935388732625142
1.0,0.0,0.0,0.0,0.0,0.0,0.0,2.0,128.0,64.0,8.0,0.12595920150741424
1.0,0.0,0.0,0.0,0.0,0.0,0.0,3.0,128.0,64.0,8.0,0.08562494879707261
1.0,0.0,0.0,0.0,0.0,0.0,0.0,4.0,128.0,64.0,8.0,0.07831999781534177
1.0,0.0,0.0,0.0,0.0,0.0,0.0,1.0,0.0,128.0,8.0,0.17855484857587595
1.0,0.0,0.0,0.0,0.0,0.0,0.0,2.0,0.0,128.0,8.0,0.1811354761189547
1.0,0.0,0.0,0.0,0.0,0.0,0.0,3.0,0.0,128.0,8.0,0.16053141811627852
1.0,0.0,0.0,0.0,0.0,0.0,0.0,4.0,0.0,128.0,8.0,0.1654742073786833
1.0,0.0,0.0,0.0,0.0,0.0,0.0,1.0,8.0,128.0,8.0,0.40084382424424486
1.0,0.0,0.0,0.0,0.0,0.0,0.0,2.0,8.0,128.0,8.0,0.3803353450394605
1.0,0.0,0.0,0.0,0.0,0.0,0.0,3.0,8.0,128.0,8.0,0.19483055244545183
1.0,0.0,0.0,0.0,0.0,0.0,0.0,4.0,8.0,128.0,8.0,0.1837843742319561
1.0,0.0,0.0,0.0,0.0,0.0,0.0,1.0,10.0,128.0,8.0,0.3836259865097355
1.0,0.0,0.0,0.0,0.0,0.0,0.0,2.0,10.0,128.0,8.0,0.36691335099265415
1.0,0.0,0.0,0.0,0.0,0.0,0.0,3.0,10.0,128.0,8.0,0.18454900461509055
1.0,0.0,0.0,0.0,0.0,0.0,0.0,4.0,10.0,128.0,8.0,0.17433572735465203
1.0,0.0,0.0,0.0,0.0,0.0,0.0,1.0,16.0,128.0,8.0,0.2025178186187499
1.0,0.0,0.0,0.0,0.0,0.0,0.0,2.0,16.0,128.0,8.0,0.18820830716294829
1.0,0.0,0.0,0.0,0.0,0.0,0.0,3.0,16.0,128.0,8.0,0.1118954641033344
1.0,0.0,0.0,0.0,0.0,0.0,0.0,4.0,16.0,128.0,8.0,0.10388049919440734
1.0,0.0,0.0,0.0,0.0,0.0,0.0,1.0,20.0,128.0,8.0,0.2026953221005489
1.0,0.0,0.0,0.0,0.0,0.0,0.0,2.0,20.0,128.0,8.0,0.16057238045823213
1.0,0.0,0.0,0.0,0.0,0.0,0.0,3.0,20.0,128.0,8.0,0.11227777929490163
1.0,0.0,0.0,0.0,0.0,0.0,0.0,4.0,20.0,128.0,8.0,0.10423550615800548
1.0,0.0,0.0,0.0,0.0,0.0,0.0,1.0,32.0,128.0,8.0,0.20557634015128762
1.0,0.0,0.0,0.0,0.0,0.0,0.0,2.0,32.0,128.0,8.0,0.187825991971381
1.0,0.0,0.0,0.0,0.0,0.0,0.0,3.0,32.0,128.0,8.0,0.10864578497501304
1.0,0.0,0.0,0.0,0.0,0.0,0.0,4.0,32.0,128.0,8.0,0.10134083399328225
1.0,0.0,0.0,0.0,0.0,0.0,0.0,1.0,64.0,128.0,8.0,0.20639558699036026
1.0,0.0,0.0,0.0,0.0,0.0,0.0,2.0,64.0,128.0,8.0,0.18665173816871033
1.0,0.0,0.0,0.0,0.0,0.0,0.0,3.0,64.0,128.0,8.0,0.12148065212048398
1.0,0.0,0.0,0.0,0.0,0.0,0.0,4.0,64.0,128.0,8.0,0.10717114066468231
1.0,0.0,0.0,0.0,0.0,0.0,0.0,1.0,128.0,128.0,8.0,0.18008410934214486
1.0,0.0,0.0,0.0,0.0,0.0,0.0,2.0,128.0,128.0,8.0,0.158961195008056
1.0,0.0,0.0,0.0,0.0,0.0,0.0,3.0,128.0,128.0,8.0,0.1214943062344685
1.0,0.0,0.0,0.0,0.0,0.0,0.0,4.0,128.0,128.0,8.0,0.11353395778147962
1.0,0.0,0.0,0.0,0.0,0.0,0.0,1.0,0.0,0.0,10.0,0.22279417788579708
1.0,0.0,0.0,0.0,0.0,0.0,0.0,2.0,0.0,0.0,10.0,0.22298533548158067
1.0,0.0,0.0,0.0,0.0,0.0,0.0,3.0,0.0,0.0,10.0,0.20455228160244682
1.0,0.0,0.0,0.0,0.0,0.0,0.0,4.0,0.0,0.0,10.0,0.20956334143477434
1.0,0.0,0.0,0.0,0.0,0.0,0.0,1.0,8.0,0.0,10.0,0.3649061962369263
1.0,0.0,0.0,0.0,0.0,0.0,0.0,2.0,8.0,0.0,10.0,0.3524263360550534
1.0,0.0,0.0,0.0,0.0,0.0,0.0,3.0,8.0,0.0,10.0,0.16155547666511932
1.0,0.0,0.0,0.0,0.0,0.0,0.0,4.0,8.0,0.0,10.0,0.16535132035282235
1.0,0.0,0.0,0.0,0.0,0.0,0.0,1.0,10.0,0.0,10.0,0.3560583303749421
1.0,0.0,0.0,0.0,0.0,0.0,0.0,2.0,10.0,0.0,10.0,0.35133400693628997
1.0,0.0,0.0,0.0,0.0,0.0,0.0,3.0,10.0,0.0,10.0,0.15994429121494308
1.0,0.0,0.0,0.0,0.0,0.0,0.0,4.0,10.0,0.0,10.0,0.16943390043420087
1.0,0.0,0.0,0.0,0.0,0.0,0.0,1.0,16.0,0.0,10.0,0.2348780687621181
1.0,0.0,0.0,0.0,0.0,0.0,0.0,2.0,16.0,0.0,10.0,0.2823397689723914
1.0,0.0,0.0,0.0,0.0,0.0,0.0,3.0,16.0,0.0,10.0,0.1317485458368607
1.0,0.0,0.0,0.0,0.0,0.0,0.0,4.0,16.0,0.0,10.0,0.17049892132499528
1.0,0.0,0.0,0.0,0.0,0.0,0.0,1.0,20.0,0.0,10.0,0.23867391244982122
1.0,0.0,0.0,0.0,0.0,0.0,0.0,2.0,20.0,0.0,10.0,0.24237417733963246
1.0,0.0,0.0,0.0,0.0,0.0,0.0,3.0,20.0,0.0,10.0,0.13600862940003827
1.0,0.0,0.0,0.0,0.0,0.0,0.0,4.0,20.0,0.0,10.0,0.16651192004150855
1.0,0.0,0.0,0.0,0.0,0.0,0.0,1.0,32.0,0.0,10.0,0.24490018842677302
1.0,0.0,0.0,0.0,0.0,0.0,0.0,2.0,32.0,0.0,10.0,0.2637838280673968
1.0,0.0,0.0,0.0,0.0,0.0,0.0,3.0,32.0,0.0,10.0,0.1423714465168356
1.0,0.0,0.0,0.0,0.0,0.0,0.0,4.0,32.0,0.0,10.0,0.16036756874846397
1.0,0.0,0.0,0.0,0.0,0.0,0.0,1.0,64.0,0.0,10.0,0.29365902946557804
1.0,0.0,0.0,0.0,0.0,0.0,0.0,2.0,64.0,0.0,10.0,0.36049591741991877
1.0,0.0,0.0,0.0,0.0,0.0,0.0,3.0,64.0,0.0,10.0,0.18026161282394398
1.0,0.0,0.0,0.0,0.0,0.0,0.0,4.0,64.0,0.0,10.0,0.22888391272290348
1.0,0.0,0.0,0.0,0.0,0.0,0.0,1.0,128.0,0.0,10.0,0.322346322947104
1.0,0.0,0.0,0.0,0.0,0.0,0.0,2.0,128.0,0.0,10.0,0.34748354679264876
1.0,0.0,0.0,0.0,0.0,0.0,0.0,3.0,128.0,0.0,10.0,0.29300363199431995
1.0,0.0,0.0,0.0,0.0,0.0,0.0,4.0,128.0,0.0,10.0,0.3262104372047298
1.0,0.0,0.0,0.0,0.0,0.0,0.0,1.0,0.0,8.0,10.0,0.10101313525765321
1.0,0.0,0.0,0.0,0.0,0.0,0.0,2.0,0.0,8.0,10.0,0.10160026215898854
1.0,0.0,0.0,0.0,0.0,0.0,0.0,3.0,0.0,8.0,10.0,0.0494142385100631
1.0,0.0,0.0,0.0,0.0,0.0,0.0,4.0,0.0,8.0,10.0,0.052909691690106286
1.0,0.0,0.0,0.0,0.0,0.0,0.0,1.0,8.0,8.0,10.0,0.8998061115814195
1.0,0.0,0.0,0.0,0.0,0.0,0.0,2.0,8.0,8.0,10.0,0.9079439635162077
1.0,0.0,0.0,0.0,0.0,0.0,0.0,3.0,8.0,8.0,10.0,0.6986673584751086
1.0,0.0,0.0,0.0,0.0,0.0,0.0,4.0,8.0,8.0,10.0,0.6957726863103855
1.0,0.0,0.0,0.0,0.0,0.0,0.0,1.0,10.0,8.0,10.0,0.7659548321909393
1.0,0.0,0.0,0.0,0.0,0.0,0.0,2.0,10.0,8.0,10.0,0.7889073977989569
1.0,0.0,0.0,0.0,0.0,0.0,0.0,3.0,10.0,8.0,10.0,0.5995794532892762
1.0,0.0,0.0,0.0,0.0,0.0,0.0,4.0,10.0,8.0,10.0,0.5869903601955271
1.0,0.0,0.0,0.0,0.0,0.0,0.0,1.0,16.0,8.0,10.0,0.491657336355444
1.0,0.0,0.0,0.0,0.0,0.0,0.0,2.0,16.0,8.0,10.0,0.4862229989895957
1.0,0.0,0.0,0.0,0.0,0.0,0.0,3.0,16.0,8.0,10.0,0.36975340670143925
1.0,0.0,0.0,0.0,0.0,0.0,0.0,4.0,16.0,8.0,10.0,0.36468773041317354
1.0,0.0,0.0,0.0,0.0,0.0,0.0,1.0,20.0,8.0,10.0,0.4374095414948525
1.0,0.0,0.0,0.0,0.0,0.0,0.0,2.0,20.0,8.0,10.0,0.4012944100057349
1.0,0.0,0.0,0.0,0.0,0.0,0.0,3.0,20.0,8.0,10.0,0.3226876757967176
1.0,0.0,0.0,0.0,0.0,0.0,0.0,4.0,20.0,8.0,10.0,0.3124061279663564
1.0,0.0,0.0,0.0,0.0,0.0,0.0,1.0,32.0,8.0,10.0,0.3507468800349545
1.0,0.0,0.0,0.0,0.0,0.0,0.0,2.0,32.0,8.0,10.0,0.3490401157868866
1.0,0.0,0.0,0.0,0.0,0.0,0.0,3.0,32.0,8.0,10.0,0.2336218902755401
1.0,0.0,0.0,0.0,0.0,0.0,0.0,4.0,32.0,8.0,10.0,0.2296212348780689
1.0,0.0,0.0,0.0,0.0,0.0,0.0,1.0,64.0,8.0,10.0,0.2703104945520087
1.0,0.0,0.0,0.0,0.0,0.0,0.0,2.0,64.0,8.0,10.0,0.2682487233403425
1.0,0.0,0.0,0.0,0.0,0.0,0.0,3.0,64.0,8.0,10.0,0.16233376116223824
1.0,0.0,0.0,0.0,0.0,0.0,0.0,4.0,64.0,8.0,10.0,0.16126874027144383
1.0,0.0,0.0,0.0,0.0,0.0,0.0,1.0,128.0,8.0,10.0,0.17257434665064592
1.0,0.0,0.0,0.0,0.0,0.0,0.0,2.0,128.0,8.0,10.0,0.17282012070236769
1.0,0.0,0.0,0.0,0.0,0.0,0.0,3.0,128.0,8.0,10.0,0.09835058303066718
1.0,0.0,0.0,0.0,0.0,0.0,0.0,4.0,128.0,8.0,10.0,0.09754499030557912
1.0,0.0,0.0,0.0,0.0,0.0,0.0,1.0,0.0,10.0,10.0,0.13097026133974177
1.0,0.0,0.0,0.0,0.0,0.0,0.0,2.0,0.0,10.0,10.0,0.13117507304950993
1.0,0.0,0.0,0.0,0.0,0.0,0.0,3.0,0.0,10.0,10.0,0.06706900789207798
1.0,0.0,0.0,0.0,0.0,0.0,0.0,4.0,0.0,10.0,10.0,0.07098773860564195
1.0,0.0,0.0,0.0,0.0,0.0,0.0,1.0,8.0,10.0,10.0,0.8851142849340508
1.0,0.0,0.0,0.0,0.0,0.0,0.0,2.0,8.0,10.0,10.0,0.8754198640050248
1.0,0.0,0.0,0.0,0.0,0.0,0.0,3.0,8.0,10.0,10.0,0.6385073322592099
1.0,0.0,0.0,0.0,0.0,0.0,0.0,4.0,8.0,10.0,10.0,0.6253584204920946
1.0,0.0,0.0,0.0,0.0,0.0,0.0,1.0,10.0,10.0,10.0,0.7830497828995877
1.0,0.0,0.0,0.0,0.0,0.0,0.0,2.0,10.0,10.0,10.0,0.7797045249733745
1.0,0.0,0.0,0.0,0.0,0.0,0.0,3.0,10.0,10.0,10.0,0.5496736666757696
1.0,0.0,0.0,0.0,0.0,0.0,0.0,4.0,10.0,10.0,10.0,0.5361834020590406
1.0,0.0,0.0,0.0,0.0,0.0,0.0,1.0,16.0,10.0,10.0,0.4761872252109562
1.0,0.0,0.0,0.0,0.0,0.0,0.0,2.0,16.0,10.0,10.0,0.47063000081924694
1.0,0.0,0.0,0.0,0.0,0.0,0.0,3.0,16.0,10.0,10.0,0.3483027936317213
1.0,0.0,0.0,0.0,0.0,0.0,0.0,4.0,16.0,10.0,10.0,0.3429503809497803
1.0,0.0,0.0,0.0,0.0,0.0,0.0,1.0,20.0,10.0,10.0,0.43026843988093627
1.0,0.0,0.0,0.0,0.0,0.0,0.0,2.0,20.0,10.0,10.0,0.387708566591114
1.0,0.0,0.0,0.0,0.0,0.0,0.0,3.0,20.0,10.0,10.0,0.3061935061033891
1.0,0.0,0.0,0.0,0.0,0.0,0.0,4.0,20.0,10.0,10.0,0.2980966165105547
1.0,0.0,0.0,0.0,0.0,0.0,0.0,1.0,32.0,10.0,10.0,0.35943089652912436
1.0,0.0,0.0,0.0,0.0,0.0,0.0,2.0,32.0,10.0,10.0,0.3573008547475354
1.0,0.0,0.0,0.0,0.0,0.0,0.0,3.0,32.0,10.0,10.0,0.23349900324967915
1.0,0.0,0.0,0.0,0.0,0.0,0.0,4.0,32.0,10.0,10.0,0.2314781943799667
1.0,0.0,0.0,0.0,0.0,0.0,0.0,1.0,64.0,10.0,10.0,0.29296266965236634
1.0,0.0,0.0,0.0,0.0,0.0,0.0,2.0,64.0,10.0,10.0,0.29155629591195825
1.0,0.0,0.0,0.0,0.0,0.0,0.0,3.0,64.0,10.0,10.0,0.1740216827330075
1.0,0.0,0.0,0.0,0.0,0.0,0.0,4.0,64.0,10.0,10.0,0.17168682924165052
1.0,0.0,0.0,0.0,0.0,0.0,0.0,1.0,128.0,10.0,10.0,0.18845408121467006
1.0,0.0,0.0,0.0,0.0,0.0,0.0,2.0,128.0,10.0,10.0,0.18923236571178897
1.0,0.0,0.0,0.0,0.0,0.0,0.0,3.0,128.0,10.0,10.0,0.1088505966847812
1.0,0.0,0.0,0.0,0.0,0.0,0.0,4.0,128.0,10.0,10.0,0.10560091755645984
1.0,0.0,0.0,0.0,0.0,0.0,0.0,1.0,0.0,16.0,10.0,0.09755864441956363
1.0,0.0,0.0,0.0,0.0,0.0,0.0,2.0,0.0,16.0,10.0,0.09712171277205828
1.0,0.0,0.0,0.0,0.0,0.0,0.0,3.0,0.0,16.0,10.0,0.043843360004369336
1.0,0.0,0.0,0.0,0.0,0.0,0.0,4.0,0.0,16.0,10.0,0.046942843878860774
1.0,0.0,0.0,0.0,0.0,0.0,0.0,1.0,8.0,16.0,10.0,0.6328545290696088
1.0,0.0,0.0,0.0,0.0,0.0,0.0,2.0,8.0,16.0,10.0,0.6292498429776894
1.0,0.0,0.0,0.0,0.0,0.0,0.0,3.0,8.0,16.0,10.0,0.4235506158005408
1.0,0.0,0.0,0.0,0.0,0.0,0.0,4.0,8.0,16.0,10.0,0.4174608809634344
1.0,0.0,0.0,0.0,0.0,0.0,0.0,1.0,10.0,16.0,10.0,0.5748518528632678
1.0,0.0,0.0,0.0,0.0,0.0,0.0,2.0,10.0,16.0,10.0,0.5675605559955217
1.0,0.0,0.0,0.0,0.0,0.0,0.0,3.0,10.0,16.0,10.0,0.37412272317649325
1.0,0.0,0.0,0.0,0.0,0.0,0.0,4.0,10.0,16.0,10.0,0.36486523389497266
1.0,0.0,0.0,0.0,0.0,0.0,0.0,1.0,16.0,16.0,10.0,0.32950107867500494
1.0,0.0,0.0,0.0,0.0,0.0,0.0,2.0,16.0,16.0,10.0,0.33033397962806194
1.0,0.0,0.0,0.0,0.0,0.0,0.0,3.0,16.0,16.0,10.0,0.22900679974876442
1.0,0.0,0.0,0.0,0.0,0.0,0.0,4.0,16.0,16.0,10.0,0.22411862694229784
1.0,0.0,0.0,0.0,0.0,0.0,0.0,1.0,20.0,16.0,10.0,0.30643928015511074
1.0,0.0,0.0,0.0,0.0,0.0,0.0,2.0,20.0,16.0,10.0,0.2694093230290287
1.0,0.0,0.0,0.0,0.0,0.0,0.0,3.0,20.0,16.0,10.0,0.20658674458614384
1.0,0.0,0.0,0.0,0.0,0.0,0.0,4.0,20.0,16.0,10.0,0.20094759551052738
1.0,0.0,0.0,0.0,0.0,0.0,0.0,1.0,32.0,16.0,10.0,0.2652311641497585
1.0,0.0,0.0,0.0,0.0,0.0,0.0,2.0,32.0,16.0,10.0,0.2600289467216473
1.0,0.0,0.0,0.0,0.0,0.0,0.0,3.0,32.0,16.0,10.0,0.1615145143231656
1.0,0.0,0.0,0.0,0.0,0.0,0.0,4.0,32.0,16.0,10.0,0.15923427728774692
1.0,0.0,0.0,0.0,0.0,0.0,0.0,1.0,64.0,16.0,10.0,0.22197493104672444
1.0,0.0,0.0,0.0,0.0,0.0,0.0,2.0,64.0,16.0,10.0,0.2170184876703351
1.0,0.0,0.0,0.0,0.0,0.0,0.0,3.0,64.0,16.0,10.0,0.1255905404298316
1.0,0.0,0.0,0.0,0.0,0.0,0.0,4.0,64.0,16.0,10.0,0.12331030339441279
1.0,0.0,0.0,0.0,0.0,0.0,0.0,1.0,128.0,16.0,10.0,0.14530708102351247
1.0,0.0,0.0,0.0,0.0,0.0,0.0,2.0,128.0,16.0,10.0,0.14116988448619577
1.0,0.0,0.0,0.0,0.0,0.0,0.0,3.0,128.0,16.0,10.0,0.07870231300690905
1.0,0.0,0.0,0.0,0.0,0.0,0.0,4.0,128.0,16.0,10.0,0.07628553483164485
1.0,0.0,0.0,0.0,0.0,0.0,0.0,1.0,0.0,20.0,10.0,0.09533302384008308
1.0,0.0,0.0,0.0,0.0,0.0,0.0,2.0,0.0,20.0,10.0,0.09490974630656218
1.0,0.0,0.0,0.0,0.0,0.0,0.0,3.0,0.0,20.0,10.0,0.04200005461645595
1.0,0.0,0.0,0.0,0.0,0.0,0.0,4.0,0.0,20.0,10.0,0.04530435020071555
1.0,0.0,0.0,0.0,0.0,0.0,0.0,1.0,8.0,20.0,10.0,0.5818700674513233
1.0,0.0,0.0,0.0,0.0,0.0,0.0,2.0,8.0,20.0,10.0,0.5749064693192061
1.0,0.0,0.0,0.0,0.0,0.0,0.0,3.0,8.0,20.0,10.0,0.3734809798192196
1.0,0.0,0.0,0.0,0.0,0.0,0.0,4.0,8.0,20.0,10.0,0.3649471585788799
1.0,0.0,0.0,0.0,0.0,0.0,0.0,1.0,10.0,20.0,10.0,0.49460662497610536
1.0,0.0,0.0,0.0,0.0,0.0,0.0,2.0,10.0,20.0,10.0,0.5228706409241106
1.0,0.0,0.0,0.0,0.0,0.0,0.0,3.0,10.0,20.0,10.0,0.33103033944127375
1.0,0.0,0.0,0.0,0.0,0.0,0.0,4.0,10.0,20.0,10.0,0.3230153745323467
1.0,0.0,0.0,0.0,0.0,0.0,0.0,1.0,16.0,20.0,10.0,0.30374941970015573
1.0,0.0,0.0,0.0,0.0,0.0,0.0,2.0,16.0,20.0,10.0,0.29606215352685766
1.0,0.0,0.0,0.0,0.0,0.0,0.0,3.0,16.0,20.0,10.0,0.20351456893962155
1.0,0.0,0.0,0.0,0.0,0.0,0.0,4.0,16.0,20.0,10.0,0.19597749802015357
1.0,0.0,0.0,0.0,0.0,0.0,0.0,1.0,20.0,20.0,10.0,0.2813976351074579
1.0,0.0,0.0,0.0,0.0,0.0,0.0,2.0,20.0,20.0,10.0,0.2441219039296541
1.0,0.0,0.0,0.0,0.0,0.0,0.0,3.0,20.0,20.0,10.0,0.1844397717032143
1.0,0.0,0.0,0.0,0.0,0.0,0.0,4.0,20.0,20.0,10.0,0.17810426281438602
1.0,0.0,0.0,0.0,0.0,0.0,0.0,1.0,32.0,20.0,10.0,0.2501297140828533
1.0,0.0,0.0,0.0,0.0,0.0,0.0,2.0,32.0,20.0,10.0,0.24251071847947797
1.0,0.0,0.0,0.0,0.0,0.0,0.0,3.0,32.0,20.0,10.0,0.14938966110489094
1.0,0.0,0.0,0.0,0.0,0.0,0.0,4.0,32.0,20.0,10.0,0.1442284060187335
1.0,0.0,0.0,0.0,0.0,0.0,0.0,1.0,64.0,20.0,10.0,0.21293590758895659
1.0,0.0,0.0,0.0,0.0,0.0,0.0,2.0,64.0,20.0,10.0,0.20733772085529373
1.0,0.0,0.0,0.0,0.0,0.0,0.0,3.0,64.0,20.0,10.0,0.12056582648351954
1.0,0.0,0.0,0.0,0.0,0.0,0.0,4.0,64.0,20.0,10.0,0.11664709576995558
1.0,0.0,0.0,0.0,0.0,0.0,0.0,1.0,128.0,20.0,10.0,0.13505284142112023
1.0,0.0,0.0,0.0,0.0,0.0,0.0,2.0,128.0,20.0,10.0,0.13310030312133053
1.0,0.0,0.0,0.0,0.0,0.0,0.0,3.0,128.0,20.0,10.0,0.07497473988912862
1.0,0.0,0.0,0.0,0.0,0.0,0.0,4.0,128.0,20.0,10.0,0.07199814304049817
1.0,0.0,0.0,0.0,0.0,0.0,0.0,1.0,0.0,32.0,10.0,0.09170102952019449
1.0,0.0,0.0,0.0,0.0,0.0,0.0,2.0,0.0,32.0,10.0,0.0921379611676999
1.0,0.0,0.0,0.0,0.0,0.0,0.0,3.0,0.0,32.0,10.0,0.04264179797372952
1.0,0.0,0.0,0.0,0.0,0.0,0.0,4.0,0.0,32.0,10.0,0.04601436412791177
1.0,0.0,0.0,0.0,0.0,0.0,0.0,1.0,8.0,32.0,10.0,0.4964635844780034
1.0,0.0,0.0,0.0,0.0,0.0,0.0,2.0,8.0,32.0,10.0,0.4913842540757531
1.0,0.0,0.0,0.0,0.0,0.0,0.0,3.0,8.0,32.0,10.0,0.2929217073104126
1.0,0.0,0.0,0.0,0.0,0.0,0.0,4.0,8.0,32.0,10.0,0.28259919713809784
1.0,0.0,0.0,0.0,0.0,0.0,0.0,1.0,10.0,32.0,10.0,0.4613178950817883
1.0,0.0,0.0,0.0,0.0,0.0,0.0,2.0,10.0,32.0,10.0,0.4519102105464378
1.0,0.0,0.0,0.0,0.0,0.0,0.0,3.0,10.0,32.0,10.0,0.26454845845053127
1.0,0.0,0.0,0.0,0.0,0.0,0.0,4.0,10.0,32.0,10.0,0.25362516726289647
1.0,0.0,0.0,0.0,0.0,0.0,0.0,1.0,16.0,32.0,10.0,0.2491875802179198
1.0,0.0,0.0,0.0,0.0,0.0,0.0,2.0,16.0,32.0,10.0,0.24382151342199415
1.0,0.0,0.0,0.0,0.0,0.0,0.0,3.0,16.0,32.0,10.0,0.1595619760233759
1.0,0.0,0.0,0.0,0.0,0.0,0.0,4.0,16.0,32.0,10.0,0.15363609055408406
1.0,0.0,0.0,0.0,0.0,0.0,0.0,1.0,20.0,32.0,10.0,0.23837352194216116
1.0,0.0,0.0,0.0,0.0,0.0,0.0,2.0,20.0,32.0,10.0,0.20434746989267866
1.0,0.0,0.0,0.0,0.0,0.0,0.0,3.0,20.0,32.0,10.0,0.15053660667959262
1.0,0.0,0.0,0.0,0.0,0.0,0.0,4.0,20.0,32.0,10.0,0.14373685791528995
1.0,0.0,0.0,0.0,0.0,0.0,0.0,1.0,32.0,32.0,10.0,0.22504710669324673
1.0,0.0,0.0,0.0,0.0,0.0,0.0,2.0,32.0,32.0,10.0,0.21454709303913272
1.0,0.0,0.0,0.0,0.0,0.0,0.0,3.0,32.0,32.0,10.0,0.1291406100658129
1.0,0.0,0.0,0.0,0.0,0.0,0.0,4.0,32.0,32.0,10.0,0.12290067997487647
1.0,0.0,0.0,0.0,0.0,0.0,0.0,1.0,64.0,32.0,10.0,0.19935006417433582
1.0,0.0,0.0,0.0,0.0,0.0,0.0,2.0,64.0,32.0,10.0,0.18943717742155713
1.0,0.0,0.0,0.0,0.0,0.0,0.0,3.0,64.0,32.0,10.0,0.11332914607171146
1.0,0.0,0.0,0.0,0.0,0.0,0.0,4.0,64.0,32.0,10.0,0.10794942516180128
1.0,0.0,0.0,0.0,0.0,0.0,0.0,1.0,128.0,32.0,10.0,0.12803462683306488
1.0,0.0,0.0,0.0,0.0,0.0,0.0,2.0,128.0,32.0,10.0,0.12269586826510831
1.0,0.0,0.0,0.0,0.0,0.0,0.0,3.0,128.0,32.0,10.0,0.07238045823206535
1.0,0.0,0.0,0.0,0.0,0.0,0.0,4.0,128.0,32.0,10.0,0.06960867309320307
1.0,0.0,0.0,0.0,0.0,0.0,0.0,1.0,0.0,64.0,10.0,0.09450012288702586
1.0,0.0,0.0,0.0,0.0,0.0,0.0,2.0,0.0,64.0,10.0,0.09534667795406765
1.0,0.0,0.0,0.0,0.0,0.0,0.0,3.0,0.0,64.0,10.0,0.05027444769108941
1.0,0.0,0.0,0.0,0.0,0.0,0.0,4.0,0.0,64.0,10.0,0.05413856194871519
1.0,0.0,0.0,0.0,0.0,0.0,0.0,1.0,8.0,64.0,10.0,0.4269914525246458
1.0,0.0,0.0,0.0,0.0,0.0,0.0,2.0,8.0,64.0,10.0,0.4154127638657528
1.0,0.0,0.0,0.0,0.0,0.0,0.0,3.0,8.0,64.0,10.0,0.22261667440399796
1.0,0.0,0.0,0.0,0.0,0.0,0.0,4.0,8.0,64.0,10.0,0.2116251126464404
1.0,0.0,0.0,0.0,0.0,0.0,0.0,1.0,10.0,64.0,10.0,0.40300117425380283
1.0,0.0,0.0,0.0,0.0,0.0,0.0,2.0,10.0,64.0,10.0,0.38931975204129005
1.0,0.0,0.0,0.0,0.0,0.0,0.0,3.0,10.0,64.0,10.0,0.20740599142521648
1.0,0.0,0.0,0.0,0.0,0.0,0.0,4.0,10.0,64.0,10.0,0.19532210054889548
1.0,0.0,0.0,0.0,0.0,0.0,0.0,1.0,16.0,64.0,10.0,0.21286763701903394
1.0,0.0,0.0,0.0,0.0,0.0,0.0,2.0,16.0,64.0,10.0,0.20322783254594617
1.0,0.0,0.0,0.0,0.0,0.0,0.0,3.0,16.0,64.0,10.0,0.1236789644719955
1.0,0.0,0.0,0.0,0.0,0.0,0.0,4.0,16.0,64.0,10.0,0.11469455747016583
1.0,0.0,0.0,0.0,0.0,0.0,0.0,1.0,20.0,64.0,10.0,0.2097271908025889
1.0,0.0,0.0,0.0,0.0,0.0,0.0,2.0,20.0,64.0,10.0,0.17294300772822851
1.0,0.0,0.0,0.0,0.0,0.0,0.0,3.0,20.0,64.0,10.0,0.1201425489499987
1.0,0.0,0.0,0.0,0.0,0.0,0.0,4.0,20.0,64.0,10.0,0.11166334416559714
1.0,0.0,0.0,0.0,0.0,0.0,0.0,1.0,32.0,64.0,10.0,0.20560364837925676
1.0,0.0,0.0,0.0,0.0,0.0,0.0,2.0,32.0,64.0,10.0,0.1923318495862804
1.0,0.0,0.0,0.0,0.0,0.0,0.0,3.0,32.0,64.0,10.0,0.11014773751331286
1.0,0.0,0.0,0.0,0.0,0.0,0.0,4.0,32.0,64.0,10.0,0.1013135257653131
1.0,0.0,0.0,0.0,0.0,0.0,0.0,1.0,64.0,64.0,10.0,0.19844889265135596
1.0,0.0,0.0,0.0,0.0,0.0,0.0,2.0,64.0,64.0,10.0,0.1785821568038451
1.0,0.0,0.0,0.0,0.0,0.0,0.0,3.0,64.0,64.0,10.0,0.10893252136868847
1.0,0.0,0.0,0.0,0.0,0.0,0.0,4.0,64.0,64.0,10.0,0.09566072257571206
1.0,0.0,0.0,0.0,0.0,0.0,0.0,1.0,128.0,64.0,10.0,0.14013217182337045
1.0,0.0,0.0,0.0,0.0,0.0,0.0,2.0,128.0,64.0,10.0,0.12782981512329672
1.0,0.0,0.0,0.0,0.0,0.0,0.0,3.0,128.0,64.0,10.0,0.08427319151260282
1.0,0.0,0.0,0.0,0.0,0.0,0.0,4.0,128.0,64.0,10.0,0.07799229907971278
1.0,0.0,0.0,0.0,0.0,0.0,0.0,1.0,0.0,128.0,10.0,0.17724405363335977
1.0,0.0,0.0,0.0,0.0,0.0,0.0,2.0,0.0,128.0,10.0,0.1778311805346952
1.0,0.0,0.0,0.0,0.0,0.0,0.0,3.0,0.0,128.0,10.0,0.1598350583030667
1.0,0.0,0.0,0.0,0.0,0.0,0.0,4.0,0.0,128.0,10.0,0.16109123678964482
1.0,0.0,0.0,0.0,0.0,0.0,0.0,1.0,8.0,128.0,10.0,0.3907943963516208
1.0,0.0,0.0,0.0,0.0,0.0,0.0,2.0,8.0,128.0,10.0,0.37524236052322574
1.0,0.0,0.0,0.0,0.0,0.0,0.0,3.0,8.0,128.0,10.0,0.18890466697615999
1.0,0.0,0.0,0.0,0.0,0.0,0.0,4.0,8.0,128.0,10.0,0.17807695458641698
1.0,0.0,0.0,0.0,0.0,0.0,0.0,1.0,10.0,128.0,10.0,0.3744777301400913
1.0,0.0,0.0,0.0,0.0,0.0,0.0,2.0,10.0,128.0,10.0,0.3599770610885061
1.0,0.0,0.0,0.0,0.0,0.0,0.0,3.0,10.0,128.0,10.0,0.17859581091782956
1.0,0.0,0.0,0.0,0.0,0.0,0.0,4.0,10.0,128.0,10.0,0.16892869821677275
1.0,0.0,0.0,0.0,0.0,0.0,0.0,1.0,16.0,128.0,10.0,0.19821677271361876
1.0,0.0,0.0,0.0,0.0,0.0,0.0,2.0,16.0,128.0,10.0,0.18777137551544293
1.0,0.0,0.0,0.0,0.0,0.0,0.0,3.0,16.0,128.0,10.0,0.10583303749419704
1.0,0.0,0.0,0.0,0.0,0.0,0.0,4.0,16.0,128.0,10.0,0.0981594254348836
1.0,0.0,0.0,0.0,0.0,0.0,0.0,1.0,20.0,128.0,10.0,0.19853081733526318
1.0,0.0,0.0,0.0,0.0,0.0,0.0,2.0,20.0,128.0,10.0,0.1588656162101642
1.0,0.0,0.0,0.0,0.0,0.0,0.0,3.0,20.0,128.0,10.0,0.10609246565990338
1.0,0.0,0.0,0.0,0.0,0.0,0.0,4.0,20.0,128.0,10.0,0.09866462765231165
1.0,0.0,0.0,0.0,0.0,0.0,0.0,1.0,32.0,128.0,10.0,0.2010841366503729
1.0,0.0,0.0,0.0,0.0,0.0,0.0,2.0,32.0,128.0,10.0,0.186064611267375
1.0,0.0,0.0,0.0,0.0,0.0,0.0,3.0,32.0,128.0,10.0,0.10315683115322649
1.0,0.0,0.0,0.0,0.0,0.0,0.0,4.0,32.0,128.0,10.0,0.09489609219257766
1.0,0.0,0.0,0.0,0.0,0.0,0.0,1.0,64.0,128.0,10.0,0.20803408066850543
1.0,0.0,0.0,0.0,0.0,0.0,0.0,2.0,64.0,128.0,10.0,0.18906851634397454
1.0,0.0,0.0,0.0,0.0,0.0,0.0,3.0,64.0,128.0,10.0,0.11687921570769277
1.0,0.0,0.0,0.0,0.0,0.0,0.0,4.0,64.0,128.0,10.0,0.10214642671837026
1.0,0.0,0.0,0.0,0.0,0.0,0.0,1.0,128.0,128.0,10.0,0.17880062262759772
1.0,0.0,0.0,0.0,0.0,0.0,0.0,2.0,128.0,128.0,10.0,0.15591632758950275
1.0,0.0,0.0,0.0,0.0,0.0,0.0,3.0,128.0,128.0,10.0,0.1183538600180235
1.0,0.0,0.0,0.0,0.0,0.0,0.0,4.0,128.0,128.0,10.0,0.10848193560719849
1.0,0.0,0.0,0.0,0.0,0.0,0.0,1.0,0.0,0.0,16.0,0.22267129085993614
1.0,0.0,0.0,0.0,0.0,0.0,0.0,2.0,0.0,0.0,16.0,0.2297577760179143
1.0,0.0,0.0,0.0,0.0,0.0,0.0,3.0,0.0,0.0,16.0,0.20463420628635415
1.0,0.0,0.0,0.0,0.0,0.0,0.0,4.0,0.0,0.0,16.0,0.2096725743466507
1.0,0.0,0.0,0.0,0.0,0.0,0.0,1.0,8.0,0.0,16.0,0.3576831699391027
1.0,0.0,0.0,0.0,0.0,0.0,0.0,2.0,8.0,0.0,16.0,0.35896665665364985
1.0,0.0,0.0,0.0,0.0,0.0,0.0,3.0,8.0,0.0,16.0,0.16442284060187345
1.0,0.0,0.0,0.0,0.0,0.0,0.0,4.0,8.0,0.0,16.0,0.1879761872252111
1.0,0.0,0.0,0.0,0.0,0.0,0.0,1.0,10.0,0.0,16.0,0.3506103388951091
1.0,0.0,0.0,0.0,0.0,0.0,0.0,2.0,10.0,0.0,16.0,0.3602091810262433
1.0,0.0,0.0,0.0,0.0,0.0,0.0,3.0,10.0,0.0,16.0,0.16436822414593527
1.0,0.0,0.0,0.0,0.0,0.0,0.0,4.0,10.0,0.0,16.0,0.19211338376252768
1.0,0.0,0.0,0.0,0.0,0.0,0.0,1.0,16.0,0.0,16.0,0.26845353505011066
1.0,0.0,0.0,0.0,0.0,0.0,0.0,2.0,16.0,0.0,16.0,0.31355307354105805
1.0,0.0,0.0,0.0,0.0,0.0,0.0,3.0,16.0,0.0,16.0,0.15280318960102685
1.0,0.0,0.0,0.0,0.0,0.0,0.0,4.0,16.0,0.0,16.0,0.19581364865233902
1.0,0.0,0.0,0.0,0.0,0.0,0.0,1.0,20.0,0.0,16.0,0.2626232283787106
1.0,0.0,0.0,0.0,0.0,0.0,0.0,2.0,20.0,0.0,16.0,0.2491875802179198
1.0,0.0,0.0,0.0,0.0,0.0,0.0,3.0,20.0,0.0,16.0,0.1477375133127612
1.0,0.0,0.0,0.0,0.0,0.0,0.0,4.0,20.0,0.0,16.0,0.17201452797727962
1.0,0.0,0.0,0.0,0.0,0.0,0.0,1.0,32.0,0.0,16.0,0.251153772631694
1.0,0.0,0.0,0.0,0.0,0.0,0.0,2.0,32.0,0.0,16.0,0.2562194489199597
1.0,0.0,0.0,0.0,0.0,0.0,0.0,3.0,32.0,0.0,16.0,0.1416204702476857
1.0,0.0,0.0,0.0,0.0,0.0,0.0,4.0,32.0,0.0,16.0,0.14874791774761742
1.0,0.0,0.0,0.0,0.0,0.0,0.0,1.0,64.0,0.0,16.0,0.2937136459215162
1.0,0.0,0.0,0.0,0.0,0.0,0.0,2.0,64.0,0.0,16.0,0.3518665173816872
1.0,0.0,0.0,0.0,0.0,0.0,0.0,3.0,64.0,0.0,16.0,0.17107239411234615
1.0,0.0,0.0,0.0,0.0,0.0,0.0,4.0,64.0,0.0,16.0,0.21696387121439703
1.0,0.0,0.0,0.0,0.0,0.0,0.0,1.0,128.0,0.0,16.0,0.31291133018378453
1.0,0.0,0.0,0.0,0.0,0.0,0.0,2.0,128.0,0.0,16.0,0.3447117616537863
1.0,0.0,0.0,0.0,0.0,0.0,0.0,3.0,128.0,0.0,16.0,0.28109724459979807
1.0,0.0,0.0,0.0,0.0,0.0,0.0,4.0,128.0,0.0,16.0,0.32125399382834047
1.0,0.0,0.0,0.0,0.0,0.0,0.0,1.0,0.0,8.0,16.0,0.09361260547803057
1.0,0.0,0.0,0.0,0.0,0.0,0.0,2.0,0.0,8.0,16.0,0.09254758458723622
1.0,0.0,0.0,0.0,0.0,0.0,0.0,3.0,0.0,8.0,16.0,0.040975996067615206
1.0,0.0,0.0,0.0,0.0,0.0,0.0,4.0,0.0,8.0,16.0,0.04456702804555018
1.0,0.0,0.0,0.0,0.0,0.0,0.0,1.0,8.0,8.0,16.0,0.8904257352740381
1.0,0.0,0.0,0.0,0.0,0.0,0.0,2.0,8.0,8.0,16.0,0.9044485103361644
1.0,0.0,0.0,0.0,0.0,0.0,0.0,3.0,8.0,8.0,16.0,0.6952811382069417
1.0,0.0,0.0,0.0,0.0,0.0,0.0,4.0,8.0,8.0,16.0,0.6977525328381442
1.0,0.0,0.0,0.0,0.0,0.0,0.0,1.0,10.0,8.0,16.0,0.7625549578087878
1.0,0.0,0.0,0.0,0.0,0.0,0.0,2.0,10.0,8.0,16.0,0.782175919604577
1.0,0.0,0.0,0.0,0.0,0.0,0.0,3.0,10.0,8.0,16.0,0.5977088396733938
1.0,0.0,0.0,0.0,0.0,0.0,0.0,4.0,10.0,8.0,16.0,0.5866763155738826
1.0,0.0,0.0,0.0,0.0,0.0,0.0,1.0,16.0,8.0,16.0,0.4893497910920562
1.0,0.0,0.0,0.0,0.0,0.0,0.0,2.0,16.0,8.0,16.0,0.4816625249187581
1.0,0.0,0.0,0.0,0.0,0.0,0.0,3.0,16.0,8.0,16.0,0.36683142630874693
1.0,0.0,0.0,0.0,0.0,0.0,0.0,4.0,16.0,8.0,16.0,0.3624621098336929
1.0,0.0,0.0,0.0,0.0,0.0,0.0,1.0,20.0,8.0,16.0,0.43198885824298866
1.0,0.0,0.0,0.0,0.0,0.0,0.0,2.0,20.0,8.0,16.0,0.39852262486687257
1.0,0.0,0.0,0.0,0.0,0.0,0.0,3.0,20.0,8.0,16.0,0.3178131571042356
1.0,0.0,0.0,0.0,0.0,0.0,0.0,4.0,20.0,8.0,16.0,0.30810508206122517
1.0,0.0,0.0,0.0,0.0,0.0,0.0,1.0,32.0,8.0,16.0,0.3468691116633443
1.0,0.0,0.0,0.0,0.0,0.0,0.0,2.0,32.0,8.0,16.0,0.34210382588273863
1.0,0.0,0.0,0.0,0.0,0.0,0.0,3.0,32.0,8.0,16.0,0.22974412190392973
1.0,0.0,0.0,0.0,0.0,0.0,0.0,4.0,32.0,8.0,16.0,0.22672656271334563
1.0,0.0,0.0,0.0,0.0,0.0,0.0,1.0,64.0,8.0,16.0,0.26543597585952655
1.0,0.0,0.0,0.0,0.0,0.0,0.0,2.0,64.0,8.0,16.0,0.262759769518556
1.0,0.0,0.0,0.0,0.0,0.0,0.0,3.0,64.0,8.0,16.0,0.15821021873890612
1.0,0.0,0.0,0.0,0.0,0.0,0.0,4.0,64.0,8.0,16.0,0.1575138589256943
1.0,0.0,0.0,0.0,0.0,0.0,0.0,1.0,128.0,8.0,16.0,0.16875119473497374
1.0,0.0,0.0,0.0,0.0,0.0,0.0,2.0,128.0,8.0,16.0,0.16873754062098917
1.0,0.0,0.0,0.0,0.0,0.0,0.0,3.0,128.0,8.0,16.0,0.09138698489855002
1.0,0.0,0.0,0.0,0.0,0.0,0.0,4.0,128.0,8.0,16.0,0.0911139026188591
1.0,0.0,0.0,0.0,0.0,0.0,0.0,1.0,0.0,10.0,16.0,0.12389743029574818
1.0,0.0,0.0,0.0,0.0,0.0,0.0,2.0,0.0,10.0,16.0,0.12347415276222734
1.0,0.0,0.0,0.0,0.0,0.0,0.0,3.0,0.0,10.0,16.0,0.059245200578934454
1.0,0.0,0.0,0.0,0.0,0.0,0.0,4.0,0.0,10.0,16.0,0.06401048635954021
1.0,0.0,0.0,0.0,0.0,0.0,0.0,1.0,8.0,10.0,16.0,0.8822196127693274
1.0,0.0,0.0,0.0,0.0,0.0,0.0,2.0,8.0,10.0,16.0,0.8674595155520359
1.0,0.0,0.0,0.0,0.0,0.0,0.0,3.0,8.0,10.0,16.0,0.6377290477620907
1.0,0.0,0.0,0.0,0.0,0.0,0.0,4.0,8.0,10.0,16.0,0.6248805265026354
1.0,0.0,0.0,0.0,0.0,0.0,0.0,1.0,10.0,10.0,16.0,0.776127147109424
1.0,0.0,0.0,0.0,0.0,0.0,0.0,2.0,10.0,10.0,16.0,0.7741746088096344
1.0,0.0,0.0,0.0,0.0,0.0,0.0,3.0,10.0,10.0,16.0,0.5522269859908793
1.0,0.0,0.0,0.0,0.0,0.0,0.0,4.0,10.0,10.0,16.0,0.5354733881318443
1.0,0.0,0.0,0.0,0.0,0.0,0.0,1.0,16.0,10.0,16.0,0.4710259701247987
1.0,0.0,0.0,0.0,0.0,0.0,0.0,2.0,16.0,10.0,16.0,0.4644583412982332
1.0,0.0,0.0,0.0,0.0,0.0,0.0,3.0,16.0,10.0,16.0,0.34465714519784824
1.0,0.0,0.0,0.0,0.0,0.0,0.0,4.0,16.0,10.0,16.0,0.33660121794696757
1.0,0.0,0.0,0.0,0.0,0.0,0.0,1.0,20.0,10.0,16.0,0.42436986263961346
1.0,0.0,0.0,0.0,0.0,0.0,0.0,2.0,20.0,10.0,16.0,0.38351675359785903
1.0,0.0,0.0,0.0,0.0,0.0,0.0,3.0,20.0,10.0,16.0,0.302424970643655
1.0,0.0,0.0,0.0,0.0,0.0,0.0,4.0,20.0,10.0,16.0,0.29588465004505876
1.0,0.0,0.0,0.0,0.0,0.0,0.0,1.0,32.0,10.0,16.0,0.35245364428302256
1.0,0.0,0.0,0.0,0.0,0.0,0.0,2.0,32.0,10.0,16.0,0.35148420219011994
1.0,0.0,0.0,0.0,0.0,0.0,0.0,3.0,32.0,10.0,16.0,0.22982604658783706
1.0,0.0,0.0,0.0,0.0,0.0,0.0,4.0,32.0,10.0,16.0,0.22689041208116018
1.0,0.0,0.0,0.0,0.0,0.0,0.0,1.0,64.0,10.0,16.0,0.286395040825801
1.0,0.0,0.0,0.0,0.0,0.0,0.0,2.0,64.0,10.0,16.0,0.28606734209017187
1.0,0.0,0.0,0.0,0.0,0.0,0.0,3.0,64.0,10.0,16.0,0.17269723367650686
1.0,0.0,0.0,0.0,0.0,0.0,0.0,4.0,64.0,10.0,16.0,0.17119528113820698
1.0,0.0,0.0,0.0,0.0,0.0,0.0,1.0,128.0,10.0,16.0,0.18539555968213234
1.0,0.0,0.0,0.0,0.0,0.0,0.0,2.0,128.0,10.0,16.0,0.18521805620033321
1.0,0.0,0.0,0.0,0.0,0.0,0.0,3.0,128.0,10.0,16.0,0.10037139190037964
1.0,0.0,0.0,0.0,0.0,0.0,0.0,4.0,128.0,10.0,16.0,0.10056254949616322
1.0,0.0,0.0,0.0,0.0,0.0,0.0,1.0,0.0,16.0,16.0,0.09030830989377103
1.0,0.0,0.0,0.0,0.0,0.0,0.0,2.0,0.0,16.0,16.0,0.08957098773860567
1.0,0.0,0.0,0.0,0.0,0.0,0.0,3.0,0.0,16.0,16.0,0.036893415986236744
1.0,0.0,0.0,0.0,0.0,0.0,0.0,4.0,0.0,16.0,16.0,0.0413992736011361
1.0,0.0,0.0,0.0,0.0,0.0,0.0,1.0,8.0,16.0,16.0,0.6341516698981404
1.0,0.0,0.0,0.0,0.0,0.0,0.0,2.0,8.0,16.0,16.0,0.6331958819192225
1.0,0.0,0.0,0.0,0.0,0.0,0.0,3.0,8.0,16.0,16.0,0.42483410251508785
1.0,0.0,0.0,0.0,0.0,0.0,0.0,4.0,8.0,16.0,16.0,0.4205330566099567
1.0,0.0,0.0,0.0,0.0,0.0,0.0,1.0,10.0,16.0,16.0,0.5754253256506185
1.0,0.0,0.0,0.0,0.0,0.0,0.0,2.0,10.0,16.0,16.0,0.5696905977771103
1.0,0.0,0.0,0.0,0.0,0.0,0.0,3.0,10.0,16.0,16.0,0.3771675905950463
1.0,0.0,0.0,0.0,0.0,0.0,0.0,4.0,10.0,16.0,16.0,0.367637019033835
1.0,0.0,0.0,0.0,0.0,0.0,0.0,1.0,16.0,16.0,16.0,0.32559600207542544
1.0,0.0,0.0,0.0,0.0,0.0,0.0,2.0,16.0,16.0,16.0,0.3248723340342446
1.0,0.0,0.0,0.0,0.0,0.0,0.0,3.0,16.0,16.0,16.0,0.22874737158305797
1.0,0.0,0.0,0.0,0.0,0.0,0.0,4.0,16.0,16.0,16.0,0.22489691143941676
1.0,0.0,0.0,0.0,0.0,0.0,0.0,1.0,20.0,16.0,16.0,0.30216554247794875
1.0,0.0,0.0,0.0,0.0,0.0,0.0,2.0,20.0,16.0,16.0,0.2703378027799777
1.0,0.0,0.0,0.0,0.0,0.0,0.0,3.0,20.0,16.0,16.0,0.2064228952183294
1.0,0.0,0.0,0.0,0.0,0.0,0.0,4.0,20.0,16.0,16.0,0.20104317430841917
1.0,0.0,0.0,0.0,0.0,0.0,0.0,1.0,32.0,16.0,16.0,0.25985144323984827
1.0,0.0,0.0,0.0,0.0,0.0,0.0,2.0,32.0,16.0,16.0,0.25548212676479426
1.0,0.0,0.0,0.0,0.0,0.0,0.0,3.0,32.0,16.0,16.0,0.16092738742183027
1.0,0.0,0.0,0.0,0.0,0.0,0.0,4.0,32.0,16.0,16.0,0.15894754089407143
1.0,0.0,0.0,0.0,0.0,0.0,0.0,1.0,64.0,16.0,16.0,0.2181790873590213
1.0,0.0,0.0,0.0,0.0,0.0,0.0,2.0,64.0,16.0,16.0,0.21290859936098755
1.0,0.0,0.0,0.0,0.0,0.0,0.0,3.0,64.0,16.0,16.0,0.12703787651219317
1.0,0.0,0.0,0.0,0.0,0.0,0.0,4.0,64.0,16.0,16.0,0.1250034135284962
1.0,0.0,0.0,0.0,0.0,0.0,0.0,1.0,128.0,16.0,16.0,0.14249433354269647
1.0,0.0,0.0,0.0,0.0,0.0,0.0,2.0,128.0,16.0,16.0,0.1388077227668697
1.0,0.0,0.0,0.0,0.0,0.0,0.0,3.0,128.0,16.0,16.0,0.07467434938146866
1.0,0.0,0.0,0.0,0.0,0.0,0.0,4.0,128.0,16.0,16.0,0.07253065348589538
1.0,0.0,0.0,0.0,0.0,0.0,0.0,1.0,0.0,20.0,16.0,0.08719517190529508
1.0,0.0,0.0,0.0,0.0,0.0,0.0,2.0,0.0,20.0,16.0,0.08887462792539397
1.0,0.0,0.0,0.0,0.0,0.0,0.0,3.0,0.0,20.0,16.0,0.036961686556159445
1.0,0.0,0.0,0.0,0.0,0.0,0.0,4.0,0.0,20.0,16.0,0.04105792075152248
1.0,0.0,0.0,0.0,0.0,0.0,0.0,1.0,8.0,20.0,16.0,0.5824571943526586
1.0,0.0,0.0,0.0,0.0,0.0,0.0,2.0,8.0,20.0,16.0,0.5776236380021302
1.0,0.0,0.0,0.0,0.0,0.0,0.0,3.0,8.0,20.0,16.0,0.3751194734973648
1.0,0.0,0.0,0.0,0.0,0.0,0.0,4.0,8.0,20.0,16.0,0.3660667959256125
1.0,0.0,0.0,0.0,0.0,0.0,0.0,1.0,10.0,20.0,16.0,0.495425871815178
1.0,0.0,0.0,0.0,0.0,0.0,0.0,2.0,10.0,20.0,16.0,0.5291651874709851
1.0,0.0,0.0,0.0,0.0,0.0,0.0,3.0,10.0,20.0,16.0,0.3323957508397281
1.0,0.0,0.0,0.0,0.0,0.0,0.0,4.0,10.0,20.0,16.0,0.3230017204183621
1.0,0.0,0.0,0.0,0.0,0.0,0.0,1.0,16.0,20.0,16.0,0.30159206969059776
1.0,0.0,0.0,0.0,0.0,0.0,0.0,2.0,16.0,20.0,16.0,0.2925120838908764
1.0,0.0,0.0,0.0,0.0,0.0,0.0,3.0,16.0,20.0,16.0,0.2026953221005489
1.0,0.0,0.0,0.0,0.0,0.0,0.0,4.0,16.0,20.0,16.0,0.19701521068297884
1.0,0.0,0.0,0.0,0.0,0.0,0.0,1.0,20.0,20.0,16.0,0.27720582211420314
1.0,0.0,0.0,0.0,0.0,0.0,0.0,2.0,20.0,20.0,16.0,0.24543269887217029
1.0,0.0,0.0,0.0,0.0,0.0,0.0,3.0,20.0,20.0,16.0,0.18367514132007984
1.0,0.0,0.0,0.0,0.0,0.0,0.0,4.0,20.0,20.0,16.0,0.17795406756055604
1.0,0.0,0.0,0.0,0.0,0.0,0.0,1.0,32.0,20.0,16.0,0.24662060678882552
1.0,0.0,0.0,0.0,0.0,0.0,0.0,2.0,32.0,20.0,16.0,0.23977989568256924
1.0,0.0,0.0,0.0,0.0,0.0,0.0,3.0,32.0,20.0,16.0,0.14822906141620473
1.0,0.0,0.0,0.0,0.0,0.0,0.0,4.0,32.0,20.0,16.0,0.14436494715857895
1.0,0.0,0.0,0.0,0.0,0.0,0.0,1.0,64.0,20.0,16.0,0.21051912941369239
1.0,0.0,0.0,0.0,0.0,0.0,0.0,2.0,64.0,20.0,16.0,0.20438843223463238
1.0,0.0,0.0,0.0,0.0,0.0,0.0,3.0,64.0,20.0,16.0,0.12176738851415936
1.0,0.0,0.0,0.0,0.0,0.0,0.0,4.0,64.0,20.0,16.0,0.119446189136787
1.0,0.0,0.0,0.0,0.0,0.0,0.0,1.0,128.0,20.0,16.0,0.133414347742975
1.0,0.0,0.0,0.0,0.0,0.0,0.0,2.0,128.0,20.0,16.0,0.13087468254184992
1.0,0.0,0.0,0.0,0.0,0.0,0.0,3.0,128.0,20.0,16.0,0.07179333133073001
1.0,0.0,0.0,0.0,0.0,0.0,0.0,4.0,128.0,20.0,16.0,0.06930828258554306
1.0,0.0,0.0,0.0,0.0,0.0,0.0,1.0,0.0,32.0,16.0,0.08390453043502011
1.0,0.0,0.0,0.0,0.0,0.0,0.0,2.0,0.0,32.0,16.0,0.08521532537753629
1.0,0.0,0.0,0.0,0.0,0.0,0.0,3.0,0.0,32.0,16.0,0.03629263497091678
1.0,0.0,0.0,0.0,0.0,0.0,0.0,4.0,0.0,32.0,16.0,0.03892787896993366
1.0,0.0,0.0,0.0,0.0,0.0,0.0,1.0,8.0,32.0,16.0,0.4907288566044951
1.0,0.0,0.0,0.0,0.0,0.0,0.0,2.0,8.0,32.0,16.0,0.48578606734209023
1.0,0.0,0.0,0.0,0.0,0.0,0.0,3.0,8.0,32.0,16.0,0.28960375761216867
1.0,0.0,0.0,0.0,0.0,0.0,0.0,4.0,8.0,32.0,16.0,0.2793495180097764
1.0,0.0,0.0,0.0,0.0,0.0,0.0,1.0,10.0,32.0,16.0,0.45886015456457035
1.0,0.0,0.0,0.0,0.0,0.0,0.0,2.0,10.0,32.0,16.0,0.447267811791693
1.0,0.0,0.0,0.0,0.0,0.0,0.0,3.0,10.0,32.0,16.0,0.26138070400611707
1.0,0.0,0.0,0.0,0.0,0.0,0.0,4.0,10.0,32.0,16.0,0.2504983751604359
1.0,0.0,0.0,0.0,0.0,0.0,0.0,1.0,16.0,32.0,16.0,0.24569212703787663
1.0,0.0,0.0,0.0,0.0,0.0,0.0,2.0,16.0,32.0,16.0,0.24115896119500818
1.0,0.0,0.0,0.0,0.0,0.0,0.0,3.0,16.0,32.0,16.0,0.15599825227341008
1.0,0.0,0.0,0.0,0.0,0.0,0.0,4.0,16.0,32.0,16.0,0.14893907534340106
1.0,0.0,0.0,0.0,0.0,0.0,0.0,1.0,20.0,32.0,16.0,0.23582020262705156
1.0,0.0,0.0,0.0,0.0,0.0,0.0,2.0,20.0,32.0,16.0,0.20449766514650874
1.0,0.0,0.0,0.0,0.0,0.0,0.0,3.0,20.0,32.0,16.0,0.1465905677380595
1.0,0.0,0.0,0.0,0.0,0.0,0.0,4.0,20.0,32.0,16.0,0.1400229389114941
1.0,0.0,0.0,0.0,0.0,0.0,0.0,1.0,32.0,32.0,16.0,0.22080067724405367
1.0,0.0,0.0,0.0,0.0,0.0,0.0,2.0,32.0,32.0,16.0,0.21027335536197062
1.0,0.0,0.0,0.0,0.0,0.0,0.0,3.0,32.0,32.0,16.0,0.12463475245091354
1.0,0.0,0.0,0.0,0.0,0.0,0.0,4.0,32.0,32.0,16.0,0.11808077773833264
1.0,0.0,0.0,0.0,0.0,0.0,0.0,1.0,64.0,32.0,16.0,0.19671482017531888
1.0,0.0,0.0,0.0,0.0,0.0,0.0,2.0,64.0,32.0,16.0,0.18637865588901942
1.0,0.0,0.0,0.0,0.0,0.0,0.0,3.0,64.0,32.0,16.0,0.1095196482700238
1.0,0.0,0.0,0.0,0.0,0.0,0.0,4.0,64.0,32.0,16.0,0.10377126628253097
1.0,0.0,0.0,0.0,0.0,0.0,0.0,1.0,128.0,32.0,16.0,0.12956388759933374
1.0,0.0,0.0,0.0,0.0,0.0,0.0,2.0,128.0,32.0,16.0,0.12403397143559358
1.0,0.0,0.0,0.0,0.0,0.0,0.0,3.0,128.0,32.0,16.0,0.07210737595237449
1.0,0.0,0.0,0.0,0.0,0.0,0.0,4.0,128.0,32.0,16.0,0.06859826865834678
1.0,0.0,0.0,0.0,0.0,0.0,0.0,1.0,0.0,64.0,16.0,0.08659439088997523
1.0,0.0,0.0,0.0,0.0,0.0,0.0,2.0,0.0,64.0,16.0,0.08678554848575881
1.0,0.0,0.0,0.0,0.0,0.0,0.0,3.0,0.0,64.0,16.0,0.039596930555176324
1.0,0.0,0.0,0.0,0.0,0.0,0.0,4.0,0.0,64.0,16.0,0.04481280209727195
1.0,0.0,0.0,0.0,0.0,0.0,0.0,1.0,8.0,64.0,16.0,0.4175974221032798
1.0,0.0,0.0,0.0,0.0,0.0,0.0,2.0,8.0,64.0,16.0,0.4034381059013082
1.0,0.0,0.0,0.0,0.0,0.0,0.0,3.0,8.0,64.0,16.0,0.21528441519429814
1.0,0.0,0.0,0.0,0.0,0.0,0.0,4.0,8.0,64.0,16.0,0.2032551407739152
1.0,0.0,0.0,0.0,0.0,0.0,0.0,1.0,10.0,64.0,16.0,0.39192768781233794
1.0,0.0,0.0,0.0,0.0,0.0,0.0,2.0,10.0,64.0,16.0,0.3795024440864034
1.0,0.0,0.0,0.0,0.0,0.0,0.0,3.0,10.0,64.0,16.0,0.19947295120019665
1.0,0.0,0.0,0.0,0.0,0.0,0.0,4.0,10.0,64.0,16.0,0.1877850296294274
1.0,0.0,0.0,0.0,0.0,0.0,0.0,1.0,16.0,64.0,16.0,0.21105163985908965
1.0,0.0,0.0,0.0,0.0,0.0,0.0,2.0,16.0,64.0,16.0,0.20015565689942388
1.0,0.0,0.0,0.0,0.0,0.0,0.0,3.0,16.0,64.0,16.0,0.11571861601900657
1.0,0.0,0.0,0.0,0.0,0.0,0.0,4.0,16.0,64.0,16.0,0.1087140555449358
1.0,0.0,0.0,0.0,0.0,0.0,0.0,1.0,20.0,64.0,16.0,0.20635462464840665
1.0,0.0,0.0,0.0,0.0,0.0,0.0,2.0,20.0,64.0,16.0,0.16927005106638643
1.0,0.0,0.0,0.0,0.0,0.0,0.0,3.0,20.0,64.0,16.0,0.11285125208225244
1.0,0.0,0.0,0.0,0.0,0.0,0.0,4.0,20.0,64.0,16.0,0.10486359540129447
1.0,0.0,0.0,0.0,0.0,0.0,0.0,1.0,32.0,64.0,16.0,0.2000054616455939
1.0,0.0,0.0,0.0,0.0,0.0,0.0,2.0,32.0,64.0,16.0,0.18650154291488036
1.0,0.0,0.0,0.0,0.0,0.0,0.0,3.0,32.0,64.0,16.0,0.10105409759960682
1.0,0.0,0.0,0.0,0.0,0.0,0.0,4.0,32.0,64.0,16.0,0.09249296813129804
1.0,0.0,0.0,0.0,0.0,0.0,0.0,1.0,64.0,64.0,16.0,0.19910429012261405
1.0,0.0,0.0,0.0,0.0,0.0,0.0,2.0,64.0,64.0,16.0,0.17855484857587595
1.0,0.0,0.0,0.0,0.0,0.0,0.0,3.0,64.0,64.0,16.0,0.10195526912258673
1.0,0.0,0.0,0.0,0.0,0.0,0.0,4.0,64.0,64.0,16.0,0.08805538108632138
1.0,0.0,0.0,0.0,0.0,0.0,0.0,1.0,128.0,64.0,16.0,0.14639941014227598
1.0,0.0,0.0,0.0,0.0,0.0,0.0,2.0,128.0,64.0,16.0,0.13266337147382512
1.0,0.0,0.0,0.0,0.0,0.0,0.0,3.0,128.0,64.0,16.0,0.08748190829897057
1.0,0.0,0.0,0.0,0.0,0.0,0.0,4.0,128.0,64.0,16.0,0.0803271525710697
1.0,0.0,0.0,0.0,0.0,0.0,0.0,1.0,0.0,128.0,16.0,0.17761271471094248
1.0,0.0,0.0,0.0,0.0,0.0,0.0,2.0,0.0,128.0,16.0,0.18546383025205498
1.0,0.0,0.0,0.0,0.0,0.0,0.0,3.0,0.0,128.0,16.0,0.15669461208662178
1.0,0.0,0.0,0.0,0.0,0.0,0.0,4.0,0.0,128.0,16.0,0.1584423386766433
1.0,0.0,0.0,0.0,0.0,0.0,0.0,1.0,8.0,128.0,16.0,0.3785466561074852
1.0,0.0,0.0,0.0,0.0,0.0,0.0,2.0,8.0,128.0,16.0,0.3622026816679867
1.0,0.0,0.0,0.0,0.0,0.0,0.0,3.0,8.0,128.0,16.0,0.18030257516589748
1.0,0.0,0.0,0.0,0.0,0.0,0.0,4.0,8.0,128.0,16.0,0.17041699664108795
1.0,0.0,0.0,0.0,0.0,0.0,0.0,1.0,10.0,128.0,16.0,0.36366367186433285
1.0,0.0,0.0,0.0,0.0,0.0,0.0,2.0,10.0,128.0,16.0,0.3493131980665775
1.0,0.0,0.0,0.0,0.0,0.0,0.0,3.0,10.0,128.0,16.0,0.1694748627761546
1.0,0.0,0.0,0.0,0.0,0.0,0.0,4.0,10.0,128.0,16.0,0.16042218520440216
1.0,0.0,0.0,0.0,0.0,0.0,0.0,1.0,16.0,128.0,16.0,0.1942024632021629
1.0,0.0,0.0,0.0,0.0,0.0,0.0,2.0,16.0,128.0,16.0,0.1825691580873317
1.0,0.0,0.0,0.0,0.0,0.0,0.0,3.0,16.0,128.0,16.0,0.09824135011879082
1.0,0.0,0.0,0.0,0.0,0.0,0.0,4.0,16.0,128.0,16.0,0.0927660504109889
1.0,0.0,0.0,0.0,0.0,0.0,0.0,1.0,20.0,128.0,16.0,0.19379283978262657
1.0,0.0,0.0,0.0,0.0,0.0,0.0,2.0,20.0,128.0,16.0,0.15475572790081654
1.0,0.0,0.0,0.0,0.0,0.0,0.0,3.0,20.0,128.0,16.0,0.09907425107184797
1.0,0.0,0.0,0.0,0.0,0.0,0.0,4.0,20.0,128.0,16.0,0.09253393047325165
1.0,0.0,0.0,0.0,0.0,0.0,0.0,1.0,32.0,128.0,16.0,0.1993091018323822
1.0,0.0,0.0,0.0,0.0,0.0,0.0,2.0,32.0,128.0,16.0,0.1819683770720119
1.0,0.0,0.0,0.0,0.0,0.0,0.0,3.0,32.0,128.0,16.0,0.09575630137360391
1.0,0.0,0.0,0.0,0.0,0.0,0.0,4.0,32.0,128.0,16.0,0.08816461399819775
1.0,0.0,0.0,0.0,0.0,0.0,0.0,1.0,64.0,128.0,16.0,0.21865698134848038
1.0,0.0,0.0,0.0,0.0,0.0,0.0,2.0,64.0,128.0,16.0,0.19769791638220607
1.0,0.0,0.0,0.0,0.0,0.0,0.0,3.0,64.0,128.0,16.0,0.11300144733608242
1.0,0.0,0.0,0.0,0.0,0.0,0.0,4.0,64.0,128.0,16.0,0.09839154537262079
1.0,0.0,0.0,0.0,0.0,0.0,0.0,1.0,128.0,128.0,16.0,0.17466342609028113
1.0,0.0,0.0,0.0,0.0,0.0,0.0,2.0,128.0,128.0,16.0,0.14979928452442726
1.0,0.0,0.0,0.0,0.0,0.0,0.0,3.0,128.0,128.0,16.0,0.11013408339932823
1.0,0.0,0.0,0.0,0.0,0.0,0.0,4.0,128.0,128.0,16.0,0.09947022037739978
1.0,0.0,0.0,0.0,0.0,0.0,0.0,1.0,0.0,0.0,20.0,0.2224118626942298
1.0,0.0,0.0,0.0,0.0,0.0,0.0,2.0,0.0,0.0,20.0,0.22299898959556524
1.0,0.0,0.0,0.0,0.0,0.0,0.0,3.0,0.0,0.0,20.0,0.20436112400666334
1.0,0.0,0.0,0.0,0.0,0.0,0.0,4.0,0.0,0.0,20.0,0.20965892023266613
1.0,0.0,0.0,0.0,0.0,0.0,0.0,1.0,8.0,0.0,20.0,0.36030475982413507
1.0,0.0,0.0,0.0,0.0,0.0,0.0,2.0,8.0,0.0,20.0,0.3698626396133155
1.0,0.0,0.0,0.0,0.0,0.0,0.0,3.0,8.0,0.0,20.0,0.1733662852617494
1.0,0.0,0.0,0.0,0.0,0.0,0.0,4.0,8.0,0.0,20.0,0.20699636800568016
1.0,0.0,0.0,0.0,0.0,0.0,0.0,1.0,10.0,0.0,20.0,0.353368469919987
1.0,0.0,0.0,0.0,0.0,0.0,0.0,2.0,10.0,0.0,20.0,0.37083208170621823
1.0,0.0,0.0,0.0,0.0,0.0,0.0,3.0,10.0,0.0,20.0,0.17250607608072316
1.0,0.0,0.0,0.0,0.0,0.0,0.0,4.0,10.0,0.0,20.0,0.20755618667904646
1.0,0.0,0.0,0.0,0.0,0.0,0.0,1.0,16.0,0.0,20.0,0.281902837324886
1.0,0.0,0.0,0.0,0.0,0.0,0.0,2.0,16.0,0.0,20.0,0.3147682896856823
1.0,0.0,0.0,0.0,0.0,0.0,0.0,3.0,16.0,0.0,20.0,0.16159643900707293
1.0,0.0,0.0,0.0,0.0,0.0,0.0,4.0,16.0,0.0,20.0,0.18928698216772727
1.0,0.0,0.0,0.0,0.0,0.0,0.0,1.0,20.0,0.0,20.0,0.27026953221005495
1.0,0.0,0.0,0.0,0.0,0.0,0.0,2.0,20.0,0.0,20.0,0.24615636691335102
1.0,0.0,0.0,0.0,0.0,0.0,0.0,3.0,20.0,0.0,20.0,0.15154701111444885
1.0,0.0,0.0,0.0,0.0,0.0,0.0,4.0,20.0,0.0,20.0,0.16917447226849452
1.0,0.0,0.0,0.0,0.0,0.0,0.0,1.0,32.0,0.0,20.0,0.2517135913050604
1.0,0.0,0.0,0.0,0.0,0.0,0.0,2.0,32.0,0.0,20.0,0.2524918758021793
1.0,0.0,0.0,0.0,0.0,0.0,0.0,3.0,32.0,0.0,20.0,0.13957235315000416
1.0,0.0,0.0,0.0,0.0,0.0,0.0,4.0,32.0,0.0,20.0,0.14402359430896539
1.0,0.0,0.0,0.0,0.0,0.0,0.0,1.0,64.0,0.0,20.0,0.2897676069799832
1.0,0.0,0.0,0.0,0.0,0.0,0.0,2.0,64.0,0.0,20.0,0.3493268521805621
1.0,0.0,0.0,0.0,0.0,0.0,0.0,3.0,64.0,0.0,20.0,0.1682596466315302
1.0,0.0,0.0,0.0,0.0,0.0,0.0,4.0,64.0,0.0,20.0,0.2240367022583905
1.0,0.0,0.0,0.0,0.0,0.0,0.0,1.0,128.0,0.0,20.0,0.308050465605287
1.0,0.0,0.0,0.0,0.0,0.0,0.0,2.0,128.0,0.0,20.0,0.34367404899096116
1.0,0.0,0.0,0.0,0.0,0.0,0.0,3.0,128.0,0.0,20.0,0.27649580818700686
1.0,0.0,0.0,0.0,0.0,0.0,0.0,4.0,128.0,0.0,20.0,0.3182637428657255
1.0,0.0,0.0,0.0,0.0,0.0,0.0,1.0,0.0,8.0,20.0,0.09026734755181737
1.0,0.0,0.0,0.0,0.0,0.0,0.0,2.0,0.0,8.0,20.0,0.10444031786777364
1.0,0.0,0.0,0.0,0.0,0.0,0.0,3.0,0.0,8.0,20.0,0.03819055681476835
1.0,0.0,0.0,0.0,0.0,0.0,0.0,4.0,0.0,8.0,20.0,0.04238236980802318
1.0,0.0,0.0,0.0,0.0,0.0,0.0,1.0,8.0,8.0,20.0,0.893183866298916
1.0,0.0,0.0,0.0,0.0,0.0,0.0,2.0,8.0,8.0,20.0,0.9103197793495181
1.0,0.0,0.0,0.0,0.0,0.0,0.0,3.0,8.0,8.0,20.0,0.6977934951800979
1.0,0.0,0.0,0.0,0.0,0.0,0.0,4.0,8.0,8.0,20.0,0.700838362598651
1.0,0.0,0.0,0.0,0.0,0.0,0.0,1.0,10.0,8.0,20.0,0.7612578169802562
1.0,0.0,0.0,0.0,0.0,0.0,0.0,2.0,10.0,8.0,20.0,0.7872825582347962
1.0,0.0,0.0,0.0,0.0,0.0,0.0,3.0,10.0,8.0,20.0,0.5997569567710752
1.0,0.0,0.0,0.0,0.0,0.0,0.0,4.0,10.0,8.0,20.0,0.5940495371255361
1.0,0.0,0.0,0.0,0.0,0.0,0.0,1.0,16.0,8.0,20.0,0.48437969360168237
1.0,0.0,0.0,0.0,0.0,0.0,0.0,2.0,16.0,8.0,20.0,0.4800786476965511
1.0,0.0,0.0,0.0,0.0,0.0,0.0,3.0,16.0,8.0,20.0,0.36635353231928786
1.0,0.0,0.0,0.0,0.0,0.0,0.0,4.0,16.0,8.0,20.0,0.36292634970916754
1.0,0.0,0.0,0.0,0.0,0.0,0.0,1.0,20.0,8.0,20.0,0.4317977006472051
1.0,0.0,0.0,0.0,0.0,0.0,0.0,2.0,20.0,8.0,20.0,0.3965154701111447
1.0,0.0,0.0,0.0,0.0,0.0,0.0,3.0,20.0,8.0,20.0,0.3197110789480872
1.0,0.0,0.0,0.0,0.0,0.0,0.0,4.0,20.0,8.0,20.0,0.3104535896665666
1.0,0.0,0.0,0.0,0.0,0.0,0.0,1.0,32.0,8.0,20.0,0.34506676861738456
1.0,0.0,0.0,0.0,0.0,0.0,0.0,2.0,32.0,8.0,20.0,0.34041071574865517
1.0,0.0,0.0,0.0,0.0,0.0,0.0,3.0,32.0,8.0,20.0,0.23026297823534242
1.0,0.0,0.0,0.0,0.0,0.0,0.0,4.0,32.0,8.0,20.0,0.22967585133400698
1.0,0.0,0.0,0.0,0.0,0.0,0.0,1.0,64.0,8.0,20.0,0.26419345148693313
1.0,0.0,0.0,0.0,0.0,0.0,0.0,2.0,64.0,8.0,20.0,0.2611895464103335
1.0,0.0,0.0,0.0,0.0,0.0,0.0,3.0,64.0,8.0,20.0,0.1597940959611131
1.0,0.0,0.0,0.0,0.0,0.0,0.0,4.0,64.0,8.0,20.0,0.15890657855211782
1.0,0.0,0.0,0.0,0.0,0.0,0.0,1.0,128.0,8.0,20.0,0.16697615991698306
1.0,0.0,0.0,0.0,0.0,0.0,0.0,2.0,128.0,8.0,20.0,0.1672355880826894
1.0,0.0,0.0,0.0,0.0,0.0,0.0,3.0,128.0,8.0,20.0,0.08939348425680665
1.0,0.0,0.0,0.0,0.0,0.0,0.0,4.0,128.0,8.0,20.0,0.0892569431169612
1.0,0.0,0.0,0.0,0.0,0.0,0.0,1.0,0.0,10.0,20.0,0.12213604959174201
1.0,0.0,0.0,0.0,0.0,0.0,0.0,2.0,0.0,10.0,20.0,0.12180835085611297
1.0,0.0,0.0,0.0,0.0,0.0,0.0,3.0,0.0,10.0,20.0,0.05783882683852648
1.0,0.0,0.0,0.0,0.0,0.0,0.0,4.0,0.0,10.0,20.0,0.06316393129249848
1.0,0.0,0.0,0.0,0.0,0.0,0.0,1.0,8.0,10.0,20.0,0.8841175346131791
1.0,0.0,0.0,0.0,0.0,0.0,0.0,2.0,8.0,10.0,20.0,0.8736175209590651
1.0,0.0,0.0,0.0,0.0,0.0,0.0,3.0,8.0,10.0,20.0,0.6390808050465606
1.0,0.0,0.0,0.0,0.0,0.0,0.0,4.0,8.0,10.0,20.0,0.628512520822524
1.0,0.0,0.0,0.0,0.0,0.0,0.0,1.0,10.0,10.0,20.0,0.7831453616974797
1.0,0.0,0.0,0.0,0.0,0.0,0.0,2.0,10.0,10.0,20.0,0.7769873562904503
1.0,0.0,0.0,0.0,0.0,0.0,0.0,3.0,10.0,10.0,20.0,0.5520358283950957
1.0,0.0,0.0,0.0,0.0,0.0,0.0,4.0,10.0,10.0,20.0,0.5402250197984655
1.0,0.0,0.0,0.0,0.0,0.0,0.0,1.0,16.0,10.0,20.0,0.4696195963843907
1.0,0.0,0.0,0.0,0.0,0.0,0.0,2.0,16.0,10.0,20.0,0.4634479368633771
1.0,0.0,0.0,0.0,0.0,0.0,0.0,3.0,16.0,10.0,20.0,0.34595428602637984
1.0,0.0,0.0,0.0,0.0,0.0,0.0,4.0,16.0,10.0,20.0,0.33940031131379894
1.0,0.0,0.0,0.0,0.0,0.0,0.0,1.0,20.0,10.0,20.0,0.4225948278216228
1.0,0.0,0.0,0.0,0.0,0.0,0.0,2.0,20.0,10.0,20.0,0.38348944536989
1.0,0.0,0.0,0.0,0.0,0.0,0.0,3.0,20.0,10.0,20.0,0.30391326906797017
1.0,0.0,0.0,0.0,0.0,0.0,0.0,4.0,20.0,10.0,20.0,0.3111909118217319
1.0,0.0,0.0,0.0,0.0,0.0,0.0,1.0,32.0,10.0,20.0,0.3518255550397336
1.0,0.0,0.0,0.0,0.0,0.0,0.0,2.0,32.0,10.0,20.0,0.3495453180043148
1.0,0.0,0.0,0.0,0.0,0.0,0.0,3.0,32.0,10.0,20.0,0.2334307326797565
1.0,0.0,0.0,0.0,0.0,0.0,0.0,4.0,32.0,10.0,20.0,0.22914334088860983
1.0,0.0,0.0,0.0,0.0,0.0,0.0,1.0,64.0,10.0,20.0,0.2842786531581967
1.0,0.0,0.0,0.0,0.0,0.0,0.0,2.0,64.0,10.0,20.0,0.28401922499249027
1.0,0.0,0.0,0.0,0.0,0.0,0.0,3.0,64.0,10.0,20.0,0.176069799830689
1.0,0.0,0.0,0.0,0.0,0.0,0.0,4.0,64.0,10.0,20.0,0.1749501624839565
1.0,0.0,0.0,0.0,0.0,0.0,0.0,1.0,128.0,10.0,20.0,0.18360687075015708
1.0,0.0,0.0,0.0,0.0,0.0,0.0,2.0,128.0,10.0,20.0,0.184057456511647
1.0,0.0,0.0,0.0,0.0,0.0,0.0,3.0,128.0,10.0,20.0,0.09963406974521433
1.0,0.0,0.0,0.0,0.0,0.0,0.0,4.0,128.0,10.0,20.0,0.09981157322701334
1.0,0.0,0.0,0.0,0.0,0.0,0.0,1.0,0.0,16.0,20.0,0.08745460007100142
1.0,0.0,0.0,0.0,0.0,0.0,0.0,2.0,0.0,16.0,20.0,0.08827384691007406
1.0,0.0,0.0,0.0,0.0,0.0,0.0,3.0,0.0,16.0,20.0,0.03730303940577301
1.0,0.0,0.0,0.0,0.0,0.0,0.0,4.0,0.0,16.0,20.0,0.04195909227450234
1.0,0.0,0.0,0.0,0.0,0.0,0.0,1.0,8.0,16.0,20.0,0.6380294382697507
1.0,0.0,0.0,0.0,0.0,0.0,0.0,2.0,8.0,16.0,20.0,0.6404052541030614
1.0,0.0,0.0,0.0,0.0,0.0,0.0,3.0,8.0,16.0,20.0,0.42790627816161014
1.0,0.0,0.0,0.0,0.0,0.0,0.0,4.0,8.0,16.0,20.0,0.42311368415303535
1.0,0.0,0.0,0.0,0.0,0.0,0.0,1.0,10.0,16.0,20.0,0.5809552418143586
1.0,0.0,0.0,0.0,0.0,0.0,0.0,2.0,10.0,16.0,20.0,0.5751932057128815
1.0,0.0,0.0,0.0,0.0,0.0,0.0,3.0,10.0,16.0,20.0,0.3785193478795162
1.0,0.0,0.0,0.0,0.0,0.0,0.0,4.0,10.0,16.0,20.0,0.37058630765449635
1.0,0.0,0.0,0.0,0.0,0.0,0.0,1.0,16.0,16.0,20.0,0.32614216663480716
1.0,0.0,0.0,0.0,0.0,0.0,0.0,2.0,16.0,16.0,20.0,0.326538135940359
1.0,0.0,0.0,0.0,0.0,0.0,0.0,3.0,16.0,16.0,20.0,0.23325322919795738
1.0,0.0,0.0,0.0,0.0,0.0,0.0,4.0,16.0,16.0,20.0,0.22865179278516617
1.0,0.0,0.0,0.0,0.0,0.0,0.0,1.0,20.0,16.0,20.0,0.3007864769655098
1.0,0.0,0.0,0.0,0.0,0.0,0.0,2.0,20.0,16.0,20.0,0.274816352166908
1.0,0.0,0.0,0.0,0.0,0.0,0.0,3.0,20.0,16.0,20.0,0.2086075534558563
1.0,0.0,0.0,0.0,0.0,0.0,0.0,4.0,20.0,16.0,20.0,0.20388323001720426
1.0,0.0,0.0,0.0,0.0,0.0,0.0,1.0,32.0,16.0,20.0,0.2595510527321883
1.0,0.0,0.0,0.0,0.0,0.0,0.0,2.0,32.0,16.0,20.0,0.256806575821295
1.0,0.0,0.0,0.0,0.0,0.0,0.0,3.0,32.0,16.0,20.0,0.1627706928097436
1.0,0.0,0.0,0.0,0.0,0.0,0.0,4.0,32.0,16.0,20.0,0.16084546273792294
1.0,0.0,0.0,0.0,0.0,0.0,0.0,1.0,64.0,16.0,20.0,0.21778311805346967
1.0,0.0,0.0,0.0,0.0,0.0,0.0,2.0,64.0,16.0,20.0,0.2131134110707557
1.0,0.0,0.0,0.0,0.0,0.0,0.0,3.0,64.0,16.0,20.0,0.12989158633496278
1.0,0.0,0.0,0.0,0.0,0.0,0.0,4.0,64.0,16.0,20.0,0.12904503126792105
1.0,0.0,0.0,0.0,0.0,0.0,0.0,1.0,128.0,16.0,20.0,0.14314973101395456
1.0,0.0,0.0,0.0,0.0,0.0,0.0,2.0,128.0,16.0,20.0,0.1387804145389006
1.0,0.0,0.0,0.0,0.0,0.0,0.0,3.0,128.0,16.0,20.0,0.07497473988912862
1.0,0.0,0.0,0.0,0.0,0.0,0.0,4.0,128.0,16.0,20.0,0.07365029083262792
1.0,0.0,0.0,0.0,0.0,0.0,0.0,1.0,0.0,20.0,20.0,0.08475108550206184
1.0,0.0,0.0,0.0,0.0,0.0,0.0,2.0,0.0,20.0,20.0,0.08685381905568151
1.0,0.0,0.0,0.0,0.0,0.0,0.0,3.0,0.0,20.0,20.0,0.03690707010022126
1.0,0.0,0.0,0.0,0.0,0.0,0.0,4.0,0.0,20.0,20.0,0.04105792075152248
1.0,0.0,0.0,0.0,0.0,0.0,0.0,1.0,8.0,20.0,20.0,0.5851743630355828
1.0,0.0,0.0,0.0,0.0,0.0,0.0,2.0,8.0,20.0,20.0,0.5806002348507606
1.0,0.0,0.0,0.0,0.0,0.0,0.0,3.0,8.0,20.0,20.0,0.3780004915481035
1.0,0.0,0.0,0.0,0.0,0.0,0.0,4.0,8.0,20.0,20.0,0.3678691389715723
1.0,0.0,0.0,0.0,0.0,0.0,0.0,1.0,10.0,20.0,20.0,0.4978836123323958
1.0,0.0,0.0,0.0,0.0,0.0,0.0,2.0,10.0,20.0,20.0,0.5278407384144843
1.0,0.0,0.0,0.0,0.0,0.0,0.0,3.0,10.0,20.0,20.0,0.334075206859827
1.0,0.0,0.0,0.0,0.0,0.0,0.0,4.0,10.0,20.0,20.0,0.32443540238673924
1.0,0.0,0.0,0.0,0.0,0.0,0.0,1.0,16.0,20.0,20.0,0.30211092602201045
1.0,0.0,0.0,0.0,0.0,0.0,0.0,2.0,16.0,20.0,20.0,0.29476501269832606
1.0,0.0,0.0,0.0,0.0,0.0,0.0,3.0,16.0,20.0,20.0,0.2047024768562769
1.0,0.0,0.0,0.0,0.0,0.0,0.0,4.0,16.0,20.0,20.0,0.19872197493104676
1.0,0.0,0.0,0.0,0.0,0.0,0.0,1.0,20.0,20.0,20.0,0.27784756547147665
1.0,0.0,0.0,0.0,0.0,0.0,0.0,2.0,20.0,20.0,20.0,0.24879161091236796
1.0,0.0,0.0,0.0,0.0,0.0,0.0,3.0,20.0,20.0,20.0,0.18636500177503484
1.0,0.0,0.0,0.0,0.0,0.0,0.0,4.0,20.0,20.0,20.0,0.18012507168409847
1.0,0.0,0.0,0.0,0.0,0.0,0.0,1.0,32.0,20.0,20.0,0.2470029219803928
1.0,0.0,0.0,0.0,0.0,0.0,0.0,2.0,32.0,20.0,20.0,0.23960239220077012
1.0,0.0,0.0,0.0,0.0,0.0,0.0,3.0,32.0,20.0,20.0,0.14918484939512278
1.0,0.0,0.0,0.0,0.0,0.0,0.0,4.0,32.0,20.0,20.0,0.14541631393538879
1.0,0.0,0.0,0.0,0.0,0.0,0.0,1.0,64.0,20.0,20.0,0.21124279745487323
1.0,0.0,0.0,0.0,0.0,0.0,0.0,2.0,64.0,20.0,20.0,0.2055899942652722
1.0,0.0,0.0,0.0,0.0,0.0,0.0,3.0,64.0,20.0,20.0,0.12359703978808823
1.0,0.0,0.0,0.0,0.0,0.0,0.0,4.0,64.0,20.0,20.0,0.12107102870094766
1.0,0.0,0.0,0.0,0.0,0.0,0.0,1.0,128.0,20.0,20.0,0.13411070755618676
1.0,0.0,0.0,0.0,0.0,0.0,0.0,2.0,128.0,20.0,20.0,0.13097026133974177
1.0,0.0,0.0,0.0,0.0,0.0,0.0,3.0,128.0,20.0,20.0,0.07289931456347803
1.0,0.0,0.0,0.0,0.0,0.0,0.0,4.0,128.0,20.0,20.0,0.07038695759032199
1.0,0.0,0.0,0.0,0.0,0.0,0.0,1.0,0.0,32.0,20.0,0.0809825500423278
1.0,0.0,0.0,0.0,0.0,0.0,0.0,2.0,0.0,32.0,20.0,0.08140582757584869
1.0,0.0,0.0,0.0,0.0,0.0,0.0,3.0,0.0,32.0,20.0,0.03233294191539915
1.0,0.0,0.0,0.0,0.0,0.0,0.0,4.0,0.0,32.0,20.0,0.03592397389333407
1.0,0.0,0.0,0.0,0.0,0.0,0.0,1.0,8.0,32.0,20.0,0.4918894562931813
1.0,0.0,0.0,0.0,0.0,0.0,0.0,2.0,8.0,32.0,20.0,0.4829733198612743
1.0,0.0,0.0,0.0,0.0,0.0,0.0,3.0,8.0,32.0,20.0,0.28784237690816245
1.0,0.0,0.0,0.0,0.0,0.0,0.0,4.0,8.0,32.0,20.0,0.27678254458068224
1.0,0.0,0.0,0.0,0.0,0.0,0.0,1.0,10.0,32.0,20.0,0.45338485485676855
1.0,0.0,0.0,0.0,0.0,0.0,0.0,2.0,10.0,32.0,20.0,0.44561566399956315
1.0,0.0,0.0,0.0,0.0,0.0,0.0,3.0,10.0,32.0,20.0,0.2603020290013382
1.0,0.0,0.0,0.0,0.0,0.0,0.0,4.0,10.0,32.0,20.0,0.2486277615445534
1.0,0.0,0.0,0.0,0.0,0.0,0.0,1.0,16.0,32.0,20.0,0.24466806848903583
1.0,0.0,0.0,0.0,0.0,0.0,0.0,2.0,16.0,32.0,20.0,0.23980720391053828
1.0,0.0,0.0,0.0,0.0,0.0,0.0,3.0,16.0,32.0,20.0,0.15411398454354308
1.0,0.0,0.0,0.0,0.0,0.0,0.0,4.0,16.0,32.0,20.0,0.1470821158415031
1.0,0.0,0.0,0.0,0.0,0.0,0.0,1.0,20.0,32.0,20.0,0.23497364756000988
1.0,0.0,0.0,0.0,0.0,0.0,0.0,2.0,20.0,32.0,20.0,0.20524864141565863
1.0,0.0,0.0,0.0,0.0,0.0,0.0,3.0,20.0,32.0,20.0,0.14517053988366702
1.0,0.0,0.0,0.0,0.0,0.0,0.0,4.0,20.0,32.0,20.0,0.13798847592779706
1.0,0.0,0.0,0.0,0.0,0.0,0.0,1.0,32.0,32.0,20.0,0.22002239274693475
1.0,0.0,0.0,0.0,0.0,0.0,0.0,2.0,32.0,32.0,20.0,0.20983642371446526
1.0,0.0,0.0,0.0,0.0,0.0,0.0,3.0,32.0,32.0,20.0,0.12371992681394905
1.0,0.0,0.0,0.0,0.0,0.0,0.0,4.0,32.0,32.0,20.0,0.11567765367705296
1.0,0.0,0.0,0.0,0.0,0.0,0.0,1.0,64.0,32.0,20.0,0.19682405308719525
1.0,0.0,0.0,0.0,0.0,0.0,0.0,2.0,64.0,32.0,20.0,0.18572325841776133
1.0,0.0,0.0,0.0,0.0,0.0,0.0,3.0,64.0,32.0,20.0,0.10745787705835774
1.0,0.0,0.0,0.0,0.0,0.0,0.0,4.0,64.0,32.0,20.0,0.10176411152680309
1.0,0.0,0.0,0.0,0.0,0.0,0.0,1.0,128.0,32.0,20.0,0.13181681640678344
1.0,0.0,0.0,0.0,0.0,0.0,0.0,2.0,128.0,32.0,20.0,0.12671017777656413
1.0,0.0,0.0,0.0,0.0,0.0,0.0,3.0,128.0,32.0,20.0,0.07396433545427245
1.0,0.0,0.0,0.0,0.0,0.0,0.0,4.0,128.0,32.0,20.0,0.07020945410852297
1.0,0.0,0.0,0.0,0.0,0.0,0.0,1.0,0.0,64.0,20.0,0.08275758486031842
1.0,0.0,0.0,0.0,0.0,0.0,0.0,2.0,0.0,64.0,20.0,0.08387722220705107
1.0,0.0,0.0,0.0,0.0,0.0,0.0,3.0,0.0,64.0,20.0,0.03631994319888587
1.0,0.0,0.0,0.0,0.0,0.0,0.0,4.0,0.0,64.0,20.0,0.041221770119336976
1.0,0.0,0.0,0.0,0.0,0.0,0.0,1.0,8.0,64.0,20.0,0.41452524645675753
1.0,0.0,0.0,0.0,0.0,0.0,0.0,2.0,8.0,64.0,20.0,0.4016221087413639
1.0,0.0,0.0,0.0,0.0,0.0,0.0,3.0,8.0,64.0,20.0,0.21247166771348208
1.0,0.0,0.0,0.0,0.0,0.0,0.0,4.0,8.0,64.0,20.0,0.20063355088888285
1.0,0.0,0.0,0.0,0.0,0.0,0.0,1.0,10.0,64.0,20.0,0.38867800868401653
1.0,0.0,0.0,0.0,0.0,0.0,0.0,2.0,10.0,64.0,20.0,0.3811136295365795
1.0,0.0,0.0,0.0,0.0,0.0,0.0,3.0,10.0,64.0,20.0,0.19676943663125707
1.0,0.0,0.0,0.0,0.0,0.0,0.0,4.0,10.0,64.0,20.0,0.18528632677025597
1.0,0.0,0.0,0.0,0.0,0.0,0.0,1.0,16.0,64.0,20.0,0.2101914306780634
1.0,0.0,0.0,0.0,0.0,0.0,0.0,2.0,16.0,64.0,20.0,0.1999644993036403
1.0,0.0,0.0,0.0,0.0,0.0,0.0,3.0,16.0,64.0,20.0,0.11335645429968055
1.0,0.0,0.0,0.0,0.0,0.0,0.0,4.0,16.0,64.0,20.0,0.10605150331794977
1.0,0.0,0.0,0.0,0.0,0.0,0.0,1.0,20.0,64.0,20.0,0.20438843223463238
1.0,0.0,0.0,0.0,0.0,0.0,0.0,2.0,20.0,64.0,20.0,0.16847811245528282
1.0,0.0,0.0,0.0,0.0,0.0,0.0,3.0,20.0,64.0,20.0,0.11046178213495733
1.0,0.0,0.0,0.0,0.0,0.0,0.0,4.0,20.0,64.0,20.0,0.10250143368196846
1.0,0.0,0.0,0.0,0.0,0.0,0.0,1.0,32.0,64.0,20.0,0.1981894644856496
1.0,0.0,0.0,0.0,0.0,0.0,0.0,2.0,32.0,64.0,20.0,0.1850815150604878
1.0,0.0,0.0,0.0,0.0,0.0,0.0,3.0,32.0,64.0,20.0,0.09766787733144006
1.0,0.0,0.0,0.0,0.0,0.0,0.0,4.0,32.0,64.0,20.0,0.09125044375870456
1.0,0.0,0.0,0.0,0.0,0.0,0.0,1.0,64.0,64.0,20.0,0.20132991070209455
1.0,0.0,0.0,0.0,0.0,0.0,0.0,2.0,64.0,64.0,20.0,0.1812310549168465
1.0,0.0,0.0,0.0,0.0,0.0,0.0,3.0,64.0,64.0,20.0,0.09940194980747702
1.0,0.0,0.0,0.0,0.0,0.0,0.0,4.0,64.0,64.0,20.0,0.08614380512848524
1.0,0.0,0.0,0.0,0.0,0.0,0.0,1.0,128.0,64.0,20.0,0.1451295775417134
1.0,0.0,0.0,0.0,0.0,0.0,0.0,2.0,128.0,64.0,20.0,0.13249952210601063
1.0,0.0,0.0,0.0,0.0,0.0,0.0,3.0,128.0,64.0,20.0,0.08831480925202773
1.0,0.0,0.0,0.0,0.0,0.0,0.0,4.0,128.0,64.0,20.0,0.08050465605286877
1.0,0.0,0.0,0.0,0.0,0.0,0.0,1.0,0.0,128.0,20.0,0.1738851415931621
1.0,0.0,0.0,0.0,0.0,0.0,0.0,2.0,0.0,128.0,20.0,0.1771348207214835
1.0,0.0,0.0,0.0,0.0,0.0,0.0,3.0,0.0,128.0,20.0,0.15414129277151212
1.0,0.0,0.0,0.0,0.0,0.0,0.0,4.0,0.0,128.0,20.0,0.1600262158988504
1.0,0.0,0.0,0.0,0.0,0.0,0.0,1.0,8.0,128.0,20.0,0.3757748709686229
1.0,0.0,0.0,0.0,0.0,0.0,0.0,2.0,8.0,128.0,20.0,0.3591851224774025
1.0,0.0,0.0,0.0,0.0,0.0,0.0,3.0,8.0,128.0,20.0,0.1774625194571125
1.0,0.0,0.0,0.0,0.0,0.0,0.0,4.0,8.0,128.0,20.0,0.16790463966793207
1.0,0.0,0.0,0.0,0.0,0.0,0.0,1.0,10.0,128.0,20.0,0.35854337912012896
1.0,0.0,0.0,0.0,0.0,0.0,0.0,2.0,10.0,128.0,20.0,0.34539446735301355
1.0,0.0,0.0,0.0,0.0,0.0,0.0,3.0,10.0,128.0,20.0,0.16748136213441117
1.0,0.0,0.0,0.0,0.0,0.0,0.0,4.0,10.0,128.0,20.0,0.15930254785766956
1.0,0.0,0.0,0.0,0.0,0.0,0.0,1.0,16.0,128.0,20.0,0.1936836068707502
1.0,0.0,0.0,0.0,0.0,0.0,0.0,2.0,16.0,128.0,20.0,0.1832791720145281
1.0,0.0,0.0,0.0,0.0,0.0,0.0,3.0,16.0,128.0,20.0,0.0964390070728311
1.0,0.0,0.0,0.0,0.0,0.0,0.0,4.0,16.0,128.0,20.0,0.09350337256615426
1.0,0.0,0.0,0.0,0.0,0.0,0.0,1.0,20.0,128.0,20.0,0.1948032442174828
1.0,0.0,0.0,0.0,0.0,0.0,0.0,2.0,20.0,128.0,20.0,0.1566399956306836
1.0,0.0,0.0,0.0,0.0,0.0,0.0,3.0,20.0,128.0,20.0,0.09824135011879082
1.0,0.0,0.0,0.0,0.0,0.0,0.0,4.0,20.0,128.0,20.0,0.0916054507223027
1.0,0.0,0.0,0.0,0.0,0.0,0.0,1.0,32.0,128.0,20.0,0.2001010404434857
1.0,0.0,0.0,0.0,0.0,0.0,0.0,2.0,32.0,128.0,20.0,0.1841120729675852
1.0,0.0,0.0,0.0,0.0,0.0,0.0,3.0,32.0,128.0,20.0,0.09607034599524839
1.0,0.0,0.0,0.0,0.0,0.0,0.0,4.0,32.0,128.0,20.0,0.08880635735547127
1.0,0.0,0.0,0.0,0.0,0.0,0.0,1.0,64.0,128.0,20.0,0.22239820858024523
1.0,0.0,0.0,0.0,0.0,0.0,0.0,2.0,64.0,128.0,20.0,0.20150741418389367
1.0,0.0,0.0,0.0,0.0,0.0,0.0,3.0,64.0,128.0,20.0,0.11313798847592782
1.0,0.0,0.0,0.0,0.0,0.0,0.0,4.0,64.0,128.0,20.0,0.09963406974521433
1.0,0.0,0.0,0.0,0.0,0.0,0.0,1.0,128.0,128.0,20.0,0.17510035773778648
1.0,0.0,0.0,0.0,0.0,0.0,0.0,2.0,128.0,128.0,20.0,0.14684999590376585
1.0,0.0,0.0,0.0,0.0,0.0,0.0,3.0,128.0,128.0,20.0,0.1067069007892078
1.0,0.0,0.0,0.0,0.0,0.0,0.0,4.0,128.0,128.0,20.0,0.09686228460635193
1.0,0.0,0.0,0.0,0.0,0.0,0.0,1.0,0.0,0.0,32.0,0.22230262978235343
1.0,0.0,0.0,0.0,0.0,0.0,0.0,2.0,0.0,0.0,32.0,0.22331303421720977
1.0,0.0,0.0,0.0,0.0,0.0,0.0,3.0,0.0,0.0,32.0,0.20496190502198314
1.0,0.0,0.0,0.0,0.0,0.0,0.0,4.0,0.0,0.0,32.0,0.20937218383899076
1.0,0.0,0.0,0.0,0.0,0.0,0.0,1.0,8.0,0.0,32.0,0.37951609820038795
1.0,0.0,0.0,0.0,0.0,0.0,0.0,2.0,8.0,0.0,32.0,0.3994237963898523
1.0,0.0,0.0,0.0,0.0,0.0,0.0,3.0,8.0,0.0,32.0,0.20550806958136486
1.0,0.0,0.0,0.0,0.0,0.0,0.0,4.0,8.0,0.0,32.0,0.24095414948524002
1.0,0.0,0.0,0.0,0.0,0.0,0.0,1.0,10.0,0.0,32.0,0.3668450804227315
1.0,0.0,0.0,0.0,0.0,0.0,0.0,2.0,10.0,0.0,32.0,0.38444523334880804
1.0,0.0,0.0,0.0,0.0,0.0,0.0,3.0,10.0,0.0,32.0,0.19844889265135596
1.0,0.0,0.0,0.0,0.0,0.0,0.0,4.0,10.0,0.0,32.0,0.22545673011278305
1.0,0.0,0.0,0.0,0.0,0.0,0.0,1.0,16.0,0.0,32.0,0.2988749010076737
1.0,0.0,0.0,0.0,0.0,0.0,0.0,2.0,16.0,0.0,32.0,0.30740872224801336
1.0,0.0,0.0,0.0,0.0,0.0,0.0,3.0,16.0,0.0,32.0,0.17201452797727962
1.0,0.0,0.0,0.0,0.0,0.0,0.0,4.0,16.0,0.0,32.0,0.1825281957453782
1.0,0.0,0.0,0.0,0.0,0.0,0.0,1.0,20.0,0.0,32.0,0.2792539392118846
1.0,0.0,0.0,0.0,0.0,0.0,0.0,2.0,20.0,0.0,32.0,0.23762254567301128
1.0,0.0,0.0,0.0,0.0,0.0,0.0,3.0,20.0,0.0,32.0,0.15599825227341008
1.0,0.0,0.0,0.0,0.0,0.0,0.0,4.0,20.0,0.0,32.0,0.16076353805401572
1.0,0.0,0.0,0.0,0.0,0.0,0.0,1.0,32.0,0.0,32.0,0.2504301045905131
1.0,0.0,0.0,0.0,0.0,0.0,0.0,2.0,32.0,0.0,32.0,0.24655233621890288
1.0,0.0,0.0,0.0,0.0,0.0,0.0,3.0,32.0,0.0,32.0,0.13617247876785282
1.0,0.0,0.0,0.0,0.0,0.0,0.0,4.0,32.0,0.0,32.0,0.13670498921325003
1.0,0.0,0.0,0.0,0.0,0.0,0.0,1.0,64.0,0.0,32.0,0.2860536879761874
1.0,0.0,0.0,0.0,0.0,0.0,0.0,2.0,64.0,0.0,32.0,0.34398809361260557
1.0,0.0,0.0,0.0,0.0,0.0,0.0,3.0,64.0,0.0,32.0,0.1640678336382752
1.0,0.0,0.0,0.0,0.0,0.0,0.0,4.0,64.0,0.0,32.0,0.21215762309183767
1.0,0.0,0.0,0.0,0.0,0.0,0.0,1.0,128.0,0.0,32.0,0.30342172096452674
1.0,0.0,0.0,0.0,0.0,0.0,0.0,2.0,128.0,0.0,32.0,0.33952319833965977
1.0,0.0,0.0,0.0,0.0,0.0,0.0,3.0,128.0,0.0,32.0,0.2703924192359158
1.0,0.0,0.0,0.0,0.0,0.0,0.0,4.0,128.0,0.0,32.0,0.3125563232201863
1.0,0.0,0.0,0.0,0.0,0.0,0.0,1.0,0.0,8.0,32.0,0.0899259947022038
1.0,0.0,0.0,0.0,0.0,0.0,0.0,2.0,0.0,8.0,32.0,0.08958464185259019
1.0,0.0,0.0,0.0,0.0,0.0,0.0,3.0,0.0,8.0,32.0,0.039050765995794545
1.0,0.0,0.0,0.0,0.0,0.0,0.0,4.0,0.0,8.0,32.0,0.046109942925803615
1.0,0.0,0.0,0.0,0.0,0.0,0.0,1.0,8.0,8.0,32.0,0.9156312296895055
1.0,0.0,0.0,0.0,0.0,0.0,0.0,2.0,8.0,8.0,32.0,0.9383653294737706
1.0,0.0,0.0,0.0,0.0,0.0,0.0,3.0,8.0,8.0,32.0,0.7177694639394849
1.0,0.0,0.0,0.0,0.0,0.0,0.0,4.0,8.0,8.0,32.0,0.7237499658647151
1.0,0.0,0.0,0.0,0.0,0.0,0.0,1.0,10.0,8.0,32.0,0.7938365329473771
1.0,0.0,0.0,0.0,0.0,0.0,0.0,2.0,10.0,8.0,32.0,0.814986755509435
1.0,0.0,0.0,0.0,0.0,0.0,0.0,3.0,10.0,8.0,32.0,0.6206477511674269
1.0,0.0,0.0,0.0,0.0,0.0,0.0,4.0,10.0,8.0,32.0,0.6136841530353097
1.0,0.0,0.0,0.0,0.0,0.0,0.0,1.0,16.0,8.0,32.0,0.4911521341380159
1.0,0.0,0.0,0.0,0.0,0.0,0.0,2.0,16.0,8.0,32.0,0.4886261230508753
1.0,0.0,0.0,0.0,0.0,0.0,0.0,3.0,16.0,8.0,32.0,0.38202845517354383
1.0,0.0,0.0,0.0,0.0,0.0,0.0,4.0,16.0,8.0,32.0,0.38318905486223004
1.0,0.0,0.0,0.0,0.0,0.0,0.0,1.0,20.0,8.0,32.0,0.43521122914334104
1.0,0.0,0.0,0.0,0.0,0.0,0.0,2.0,20.0,8.0,32.0,0.40851743630355836
1.0,0.0,0.0,0.0,0.0,0.0,0.0,3.0,20.0,8.0,32.0,0.3358775499057867
1.0,0.0,0.0,0.0,0.0,0.0,0.0,4.0,20.0,8.0,32.0,0.32926895873726764
1.0,0.0,0.0,0.0,0.0,0.0,0.0,1.0,32.0,8.0,32.0,0.3498457085119748
1.0,0.0,0.0,0.0,0.0,0.0,0.0,2.0,32.0,8.0,32.0,0.3480160572380459
1.0,0.0,0.0,0.0,0.0,0.0,0.0,3.0,32.0,8.0,32.0,0.24787678527540352
1.0,0.0,0.0,0.0,0.0,0.0,0.0,4.0,32.0,8.0,32.0,0.2462655998252274
1.0,0.0,0.0,0.0,0.0,0.0,0.0,1.0,64.0,8.0,32.0,0.26591386984898563
1.0,0.0,0.0,0.0,0.0,0.0,0.0,2.0,64.0,8.0,32.0,0.26367459515552044
1.0,0.0,0.0,0.0,0.0,0.0,0.0,3.0,64.0,8.0,32.0,0.1785275403479069
1.0,0.0,0.0,0.0,0.0,0.0,0.0,4.0,64.0,8.0,32.0,0.1786640814877523
1.0,0.0,0.0,0.0,0.0,0.0,0.0,1.0,128.0,8.0,32.0,0.16868292416505098
1.0,0.0,0.0,0.0,0.0,0.0,0.0,2.0,128.0,8.0,32.0,0.16903793112864912
1.0,0.0,0.0,0.0,0.0,0.0,0.0,3.0,128.0,8.0,32.0,0.0929981703487261
1.0,0.0,0.0,0.0,0.0,0.0,0.0,4.0,128.0,8.0,32.0,0.09332586908435514
1.0,0.0,0.0,0.0,0.0,0.0,0.0,1.0,0.0,10.0,32.0,0.12032005243179777
1.0,0.0,0.0,0.0,0.0,0.0,0.0,2.0,0.0,10.0,32.0,0.12154892269040668
1.0,0.0,0.0,0.0,0.0,0.0,0.0,3.0,0.0,10.0,32.0,0.06411971927141652
1.0,0.0,0.0,0.0,0.0,0.0,0.0,4.0,0.0,10.0,32.0,0.07197083481252903
1.0,0.0,0.0,0.0,0.0,0.0,0.0,1.0,8.0,10.0,32.0,0.9083808951637129
1.0,0.0,0.0,0.0,0.0,0.0,0.0,2.0,8.0,10.0,32.0,0.9037794587509218
1.0,0.0,0.0,0.0,0.0,0.0,0.0,3.0,8.0,10.0,32.0,0.657404626013818
1.0,0.0,0.0,0.0,0.0,0.0,0.0,4.0,8.0,10.0,32.0,0.6490483082552776
1.0,0.0,0.0,0.0,0.0,0.0,0.0,1.0,10.0,10.0,32.0,0.8081050820612252
1.0,0.0,0.0,0.0,0.0,0.0,0.0,2.0,10.0,10.0,32.0,0.8067260165487862
1.0,0.0,0.0,0.0,0.0,0.0,0.0,3.0,10.0,10.0,32.0,0.5712335126573638
1.0,0.0,0.0,0.0,0.0,0.0,0.0,4.0,10.0,10.0,32.0,0.5595182828586254
1.0,0.0,0.0,0.0,0.0,0.0,0.0,1.0,16.0,10.0,32.0,0.47946421256724664
1.0,0.0,0.0,0.0,0.0,0.0,0.0,2.0,16.0,10.0,32.0,0.47519047489008454
1.0,0.0,0.0,0.0,0.0,0.0,0.0,3.0,16.0,10.0,32.0,0.3622846063518939
1.0,0.0,0.0,0.0,0.0,0.0,0.0,4.0,16.0,10.0,32.0,0.3570687348097982
1.0,0.0,0.0,0.0,0.0,0.0,0.0,1.0,20.0,10.0,32.0,0.43157923482345234
1.0,0.0,0.0,0.0,0.0,0.0,0.0,2.0,20.0,10.0,32.0,0.4030967530516946
1.0,0.0,0.0,0.0,0.0,0.0,0.0,3.0,20.0,10.0,32.0,0.32062590458505164
1.0,0.0,0.0,0.0,0.0,0.0,0.0,4.0,20.0,10.0,32.0,0.31444059095005333
1.0,0.0,0.0,0.0,0.0,0.0,0.0,1.0,32.0,10.0,32.0,0.37551544280291665
1.0,0.0,0.0,0.0,0.0,0.0,0.0,2.0,32.0,10.0,32.0,0.36063245855976417
1.0,0.0,0.0,0.0,0.0,0.0,0.0,3.0,32.0,10.0,32.0,0.24959720363745613
1.0,0.0,0.0,0.0,0.0,0.0,0.0,4.0,32.0,10.0,32.0,0.24627925393921196
1.0,0.0,0.0,0.0,0.0,0.0,0.0,1.0,64.0,10.0,32.0,0.2908872443267157
1.0,0.0,0.0,0.0,0.0,0.0,0.0,2.0,64.0,10.0,32.0,0.2881973838717607
1.0,0.0,0.0,0.0,0.0,0.0,0.0,3.0,64.0,10.0,32.0,0.19442092902591562
1.0,0.0,0.0,0.0,0.0,0.0,0.0,4.0,64.0,10.0,32.0,0.19353341161692023
1.0,0.0,0.0,0.0,0.0,0.0,0.0,1.0,128.0,10.0,32.0,0.1889865916600672
1.0,0.0,0.0,0.0,0.0,0.0,0.0,2.0,128.0,10.0,32.0,0.18744367677981383
1.0,0.0,0.0,0.0,0.0,0.0,0.0,3.0,128.0,10.0,32.0,0.10662497610530058
1.0,0.0,0.0,0.0,0.0,0.0,0.0,4.0,128.0,10.0,32.0,0.10621535268576426
1.0,0.0,0.0,0.0,0.0,0.0,0.0,1.0,0.0,16.0,32.0,0.08345394467353023
1.0,0.0,0.0,0.0,0.0,0.0,0.0,2.0,0.0,16.0,32.0,0.08521532537753629
1.0,0.0,0.0,0.0,0.0,0.0,0.0,3.0,0.0,16.0,32.0,0.0397471258090063
1.0,0.0,0.0,0.0,0.0,0.0,0.0,4.0,0.0,16.0,32.0,0.045604740708375446
1.0,0.0,0.0,0.0,0.0,0.0,0.0,1.0,8.0,16.0,32.0,0.6436822414593519
1.0,0.0,0.0,0.0,0.0,0.0,0.0,2.0,8.0,16.0,32.0,0.6507277642753762
1.0,0.0,0.0,0.0,0.0,0.0,0.0,3.0,8.0,16.0,32.0,0.4355525819929546
1.0,0.0,0.0,0.0,0.0,0.0,0.0,4.0,8.0,16.0,32.0,0.4305278680466425
1.0,0.0,0.0,0.0,0.0,0.0,0.0,1.0,10.0,16.0,32.0,0.589175018433054
1.0,0.0,0.0,0.0,0.0,0.0,0.0,2.0,10.0,16.0,32.0,0.5850924383516753
1.0,0.0,0.0,0.0,0.0,0.0,0.0,3.0,10.0,16.0,32.0,0.386930282093995
1.0,0.0,0.0,0.0,0.0,0.0,0.0,4.0,10.0,16.0,32.0,0.3760616073622984
1.0,0.0,0.0,0.0,0.0,0.0,0.0,1.0,16.0,16.0,32.0,0.32627870777465257
1.0,0.0,0.0,0.0,0.0,0.0,0.0,2.0,16.0,16.0,32.0,0.3316174663426092
1.0,0.0,0.0,0.0,0.0,0.0,0.0,3.0,16.0,16.0,32.0,0.2377044703569186
1.0,0.0,0.0,0.0,0.0,0.0,0.0,4.0,16.0,16.0,32.0,0.2350555722439172
1.0,0.0,0.0,0.0,0.0,0.0,0.0,1.0,20.0,16.0,32.0,0.30239766241568594
1.0,0.0,0.0,0.0,0.0,0.0,0.0,2.0,20.0,16.0,32.0,0.28146590567738067
1.0,0.0,0.0,0.0,0.0,0.0,0.0,3.0,20.0,16.0,32.0,0.21438324367131817
1.0,0.0,0.0,0.0,0.0,0.0,0.0,4.0,20.0,16.0,32.0,0.20964526611868167
1.0,0.0,0.0,0.0,0.0,0.0,0.0,1.0,32.0,16.0,32.0,0.26166744039979256
1.0,0.0,0.0,0.0,0.0,0.0,0.0,2.0,32.0,16.0,32.0,0.26153089925994705
1.0,0.0,0.0,0.0,0.0,0.0,0.0,3.0,32.0,16.0,32.0,0.16911985581255634
1.0,0.0,0.0,0.0,0.0,0.0,0.0,4.0,32.0,16.0,32.0,0.1678363690980093
1.0,0.0,0.0,0.0,0.0,0.0,0.0,1.0,64.0,16.0,32.0,0.21961276932739843
1.0,0.0,0.0,0.0,0.0,0.0,0.0,2.0,64.0,16.0,32.0,0.21634943608509255
1.0,0.0,0.0,0.0,0.0,0.0,0.0,3.0,64.0,16.0,32.0,0.13736038668450806
1.0,0.0,0.0,0.0,0.0,0.0,0.0,4.0,64.0,16.0,32.0,0.1363909445916055
1.0,0.0,0.0,0.0,0.0,0.0,0.0,1.0,128.0,16.0,32.0,0.14928042819301462
1.0,0.0,0.0,0.0,0.0,0.0,0.0,2.0,128.0,16.0,32.0,0.1447882246920998
1.0,0.0,0.0,0.0,0.0,0.0,0.0,3.0,128.0,16.0,32.0,0.08245719435265852
1.0,0.0,0.0,0.0,0.0,0.0,0.0,4.0,128.0,16.0,32.0,0.08036811491302331
1.0,0.0,0.0,0.0,0.0,0.0,0.0,1.0,0.0,20.0,32.0,0.08185641333733856
1.0,0.0,0.0,0.0,0.0,0.0,0.0,2.0,0.0,20.0,32.0,0.08230699909882855
1.0,0.0,0.0,0.0,0.0,0.0,0.0,3.0,0.0,20.0,32.0,0.03552800458778238
1.0,0.0,0.0,0.0,0.0,0.0,0.0,4.0,0.0,20.0,32.0,0.040279636254403506
1.0,0.0,0.0,0.0,0.0,0.0,0.0,1.0,8.0,20.0,32.0,0.5870040143095117
1.0,0.0,0.0,0.0,0.0,0.0,0.0,2.0,8.0,20.0,32.0,0.5832900953057156
1.0,0.0,0.0,0.0,0.0,0.0,0.0,3.0,8.0,20.0,32.0,0.3799939921898469
1.0,0.0,0.0,0.0,0.0,0.0,0.0,4.0,8.0,20.0,32.0,0.37077746525028005
1.0,0.0,0.0,0.0,0.0,0.0,0.0,1.0,10.0,20.0,32.0,0.5016111854501764
1.0,0.0,0.0,0.0,0.0,0.0,0.0,2.0,10.0,20.0,32.0,0.530694448237254
1.0,0.0,0.0,0.0,0.0,0.0,0.0,3.0,10.0,20.0,32.0,0.33619159452743125
1.0,0.0,0.0,0.0,0.0,0.0,0.0,4.0,10.0,20.0,32.0,0.3251044539719819
1.0,0.0,0.0,0.0,0.0,0.0,0.0,1.0,16.0,20.0,32.0,0.30439116305742925
1.0,0.0,0.0,0.0,0.0,0.0,0.0,2.0,16.0,20.0,32.0,0.2968267839099921
1.0,0.0,0.0,0.0,0.0,0.0,0.0,3.0,16.0,20.0,32.0,0.20542614489745764
1.0,0.0,0.0,0.0,0.0,0.0,0.0,4.0,16.0,20.0,32.0,0.20016931101340835
1.0,0.0,0.0,0.0,0.0,0.0,0.0,1.0,20.0,20.0,32.0,0.279363172123761
1.0,0.0,0.0,0.0,0.0,0.0,0.0,2.0,20.0,20.0,32.0,0.25273764985390107
1.0,0.0,0.0,0.0,0.0,0.0,0.0,3.0,20.0,20.0,32.0,0.1867609710805867
1.0,0.0,0.0,0.0,0.0,0.0,0.0,4.0,20.0,20.0,32.0,0.1809443185231711
1.0,0.0,0.0,0.0,0.0,0.0,0.0,1.0,32.0,20.0,32.0,0.2477948605914962
1.0,0.0,0.0,0.0,0.0,0.0,0.0,2.0,32.0,20.0,32.0,0.2409131871432863
1.0,0.0,0.0,0.0,0.0,0.0,0.0,3.0,32.0,20.0,32.0,0.1498948633223191
1.0,0.0,0.0,0.0,0.0,0.0,0.0,4.0,32.0,20.0,32.0,0.14612632786258506
1.0,0.0,0.0,0.0,0.0,0.0,0.0,1.0,64.0,20.0,32.0,0.2122805101176986
1.0,0.0,0.0,0.0,0.0,0.0,0.0,2.0,64.0,20.0,32.0,0.20733772085529373
1.0,0.0,0.0,0.0,0.0,0.0,0.0,3.0,64.0,20.0,32.0,0.1251399546683416
1.0,0.0,0.0,0.0,0.0,0.0,0.0,4.0,64.0,20.0,32.0,0.1231874163685519
1.0,0.0,0.0,0.0,0.0,0.0,0.0,1.0,128.0,20.0,32.0,0.1422895218329283
1.0,0.0,0.0,0.0,0.0,0.0,0.0,2.0,128.0,20.0,32.0,0.13819328763756522
1.0,0.0,0.0,0.0,0.0,0.0,0.0,3.0,128.0,20.0,32.0,0.07870231300690905
1.0,0.0,0.0,0.0,0.0,0.0,0.0,4.0,128.0,20.0,32.0,0.07691362407493385
1.0,0.0,0.0,0.0,0.0,0.0,0.0,1.0,0.0,32.0,32.0,0.07627188071766028
1.0,0.0,0.0,0.0,0.0,0.0,0.0,2.0,0.0,32.0,32.0,0.07741882629236191
1.0,0.0,0.0,0.0,0.0,0.0,0.0,3.0,0.0,32.0,32.0,0.028141128922144265
1.0,0.0,0.0,0.0,0.0,0.0,0.0,4.0,0.0,32.0,32.0,0.03076271880717668
1.0,0.0,0.0,0.0,0.0,0.0,0.0,1.0,8.0,32.0,32.0,0.4864005024713947
1.0,0.0,0.0,0.0,0.0,0.0,0.0,2.0,8.0,32.0,32.0,0.48043365466014915
1.0,0.0,0.0,0.0,0.0,0.0,0.0,3.0,8.0,32.0,32.0,0.2853163658210219
1.0,0.0,0.0,0.0,0.0,0.0,0.0,4.0,8.0,32.0,32.0,0.274338458177449
1.0,0.0,0.0,0.0,0.0,0.0,0.0,1.0,10.0,32.0,32.0,0.45049018269204516
1.0,0.0,0.0,0.0,0.0,0.0,0.0,2.0,10.0,32.0,32.0,0.4429940741145308
1.0,0.0,0.0,0.0,0.0,0.0,0.0,3.0,10.0,32.0,32.0,0.2577077473442749
1.0,0.0,0.0,0.0,0.0,0.0,0.0,4.0,10.0,32.0,32.0,0.24637483273710375
1.0,0.0,0.0,0.0,0.0,0.0,0.0,1.0,16.0,32.0,32.0,0.24675714792867104
1.0,0.0,0.0,0.0,0.0,0.0,0.0,2.0,16.0,32.0,32.0,0.24360304759824142
1.0,0.0,0.0,0.0,0.0,0.0,0.0,3.0,16.0,32.0,32.0,0.15258472377727417
1.0,0.0,0.0,0.0,0.0,0.0,0.0,4.0,16.0,32.0,32.0,0.14581228324094053
1.0,0.0,0.0,0.0,0.0,0.0,0.0,1.0,20.0,32.0,32.0,0.23527403806766983
1.0,0.0,0.0,0.0,0.0,0.0,0.0,2.0,20.0,32.0,32.0,0.20811600535241276
1.0,0.0,0.0,0.0,0.0,0.0,0.0,3.0,20.0,32.0,32.0,0.1423714465168356
1.0,0.0,0.0,0.0,0.0,0.0,0.0,4.0,20.0,32.0,32.0,0.13568093066440928
1.0,0.0,0.0,0.0,0.0,0.0,0.0,1.0,32.0,32.0,32.0,0.21806985444714494
1.0,0.0,0.0,0.0,0.0,0.0,0.0,2.0,32.0,32.0,32.0,0.20826620060624274
1.0,0.0,0.0,0.0,0.0,0.0,0.0,3.0,32.0,32.0,32.0,0.12004697015210691
1.0,0.0,0.0,0.0,0.0,0.0,0.0,4.0,32.0,32.0,32.0,0.11335645429968055
1.0,0.0,0.0,0.0,0.0,0.0,0.0,1.0,64.0,32.0,32.0,0.19813484802971143
1.0,0.0,0.0,0.0,0.0,0.0,0.0,2.0,64.0,32.0,32.0,0.1891231327999126
1.0,0.0,0.0,0.0,0.0,0.0,0.0,3.0,64.0,32.0,32.0,0.10579207515224343
1.0,0.0,0.0,0.0,0.0,0.0,0.0,4.0,64.0,32.0,32.0,0.10030312133045688
1.0,0.0,0.0,0.0,0.0,0.0,0.0,1.0,128.0,32.0,32.0,0.1418525901854229
1.0,0.0,0.0,0.0,0.0,0.0,0.0,2.0,128.0,32.0,32.0,0.13675960566918816
1.0,0.0,0.0,0.0,0.0,0.0,0.0,3.0,128.0,32.0,32.0,0.08359048581337564
1.0,0.0,0.0,0.0,0.0,0.0,0.0,4.0,128.0,32.0,32.0,0.07953521395996616
1.0,0.0,0.0,0.0,0.0,0.0,0.0,1.0,0.0,64.0,32.0,0.07818345667549637
1.0,0.0,0.0,0.0,0.0,0.0,0.0,2.0,0.0,64.0,32.0,0.08016330320325515
1.0,0.0,0.0,0.0,0.0,0.0,0.0,3.0,0.0,64.0,32.0,0.031991589065785586
1.0,0.0,0.0,0.0,0.0,0.0,0.0,4.0,0.0,64.0,32.0,0.035282230536060555
1.0,0.0,0.0,0.0,0.0,0.0,0.0,1.0,8.0,64.0,32.0,0.41108440973265253
1.0,0.0,0.0,0.0,0.0,0.0,0.0,2.0,8.0,64.0,32.0,0.39681586061880453
1.0,0.0,0.0,0.0,0.0,0.0,0.0,3.0,8.0,64.0,32.0,0.20934487561102172
1.0,0.0,0.0,0.0,0.0,0.0,0.0,4.0,8.0,64.0,32.0,0.19928179360441306
1.0,0.0,0.0,0.0,0.0,0.0,0.0,1.0,10.0,64.0,32.0,0.3842267675250554
1.0,0.0,0.0,0.0,0.0,0.0,0.0,2.0,10.0,64.0,32.0,0.3712690133537236
1.0,0.0,0.0,0.0,0.0,0.0,0.0,3.0,10.0,64.0,32.0,0.19353341161692023
1.0,0.0,0.0,0.0,0.0,0.0,0.0,4.0,10.0,64.0,32.0,0.18269204511319265
1.0,0.0,0.0,0.0,0.0,0.0,0.0,1.0,16.0,64.0,32.0,0.20998661896829524
1.0,0.0,0.0,0.0,0.0,0.0,0.0,2.0,16.0,64.0,32.0,0.19995084518965572
1.0,0.0,0.0,0.0,0.0,0.0,0.0,3.0,16.0,64.0,32.0,0.11083044321254004
1.0,0.0,0.0,0.0,0.0,0.0,0.0,4.0,16.0,64.0,32.0,0.10558726344247527
1.0,0.0,0.0,0.0,0.0,0.0,0.0,1.0,20.0,64.0,32.0,0.20418362052486422
1.0,0.0,0.0,0.0,0.0,0.0,0.0,2.0,20.0,64.0,32.0,0.16940659220623183
1.0,0.0,0.0,0.0,0.0,0.0,0.0,3.0,20.0,64.0,32.0,0.10819519921352311
1.0,0.0,0.0,0.0,0.0,0.0,0.0,4.0,20.0,64.0,32.0,0.10116333051148318
1.0,0.0,0.0,0.0,0.0,0.0,0.0,1.0,32.0,64.0,32.0,0.19846254676534042
1.0,0.0,0.0,0.0,0.0,0.0,0.0,2.0,32.0,64.0,32.0,0.18557306316393135
1.0,0.0,0.0,0.0,0.0,0.0,0.0,3.0,32.0,64.0,32.0,0.09686228460635193
1.0,0.0,0.0,0.0,0.0,0.0,0.0,4.0,32.0,64.0,32.0,0.08942079248477569
1.0,0.0,0.0,0.0,0.0,0.0,0.0,1.0,64.0,64.0,32.0,0.21323629809661665
1.0,0.0,0.0,0.0,0.0,0.0,0.0,2.0,64.0,64.0,32.0,0.19271416477784759
1.0,0.0,0.0,0.0,0.0,0.0,0.0,3.0,64.0,64.0,32.0,0.1022283514022776
1.0,0.0,0.0,0.0,0.0,0.0,0.0,4.0,64.0,64.0,32.0,0.0904175428056474
1.0,0.0,0.0,0.0,0.0,0.0,0.0,1.0,128.0,64.0,32.0,0.14317703924192365
1.0,0.0,0.0,0.0,0.0,0.0,0.0,2.0,128.0,64.0,32.0,0.12985062399300912
1.0,0.0,0.0,0.0,0.0,0.0,0.0,3.0,128.0,64.0,32.0,0.08464185259018547
1.0,0.0,0.0,0.0,0.0,0.0,0.0,4.0,128.0,64.0,32.0,0.07781479559791371
1.0,0.0,0.0,0.0,0.0,0.0,0.0,1.0,0.0,128.0,32.0,0.17303858652612042
1.0,0.0,0.0,0.0,0.0,0.0,0.0,2.0,0.0,128.0,32.0,0.17221933968704778
1.0,0.0,0.0,0.0,0.0,0.0,0.0,3.0,0.0,128.0,32.0,0.1519702886479697
1.0,0.0,0.0,0.0,0.0,0.0,0.0,4.0,0.0,128.0,32.0,0.15755482126764803
1.0,0.0,0.0,0.0,0.0,0.0,0.0,1.0,8.0,128.0,32.0,0.37017668423496003
1.0,0.0,0.0,0.0,0.0,0.0,0.0,2.0,8.0,128.0,32.0,0.3559764056910348
1.0,0.0,0.0,0.0,0.0,0.0,0.0,3.0,8.0,128.0,32.0,0.17469073431825016
1.0,0.0,0.0,0.0,0.0,0.0,0.0,4.0,8.0,128.0,32.0,0.16840984188536007
1.0,0.0,0.0,0.0,0.0,0.0,0.0,1.0,10.0,128.0,32.0,0.3547202272044568
1.0,0.0,0.0,0.0,0.0,0.0,0.0,2.0,10.0,128.0,32.0,0.33948223599770616
1.0,0.0,0.0,0.0,0.0,0.0,0.0,3.0,10.0,128.0,32.0,0.16434091591796612
1.0,0.0,0.0,0.0,0.0,0.0,0.0,4.0,10.0,128.0,32.0,0.1590977361479014
1.0,0.0,0.0,0.0,0.0,0.0,0.0,1.0,16.0,128.0,32.0,0.20703733034763377
1.0,0.0,0.0,0.0,0.0,0.0,0.0,2.0,16.0,128.0,32.0,0.20045604740708384
1.0,0.0,0.0,0.0,0.0,0.0,0.0,3.0,16.0,128.0,32.0,0.10564187989841345
1.0,0.0,0.0,0.0,0.0,0.0,0.0,4.0,16.0,128.0,32.0,0.10483628717332538
1.0,0.0,0.0,0.0,0.0,0.0,0.0,1.0,20.0,128.0,32.0,0.2106966328954915
1.0,0.0,0.0,0.0,0.0,0.0,0.0,2.0,20.0,128.0,32.0,0.1736939839973784
1.0,0.0,0.0,0.0,0.0,0.0,0.0,3.0,20.0,128.0,32.0,0.10753980174226496
1.0,0.0,0.0,0.0,0.0,0.0,0.0,4.0,20.0,128.0,32.0,0.10256970425189116
1.0,0.0,0.0,0.0,0.0,0.0,0.0,1.0,32.0,128.0,32.0,0.21955815287146024
1.0,0.0,0.0,0.0,0.0,0.0,0.0,2.0,32.0,128.0,32.0,0.20640924110434483
1.0,0.0,0.0,0.0,0.0,0.0,0.0,3.0,32.0,128.0,32.0,0.10706190775280594
1.0,0.0,0.0,0.0,0.0,0.0,0.0,4.0,32.0,128.0,32.0,0.10266528304978295
1.0,0.0,0.0,0.0,0.0,0.0,0.0,1.0,64.0,128.0,32.0,0.22518364783309225
1.0,0.0,0.0,0.0,0.0,0.0,0.0,2.0,64.0,128.0,32.0,0.20292744203828622
1.0,0.0,0.0,0.0,0.0,0.0,0.0,3.0,64.0,128.0,32.0,0.11483109861001123
1.0,0.0,0.0,0.0,0.0,0.0,0.0,4.0,64.0,128.0,32.0,0.10024850487451875
1.0,0.0,0.0,0.0,0.0,0.0,0.0,1.0,128.0,128.0,32.0,0.16712635517081303
1.0,0.0,0.0,0.0,0.0,0.0,0.0,2.0,128.0,128.0,32.0,0.1430131898741091
1.0,0.0,0.0,0.0,0.0,0.0,0.0,3.0,128.0,128.0,32.0,0.10145006690515856
1.0,0.0,0.0,0.0,0.0,0.0,0.0,4.0,128.0,128.0,32.0,0.09130506021464274
1.0,0.0,0.0,0.0,0.0,0.0,0.0,1.0,0.0,0.0,64.0,0.2225074414921216
1.0,0.0,0.0,0.0,0.0,0.0,0.0,2.0,0.0,0.0,64.0,0.22312187662142607
1.0,0.0,0.0,0.0,0.0,0.0,0.0,3.0,0.0,0.0,64.0,0.2044703569185396
1.0,0.0,0.0,0.0,0.0,0.0,0.0,4.0,0.0,0.0,64.0,0.20908544744531538
1.0,0.0,0.0,0.0,0.0,0.0,0.0,1.0,8.0,0.0,64.0,0.4007755536743222
1.0,0.0,0.0,0.0,0.0,0.0,0.0,2.0,8.0,0.0,64.0,0.40182692045113205
1.0,0.0,0.0,0.0,0.0,0.0,0.0,3.0,8.0,0.0,64.0,0.23429094186078275
1.0,0.0,0.0,0.0,0.0,0.0,0.0,4.0,8.0,0.0,64.0,0.24215571151587983
1.0,0.0,0.0,0.0,0.0,0.0,0.0,1.0,10.0,0.0,64.0,0.378137032687949
1.0,0.0,0.0,0.0,0.0,0.0,0.0,2.0,10.0,0.0,64.0,0.3805674649771978
1.0,0.0,0.0,0.0,0.0,0.0,0.0,3.0,10.0,0.0,64.0,0.2156803844998499
1.0,0.0,0.0,0.0,0.0,0.0,0.0,4.0,10.0,0.0,64.0,0.22080067724405367
1.0,0.0,0.0,0.0,0.0,0.0,0.0,1.0,16.0,0.0,64.0,0.305538108632131
1.0,0.0,0.0,0.0,0.0,0.0,0.0,2.0,16.0,0.0,64.0,0.30119610038504613
1.0,0.0,0.0,0.0,0.0,0.0,0.0,3.0,16.0,0.0,64.0,0.17421284032879109
1.0,0.0,0.0,0.0,0.0,0.0,0.0,4.0,16.0,0.0,64.0,0.1753734400174773
1.0,0.0,0.0,0.0,0.0,0.0,0.0,1.0,20.0,0.0,64.0,0.2813703268794889
1.0,0.0,0.0,0.0,0.0,0.0,0.0,2.0,20.0,0.0,64.0,0.23071356399683235
1.0,0.0,0.0,0.0,0.0,0.0,0.0,3.0,20.0,0.0,64.0,0.1548649608126929
1.0,0.0,0.0,0.0,0.0,0.0,0.0,4.0,20.0,0.0,64.0,0.15411398454354308
1.0,0.0,0.0,0.0,0.0,0.0,0.0,1.0,32.0,0.0,64.0,0.24764466533766633
1.0,0.0,0.0,0.0,0.0,0.0,0.0,2.0,32.0,0.0,64.0,0.2409131871432863
1.0,0.0,0.0,0.0,0.0,0.0,0.0,3.0,32.0,0.0,64.0,0.1315164258991235
1.0,0.0,0.0,0.0,0.0,0.0,0.0,4.0,32.0,0.0,64.0,0.1310931483656026
1.0,0.0,0.0,0.0,0.0,0.0,0.0,1.0,64.0,0.0,64.0,0.2813157104235507
1.0,0.0,0.0,0.0,0.0,0.0,0.0,2.0,64.0,0.0,64.0,0.33591851224774033
1.0,0.0,0.0,0.0,0.0,0.0,0.0,3.0,64.0,0.0,64.0,0.1595619760233759
1.0,0.0,0.0,0.0,0.0,0.0,0.0,4.0,64.0,0.0,64.0,0.23104126273246134
1.0,0.0,0.0,0.0,0.0,0.0,0.0,1.0,128.0,0.0,64.0,0.3004997405718343
1.0,0.0,0.0,0.0,0.0,0.0,0.0,2.0,128.0,0.0,64.0,0.3344575220513942
1.0,0.0,0.0,0.0,0.0,0.0,0.0,3.0,128.0,0.0,64.0,0.2655042464294493
1.0,0.0,0.0,0.0,0.0,0.0,0.0,4.0,128.0,0.0,64.0,0.3062754307872963
1.0,0.0,0.0,0.0,0.0,0.0,0.0,1.0,0.0,8.0,64.0,0.08771402823670776
1.0,0.0,0.0,0.0,0.0,0.0,0.0,2.0,0.0,8.0,64.0,0.08959829596657481
1.0,0.0,0.0,0.0,0.0,0.0,0.0,3.0,0.0,8.0,64.0,0.05581801796881408
1.0,0.0,0.0,0.0,0.0,0.0,0.0,4.0,0.0,8.0,64.0,0.0637100958518802
1.0,0.0,0.0,0.0,0.0,0.0,0.0,1.0,8.0,8.0,64.0,0.959952483683334
1.0,0.0,0.0,0.0,0.0,0.0,0.0,2.0,8.0,8.0,64.0,0.9861820366476421
1.0,0.0,0.0,0.0,0.0,0.0,0.0,3.0,8.0,8.0,64.0,0.7423468691116635
1.0,0.0,0.0,0.0,0.0,0.0,0.0,4.0,8.0,8.0,64.0,0.7475490865397745
1.0,0.0,0.0,0.0,0.0,0.0,0.0,1.0,10.0,8.0,64.0,0.8393866571998145
1.0,0.0,0.0,0.0,0.0,0.0,0.0,2.0,10.0,8.0,64.0,0.8663808405472568
1.0,0.0,0.0,0.0,0.0,0.0,0.0,3.0,10.0,8.0,64.0,0.6465359512821214
1.0,0.0,0.0,0.0,0.0,0.0,0.0,4.0,10.0,8.0,64.0,0.6390398427046071
1.0,0.0,0.0,0.0,0.0,0.0,0.0,1.0,16.0,8.0,64.0,0.5079603484529891
1.0,0.0,0.0,0.0,0.0,0.0,0.0,2.0,16.0,8.0,64.0,0.5085201671263553
1.0,0.0,0.0,0.0,0.0,0.0,0.0,3.0,16.0,8.0,64.0,0.4083945492776975
1.0,0.0,0.0,0.0,0.0,0.0,0.0,4.0,16.0,8.0,64.0,0.41010131352576545
1.0,0.0,0.0,0.0,0.0,0.0,0.0,1.0,20.0,8.0,64.0,0.45073595674376693
1.0,0.0,0.0,0.0,0.0,0.0,0.0,2.0,20.0,8.0,64.0,0.43693164750539354
1.0,0.0,0.0,0.0,0.0,0.0,0.0,3.0,20.0,8.0,64.0,0.35994975286053704
1.0,0.0,0.0,0.0,0.0,0.0,0.0,4.0,20.0,8.0,64.0,0.35552581992954485
1.0,0.0,0.0,0.0,0.0,0.0,0.0,1.0,32.0,8.0,64.0,0.36486523389497266
1.0,0.0,0.0,0.0,0.0,0.0,0.0,2.0,32.0,8.0,64.0,0.36500177503481807
1.0,0.0,0.0,0.0,0.0,0.0,0.0,3.0,32.0,8.0,64.0,0.2720582211420302
1.0,0.0,0.0,0.0,0.0,0.0,0.0,4.0,32.0,8.0,64.0,0.27388787241595897
1.0,0.0,0.0,0.0,0.0,0.0,0.0,1.0,64.0,8.0,64.0,0.2754990578661352
1.0,0.0,0.0,0.0,0.0,0.0,0.0,2.0,64.0,8.0,64.0,0.2750757803326143
1.0,0.0,0.0,0.0,0.0,0.0,0.0,3.0,64.0,8.0,64.0,0.20407438761298785
1.0,0.0,0.0,0.0,0.0,0.0,0.0,4.0,64.0,8.0,64.0,0.204429394576586
1.0,0.0,0.0,0.0,0.0,0.0,0.0,1.0,128.0,8.0,64.0,0.18292416505092995
1.0,0.0,0.0,0.0,0.0,0.0,0.0,2.0,128.0,8.0,64.0,0.18259646631530085
1.0,0.0,0.0,0.0,0.0,0.0,0.0,3.0,128.0,8.0,64.0,0.11783500368661082
1.0,0.0,0.0,0.0,0.0,0.0,0.0,4.0,128.0,8.0,64.0,0.11767115431879632
1.0,0.0,0.0,0.0,0.0,0.0,0.0,1.0,0.0,10.0,64.0,0.12004697015210691
1.0,0.0,0.0,0.0,0.0,0.0,0.0,2.0,0.0,10.0,64.0,0.1220268166798657
1.0,0.0,0.0,0.0,0.0,0.0,0.0,3.0,0.0,10.0,64.0,0.07366394494661244
1.0,0.0,0.0,0.0,0.0,0.0,0.0,4.0,0.0,10.0,64.0,0.08312624593790113
1.0,0.0,0.0,0.0,0.0,0.0,0.0,1.0,8.0,10.0,64.0,0.9351293044594335
1.0,0.0,0.0,0.0,0.0,0.0,0.0,2.0,8.0,10.0,64.0,0.925612387012207
1.0,0.0,0.0,0.0,0.0,0.0,0.0,3.0,8.0,10.0,64.0,0.6707856577186708
1.0,0.0,0.0,0.0,0.0,0.0,0.0,4.0,8.0,10.0,64.0,0.6598350583030668
1.0,0.0,0.0,0.0,0.0,0.0,0.0,1.0,10.0,10.0,64.0,0.8375570059258857
1.0,0.0,0.0,0.0,0.0,0.0,0.0,2.0,10.0,10.0,64.0,0.8369562249105655
1.0,0.0,0.0,0.0,0.0,0.0,0.0,3.0,10.0,10.0,64.0,0.5843687703104947
1.0,0.0,0.0,0.0,0.0,0.0,0.0,4.0,10.0,10.0,64.0,0.5720800677244053
1.0,0.0,0.0,0.0,0.0,0.0,0.0,1.0,16.0,10.0,64.0,0.49419700155656915
1.0,0.0,0.0,0.0,0.0,0.0,0.0,2.0,16.0,10.0,64.0,0.49307736420983656
1.0,0.0,0.0,0.0,0.0,0.0,0.0,3.0,16.0,10.0,64.0,0.37524236052322574
1.0,0.0,0.0,0.0,0.0,0.0,0.0,4.0,16.0,10.0,64.0,0.3693710915098721
1.0,0.0,0.0,0.0,0.0,0.0,0.0,1.0,20.0,10.0,64.0,0.4465714519784812
1.0,0.0,0.0,0.0,0.0,0.0,0.0,2.0,20.0,10.0,64.0,0.4224309784538082
1.0,0.0,0.0,0.0,0.0,0.0,0.0,3.0,20.0,10.0,64.0,0.3358502416778177
1.0,0.0,0.0,0.0,0.0,0.0,0.0,4.0,20.0,10.0,64.0,0.3275212321472461
1.0,0.0,0.0,0.0,0.0,0.0,0.0,1.0,32.0,10.0,64.0,0.3750648570414267
1.0,0.0,0.0,0.0,0.0,0.0,0.0,2.0,32.0,10.0,64.0,0.37406810672055496
1.0,0.0,0.0,0.0,0.0,0.0,0.0,3.0,32.0,10.0,64.0,0.2629509271143396
1.0,0.0,0.0,0.0,0.0,0.0,0.0,4.0,32.0,10.0,64.0,0.2612714710942408
1.0,0.0,0.0,0.0,0.0,0.0,0.0,1.0,64.0,10.0,64.0,0.3053469510363473
1.0,0.0,0.0,0.0,0.0,0.0,0.0,2.0,64.0,10.0,64.0,0.30402250197984654
1.0,0.0,0.0,0.0,0.0,0.0,0.0,3.0,64.0,10.0,64.0,0.20957699554875892
1.0,0.0,0.0,0.0,0.0,0.0,0.0,4.0,64.0,10.0,64.0,0.2083344711761655
1.0,0.0,0.0,0.0,0.0,0.0,0.0,1.0,128.0,10.0,64.0,0.2045659357164315
1.0,0.0,0.0,0.0,0.0,0.0,0.0,2.0,128.0,10.0,64.0,0.2045659357164315
1.0,0.0,0.0,0.0,0.0,0.0,0.0,3.0,128.0,10.0,64.0,0.13428821103798577
1.0,0.0,0.0,0.0,0.0,0.0,0.0,4.0,128.0,10.0,64.0,0.1327589502717169
1.0,0.0,0.0,0.0,0.0,0.0,0.0,1.0,0.0,16.0,64.0,0.07968540921379613
1.0,0.0,0.0,0.0,0.0,0.0,0.0,2.0,0.0,16.0,64.0,0.08173352631147768
1.0,0.0,0.0,0.0,0.0,0.0,0.0,3.0,0.0,16.0,64.0,0.03768535459734024
1.0,0.0,0.0,0.0,0.0,0.0,0.0,4.0,0.0,16.0,64.0,0.043242578989049485
1.0,0.0,0.0,0.0,0.0,0.0,0.0,1.0,8.0,16.0,64.0,0.6486523389497256
1.0,0.0,0.0,0.0,0.0,0.0,0.0,2.0,8.0,16.0,64.0,0.6488571506594938
1.0,0.0,0.0,0.0,0.0,0.0,0.0,3.0,8.0,16.0,64.0,0.4373549250389143
1.0,0.0,0.0,0.0,0.0,0.0,0.0,4.0,8.0,16.0,64.0,0.4306780633004726
1.0,0.0,0.0,0.0,0.0,0.0,0.0,1.0,10.0,16.0,64.0,0.5901444605259565
1.0,0.0,0.0,0.0,0.0,0.0,0.0,2.0,10.0,16.0,64.0,0.5825527731505504
1.0,0.0,0.0,0.0,0.0,0.0,0.0,3.0,10.0,16.0,64.0,0.3870258608918869
1.0,0.0,0.0,0.0,0.0,0.0,0.0,4.0,10.0,16.0,64.0,0.3754335181190093
1.0,0.0,0.0,0.0,0.0,0.0,0.0,1.0,16.0,16.0,64.0,0.3306753324776756
1.0,0.0,0.0,0.0,0.0,0.0,0.0,2.0,16.0,16.0,64.0,0.33410251508779604
1.0,0.0,0.0,0.0,0.0,0.0,0.0,3.0,16.0,16.0,64.0,0.23871487479177483
1.0,0.0,0.0,0.0,0.0,0.0,0.0,4.0,16.0,16.0,64.0,0.23569731560119073
1.0,0.0,0.0,0.0,0.0,0.0,0.0,1.0,20.0,16.0,64.0,0.3052513722384555
1.0,0.0,0.0,0.0,0.0,0.0,0.0,2.0,20.0,16.0,64.0,0.28504328354133107
1.0,0.0,0.0,0.0,0.0,0.0,0.0,3.0,20.0,16.0,64.0,0.21412381550561194
1.0,0.0,0.0,0.0,0.0,0.0,0.0,4.0,20.0,16.0,64.0,0.2099593107403262
1.0,0.0,0.0,0.0,0.0,0.0,0.0,1.0,32.0,16.0,64.0,0.26232283787105065
1.0,0.0,0.0,0.0,0.0,0.0,0.0,2.0,32.0,16.0,64.0,0.26087550178868896
1.0,0.0,0.0,0.0,0.0,0.0,0.0,3.0,32.0,16.0,64.0,0.16962505802998457
1.0,0.0,0.0,0.0,0.0,0.0,0.0,4.0,32.0,16.0,64.0,0.16827330074551466
1.0,0.0,0.0,0.0,0.0,0.0,0.0,1.0,64.0,16.0,64.0,0.2266446380294383
1.0,0.0,0.0,0.0,0.0,0.0,0.0,2.0,64.0,16.0,64.0,0.22533384308692211
1.0,0.0,0.0,0.0,0.0,0.0,0.0,3.0,64.0,16.0,64.0,0.14208471012316015
1.0,0.0,0.0,0.0,0.0,0.0,0.0,4.0,64.0,16.0,64.0,0.1407192987247058
1.0,0.0,0.0,0.0,0.0,0.0,0.0,1.0,128.0,16.0,64.0,0.1644911111717961
1.0,0.0,0.0,0.0,0.0,0.0,0.0,2.0,128.0,16.0,64.0,0.15960293836532952
1.0,0.0,0.0,0.0,0.0,0.0,0.0,3.0,128.0,16.0,64.0,0.09832327480269809
1.0,0.0,0.0,0.0,0.0,0.0,0.0,4.0,128.0,16.0,64.0,0.09622054124907842
1.0,0.0,0.0,0.0,0.0,0.0,0.0,1.0,0.0,20.0,64.0,0.07687266173298019
1.0,0.0,0.0,0.0,0.0,0.0,0.0,2.0,0.0,20.0,64.0,0.07830634370135725
1.0,0.0,0.0,0.0,0.0,0.0,0.0,3.0,0.0,20.0,64.0,0.03242852071329094
1.0,0.0,0.0,0.0,0.0,0.0,0.0,4.0,0.0,20.0,64.0,0.0368661077582676
1.0,0.0,0.0,0.0,0.0,0.0,0.0,1.0,8.0,20.0,64.0,0.5840820339168193
1.0,0.0,0.0,0.0,0.0,0.0,0.0,2.0,8.0,20.0,64.0,0.5802179196591934
1.0,0.0,0.0,0.0,0.0,0.0,0.0,3.0,8.0,20.0,64.0,0.3787105054752998
1.0,0.0,0.0,0.0,0.0,0.0,0.0,4.0,8.0,20.0,64.0,0.36766432726180415
1.0,0.0,0.0,0.0,0.0,0.0,0.0,1.0,10.0,20.0,64.0,0.49916709904694295
1.0,0.0,0.0,0.0,0.0,0.0,0.0,2.0,10.0,20.0,64.0,0.5268712963215818
1.0,0.0,0.0,0.0,0.0,0.0,0.0,3.0,10.0,20.0,64.0,0.33474425844506955
1.0,0.0,0.0,0.0,0.0,0.0,0.0,4.0,10.0,20.0,64.0,0.3236571178896202
1.0,0.0,0.0,0.0,0.0,0.0,0.0,1.0,16.0,20.0,64.0,0.30480078647696557
1.0,0.0,0.0,0.0,0.0,0.0,0.0,2.0,16.0,20.0,64.0,0.3018514978563042
1.0,0.0,0.0,0.0,0.0,0.0,0.0,3.0,16.0,20.0,64.0,0.20449766514650874
1.0,0.0,0.0,0.0,0.0,0.0,0.0,4.0,16.0,20.0,64.0,0.1999235369616867
1.0,0.0,0.0,0.0,0.0,0.0,0.0,1.0,20.0,20.0,64.0,0.2808924328900299
1.0,0.0,0.0,0.0,0.0,0.0,0.0,2.0,20.0,20.0,64.0,0.2553319315109644
1.0,0.0,0.0,0.0,0.0,0.0,0.0,3.0,20.0,20.0,64.0,0.18568229607580772
1.0,0.0,0.0,0.0,0.0,0.0,0.0,4.0,20.0,20.0,64.0,0.1797837188344849
1.0,0.0,0.0,0.0,0.0,0.0,0.0,1.0,32.0,20.0,64.0,0.24898276850815165
1.0,0.0,0.0,0.0,0.0,0.0,0.0,2.0,32.0,20.0,64.0,0.242360523225648
1.0,0.0,0.0,0.0,0.0,0.0,0.0,3.0,32.0,20.0,64.0,0.15022256205794815
1.0,0.0,0.0,0.0,0.0,0.0,0.0,4.0,32.0,20.0,64.0,0.14627652311641504
1.0,0.0,0.0,0.0,0.0,0.0,0.0,1.0,64.0,20.0,64.0,0.22108741363772916
1.0,0.0,0.0,0.0,0.0,0.0,0.0,2.0,64.0,20.0,64.0,0.21708675824025786
1.0,0.0,0.0,0.0,0.0,0.0,0.0,3.0,64.0,20.0,64.0,0.12908599360987472
1.0,0.0,0.0,0.0,0.0,0.0,0.0,4.0,64.0,20.0,64.0,0.1262869002430433
1.0,0.0,0.0,0.0,0.0,0.0,0.0,1.0,128.0,20.0,64.0,0.1558480570195801
1.0,0.0,0.0,0.0,0.0,0.0,0.0,2.0,128.0,20.0,64.0,0.15212048390179966
1.0,0.0,0.0,0.0,0.0,0.0,0.0,3.0,128.0,20.0,64.0,0.09074524154127639
1.0,0.0,0.0,0.0,0.0,0.0,0.0,4.0,128.0,20.0,64.0,0.0888336655834403
1.0,0.0,0.0,0.0,0.0,0.0,0.0,1.0,0.0,32.0,64.0,0.07194352658455999
1.0,0.0,0.0,0.0,0.0,0.0,0.0,2.0,0.0,32.0,64.0,0.0731041262732462
1.0,0.0,0.0,0.0,0.0,0.0,0.0,3.0,0.0,32.0,64.0,0.02420874409459578
1.0,0.0,0.0,0.0,0.0,0.0,0.0,4.0,0.0,32.0,64.0,0.02736284442502529
1.0,0.0,0.0,0.0,0.0,0.0,0.0,1.0,8.0,32.0,64.0,0.48563587208826037
1.0,0.0,0.0,0.0,0.0,0.0,0.0,2.0,8.0,32.0,64.0,0.4915207952155985
1.0,0.0,0.0,0.0,0.0,0.0,0.0,3.0,8.0,32.0,64.0,0.28453808132390296
1.0,0.0,0.0,0.0,0.0,0.0,0.0,4.0,8.0,32.0,64.0,0.27422922526557264
1.0,0.0,0.0,0.0,0.0,0.0,0.0,1.0,10.0,32.0,64.0,0.4476364728692756
1.0,0.0,0.0,0.0,0.0,0.0,0.0,2.0,10.0,32.0,64.0,0.439129959856905
1.0,0.0,0.0,0.0,0.0,0.0,0.0,3.0,10.0,32.0,64.0,0.25512711980119623
1.0,0.0,0.0,0.0,0.0,0.0,0.0,4.0,10.0,32.0,64.0,0.24379420519402512
1.0,0.0,0.0,0.0,0.0,0.0,0.0,1.0,16.0,32.0,64.0,0.24907834730604345
1.0,0.0,0.0,0.0,0.0,0.0,0.0,2.0,16.0,32.0,64.0,0.2454736612141239
1.0,0.0,0.0,0.0,0.0,0.0,0.0,3.0,16.0,32.0,64.0,0.1586744586143805
1.0,0.0,0.0,0.0,0.0,0.0,0.0,4.0,16.0,32.0,64.0,0.14805155793440572
1.0,0.0,0.0,0.0,0.0,0.0,0.0,1.0,20.0,32.0,64.0,0.2365984871241706
1.0,0.0,0.0,0.0,0.0,0.0,0.0,2.0,20.0,32.0,64.0,0.2087440945957018
1.0,0.0,0.0,0.0,0.0,0.0,0.0,3.0,20.0,32.0,64.0,0.14215298069308285
1.0,0.0,0.0,0.0,0.0,0.0,0.0,4.0,20.0,32.0,64.0,0.1358720882601928
1.0,0.0,0.0,0.0,0.0,0.0,0.0,1.0,32.0,32.0,64.0,0.22056855730631647
1.0,0.0,0.0,0.0,0.0,0.0,0.0,2.0,32.0,32.0,64.0,0.21051912941369239
1.0,0.0,0.0,0.0,0.0,0.0,0.0,3.0,32.0,32.0,64.0,0.1208662169911795
1.0,0.0,0.0,0.0,0.0,0.0,0.0,4.0,32.0,32.0,64.0,0.11525437614353207
1.0,0.0,0.0,0.0,0.0,0.0,0.0,1.0,64.0,32.0,64.0,0.21193915726808493
1.0,0.0,0.0,0.0,0.0,0.0,0.0,2.0,64.0,32.0,64.0,0.20451131926049332
1.0,0.0,0.0,0.0,0.0,0.0,0.0,3.0,64.0,32.0,64.0,0.11260547803053067
1.0,0.0,0.0,0.0,0.0,0.0,0.0,4.0,64.0,32.0,64.0,0.107689996996095
1.0,0.0,0.0,0.0,0.0,0.0,0.0,1.0,128.0,32.0,64.0,0.14493841994592976
1.0,0.0,0.0,0.0,0.0,0.0,0.0,2.0,128.0,32.0,64.0,0.13961331549195777
1.0,0.0,0.0,0.0,0.0,0.0,0.0,3.0,128.0,32.0,64.0,0.0876730658947541
1.0,0.0,0.0,0.0,0.0,0.0,0.0,4.0,128.0,32.0,64.0,0.08412299625877279
1.0,0.0,0.0,0.0,0.0,0.0,0.0,1.0,0.0,64.0,64.0,0.0744012671017778
1.0,0.0,0.0,0.0,0.0,0.0,0.0,2.0,0.0,64.0,64.0,0.07528878451077314
1.0,0.0,0.0,0.0,0.0,0.0,0.0,3.0,0.0,64.0,64.0,0.028045550124252472
1.0,0.0,0.0,0.0,0.0,0.0,0.0,4.0,0.0,64.0,64.0,0.03281083590485817
1.0,0.0,0.0,0.0,0.0,0.0,0.0,1.0,8.0,64.0,64.0,0.40541795242906703
1.0,0.0,0.0,0.0,0.0,0.0,0.0,2.0,8.0,64.0,64.0,0.3919959583822607
1.0,0.0,0.0,0.0,0.0,0.0,0.0,3.0,8.0,64.0,64.0,0.20836177940413453
1.0,0.0,0.0,0.0,0.0,0.0,0.0,4.0,8.0,64.0,64.0,0.2027089762145335
1.0,0.0,0.0,0.0,0.0,0.0,0.0,1.0,10.0,64.0,64.0,0.3813184412463477
1.0,0.0,0.0,0.0,0.0,0.0,0.0,2.0,10.0,64.0,64.0,0.369043392774243
1.0,0.0,0.0,0.0,0.0,0.0,0.0,3.0,10.0,64.0,64.0,0.19316475053933763
1.0,0.0,0.0,0.0,0.0,0.0,0.0,4.0,10.0,64.0,64.0,0.18588710778557588
1.0,0.0,0.0,0.0,0.0,0.0,0.0,1.0,16.0,64.0,64.0,0.22689041208116018
1.0,0.0,0.0,0.0,0.0,0.0,0.0,2.0,16.0,64.0,64.0,0.22015893388678015
1.0,0.0,0.0,0.0,0.0,0.0,0.0,3.0,16.0,64.0,64.0,0.12365165624402635
1.0,0.0,0.0,0.0,0.0,0.0,0.0,4.0,16.0,64.0,64.0,0.1204429394576586
1.0,0.0,0.0,0.0,0.0,0.0,0.0,1.0,20.0,64.0,64.0,0.22421420574018952
1.0,0.0,0.0,0.0,0.0,0.0,0.0,2.0,20.0,64.0,64.0,0.1894508315355417
1.0,0.0,0.0,0.0,0.0,0.0,0.0,3.0,20.0,64.0,64.0,0.12119391572680854
1.0,0.0,0.0,0.0,0.0,0.0,0.0,4.0,20.0,64.0,64.0,0.11440782107649039
1.0,0.0,0.0,0.0,0.0,0.0,0.0,1.0,32.0,64.0,64.0,0.22308091427947246
1.0,0.0,0.0,0.0,0.0,0.0,0.0,2.0,32.0,64.0,64.0,0.21103798574510507
1.0,0.0,0.0,0.0,0.0,0.0,0.0,3.0,32.0,64.0,64.0,0.1136568448073405
1.0,0.0,0.0,0.0,0.0,0.0,0.0,4.0,32.0,64.0,64.0,0.10644747262350152
1.0,0.0,0.0,0.0,0.0,0.0,0.0,1.0,64.0,64.0,64.0,0.22476037029957135
1.0,0.0,0.0,0.0,0.0,0.0,0.0,2.0,64.0,64.0,64.0,0.20343264425571433
1.0,0.0,0.0,0.0,0.0,0.0,0.0,3.0,64.0,64.0,64.0,0.1100111963734674
1.0,0.0,0.0,0.0,0.0,0.0,0.0,4.0,64.0,64.0,64.0,0.09668478112455287
1.0,0.0,0.0,0.0,0.0,0.0,0.0,1.0,128.0,64.0,64.0,0.14080122340861312
1.0,0.0,0.0,0.0,0.0,0.0,0.0,2.0,128.0,64.0,64.0,0.12817116797291034
1.0,0.0,0.0,0.0,0.0,0.0,0.0,3.0,128.0,64.0,64.0,0.080886971244436
1.0,0.0,0.0,0.0,0.0,0.0,0.0,4.0,128.0,64.0,64.0,0.07296758513340074
1.0,0.0,0.0,0.0,0.0,0.0,0.0,1.0,0.0,128.0,64.0,0.17598787514678177
1.0,0.0,0.0,0.0,0.0,0.0,0.0,2.0,0.0,128.0,64.0,0.1726289631065841
1.0,0.0,0.0,0.0,0.0,0.0,0.0,3.0,0.0,128.0,64.0,0.14859772249378744
1.0,0.0,0.0,0.0,0.0,0.0,0.0,4.0,0.0,128.0,64.0,0.15318550479259407
1.0,0.0,0.0,0.0,0.0,0.0,0.0,1.0,8.0,128.0,64.0,0.3718288320270899
1.0,0.0,0.0,0.0,0.0,0.0,0.0,2.0,8.0,128.0,64.0,0.35944455064310893
1.0,0.0,0.0,0.0,0.0,0.0,0.0,3.0,8.0,128.0,64.0,0.18697943690433932
1.0,0.0,0.0,0.0,0.0,0.0,0.0,4.0,8.0,128.0,64.0,0.21071028700947608
1.0,0.0,0.0,0.0,0.0,0.0,0.0,1.0,10.0,128.0,64.0,0.3582020262705154
1.0,0.0,0.0,0.0,0.0,0.0,0.0,2.0,10.0,128.0,64.0,0.3461044812802098
1.0,0.0,0.0,0.0,0.0,0.0,0.0,3.0,10.0,128.0,64.0,0.18131297960075382
1.0,0.0,0.0,0.0,0.0,0.0,0.0,4.0,10.0,128.0,64.0,0.19795734454791242
1.0,0.0,0.0,0.0,0.0,0.0,0.0,1.0,16.0,128.0,64.0,0.277956798383353
1.0,0.0,0.0,0.0,0.0,0.0,0.0,2.0,16.0,128.0,64.0,0.2752669379283979
1.0,0.0,0.0,0.0,0.0,0.0,0.0,3.0,16.0,128.0,64.0,0.15416860099948115
1.0,0.0,0.0,0.0,0.0,0.0,0.0,4.0,16.0,128.0,64.0,0.15450995384909477
1.0,0.0,0.0,0.0,0.0,0.0,0.0,1.0,20.0,128.0,64.0,0.2651355853518666
1.0,0.0,0.0,0.0,0.0,0.0,0.0,2.0,20.0,128.0,64.0,0.22164723231109534
1.0,0.0,0.0,0.0,0.0,0.0,0.0,3.0,20.0,128.0,64.0,0.14258991234058827
1.0,0.0,0.0,0.0,0.0,0.0,0.0,4.0,20.0,128.0,64.0,0.13858925694311702
1.0,0.0,0.0,0.0,0.0,0.0,0.0,1.0,32.0,128.0,64.0,0.24178705043829712
1.0,0.0,0.0,0.0,0.0,0.0,0.0,2.0,32.0,128.0,64.0,0.2279008165160163
1.0,0.0,0.0,0.0,0.0,0.0,0.0,3.0,32.0,128.0,64.0,0.12253201889729382
1.0,0.0,0.0,0.0,0.0,0.0,0.0,4.0,32.0,128.0,64.0,0.11446243753242857
1.0,0.0,0.0,0.0,0.0,0.0,0.0,1.0,64.0,128.0,64.0,0.22418689751222048
1.0,0.0,0.0,0.0,0.0,0.0,0.0,2.0,64.0,128.0,64.0,0.20154837652584728
1.0,0.0,0.0,0.0,0.0,0.0,0.0,3.0,64.0,128.0,64.0,0.11274201917037613
1.0,0.0,0.0,0.0,0.0,0.0,0.0,4.0,64.0,128.0,64.0,0.09805019252300723
1.0,0.0,0.0,0.0,0.0,0.0,0.0,1.0,128.0,128.0,64.0,0.16367186433272357
1.0,0.0,0.0,0.0,0.0,0.0,0.0,2.0,128.0,128.0,64.0,0.13852098637319427
1.0,0.0,0.0,0.0,0.0,0.0,0.0,3.0,128.0,128.0,64.0,0.09590649662743389
1.0,0.0,0.0,0.0,0.0,0.0,0.0,4.0,128.0,128.0,64.0,0.08643054152216068
1.0,0.0,0.0,0.0,0.0,0.0,0.0,1.0,0.0,0.0,128.0,0.22207050984461624
1.0,0.0,0.0,0.0,0.0,0.0,0.0,2.0,0.0,0.0,128.0,0.223067260165488
1.0,0.0,0.0,0.0,0.0,0.0,0.0,3.0,0.0,0.0,128.0,0.20445670280455513
1.0,0.0,0.0,0.0,0.0,0.0,0.0,4.0,0.0,0.0,128.0,0.20950872497883616
1.0,0.0,0.0,0.0,0.0,0.0,0.0,1.0,8.0,0.0,128.0,0.4036565717250608
1.0,0.0,0.0,0.0,0.0,0.0,0.0,2.0,8.0,0.0,128.0,0.39801742264944445
1.0,0.0,0.0,0.0,0.0,0.0,0.0,3.0,8.0,0.0,128.0,0.23973893334061552
1.0,0.0,0.0,0.0,0.0,0.0,0.0,4.0,8.0,0.0,128.0,0.237663508014965
1.0,0.0,0.0,0.0,0.0,0.0,0.0,1.0,10.0,0.0,128.0,0.37932494060460425
1.0,0.0,0.0,0.0,0.0,0.0,0.0,2.0,10.0,0.0,128.0,0.3778639504082581
1.0,0.0,0.0,0.0,0.0,0.0,0.0,3.0,10.0,0.0,128.0,0.21815177913105227
1.0,0.0,0.0,0.0,0.0,0.0,0.0,4.0,10.0,0.0,128.0,0.21752368988776322
1.0,0.0,0.0,0.0,0.0,0.0,0.0,1.0,16.0,0.0,128.0,0.30420000546164566
1.0,0.0,0.0,0.0,0.0,0.0,0.0,2.0,16.0,0.0,128.0,0.2972910237854666
1.0,0.0,0.0,0.0,0.0,0.0,0.0,3.0,16.0,0.0,128.0,0.17305224064010488
1.0,0.0,0.0,0.0,0.0,0.0,0.0,4.0,16.0,0.0,128.0,0.17145470930391332
1.0,0.0,0.0,0.0,0.0,0.0,0.0,1.0,20.0,0.0,128.0,0.279363172123761
1.0,0.0,0.0,0.0,0.0,0.0,0.0,2.0,20.0,0.0,128.0,0.22792812474398544
1.0,0.0,0.0,0.0,0.0,0.0,0.0,3.0,20.0,0.0,128.0,0.1522160626996915
1.0,0.0,0.0,0.0,0.0,0.0,0.0,4.0,20.0,0.0,128.0,0.15022256205794815
1.0,0.0,0.0,0.0,0.0,0.0,0.0,1.0,32.0,0.0,128.0,0.24558289412600026
1.0,0.0,0.0,0.0,0.0,0.0,0.0,2.0,32.0,0.0,128.0,0.23875583713372844
1.0,0.0,0.0,0.0,0.0,0.0,0.0,3.0,32.0,0.0,128.0,0.1287446407602611
1.0,0.0,0.0,0.0,0.0,0.0,0.0,4.0,32.0,0.0,128.0,0.127283650563915
1.0,0.0,0.0,0.0,0.0,0.0,0.0,1.0,64.0,0.0,128.0,0.27984106611322007
1.0,0.0,0.0,0.0,0.0,0.0,0.0,2.0,64.0,0.0,128.0,0.3361096698435239
1.0,0.0,0.0,0.0,0.0,0.0,0.0,3.0,64.0,0.0,128.0,0.15662634151669902
1.0,0.0,0.0,0.0,0.0,0.0,0.0,4.0,64.0,0.0,128.0,0.22235724623829173
1.0,0.0,0.0,0.0,0.0,0.0,0.0,1.0,128.0,0.0,128.0,0.298478931702122
1.0,0.0,0.0,0.0,0.0,0.0,0.0,2.0,128.0,0.0,128.0,0.336765067314782
1.0,0.0,0.0,0.0,0.0,0.0,0.0,3.0,128.0,0.0,128.0,0.2637428657254431
1.0,0.0,0.0,0.0,0.0,0.0,0.0,4.0,128.0,0.0,128.0,0.3035719162183566
1.0,0.0,0.0,0.0,0.0,0.0,0.0,1.0,0.0,8.0,128.0,0.0857478358229335
1.0,0.0,0.0,0.0,0.0,0.0,0.0,2.0,0.0,8.0,128.0,0.08849231273382674
1.0,0.0,0.0,0.0,0.0,0.0,0.0,3.0,0.0,8.0,128.0,0.05624129550233492
1.0,0.0,0.0,0.0,0.0,0.0,0.0,4.0,0.0,8.0,128.0,0.06369644173789568
1.0,0.0,0.0,0.0,0.0,0.0,0.0,1.0,8.0,8.0,128.0,0.96186405964117
1.0,0.0,0.0,0.0,0.0,0.0,0.0,2.0,8.0,8.0,128.0,0.9926540866763158
1.0,0.0,0.0,0.0,0.0,0.0,0.0,3.0,8.0,8.0,128.0,0.7455692400120157
1.0,0.0,0.0,0.0,0.0,0.0,0.0,4.0,8.0,8.0,128.0,0.7495698954094869
1.0,0.0,0.0,0.0,0.0,0.0,0.0,1.0,10.0,8.0,128.0,0.8482072148338295
1.0,0.0,0.0,0.0,0.0,0.0,0.0,2.0,10.0,8.0,128.0,0.8676916354897732
1.0,0.0,0.0,0.0,0.0,0.0,0.0,3.0,10.0,8.0,128.0,0.6480379038204211
1.0,0.0,0.0,0.0,0.0,0.0,0.0,4.0,10.0,8.0,128.0,0.6404325623310305
1.0,0.0,0.0,0.0,0.0,0.0,0.0,1.0,16.0,8.0,128.0,0.5139681586061882
1.0,0.0,0.0,0.0,0.0,0.0,0.0,2.0,16.0,8.0,128.0,0.5151014500669053
1.0,0.0,0.0,0.0,0.0,0.0,0.0,3.0,16.0,8.0,128.0,0.4109205603648381
1.0,0.0,0.0,0.0,0.0,0.0,0.0,4.0,16.0,8.0,128.0,0.41396542778339124
1.0,0.0,0.0,0.0,0.0,0.0,0.0,1.0,20.0,8.0,128.0,0.45659357164313624
1.0,0.0,0.0,0.0,0.0,0.0,0.0,2.0,20.0,8.0,128.0,0.4412190392965401
1.0,0.0,0.0,0.0,0.0,0.0,0.0,3.0,20.0,8.0,128.0,0.36319943198885835
1.0,0.0,0.0,0.0,0.0,0.0,0.0,4.0,20.0,8.0,128.0,0.35840683798028355
1.0,0.0,0.0,0.0,0.0,0.0,0.0,1.0,32.0,8.0,128.0,0.369220896256042
1.0,0.0,0.0,0.0,0.0,0.0,0.0,2.0,32.0,8.0,128.0,0.3680876047953248
1.0,0.0,0.0,0.0,0.0,0.0,0.0,3.0,32.0,8.0,128.0,0.2756765613479342
1.0,0.0,0.0,0.0,0.0,0.0,0.0,4.0,32.0,8.0,128.0,0.27771102433163125
1.0,0.0,0.0,0.0,0.0,0.0,0.0,1.0,64.0,8.0,128.0,0.2939048035172999
1.0,0.0,0.0,0.0,0.0,0.0,0.0,2.0,64.0,8.0,128.0,0.2941505775690216
1.0,0.0,0.0,0.0,0.0,0.0,0.0,3.0,64.0,8.0,128.0,0.21221223954777585
1.0,0.0,0.0,0.0,0.0,0.0,0.0,4.0,64.0,8.0,128.0,0.2131680275266939
1.0,0.0,0.0,0.0,0.0,0.0,0.0,1.0,128.0,8.0,128.0,0.20408804172697242
1.0,0.0,0.0,0.0,0.0,0.0,0.0,2.0,128.0,8.0,128.0,0.20283186324039443
1.0,0.0,0.0,0.0,0.0,0.0,0.0,3.0,128.0,8.0,128.0,0.15061853136349984
1.0,0.0,0.0,0.0,0.0,0.0,0.0,4.0,128.0,8.0,128.0,0.1466451841939977
1.0,0.0,0.0,0.0,0.0,0.0,0.0,1.0,0.0,10.0,128.0,0.1180534695103635
1.0,0.0,0.0,0.0,0.0,0.0,0.0,2.0,0.0,10.0,128.0,0.12070236762336495
1.0,0.0,0.0,0.0,0.0,0.0,0.0,3.0,0.0,10.0,128.0,0.07280373576558624
1.0,0.0,0.0,0.0,0.0,0.0,0.0,4.0,0.0,10.0,128.0,0.0803271525710697
1.0,0.0,0.0,0.0,0.0,0.0,0.0,1.0,8.0,10.0,128.0,0.9349381468636502
1.0,0.0,0.0,0.0,0.0,0.0,0.0,2.0,8.0,10.0,128.0,0.9281110898713782
1.0,0.0,0.0,0.0,0.0,0.0,0.0,3.0,8.0,10.0,128.0,0.6725060760807231
1.0,0.0,0.0,0.0,0.0,0.0,0.0,4.0,8.0,10.0,128.0,0.6628389633796665
1.0,0.0,0.0,0.0,0.0,0.0,0.0,1.0,10.0,10.0,128.0,0.8402195581528717
1.0,0.0,0.0,0.0,0.0,0.0,0.0,2.0,10.0,10.0,128.0,0.8325049837516045
1.0,0.0,0.0,0.0,0.0,0.0,0.0,3.0,10.0,10.0,128.0,0.5870859389934189
1.0,0.0,0.0,0.0,0.0,0.0,0.0,4.0,10.0,10.0,128.0,0.5733772085529372
1.0,0.0,0.0,0.0,0.0,0.0,0.0,1.0,16.0,10.0,128.0,0.5025806275430789
1.0,0.0,0.0,0.0,0.0,0.0,0.0,2.0,16.0,10.0,128.0,0.49605396105846705
1.0,0.0,0.0,0.0,0.0,0.0,0.0,3.0,16.0,10.0,128.0,0.37644392255386566
1.0,0.0,0.0,0.0,0.0,0.0,0.0,4.0,16.0,10.0,128.0,0.3735492503891423
1.0,0.0,0.0,0.0,0.0,0.0,0.0,1.0,20.0,10.0,128.0,0.4506540320598598
1.0,0.0,0.0,0.0,0.0,0.0,0.0,2.0,20.0,10.0,128.0,0.42622682214151136
1.0,0.0,0.0,0.0,0.0,0.0,0.0,3.0,20.0,10.0,128.0,0.33748873535596285
1.0,0.0,0.0,0.0,0.0,0.0,0.0,4.0,20.0,10.0,128.0,0.3296649280428194
1.0,0.0,0.0,0.0,0.0,0.0,0.0,1.0,32.0,10.0,128.0,0.3809224719407958
1.0,0.0,0.0,0.0,0.0,0.0,0.0,2.0,32.0,10.0,128.0,0.37802779977607265
1.0,0.0,0.0,0.0,0.0,0.0,0.0,3.0,32.0,10.0,128.0,0.26539501351757294
1.0,0.0,0.0,0.0,0.0,0.0,0.0,4.0,32.0,10.0,128.0,0.2635107457877059
1.0,0.0,0.0,0.0,0.0,0.0,0.0,1.0,64.0,10.0,128.0,0.3271116087277098
1.0,0.0,0.0,0.0,0.0,0.0,0.0,2.0,64.0,10.0,128.0,0.3247221387804146
1.0,0.0,0.0,0.0,0.0,0.0,0.0,3.0,64.0,10.0,128.0,0.21880717660231036
1.0,0.0,0.0,0.0,0.0,0.0,0.0,4.0,64.0,10.0,128.0,0.21731887817799506
1.0,0.0,0.0,0.0,0.0,0.0,0.0,1.0,128.0,10.0,128.0,0.22675387094131466
1.0,0.0,0.0,0.0,0.0,0.0,0.0,2.0,128.0,10.0,128.0,0.2261257816980256
1.0,0.0,0.0,0.0,0.0,0.0,0.0,3.0,128.0,10.0,128.0,0.15982140418908225
1.0,0.0,0.0,0.0,0.0,0.0,0.0,4.0,128.0,10.0,128.0,0.15613479341325548
1.0,0.0,0.0,0.0,0.0,0.0,0.0,1.0,0.0,16.0,128.0,0.07735055572243921
1.0,0.0,0.0,0.0,0.0,0.0,0.0,2.0,0.0,16.0,128.0,0.07991752915153344
1.0,0.0,0.0,0.0,0.0,0.0,0.0,3.0,0.0,16.0,128.0,0.035691853955596875
1.0,0.0,0.0,0.0,0.0,0.0,0.0,4.0,0.0,16.0,128.0,0.04228679101013144
1.0,0.0,0.0,0.0,0.0,0.0,0.0,1.0,8.0,16.0,128.0,0.6422075971490211
1.0,0.0,0.0,0.0,0.0,0.0,0.0,2.0,8.0,16.0,128.0,0.6474098145771323
1.0,0.0,0.0,0.0,0.0,0.0,0.0,3.0,8.0,16.0,128.0,0.4371228051011771
1.0,0.0,0.0,0.0,0.0,0.0,0.0,4.0,8.0,16.0,128.0,0.4321663617247878
1.0,0.0,0.0,0.0,0.0,0.0,0.0,1.0,10.0,16.0,128.0,0.5886698162156259
1.0,0.0,0.0,0.0,0.0,0.0,0.0,2.0,10.0,16.0,128.0,0.5802179196591934
1.0,0.0,0.0,0.0,0.0,0.0,0.0,3.0,10.0,16.0,128.0,0.38536005898577247
1.0,0.0,0.0,0.0,0.0,0.0,0.0,4.0,10.0,16.0,128.0,0.3774406728747372
1.0,0.0,0.0,0.0,0.0,0.0,0.0,1.0,16.0,16.0,128.0,0.33641006035118387
1.0,0.0,0.0,0.0,0.0,0.0,0.0,2.0,16.0,16.0,128.0,0.3396051230235671
1.0,0.0,0.0,0.0,0.0,0.0,0.0,3.0,16.0,16.0,128.0,0.2393839263770175
1.0,0.0,0.0,0.0,0.0,0.0,0.0,4.0,16.0,16.0,128.0,0.239097189983342
1.0,0.0,0.0,0.0,0.0,0.0,0.0,1.0,20.0,16.0,128.0,0.3102214697288294
1.0,0.0,0.0,0.0,0.0,0.0,0.0,2.0,20.0,16.0,128.0,0.2914334088860974
1.0,0.0,0.0,0.0,0.0,0.0,0.0,3.0,20.0,16.0,128.0,0.2162265490592316
1.0,0.0,0.0,0.0,0.0,0.0,0.0,4.0,20.0,16.0,128.0,0.21226685600371392
1.0,0.0,0.0,0.0,0.0,0.0,0.0,1.0,32.0,16.0,128.0,0.2689314290395696
1.0,0.0,0.0,0.0,0.0,0.0,0.0,2.0,32.0,16.0,128.0,0.26715639422157905
1.0,0.0,0.0,0.0,0.0,0.0,0.0,3.0,32.0,16.0,128.0,0.17428111089871384
1.0,0.0,0.0,0.0,0.0,0.0,0.0,4.0,32.0,16.0,128.0,0.17236953494087776
1.0,0.0,0.0,0.0,0.0,0.0,0.0,1.0,64.0,16.0,128.0,0.24652502799093384
1.0,0.0,0.0,0.0,0.0,0.0,0.0,2.0,64.0,16.0,128.0,0.25859526475327027
1.0,0.0,0.0,0.0,0.0,0.0,0.0,3.0,64.0,16.0,128.0,0.15431879625331119
1.0,0.0,0.0,0.0,0.0,0.0,0.0,4.0,64.0,16.0,128.0,0.15274857314508872
1.0,0.0,0.0,0.0,0.0,0.0,0.0,1.0,128.0,16.0,128.0,0.17073104126273247
1.0,0.0,0.0,0.0,0.0,0.0,0.0,2.0,128.0,16.0,128.0,0.16703077637292124
1.0,0.0,0.0,0.0,0.0,0.0,0.0,3.0,128.0,16.0,128.0,0.10516398590895443
1.0,0.0,0.0,0.0,0.0,0.0,0.0,4.0,128.0,16.0,128.0,0.1046860919194954
1.0,0.0,0.0,0.0,0.0,0.0,0.0,1.0,0.0,20.0,128.0,0.07504301045905132
1.0,0.0,0.0,0.0,0.0,0.0,0.0,2.0,0.0,20.0,128.0,0.07650400065539753
1.0,0.0,0.0,0.0,0.0,0.0,0.0,3.0,0.0,20.0,128.0,0.03023020836177942
1.0,0.0,0.0,0.0,0.0,0.0,0.0,4.0,0.0,20.0,128.0,0.03447663781097249
1.0,0.0,0.0,0.0,0.0,0.0,0.0,1.0,8.0,20.0,128.0,0.5808460089024825
1.0,0.0,0.0,0.0,0.0,0.0,0.0,2.0,8.0,20.0,128.0,0.5805046560528688
1.0,0.0,0.0,0.0,0.0,0.0,0.0,3.0,8.0,20.0,128.0,0.3765531554657419
1.0,0.0,0.0,0.0,0.0,0.0,0.0,4.0,8.0,20.0,128.0,0.37035418771675915
1.0,0.0,0.0,0.0,0.0,0.0,0.0,1.0,10.0,20.0,128.0,0.49619050219831257
1.0,0.0,0.0,0.0,0.0,0.0,0.0,2.0,10.0,20.0,128.0,0.5244954804882711
1.0,0.0,0.0,0.0,0.0,0.0,0.0,3.0,10.0,20.0,128.0,0.3334198093885689
1.0,0.0,0.0,0.0,0.0,0.0,0.0,4.0,10.0,20.0,128.0,0.3248177175783064
1.0,0.0,0.0,0.0,0.0,0.0,0.0,1.0,16.0,20.0,128.0,0.31252901499221725
1.0,0.0,0.0,0.0,0.0,0.0,0.0,2.0,16.0,20.0,128.0,0.30788661623747243
1.0,0.0,0.0,0.0,0.0,0.0,0.0,3.0,16.0,20.0,128.0,0.20664136104208203
1.0,0.0,0.0,0.0,0.0,0.0,0.0,4.0,16.0,20.0,128.0,0.20455228160244682
1.0,0.0,0.0,0.0,0.0,0.0,0.0,1.0,20.0,20.0,128.0,0.2875829487424562
1.0,0.0,0.0,0.0,0.0,0.0,0.0,2.0,20.0,20.0,128.0,0.2618449438815916
1.0,0.0,0.0,0.0,0.0,0.0,0.0,3.0,20.0,20.0,128.0,0.1890821704579591
1.0,0.0,0.0,0.0,0.0,0.0,0.0,4.0,20.0,20.0,128.0,0.18413938119555423
1.0,0.0,0.0,0.0,0.0,0.0,0.0,1.0,32.0,20.0,128.0,0.25869084355116206
1.0,0.0,0.0,0.0,0.0,0.0,0.0,2.0,32.0,20.0,128.0,0.25051202927442046
1.0,0.0,0.0,0.0,0.0,0.0,0.0,3.0,32.0,20.0,128.0,0.15610748518528644
1.0,0.0,0.0,0.0,0.0,0.0,0.0,4.0,32.0,20.0,128.0,0.1667303858652613
1.0,0.0,0.0,0.0,0.0,0.0,0.0,1.0,64.0,20.0,128.0,0.24074933777547186
1.0,0.0,0.0,0.0,0.0,0.0,0.0,2.0,64.0,20.0,128.0,0.2352467298397008
1.0,0.0,0.0,0.0,0.0,0.0,0.0,3.0,64.0,20.0,128.0,0.14204374778120654
1.0,0.0,0.0,0.0,0.0,0.0,0.0,4.0,64.0,20.0,128.0,0.1388077227668697
1.0,0.0,0.0,0.0,0.0,0.0,0.0,1.0,128.0,20.0,128.0,0.15759578360960164
1.0,0.0,0.0,0.0,0.0,0.0,0.0,2.0,128.0,20.0,128.0,0.15576613233567277
1.0,0.0,0.0,0.0,0.0,0.0,0.0,3.0,128.0,20.0,128.0,0.09342144788224699
1.0,0.0,0.0,0.0,0.0,0.0,0.0,4.0,128.0,20.0,128.0,0.0933668314263088
1.0,0.0,0.0,0.0,0.0,0.0,0.0,1.0,0.0,32.0,128.0,0.07070100221196651
1.0,0.0,0.0,0.0,0.0,0.0,0.0,2.0,0.0,32.0,128.0,0.07194352658455999
1.0,0.0,0.0,0.0,0.0,0.0,0.0,3.0,0.0,32.0,128.0,0.021273109587918893
1.0,0.0,0.0,0.0,0.0,0.0,0.0,4.0,0.0,32.0,128.0,0.024713946312023838
1.0,0.0,0.0,0.0,0.0,0.0,0.0,1.0,8.0,32.0,128.0,0.48184002840055723
1.0,0.0,0.0,0.0,0.0,0.0,0.0,2.0,8.0,32.0,128.0,0.4762281875529098
1.0,0.0,0.0,0.0,0.0,0.0,0.0,3.0,8.0,32.0,128.0,0.2833501734072477
1.0,0.0,0.0,0.0,0.0,0.0,0.0,4.0,8.0,32.0,128.0,0.2801004942789263
1.0,0.0,0.0,0.0,0.0,0.0,0.0,1.0,10.0,32.0,128.0,0.4449875747562742
1.0,0.0,0.0,0.0,0.0,0.0,0.0,2.0,10.0,32.0,128.0,0.4377782025724352
1.0,0.0,0.0,0.0,0.0,0.0,0.0,3.0,10.0,32.0,128.0,0.2550588492312735
1.0,0.0,0.0,0.0,0.0,0.0,0.0,4.0,10.0,32.0,128.0,0.25019798465277593
1.0,0.0,0.0,0.0,0.0,0.0,0.0,1.0,16.0,32.0,128.0,0.2720991834839837
1.0,0.0,0.0,0.0,0.0,0.0,0.0,2.0,16.0,32.0,128.0,0.26549059231546474
1.0,0.0,0.0,0.0,0.0,0.0,0.0,3.0,16.0,32.0,128.0,0.16641634124361676
1.0,0.0,0.0,0.0,0.0,0.0,0.0,4.0,16.0,32.0,128.0,0.16204702476856286
1.0,0.0,0.0,0.0,0.0,0.0,0.0,1.0,20.0,32.0,128.0,0.2619814850214371
1.0,0.0,0.0,0.0,0.0,0.0,0.0,2.0,20.0,32.0,128.0,0.2301400912094816
1.0,0.0,0.0,0.0,0.0,0.0,0.0,3.0,20.0,32.0,128.0,0.15811463994101432
1.0,0.0,0.0,0.0,0.0,0.0,0.0,4.0,20.0,32.0,128.0,0.1499494797782573
1.0,0.0,0.0,0.0,0.0,0.0,0.0,1.0,32.0,32.0,128.0,0.2507168409841886
1.0,0.0,0.0,0.0,0.0,0.0,0.0,2.0,32.0,32.0,128.0,0.24218301974384887
1.0,0.0,0.0,0.0,0.0,0.0,0.0,3.0,32.0,32.0,128.0,0.14100603511838128
1.0,0.0,0.0,0.0,0.0,0.0,0.0,4.0,32.0,32.0,128.0,0.13200797400256703
1.0,0.0,0.0,0.0,0.0,0.0,0.0,1.0,64.0,32.0,128.0,0.22510172314918492
1.0,0.0,0.0,0.0,0.0,0.0,0.0,2.0,64.0,32.0,128.0,0.21461536360905548
1.0,0.0,0.0,0.0,0.0,0.0,0.0,3.0,64.0,32.0,128.0,0.12171277205822117
1.0,0.0,0.0,0.0,0.0,0.0,0.0,4.0,64.0,32.0,128.0,0.11530899259947025
1.0,0.0,0.0,0.0,0.0,0.0,0.0,1.0,128.0,32.0,128.0,0.14391436139708896
1.0,0.0,0.0,0.0,0.0,0.0,0.0,2.0,128.0,32.0,128.0,0.1399410142275868
1.0,0.0,0.0,0.0,0.0,0.0,0.0,3.0,128.0,32.0,128.0,0.08537917474535084
1.0,0.0,0.0,0.0,0.0,0.0,0.0,4.0,128.0,32.0,128.0,0.08345394467353023
1.0,0.0,0.0,0.0,0.0,0.0,0.0,1.0,0.0,64.0,128.0,0.07224391709221989
1.0,0.0,0.0,0.0,0.0,0.0,0.0,2.0,0.0,64.0,128.0,0.07446953767170056
1.0,0.0,0.0,0.0,0.0,0.0,0.0,3.0,0.0,64.0,128.0,0.0267074469537672
1.0,0.0,0.0,0.0,0.0,0.0,0.0,4.0,0.0,64.0,128.0,0.03126792102460474
1.0,0.0,0.0,0.0,0.0,0.0,0.0,1.0,8.0,64.0,128.0,0.4092001420027855
1.0,0.0,0.0,0.0,0.0,0.0,0.0,2.0,8.0,64.0,128.0,0.39898686474234696
1.0,0.0,0.0,0.0,0.0,0.0,0.0,3.0,8.0,64.0,128.0,0.2240367022583905
1.0,0.0,0.0,0.0,0.0,0.0,0.0,4.0,8.0,64.0,128.0,0.2445861438051285
1.0,0.0,0.0,0.0,0.0,0.0,0.0,1.0,10.0,64.0,128.0,0.3896337966629346
1.0,0.0,0.0,0.0,0.0,0.0,0.0,2.0,10.0,64.0,128.0,0.3777137551544281
1.0,0.0,0.0,0.0,0.0,0.0,0.0,3.0,10.0,64.0,128.0,0.21140664682268778
1.0,0.0,0.0,0.0,0.0,0.0,0.0,4.0,10.0,64.0,128.0,0.22485594909746304
1.0,0.0,0.0,0.0,0.0,0.0,0.0,1.0,16.0,64.0,128.0,0.3045003959693056
1.0,0.0,0.0,0.0,0.0,0.0,0.0,2.0,16.0,64.0,128.0,0.29267593325869096
1.0,0.0,0.0,0.0,0.0,0.0,0.0,3.0,16.0,64.0,128.0,0.17635653622436448
1.0,0.0,0.0,0.0,0.0,0.0,0.0,4.0,16.0,64.0,128.0,0.16768617384417933
1.0,0.0,0.0,0.0,0.0,0.0,0.0,1.0,20.0,64.0,128.0,0.2832136322674023
1.0,0.0,0.0,0.0,0.0,0.0,0.0,2.0,20.0,64.0,128.0,0.23685791528987693
1.0,0.0,0.0,0.0,0.0,0.0,0.0,3.0,20.0,64.0,128.0,0.15990332887298947
1.0,0.0,0.0,0.0,0.0,0.0,0.0,4.0,20.0,64.0,128.0,0.1488708047734783
1.0,0.0,0.0,0.0,0.0,0.0,0.0,1.0,32.0,64.0,128.0,0.24857314508861533
1.0,0.0,0.0,0.0,0.0,0.0,0.0,2.0,32.0,64.0,128.0,0.23285725989240563
1.0,0.0,0.0,0.0,0.0,0.0,0.0,3.0,32.0,64.0,128.0,0.13028755564051459
1.0,0.0,0.0,0.0,0.0,0.0,0.0,4.0,32.0,64.0,128.0,0.11966465496053968
1.0,0.0,0.0,0.0,0.0,0.0,0.0,1.0,64.0,64.0,128.0,0.2250607608072312
1.0,0.0,0.0,0.0,0.0,0.0,0.0,2.0,64.0,64.0,128.0,0.20416996641087964
1.0,0.0,0.0,0.0,0.0,0.0,0.0,3.0,64.0,64.0,128.0,0.1084273191512603
1.0,0.0,0.0,0.0,0.0,0.0,0.0,4.0,64.0,64.0,128.0,0.09536033206805217
1.0,0.0,0.0,0.0,0.0,0.0,0.0,1.0,128.0,64.0,128.0,0.1381386711816271
1.0,0.0,0.0,0.0,0.0,0.0,0.0,2.0,128.0,64.0,128.0,0.12531745815014073
1.0,0.0,0.0,0.0,0.0,0.0,0.0,3.0,128.0,64.0,128.0,0.07781479559791371
1.0,0.0,0.0,0.0,0.0,0.0,0.0,4.0,128.0,64.0,128.0,0.07121985854337914
1.0,0.0,0.0,0.0,0.0,0.0,0.0,1.0,0.0,128.0,128.0,0.17339359348971856
1.0,0.0,0.0,0.0,0.0,0.0,0.0,2.0,0.0,128.0,128.0,0.17460880963434294
1.0,0.0,0.0,0.0,0.0,0.0,0.0,3.0,0.0,128.0,128.0,0.1492667740790301
1.0,0.0,0.0,0.0,0.0,0.0,0.0,4.0,0.0,128.0,128.0,0.1542232174554194
1.0,0.0,0.0,0.0,0.0,0.0,0.0,1.0,8.0,128.0,128.0,0.4053360277451597
1.0,0.0,0.0,0.0,0.0,0.0,0.0,2.0,8.0,128.0,128.0,0.39452196946940127
1.0,0.0,0.0,0.0,0.0,0.0,0.0,3.0,8.0,128.0,128.0,0.23946585106092472
1.0,0.0,0.0,0.0,0.0,0.0,0.0,4.0,8.0,128.0,128.0,0.23943854283295557
1.0,0.0,0.0,0.0,0.0,0.0,0.0,1.0,10.0,128.0,128.0,0.3848002403124063
1.0,0.0,0.0,0.0,0.0,0.0,0.0,2.0,10.0,128.0,128.0,0.3766896966055873
1.0,0.0,0.0,0.0,0.0,0.0,0.0,3.0,10.0,128.0,128.0,0.22282148611376612
1.0,0.0,0.0,0.0,0.0,0.0,0.0,4.0,10.0,128.0,128.0,0.22142876648734272
1.0,0.0,0.0,0.0,0.0,0.0,0.0,1.0,16.0,128.0,128.0,0.3072448728801989
1.0,0.0,0.0,0.0,0.0,0.0,0.0,2.0,16.0,128.0,128.0,0.2957208006772441
1.0,0.0,0.0,0.0,0.0,0.0,0.0,3.0,16.0,128.0,128.0,0.1756465222971682
1.0,0.0,0.0,0.0,0.0,0.0,0.0,4.0,16.0,128.0,128.0,0.16879215707692735
1.0,0.0,0.0,0.0,0.0,0.0,0.0,1.0,20.0,128.0,128.0,0.28169802561511786
1.0,0.0,0.0,0.0,0.0,0.0,0.0,2.0,20.0,128.0,128.0,0.23145088615199766
1.0,0.0,0.0,0.0,0.0,0.0,0.0,3.0,20.0,128.0,128.0,0.1543734127092493
1.0,0.0,0.0,0.0,0.0,0.0,0.0,4.0,20.0,128.0,128.0,0.14620825254649233
1.0,0.0,0.0,0.0,0.0,0.0,0.0,1.0,32.0,128.0,128.0,0.24647041153499555
1.0,0.0,0.0,0.0,0.0,0.0,0.0,2.0,32.0,128.0,128.0,0.23102760861847688
1.0,0.0,0.0,0.0,0.0,0.0,0.0,3.0,32.0,128.0,128.0,0.12438897839919172
1.0,0.0,0.0,0.0,0.0,0.0,0.0,4.0,32.0,128.0,128.0,0.1150495644337639
1.0,0.0,0.0,0.0,0.0,0.0,0.0,1.0,64.0,128.0,128.0,0.22279417788579708
1.0,0.0,0.0,0.0,0.0,0.0,0.0,2.0,64.0,128.0,128.0,0.20049700974903745
1.0,0.0,0.0,0.0,0.0,0.0,0.0,3.0,64.0,128.0,128.0,0.11051639859089551
1.0,0.0,0.0,0.0,0.0,0.0,0.0,4.0,64.0,128.0,128.0,0.09712171277205828
1.0,0.0,0.0,0.0,0.0,0.0,0.0,1.0,128.0,128.0,128.0,0.16229279882028463
1.0,0.0,0.0,0.0,0.0,0.0,0.0,2.0,128.0,128.0,128.0,0.13662306452934275
1.0,0.0,0.0,0.0,0.0,0.0,0.0,3.0,128.0,128.0,128.0,0.09338048554029332
1.0,0.0,0.0,0.0,0.0,0.0,0.0,4.0,128.0,128.0,128.0,0.08258008137851941
1.0,1.0,0.0,0.0,0.0,0.0,1.0,0.0,0.0,0.0,0.0,0.2758404107157488
1.0,1.0,0.0,0.0,0.0,0.0,0.0,1.0,0.0,0.0,0.0,0.19690597777110247
1.0,1.0,0.0,0.0,0.0,0.0,0.0,2.0,0.0,0.0,0.0,0.19663289549141155
1.0,1.0,0.0,0.0,0.0,0.0,0.0,3.0,0.0,0.0,0.0,0.1881127283650565
1.0,1.0,0.0,0.0,0.0,0.0,0.0,4.0,0.0,0.0,0.0,0.18844042710068548
1.0,1.0,0.0,0.0,0.0,0.0,0.0,1.0,8.0,0.0,0.0,0.21084682814932149
1.0,1.0,0.0,0.0,0.0,0.0,0.0,2.0,8.0,0.0,0.0,0.21435593544334913
1.0,1.0,0.0,0.0,0.0,0.0,0.0,3.0,8.0,0.0,0.0,0.21766023102760862
1.0,1.0,0.0,0.0,0.0,0.0,0.0,4.0,8.0,0.0,0.0,0.21086048226330606
1.0,1.0,0.0,0.0,0.0,0.0,0.0,1.0,10.0,0.0,0.0,0.18595537835549852
1.0,1.0,0.0,0.0,0.0,0.0,0.0,2.0,10.0,0.0,0.0,0.1955405663726481
1.0,1.0,0.0,0.0,0.0,0.0,0.0,3.0,10.0,0.0,0.0,0.20085201671263558
1.0,1.0,0.0,0.0,0.0,0.0,0.0,4.0,10.0,0.0,0.0,0.1862011524072204
1.0,1.0,0.0,0.0,0.0,0.0,0.0,1.0,16.0,0.0,0.0,0.14390070728310445
1.0,1.0,0.0,0.0,0.0,0.0,0.0,2.0,16.0,0.0,0.0,0.14136104208197936
1.0,1.0,0.0,0.0,0.0,0.0,0.0,3.0,16.0,0.0,0.0,0.15190201807804699
1.0,1.0,0.0,0.0,0.0,0.0,0.0,4.0,16.0,0.0,0.0,0.14121084682814938
1.0,1.0,0.0,0.0,0.0,0.0,0.0,1.0,20.0,0.0,0.0,0.13069717906005085
1.0,1.0,0.0,0.0,0.0,0.0,0.0,2.0,20.0,0.0,0.0,0.11720691444332182
1.0,1.0,0.0,0.0,0.0,0.0,0.0,3.0,20.0,0.0,0.0,0.1328545290696087
1.0,1.0,0.0,0.0,0.0,0.0,0.0,4.0,20.0,0.0,0.0,0.11657882520003282
1.0,1.0,0.0,0.0,0.0,0.0,0.0,1.0,32.0,0.0,0.0,0.11746634260902816
1.0,1.0,0.0,0.0,0.0,0.0,0.0,2.0,32.0,0.0,0.0,0.09653458587072289
1.0,1.0,0.0,0.0,0.0,0.0,0.0,3.0,32.0,0.0,0.0,0.10980638466369924
1.0,1.0,0.0,0.0,0.0,0.0,0.0,4.0,32.0,0.0,0.0,0.09006253584204926
1.0,1.0,0.0,0.0,0.0,0.0,0.0,1.0,64.0,0.0,0.0,0.16083180862393848
1.0,1.0,0.0,0.0,0.0,0.0,0.0,2.0,64.0,0.0,0.0,0.20726945028537108
1.0,1.0,0.0,0.0,0.0,0.0,0.0,3.0,64.0,0.0,0.0,0.1377836642180289
1.0,1.0,0.0,0.0,0.0,0.0,0.0,4.0,64.0,0.0,0.0,0.19416150086020928
1.0,1.0,0.0,0.0,0.0,0.0,0.0,1.0,128.0,0.0,0.0,0.2398481662524919
1.0,1.0,0.0,0.0,0.0,0.0,0.0,2.0,128.0,0.0,0.0,0.24107703651110085
1.0,1.0,0.0,0.0,0.0,0.0,0.0,3.0,128.0,0.0,0.0,0.2436986263961332
1.0,1.0,0.0,0.0,0.0,0.0,0.0,4.0,128.0,0.0,0.0,0.25018433053879136
1.0,1.0,0.0,0.0,0.0,0.0,0.0,1.0,0.0,8.0,0.0,0.031295229252573886
1.0,1.0,0.0,0.0,0.0,0.0,0.0,2.0,0.0,8.0,0.0,0.03065348589530026
1.0,1.0,0.0,0.0,0.0,0.0,0.0,3.0,0.0,8.0,0.0,0.03753515934351026
1.0,1.0,0.0,0.0,0.0,0.0,0.0,4.0,0.0,8.0,0.0,0.03824517327070648
1.0,1.0,0.0,0.0,0.0,0.0,0.0,1.0,8.0,8.0,0.0,0.7481225593271252
1.0,1.0,0.0,0.0,0.0,0.0,0.0,2.0,8.0,8.0,0.0,0.7602747207733691
1.0,1.0,0.0,0.0,0.0,0.0,0.0,3.0,8.0,8.0,0.0,0.7341544007209373
1.0,1.0,0.0,0.0,0.0,0.0,0.0,4.0,8.0,8.0,0.0,0.7466752232447638
1.0,1.0,0.0,0.0,0.0,0.0,0.0,1.0,10.0,8.0,0.0,0.6374696195963845
1.0,1.0,0.0,0.0,0.0,0.0,0.0,2.0,10.0,8.0,0.0,0.6408421857505668
1.0,1.0,0.0,0.0,0.0,0.0,0.0,3.0,10.0,8.0,0.0,0.6294273464594884
1.0,1.0,0.0,0.0,0.0,0.0,0.0,4.0,10.0,8.0,0.0,0.6343701357218932
1.0,1.0,0.0,0.0,0.0,0.0,0.0,1.0,16.0,8.0,0.0,0.4416559709440456
1.0,1.0,0.0,0.0,0.0,0.0,0.0,2.0,16.0,8.0,0.0,0.3876676042491604
1.0,1.0,0.0,0.0,0.0,0.0,0.0,3.0,16.0,8.0,0.0,0.41623201070482546
1.0,1.0,0.0,0.0,0.0,0.0,0.0,4.0,16.0,8.0,0.0,0.39229634888992065
1.0,1.0,0.0,0.0,0.0,0.0,0.0,1.0,20.0,8.0,0.0,0.39165460553264714
1.0,1.0,0.0,0.0,0.0,0.0,0.0,2.0,20.0,8.0,0.0,0.32884568120374674
1.0,1.0,0.0,0.0,0.0,0.0,0.0,3.0,20.0,8.0,0.0,0.36599852535568983
1.0,1.0,0.0,0.0,0.0,0.0,0.0,4.0,20.0,8.0,0.0,0.33219093912995995
1.0,1.0,0.0,0.0,0.0,0.0,0.0,1.0,32.0,8.0,0.0,0.3083781643409161
1.0,1.0,0.0,0.0,0.0,0.0,0.0,2.0,32.0,8.0,0.0,0.25832218247357935
1.0,1.0,0.0,0.0,0.0,0.0,0.0,3.0,32.0,8.0,0.0,0.28658619842158456
1.0,1.0,0.0,0.0,0.0,0.0,0.0,4.0,32.0,8.0,0.0,0.25665638056746504
1.0,1.0,0.0,0.0,0.0,0.0,0.0,1.0,64.0,8.0,0.0,0.24345285234441144
1.0,1.0,0.0,0.0,0.0,0.0,0.0,2.0,64.0,8.0,0.0,0.18897293754608274
1.0,1.0,0.0,0.0,0.0,0.0,0.0,3.0,64.0,8.0,0.0,0.22207050984461624
1.0,1.0,0.0,0.0,0.0,0.0,0.0,4.0,64.0,8.0,0.0,0.18184549004615097
1.0,1.0,0.0,0.0,0.0,0.0,0.0,1.0,128.0,8.0,0.0,0.15339031650236223
1.0,1.0,0.0,0.0,0.0,0.0,0.0,2.0,128.0,8.0,0.0,0.12892214424206022
1.0,1.0,0.0,0.0,0.0,0.0,0.0,3.0,128.0,8.0,0.0,0.14510226931374431
1.0,1.0,0.0,0.0,0.0,0.0,0.0,4.0,128.0,8.0,0.0,0.12668286954859503
1.0,1.0,0.0,0.0,0.0,0.0,0.0,1.0,0.0,10.0,0.0,0.04957808787787765
1.0,1.0,0.0,0.0,0.0,0.0,0.0,2.0,0.0,10.0,0.0,0.04908653977443406
1.0,1.0,0.0,0.0,0.0,0.0,0.0,3.0,0.0,10.0,0.0,0.053155465741828056
1.0,1.0,0.0,0.0,0.0,0.0,0.0,4.0,0.0,10.0,0.0,0.053332969223627125
1.0,1.0,0.0,0.0,0.0,0.0,0.0,1.0,8.0,10.0,0.0,0.664108795980229
1.0,1.0,0.0,0.0,0.0,0.0,0.0,2.0,8.0,10.0,0.0,0.6680957972637156
1.0,1.0,0.0,0.0,0.0,0.0,0.0,3.0,8.0,10.0,0.0,0.6582238728528906
1.0,1.0,0.0,0.0,0.0,0.0,0.0,4.0,8.0,10.0,0.0,0.6598896747590051
1.0,1.0,0.0,0.0,0.0,0.0,0.0,1.0,10.0,10.0,0.0,0.572872006335509
1.0,1.0,0.0,0.0,0.0,0.0,0.0,2.0,10.0,10.0,0.0,0.5728583522215245
1.0,1.0,0.0,0.0,0.0,0.0,0.0,3.0,10.0,10.0,0.0,0.5668232338403563
1.0,1.0,0.0,0.0,0.0,0.0,0.0,4.0,10.0,10.0,0.0,0.5682159534667797
1.0,1.0,0.0,0.0,0.0,0.0,0.0,1.0,16.0,10.0,0.0,0.4112892214424207
1.0,1.0,0.0,0.0,0.0,0.0,0.0,2.0,16.0,10.0,0.0,0.35181190092574904
1.0,1.0,0.0,0.0,0.0,0.0,0.0,3.0,16.0,10.0,0.0,0.39304732515907054
1.0,1.0,0.0,0.0,0.0,0.0,0.0,4.0,16.0,10.0,0.0,0.3556350528414212
1.0,1.0,0.0,0.0,0.0,0.0,0.0,1.0,20.0,10.0,0.0,0.3707911193642645
1.0,1.0,0.0,0.0,0.0,0.0,0.0,2.0,20.0,10.0,0.0,0.3074906469319207
1.0,1.0,0.0,0.0,0.0,0.0,0.0,3.0,20.0,10.0,0.0,0.35185286326770265
1.0,1.0,0.0,0.0,0.0,0.0,0.0,4.0,20.0,10.0,0.0,0.3057156121139301
1.0,1.0,0.0,0.0,0.0,0.0,0.0,1.0,32.0,10.0,0.0,0.3030257516589749
1.0,1.0,0.0,0.0,0.0,0.0,0.0,2.0,32.0,10.0,0.0,0.24424479095551493
1.0,1.0,0.0,0.0,0.0,0.0,0.0,3.0,32.0,10.0,0.0,0.2828995876457578
1.0,1.0,0.0,0.0,0.0,0.0,0.0,4.0,32.0,10.0,0.0,0.24394440044785498
1.0,1.0,0.0,0.0,0.0,0.0,0.0,1.0,64.0,10.0,0.0,0.24843660394876993
1.0,1.0,0.0,0.0,0.0,0.0,0.0,2.0,64.0,10.0,0.0,0.18748463912176744
1.0,1.0,0.0,0.0,0.0,0.0,0.0,3.0,64.0,10.0,0.0,0.2258936617602884
1.0,1.0,0.0,0.0,0.0,0.0,0.0,4.0,64.0,10.0,0.0,0.18245992517545545
1.0,1.0,0.0,0.0,0.0,0.0,0.0,1.0,128.0,10.0,0.0,0.16139162729730477
1.0,1.0,0.0,0.0,0.0,0.0,0.0,2.0,128.0,10.0,0.0,0.12915426417979742
1.0,1.0,0.0,0.0,0.0,0.0,0.0,3.0,128.0,10.0,0.0,0.1505229525656081
1.0,1.0,0.0,0.0,0.0,0.0,0.0,4.0,128.0,10.0,0.0,0.12782981512329672
1.0,1.0,0.0,0.0,0.0,0.0,0.0,1.0,0.0,16.0,0.0,0.014418744367677983
1.0,1.0,0.0,0.0,0.0,0.0,0.0,2.0,0.0,16.0,0.0,0.01428220322783258
1.0,1.0,0.0,0.0,0.0,0.0,0.0,3.0,0.0,16.0,0.0,0.01794150577569026
1.0,1.0,0.0,0.0,0.0,0.0,0.0,4.0,0.0,16.0,0.0,0.016917447226849514
1.0,1.0,0.0,0.0,0.0,0.0,0.0,1.0,8.0,16.0,0.0,0.43446025287419104
1.0,1.0,0.0,0.0,0.0,0.0,0.0,2.0,8.0,16.0,0.0,0.43702722630328533
1.0,1.0,0.0,0.0,0.0,0.0,0.0,3.0,8.0,16.0,0.0,0.4336546601491031
1.0,1.0,0.0,0.0,0.0,0.0,0.0,4.0,8.0,16.0,0.0,0.44222944373139633
1.0,1.0,0.0,0.0,0.0,0.0,0.0,1.0,10.0,16.0,0.0,0.38384445233348824
1.0,1.0,0.0,0.0,0.0,0.0,0.0,2.0,10.0,16.0,0.0,0.37648488489581916
1.0,1.0,0.0,0.0,0.0,0.0,0.0,3.0,10.0,16.0,0.0,0.3600453316584287
1.0,1.0,0.0,0.0,0.0,0.0,0.0,4.0,10.0,16.0,0.0,0.38268385264480204
1.0,1.0,0.0,0.0,0.0,0.0,0.0,1.0,16.0,16.0,0.0,0.2812747480815971
1.0,1.0,0.0,0.0,0.0,0.0,0.0,2.0,16.0,16.0,0.0,0.23912449821131104
1.0,1.0,0.0,0.0,0.0,0.0,0.0,3.0,16.0,16.0,0.0,0.2754034790682434
1.0,1.0,0.0,0.0,0.0,0.0,0.0,4.0,16.0,16.0,0.0,0.24678445615664008
1.0,1.0,0.0,0.0,0.0,0.0,0.0,1.0,20.0,16.0,0.0,0.25893661760288383
1.0,1.0,0.0,0.0,0.0,0.0,0.0,2.0,20.0,16.0,0.0,0.20565826483519495
1.0,1.0,0.0,0.0,0.0,0.0,0.0,3.0,20.0,16.0,0.0,0.2476583194516508
1.0,1.0,0.0,0.0,0.0,0.0,0.0,4.0,20.0,16.0,0.0,0.20543979901144221
1.0,1.0,0.0,0.0,0.0,0.0,0.0,1.0,32.0,16.0,0.0,0.20463420628635415
1.0,1.0,0.0,0.0,0.0,0.0,0.0,2.0,32.0,16.0,0.0,0.1628662716076355
1.0,1.0,0.0,0.0,0.0,0.0,0.0,3.0,32.0,16.0,0.0,0.1926185859799559
1.0,1.0,0.0,0.0,0.0,0.0,0.0,4.0,32.0,16.0,0.0,0.16413610420819796
1.0,1.0,0.0,0.0,0.0,0.0,0.0,1.0,64.0,16.0,0.0,0.1644911111717961
1.0,1.0,0.0,0.0,0.0,0.0,0.0,2.0,64.0,16.0,0.0,0.12042928534367409
1.0,1.0,0.0,0.0,0.0,0.0,0.0,3.0,64.0,16.0,0.0,0.14990851743630362
1.0,1.0,0.0,0.0,0.0,0.0,0.0,4.0,64.0,16.0,0.0,0.12029274420382868
1.0,1.0,0.0,0.0,0.0,0.0,0.0,1.0,128.0,16.0,0.0,0.09926540866763162
1.0,1.0,0.0,0.0,0.0,0.0,0.0,2.0,128.0,16.0,0.0,0.07395068134028787
1.0,1.0,0.0,0.0,0.0,0.0,0.0,3.0,128.0,16.0,0.0,0.0915781424943336
1.0,1.0,0.0,0.0,0.0,0.0,0.0,4.0,128.0,16.0,0.0,0.07523416805483496
1.0,1.0,0.0,0.0,0.0,0.0,0.0,1.0,0.0,20.0,0.0,0.008533821240339745
1.0,1.0,0.0,0.0,0.0,0.0,0.0,2.0,0.0,20.0,0.0,0.009189218711597835
1.0,1.0,0.0,0.0,0.0,0.0,0.0,3.0,0.0,20.0,0.0,0.01082771238974306
1.0,1.0,0.0,0.0,0.0,0.0,0.0,4.0,0.0,20.0,0.0,0.01086867473169667
1.0,1.0,0.0,0.0,0.0,0.0,0.0,1.0,8.0,20.0,0.0,0.38490947322428265
1.0,1.0,0.0,0.0,0.0,0.0,0.0,2.0,8.0,20.0,0.0,0.37704470356918546
1.0,1.0,0.0,0.0,0.0,0.0,0.0,3.0,8.0,20.0,0.0,0.3804582320653214
1.0,1.0,0.0,0.0,0.0,0.0,0.0,4.0,8.0,20.0,0.0,0.38676643272618044
1.0,1.0,0.0,0.0,0.0,0.0,0.0,1.0,10.0,20.0,0.0,0.3396870477074743
1.0,1.0,0.0,0.0,0.0,0.0,0.0,2.0,10.0,20.0,0.0,0.3299243562085256
1.0,1.0,0.0,0.0,0.0,0.0,0.0,3.0,10.0,20.0,0.0,0.3357819711078949
1.0,1.0,0.0,0.0,0.0,0.0,0.0,4.0,10.0,20.0,0.0,0.3347715666730386
1.0,1.0,0.0,0.0,0.0,0.0,0.0,1.0,16.0,20.0,0.0,0.26543597585952655
1.0,1.0,0.0,0.0,0.0,0.0,0.0,2.0,16.0,20.0,0.0,0.2170321417843198
1.0,1.0,0.0,0.0,0.0,0.0,0.0,3.0,16.0,20.0,0.0,0.25511346568721166
1.0,1.0,0.0,0.0,0.0,0.0,0.0,4.0,16.0,20.0,0.0,0.21905295065403213
1.0,1.0,0.0,0.0,0.0,0.0,0.0,1.0,20.0,20.0,0.0,0.2303175946912805
1.0,1.0,0.0,0.0,0.0,0.0,0.0,2.0,20.0,20.0,0.0,0.18785330019935015
1.0,1.0,0.0,0.0,0.0,0.0,0.0,3.0,20.0,20.0,0.0,0.2236680411808078
1.0,1.0,0.0,0.0,0.0,0.0,0.0,4.0,20.0,20.0,0.0,0.18691116633441668
1.0,1.0,0.0,0.0,0.0,0.0,0.0,1.0,32.0,20.0,0.0,0.18565498784783868
1.0,1.0,0.0,0.0,0.0,0.0,0.0,2.0,32.0,20.0,0.0,0.14579862912695601
1.0,1.0,0.0,0.0,0.0,0.0,0.0,3.0,32.0,20.0,0.0,0.1736530216554249
1.0,1.0,0.0,0.0,0.0,0.0,0.0,4.0,32.0,20.0,0.0,0.1442284060187335
1.0,1.0,0.0,0.0,0.0,0.0,0.0,1.0,64.0,20.0,0.0,0.14951254813075182
1.0,1.0,0.0,0.0,0.0,0.0,0.0,2.0,64.0,20.0,0.0,0.10394876976433004
1.0,1.0,0.0,0.0,0.0,0.0,0.0,3.0,64.0,20.0,0.0,0.13551708129659473
1.0,1.0,0.0,0.0,0.0,0.0,0.0,4.0,64.0,20.0,0.0,0.10545072230262986
1.0,1.0,0.0,0.0,0.0,0.0,0.0,1.0,128.0,20.0,0.0,0.08584341462082534
1.0,1.0,0.0,0.0,0.0,0.0,0.0,2.0,128.0,20.0,0.0,0.06411971927141652
1.0,1.0,0.0,0.0,0.0,0.0,0.0,3.0,128.0,20.0,0.0,0.07765094623009922
1.0,1.0,0.0,0.0,0.0,0.0,0.0,4.0,128.0,20.0,0.0,0.06396952401758654
1.0,1.0,0.0,0.0,0.0,0.0,0.0,1.0,0.0,32.0,0.0,8.192468390727514e-05
1.0,1.0,0.0,0.0,0.0,0.0,0.0,2.0,0.0,32.0,0.0,0.00025942816570634353
1.0,1.0,0.0,0.0,0.0,0.0,0.0,3.0,0.0,32.0,0.0,0.0025806275430787506
1.0,1.0,0.0,0.0,0.0,0.0,0.0,4.0,0.0,32.0,0.0,0.001597531336191671
1.0,1.0,0.0,0.0,0.0,0.0,0.0,1.0,8.0,32.0,0.0,0.3132390289194135
1.0,1.0,0.0,0.0,0.0,0.0,0.0,2.0,8.0,32.0,0.0,0.30193342254021144
1.0,1.0,0.0,0.0,0.0,0.0,0.0,3.0,8.0,32.0,0.0,0.31479559791365147
1.0,1.0,0.0,0.0,0.0,0.0,0.0,4.0,8.0,32.0,0.0,0.31146399410142284
1.0,1.0,0.0,0.0,0.0,0.0,0.0,1.0,10.0,32.0,0.0,0.28018241896283363
1.0,1.0,0.0,0.0,0.0,0.0,0.0,2.0,10.0,32.0,0.0,0.2674567847292389
1.0,1.0,0.0,0.0,0.0,0.0,0.0,3.0,10.0,32.0,0.0,0.2908462819847621
1.0,1.0,0.0,0.0,0.0,0.0,0.0,4.0,10.0,32.0,0.0,0.2726726562713347
1.0,1.0,0.0,0.0,0.0,0.0,0.0,1.0,16.0,32.0,0.0,0.2118162702422241
1.0,1.0,0.0,0.0,0.0,0.0,0.0,2.0,16.0,32.0,0.0,0.1880581119091183
1.0,1.0,0.0,0.0,0.0,0.0,0.0,3.0,16.0,32.0,0.0,0.21649963133892242
1.0,1.0,0.0,0.0,0.0,0.0,0.0,4.0,16.0,32.0,0.0,0.20045604740708384
1.0,1.0,0.0,0.0,0.0,0.0,0.0,1.0,20.0,32.0,0.0,0.1902018078046916
1.0,1.0,0.0,0.0,0.0,0.0,0.0,2.0,20.0,32.0,0.0,0.15800540702913796
1.0,1.0,0.0,0.0,0.0,0.0,0.0,3.0,20.0,32.0,0.0,0.18733444386793746
1.0,1.0,0.0,0.0,0.0,0.0,0.0,4.0,20.0,32.0,0.0,0.1580736775990607
1.0,1.0,0.0,0.0,0.0,0.0,0.0,1.0,32.0,32.0,0.0,0.15287146017094955
1.0,1.0,0.0,0.0,0.0,0.0,0.0,2.0,32.0,32.0,0.0,0.1150495644337639
1.0,1.0,0.0,0.0,0.0,0.0,0.0,3.0,32.0,32.0,0.0,0.14230317594691289
1.0,1.0,0.0,0.0,0.0,0.0,0.0,4.0,32.0,32.0,0.0,0.11470821158415034
1.0,1.0,0.0,0.0,0.0,0.0,0.0,1.0,64.0,32.0,0.0,0.12410224200551634
1.0,1.0,0.0,0.0,0.0,0.0,0.0,2.0,64.0,32.0,0.0,0.07714574401267105
1.0,1.0,0.0,0.0,0.0,0.0,0.0,3.0,64.0,32.0,0.0,0.1063382397116252
1.0,1.0,0.0,0.0,0.0,0.0,0.0,4.0,64.0,32.0,0.0,0.07522051394085044
1.0,1.0,0.0,0.0,0.0,0.0,0.0,1.0,128.0,32.0,0.0,0.07397798956825696
1.0,1.0,0.0,0.0,0.0,0.0,0.0,2.0,128.0,32.0,0.0,0.05412490783473067
1.0,1.0,0.0,0.0,0.0,0.0,0.0,3.0,128.0,32.0,0.0,0.06851634397443956
1.0,1.0,0.0,0.0,0.0,0.0,0.0,4.0,128.0,32.0,0.0,0.05610475436248946
1.0,1.0,0.0,0.0,0.0,0.0,0.0,1.0,0.0,64.0,0.0,0.013189874109069077
1.0,1.0,0.0,0.0,0.0,0.0,0.0,2.0,0.0,64.0,0.0,0.0163439744394987
1.0,1.0,0.0,0.0,0.0,0.0,0.0,3.0,0.0,64.0,0.0,0.006949944018132703
1.0,1.0,0.0,0.0,0.0,0.0,0.0,4.0,0.0,64.0,0.0,0.006089734837106453
1.0,1.0,0.0,0.0,0.0,0.0,0.0,1.0,8.0,64.0,0.0,0.2677708293508834
1.0,1.0,0.0,0.0,0.0,0.0,0.0,2.0,8.0,64.0,0.0,0.25845872361342476
1.0,1.0,0.0,0.0,0.0,0.0,0.0,3.0,8.0,64.0,0.0,0.27297304677899464
1.0,1.0,0.0,0.0,0.0,0.0,0.0,4.0,8.0,64.0,0.0,0.25367978371883454
1.0,1.0,0.0,0.0,0.0,0.0,0.0,1.0,10.0,64.0,0.0,0.2369261858597997
1.0,1.0,0.0,0.0,0.0,0.0,0.0,2.0,10.0,64.0,0.0,0.23057702285698695
1.0,1.0,0.0,0.0,0.0,0.0,0.0,3.0,10.0,64.0,0.0,0.24510500013654118
1.0,1.0,0.0,0.0,0.0,0.0,0.0,4.0,10.0,64.0,0.0,0.22181108167891
1.0,1.0,0.0,0.0,0.0,0.0,0.0,1.0,16.0,64.0,0.0,0.17320243589393486
1.0,1.0,0.0,0.0,0.0,0.0,0.0,2.0,16.0,64.0,0.0,0.16051776400229395
1.0,1.0,0.0,0.0,0.0,0.0,0.0,3.0,16.0,64.0,0.0,0.17757175236898887
1.0,1.0,0.0,0.0,0.0,0.0,0.0,4.0,16.0,64.0,0.0,0.1587700374122724
1.0,1.0,0.0,0.0,0.0,0.0,0.0,1.0,20.0,64.0,0.0,0.15466014910292475
1.0,1.0,0.0,0.0,0.0,0.0,0.0,2.0,20.0,64.0,0.0,0.1313935388732626
1.0,1.0,0.0,0.0,0.0,0.0,0.0,3.0,20.0,64.0,0.0,0.15262568611922778
1.0,1.0,0.0,0.0,0.0,0.0,0.0,4.0,20.0,64.0,0.0,0.12811655151697215
1.0,1.0,0.0,0.0,0.0,0.0,0.0,1.0,32.0,64.0,0.0,0.12657363663671867
1.0,1.0,0.0,0.0,0.0,0.0,0.0,2.0,32.0,64.0,0.0,0.09026734755181737
1.0,1.0,0.0,0.0,0.0,0.0,0.0,3.0,32.0,64.0,0.0,0.1154045713973621
1.0,1.0,0.0,0.0,0.0,0.0,0.0,4.0,32.0,64.0,0.0,0.08903847729320846
1.0,1.0,0.0,0.0,0.0,0.0,0.0,1.0,64.0,64.0,0.0,0.112564515688577
1.0,1.0,0.0,0.0,0.0,0.0,0.0,2.0,64.0,64.0,0.0,0.05876730658947543
1.0,1.0,0.0,0.0,0.0,0.0,0.0,3.0,64.0,64.0,0.0,0.09036292634970922
1.0,1.0,0.0,0.0,0.0,0.0,0.0,4.0,64.0,64.0,0.0,0.05368797618722526
1.0,1.0,0.0,0.0,0.0,0.0,0.0,1.0,128.0,64.0,0.0,0.06402414047352473
1.0,1.0,0.0,0.0,0.0,0.0,0.0,2.0,128.0,64.0,0.0,0.0438160517764003
1.0,1.0,0.0,0.0,0.0,0.0,0.0,3.0,128.0,64.0,0.0,0.05953193697260989
1.0,1.0,0.0,0.0,0.0,0.0,0.0,4.0,128.0,64.0,0.0,0.04260083563177591
1.0,1.0,0.0,0.0,0.0,0.0,0.0,1.0,0.0,128.0,0.0,0.14399628608099624
1.0,1.0,0.0,0.0,0.0,0.0,0.0,2.0,0.0,128.0,0.0,0.14331358038176906
1.0,1.0,0.0,0.0,0.0,0.0,0.0,3.0,0.0,128.0,0.0,0.12863540784838473
1.0,1.0,0.0,0.0,0.0,0.0,0.0,4.0,0.0,128.0,0.0,0.12911330183784375
1.0,1.0,0.0,0.0,0.0,0.0,0.0,1.0,8.0,128.0,0.0,0.23579289439908252
1.0,1.0,0.0,0.0,0.0,0.0,0.0,2.0,8.0,128.0,0.0,0.23369016084546285
1.0,1.0,0.0,0.0,0.0,0.0,0.0,3.0,8.0,128.0,0.0,0.24419017449957675
1.0,1.0,0.0,0.0,0.0,0.0,0.0,4.0,8.0,128.0,0.0,0.2287883339250117
1.0,1.0,0.0,0.0,0.0,0.0,0.0,1.0,10.0,128.0,0.0,0.2079111936426446
1.0,1.0,0.0,0.0,0.0,0.0,0.0,2.0,10.0,128.0,0.0,0.20812965946639733
1.0,1.0,0.0,0.0,0.0,0.0,0.0,3.0,10.0,128.0,0.0,0.2182746661569131
1.0,1.0,0.0,0.0,0.0,0.0,0.0,4.0,10.0,128.0,0.0,0.20086567082662016
1.0,1.0,0.0,0.0,0.0,0.0,0.0,1.0,16.0,128.0,0.0,0.1530353095387641
1.0,1.0,0.0,0.0,0.0,0.0,0.0,2.0,16.0,128.0,0.0,0.14263087468254187
1.0,1.0,0.0,0.0,0.0,0.0,0.0,3.0,16.0,128.0,0.0,0.1594254348835304
1.0,1.0,0.0,0.0,0.0,0.0,0.0,4.0,16.0,128.0,0.0,0.14390070728310445
1.0,1.0,0.0,0.0,0.0,0.0,0.0,1.0,20.0,128.0,0.0,0.13826155820748798
1.0,1.0,0.0,0.0,0.0,0.0,0.0,2.0,20.0,128.0,0.0,0.11536360905540843
1.0,1.0,0.0,0.0,0.0,0.0,0.0,3.0,20.0,128.0,0.0,0.13736038668450806
1.0,1.0,0.0,0.0,0.0,0.0,0.0,4.0,20.0,128.0,0.0,0.11500860209181035
1.0,1.0,0.0,0.0,0.0,0.0,0.0,1.0,32.0,128.0,0.0,0.11550015019525389
1.0,1.0,0.0,0.0,0.0,0.0,0.0,2.0,32.0,128.0,0.0,0.08103716649826598
1.0,1.0,0.0,0.0,0.0,0.0,0.0,3.0,32.0,128.0,0.0,0.10605150331794977
1.0,1.0,0.0,0.0,0.0,0.0,0.0,4.0,32.0,128.0,0.0,0.07989022092356429
1.0,1.0,0.0,0.0,0.0,0.0,0.0,1.0,64.0,128.0,0.0,0.11371146126327869
1.0,1.0,0.0,0.0,0.0,0.0,0.0,2.0,64.0,128.0,0.0,0.058453261967830905
1.0,1.0,0.0,0.0,0.0,0.0,0.0,3.0,64.0,128.0,0.0,0.09211065293973075
1.0,1.0,0.0,0.0,0.0,0.0,0.0,4.0,64.0,128.0,0.0,0.05105273218820833
1.0,1.0,0.0,0.0,0.0,0.0,0.0,1.0,128.0,128.0,0.0,0.08984407001829653
1.0,1.0,0.0,0.0,0.0,0.0,0.0,2.0,128.0,128.0,0.0,0.05244545181463178
1.0,1.0,0.0,0.0,0.0,0.0,0.0,3.0,128.0,128.0,0.0,0.07507031868702047
1.0,1.0,0.0,0.0,0.0,0.0,0.0,4.0,128.0,128.0,0.0,0.04859499167099052
1.0,1.0,0.0,0.0,0.0,0.0,0.0,1.0,0.0,0.0,8.0,0.1967967448592262
1.0,1.0,0.0,0.0,0.0,0.0,0.0,2.0,0.0,0.0,8.0,0.19693328599907162
1.0,1.0,0.0,0.0,0.0,0.0,0.0,3.0,0.0,0.0,8.0,0.18781233785739654
1.0,1.0,0.0,0.0,0.0,0.0,0.0,4.0,0.0,0.0,8.0,0.18814003659302553
1.0,1.0,0.0,0.0,0.0,0.0,0.0,1.0,8.0,0.0,8.0,0.1493350446489528
1.0,1.0,0.0,0.0,0.0,0.0,0.0,2.0,8.0,0.0,8.0,0.15471476555886293
1.0,1.0,0.0,0.0,0.0,0.0,0.0,3.0,8.0,0.0,8.0,0.14443321772850165
1.0,1.0,0.0,0.0,0.0,0.0,0.0,4.0,8.0,0.0,8.0,0.14522515633960514
1.0,1.0,0.0,0.0,0.0,0.0,0.0,1.0,10.0,0.0,8.0,0.1472732734372867
1.0,1.0,0.0,0.0,0.0,0.0,0.0,2.0,10.0,0.0,8.0,0.1558890193615337
1.0,1.0,0.0,0.0,0.0,0.0,0.0,3.0,10.0,0.0,8.0,0.1054097599606762
1.0,1.0,0.0,0.0,0.0,0.0,0.0,4.0,10.0,0.0,8.0,0.14686365001775037
1.0,1.0,0.0,0.0,0.0,0.0,0.0,1.0,16.0,0.0,8.0,0.12466206067888258
1.0,1.0,0.0,0.0,0.0,0.0,0.0,2.0,16.0,0.0,8.0,0.12496245118654259
1.0,1.0,0.0,0.0,0.0,0.0,0.0,3.0,16.0,0.0,8.0,0.10912367896447206
1.0,1.0,0.0,0.0,0.0,0.0,0.0,4.0,16.0,0.0,8.0,0.12769327398345132
1.0,1.0,0.0,0.0,0.0,0.0,0.0,1.0,20.0,0.0,8.0,0.13001447336082372
1.0,1.0,0.0,0.0,0.0,0.0,0.0,2.0,20.0,0.0,8.0,0.12542669106201704
1.0,1.0,0.0,0.0,0.0,0.0,0.0,3.0,20.0,0.0,8.0,0.11453070810235133
1.0,1.0,0.0,0.0,0.0,0.0,0.0,4.0,20.0,0.0,8.0,0.1266965236625796
1.0,1.0,0.0,0.0,0.0,0.0,0.0,1.0,32.0,0.0,8.0,0.13903984270460695
1.0,1.0,0.0,0.0,0.0,0.0,0.0,2.0,32.0,0.0,8.0,0.1346978344575221
1.0,1.0,0.0,0.0,0.0,0.0,0.0,3.0,32.0,0.0,8.0,0.12568611922772338
1.0,1.0,0.0,0.0,0.0,0.0,0.0,4.0,32.0,0.0,8.0,0.1298369698790246
1.0,1.0,0.0,0.0,0.0,0.0,0.0,1.0,64.0,0.0,8.0,0.1895464103334335
1.0,1.0,0.0,0.0,0.0,0.0,0.0,2.0,64.0,0.0,8.0,0.2339495890111692
1.0,1.0,0.0,0.0,0.0,0.0,0.0,3.0,64.0,0.0,8.0,0.16966602037193806
1.0,1.0,0.0,0.0,0.0,0.0,0.0,4.0,64.0,0.0,8.0,0.23049509817307962
1.0,1.0,0.0,0.0,0.0,0.0,0.0,1.0,128.0,0.0,8.0,0.2762363800213005
1.0,1.0,0.0,0.0,0.0,0.0,0.0,2.0,128.0,0.0,8.0,0.26599579453289285
1.0,1.0,0.0,0.0,0.0,0.0,0.0,3.0,128.0,0.0,8.0,0.280469155356509
1.0,1.0,0.0,0.0,0.0,0.0,0.0,4.0,128.0,0.0,8.0,0.2753215543843361
1.0,1.0,0.0,0.0,0.0,0.0,0.0,1.0,0.0,8.0,8.0,0.03853190966438197
1.0,1.0,0.0,0.0,0.0,0.0,0.0,2.0,0.0,8.0,8.0,0.03698899478412848
1.0,1.0,0.0,0.0,0.0,0.0,0.0,3.0,0.0,8.0,8.0,0.03608782326114862
1.0,1.0,0.0,0.0,0.0,0.0,0.0,4.0,0.0,8.0,8.0,0.036251672628963116
1.0,1.0,0.0,0.0,0.0,0.0,0.0,1.0,8.0,8.0,8.0,0.6909391299598568
1.0,1.0,0.0,0.0,0.0,0.0,0.0,2.0,8.0,8.0,8.0,0.6998279581637947
1.0,1.0,0.0,0.0,0.0,0.0,0.0,3.0,8.0,8.0,8.0,0.6808487397252794
1.0,1.0,0.0,0.0,0.0,0.0,0.0,4.0,8.0,8.0,8.0,0.6828285862530381
1.0,1.0,0.0,0.0,0.0,0.0,0.0,1.0,10.0,8.0,8.0,0.580354460799039
1.0,1.0,0.0,0.0,0.0,0.0,0.0,2.0,10.0,8.0,8.0,0.5802042655452089
1.0,1.0,0.0,0.0,0.0,0.0,0.0,3.0,10.0,8.0,8.0,0.5775963297741611
1.0,1.0,0.0,0.0,0.0,0.0,0.0,4.0,10.0,8.0,8.0,0.5704825363882138
1.0,1.0,0.0,0.0,0.0,0.0,0.0,1.0,16.0,8.0,8.0,0.38536005898577247
1.0,1.0,0.0,0.0,0.0,0.0,0.0,2.0,16.0,8.0,8.0,0.3441655970944046
1.0,1.0,0.0,0.0,0.0,0.0,0.0,3.0,16.0,8.0,8.0,0.35459734017859595
1.0,1.0,0.0,0.0,0.0,0.0,0.0,4.0,16.0,8.0,8.0,0.33544061825828136
1.0,1.0,0.0,0.0,0.0,0.0,0.0,1.0,20.0,8.0,8.0,0.3384035609929273
1.0,1.0,0.0,0.0,0.0,0.0,0.0,2.0,20.0,8.0,8.0,0.28407384144842857
1.0,1.0,0.0,0.0,0.0,0.0,0.0,3.0,20.0,8.0,8.0,0.3056609956579918
1.0,1.0,0.0,0.0,0.0,0.0,0.0,4.0,20.0,8.0,8.0,0.27538982495425884
1.0,1.0,0.0,0.0,0.0,0.0,0.0,1.0,32.0,8.0,8.0,0.2505939539583277
1.0,1.0,0.0,0.0,0.0,0.0,0.0,2.0,32.0,8.0,8.0,0.20968622846063528
1.0,1.0,0.0,0.0,0.0,0.0,0.0,3.0,32.0,8.0,8.0,0.2213878041453891
1.0,1.0,0.0,0.0,0.0,0.0,0.0,4.0,32.0,8.0,8.0,0.19723367650673157
1.0,1.0,0.0,0.0,0.0,0.0,0.0,1.0,64.0,8.0,8.0,0.1717824080395423
1.0,1.0,0.0,0.0,0.0,0.0,0.0,2.0,64.0,8.0,8.0,0.1292088806357356
1.0,1.0,0.0,0.0,0.0,0.0,0.0,3.0,64.0,8.0,8.0,0.15278953548704227
1.0,1.0,0.0,0.0,0.0,0.0,0.0,4.0,64.0,8.0,8.0,0.1197465796444469
1.0,1.0,0.0,0.0,0.0,0.0,0.0,1.0,128.0,8.0,8.0,0.09929271689560071
1.0,1.0,0.0,0.0,0.0,0.0,0.0,2.0,128.0,8.0,8.0,0.0795625221879353
1.0,1.0,0.0,0.0,0.0,0.0,0.0,3.0,128.0,8.0,8.0,0.08727709658920241
1.0,1.0,0.0,0.0,0.0,0.0,0.0,4.0,128.0,8.0,8.0,0.07303585570332344
1.0,1.0,0.0,0.0,0.0,0.0,0.0,1.0,0.0,10.0,8.0,0.055654168600999476
1.0,1.0,0.0,0.0,0.0,0.0,0.0,2.0,0.0,10.0,8.0,0.0552718534094323
1.0,1.0,0.0,0.0,0.0,0.0,0.0,3.0,0.0,10.0,8.0,0.05301892460198265
1.0,1.0,0.0,0.0,0.0,0.0,0.0,4.0,0.0,10.0,8.0,0.05331931510964255
1.0,1.0,0.0,0.0,0.0,0.0,0.0,1.0,8.0,10.0,8.0,0.6265463284087498
1.0,1.0,0.0,0.0,0.0,0.0,0.0,2.0,8.0,10.0,8.0,0.6239793549796555
1.0,1.0,0.0,0.0,0.0,0.0,0.0,3.0,8.0,10.0,8.0,0.6219585461099431
1.0,1.0,0.0,0.0,0.0,0.0,0.0,4.0,8.0,10.0,8.0,0.6088642507987658
1.0,1.0,0.0,0.0,0.0,0.0,0.0,1.0,10.0,10.0,8.0,0.5305852153253776
1.0,1.0,0.0,0.0,0.0,0.0,0.0,2.0,10.0,10.0,8.0,0.5296567355744286
1.0,1.0,0.0,0.0,0.0,0.0,0.0,3.0,10.0,10.0,8.0,0.5273628444250253
1.0,1.0,0.0,0.0,0.0,0.0,0.0,4.0,10.0,10.0,8.0,0.5190884513503919
1.0,1.0,0.0,0.0,0.0,0.0,0.0,1.0,16.0,10.0,8.0,0.3668041180807778
1.0,1.0,0.0,0.0,0.0,0.0,0.0,2.0,16.0,10.0,8.0,0.30555176274611545
1.0,1.0,0.0,0.0,0.0,0.0,0.0,3.0,16.0,10.0,8.0,0.3328599907152025
1.0,1.0,0.0,0.0,0.0,0.0,0.0,4.0,16.0,10.0,8.0,0.3017968814003659
1.0,1.0,0.0,0.0,0.0,0.0,0.0,1.0,20.0,10.0,8.0,0.32637428657254436
1.0,1.0,0.0,0.0,0.0,0.0,0.0,2.0,20.0,10.0,8.0,0.2579262131680276
1.0,1.0,0.0,0.0,0.0,0.0,0.0,3.0,20.0,10.0,8.0,0.2906551243889785
1.0,1.0,0.0,0.0,0.0,0.0,0.0,4.0,20.0,10.0,8.0,0.2555094349927633
1.0,1.0,0.0,0.0,0.0,0.0,0.0,1.0,32.0,10.0,8.0,0.25553674322073255
1.0,1.0,0.0,0.0,0.0,0.0,0.0,2.0,32.0,10.0,8.0,0.1985717796772168
1.0,1.0,0.0,0.0,0.0,0.0,0.0,3.0,32.0,10.0,8.0,0.21974931046724383
1.0,1.0,0.0,0.0,0.0,0.0,0.0,4.0,32.0,10.0,8.0,0.18962833501734083
1.0,1.0,0.0,0.0,0.0,0.0,0.0,1.0,64.0,10.0,8.0,0.18758021791965923
1.0,1.0,0.0,0.0,0.0,0.0,0.0,2.0,64.0,10.0,8.0,0.12758404107157495
1.0,1.0,0.0,0.0,0.0,0.0,0.0,3.0,64.0,10.0,8.0,0.16129604849941298
1.0,1.0,0.0,0.0,0.0,0.0,0.0,4.0,64.0,10.0,8.0,0.12126218629673124
1.0,1.0,0.0,0.0,0.0,0.0,0.0,1.0,128.0,10.0,8.0,0.10413992736011368
1.0,1.0,0.0,0.0,0.0,0.0,0.0,2.0,128.0,10.0,8.0,0.08432780796854095
1.0,1.0,0.0,0.0,0.0,0.0,0.0,3.0,128.0,10.0,8.0,0.09451377700101049
1.0,1.0,0.0,0.0,0.0,0.0,0.0,4.0,128.0,10.0,8.0,0.08054561839482244
1.0,1.0,0.0,0.0,0.0,0.0,0.0,1.0,0.0,16.0,8.0,0.03281083590485817
1.0,1.0,0.0,0.0,0.0,0.0,0.0,2.0,0.0,16.0,8.0,0.03267429476501277
1.0,1.0,0.0,0.0,0.0,0.0,0.0,3.0,0.0,16.0,8.0,0.031595619760233784
1.0,1.0,0.0,0.0,0.0,0.0,0.0,4.0,0.0,16.0,8.0,0.0321008219776619
1.0,1.0,0.0,0.0,0.0,0.0,0.0,1.0,8.0,16.0,8.0,0.4094595701684918
1.0,1.0,0.0,0.0,0.0,0.0,0.0,2.0,8.0,16.0,8.0,0.4133783008820559
1.0,1.0,0.0,0.0,0.0,0.0,0.0,3.0,8.0,16.0,8.0,0.40439389388022623
1.0,1.0,0.0,0.0,0.0,0.0,0.0,4.0,8.0,16.0,8.0,0.4019907698189465
1.0,1.0,0.0,0.0,0.0,0.0,0.0,1.0,10.0,16.0,8.0,0.35670007373221563
1.0,1.0,0.0,0.0,0.0,0.0,0.0,2.0,10.0,16.0,8.0,0.35562139872743675
1.0,1.0,0.0,0.0,0.0,0.0,0.0,3.0,10.0,16.0,8.0,0.3131434501215217
1.0,1.0,0.0,0.0,0.0,0.0,0.0,4.0,10.0,16.0,8.0,0.3461181353941944
1.0,1.0,0.0,0.0,0.0,0.0,0.0,1.0,16.0,16.0,8.0,0.23935661814904846
1.0,1.0,0.0,0.0,0.0,0.0,0.0,2.0,16.0,16.0,8.0,0.18856331412654642
1.0,1.0,0.0,0.0,0.0,0.0,0.0,3.0,16.0,16.0,8.0,0.21847947786668126
1.0,1.0,0.0,0.0,0.0,0.0,0.0,4.0,16.0,16.0,8.0,0.1881127283650565
1.0,1.0,0.0,0.0,0.0,0.0,0.0,1.0,20.0,16.0,8.0,0.21797427564925315
1.0,1.0,0.0,0.0,0.0,0.0,0.0,2.0,20.0,16.0,8.0,0.15939812665556136
1.0,1.0,0.0,0.0,0.0,0.0,0.0,3.0,20.0,16.0,8.0,0.19190857205275952
1.0,1.0,0.0,0.0,0.0,0.0,0.0,4.0,20.0,16.0,8.0,0.1590021573500096
1.0,1.0,0.0,0.0,0.0,0.0,0.0,1.0,32.0,16.0,8.0,0.17370763811136308
1.0,1.0,0.0,0.0,0.0,0.0,0.0,2.0,32.0,16.0,8.0,0.12687402714437868
1.0,1.0,0.0,0.0,0.0,0.0,0.0,3.0,32.0,16.0,8.0,0.1492667740790301
1.0,1.0,0.0,0.0,0.0,0.0,0.0,4.0,32.0,16.0,8.0,0.12309183757066011
1.0,1.0,0.0,0.0,0.0,0.0,0.0,1.0,64.0,16.0,8.0,0.13248586799202605
1.0,1.0,0.0,0.0,0.0,0.0,0.0,2.0,64.0,16.0,8.0,0.08245719435265852
1.0,1.0,0.0,0.0,0.0,0.0,0.0,3.0,64.0,16.0,8.0,0.11255086157459249
1.0,1.0,0.0,0.0,0.0,0.0,0.0,4.0,64.0,16.0,8.0,0.07999945383544066
1.0,1.0,0.0,0.0,0.0,0.0,0.0,1.0,128.0,16.0,8.0,0.07419645539200964
1.0,1.0,0.0,0.0,0.0,0.0,0.0,2.0,128.0,16.0,8.0,0.05393375023894703
1.0,1.0,0.0,0.0,0.0,0.0,0.0,3.0,128.0,16.0,8.0,0.06659111390261896
1.0,1.0,0.0,0.0,0.0,0.0,0.0,4.0,128.0,16.0,8.0,0.052295256560801806
1.0,1.0,0.0,0.0,0.0,0.0,0.0,1.0,0.0,20.0,8.0,0.031500040962342046
1.0,1.0,0.0,0.0,0.0,0.0,0.0,2.0,0.0,20.0,8.0,0.03174581501406376
1.0,1.0,0.0,0.0,0.0,0.0,0.0,3.0,0.0,20.0,8.0,0.02973866025833588
1.0,1.0,0.0,0.0,0.0,0.0,0.0,4.0,0.0,20.0,8.0,0.029888855512165857
1.0,1.0,0.0,0.0,0.0,0.0,0.0,1.0,8.0,20.0,8.0,0.3593626259592016
1.0,1.0,0.0,0.0,0.0,0.0,0.0,2.0,8.0,20.0,8.0,0.3613015101450067
1.0,1.0,0.0,0.0,0.0,0.0,0.0,3.0,8.0,20.0,8.0,0.3547475354324258
1.0,1.0,0.0,0.0,0.0,0.0,0.0,4.0,8.0,20.0,8.0,0.3476064338185096
1.0,1.0,0.0,0.0,0.0,0.0,0.0,1.0,10.0,20.0,8.0,0.3166798656435184
1.0,1.0,0.0,0.0,0.0,0.0,0.0,2.0,10.0,20.0,8.0,0.31341653240121253
1.0,1.0,0.0,0.0,0.0,0.0,0.0,3.0,10.0,20.0,8.0,0.30968895928343215
1.0,1.0,0.0,0.0,0.0,0.0,0.0,4.0,10.0,20.0,8.0,0.30317594691280486
1.0,1.0,0.0,0.0,0.0,0.0,0.0,1.0,16.0,20.0,8.0,0.21749638165979418
1.0,1.0,0.0,0.0,0.0,0.0,0.0,2.0,16.0,20.0,8.0,0.15927523962970053
1.0,1.0,0.0,0.0,0.0,0.0,0.0,3.0,16.0,20.0,8.0,0.1877850296294274
1.0,1.0,0.0,0.0,0.0,0.0,0.0,4.0,16.0,20.0,8.0,0.15834675987875152
1.0,1.0,0.0,0.0,0.0,0.0,0.0,1.0,20.0,20.0,8.0,0.19667385783336527
1.0,1.0,0.0,0.0,0.0,0.0,0.0,2.0,20.0,20.0,8.0,0.13688249269504904
1.0,1.0,0.0,0.0,0.0,0.0,0.0,3.0,20.0,20.0,8.0,0.1683006089734837
1.0,1.0,0.0,0.0,0.0,0.0,0.0,4.0,20.0,20.0,8.0,0.1340833993282176
1.0,1.0,0.0,0.0,0.0,0.0,0.0,1.0,32.0,20.0,8.0,0.16428629946202805
1.0,1.0,0.0,0.0,0.0,0.0,0.0,2.0,32.0,20.0,8.0,0.11275567328436065
1.0,1.0,0.0,0.0,0.0,0.0,0.0,3.0,32.0,20.0,8.0,0.136227095223791
1.0,1.0,0.0,0.0,0.0,0.0,0.0,4.0,32.0,20.0,8.0,0.10728037357655867
1.0,1.0,0.0,0.0,0.0,0.0,0.0,1.0,64.0,20.0,8.0,0.12971408285316371
1.0,1.0,0.0,0.0,0.0,0.0,0.0,2.0,64.0,20.0,8.0,0.07470165760943775
1.0,1.0,0.0,0.0,0.0,0.0,0.0,3.0,64.0,20.0,8.0,0.10700729129686781
1.0,1.0,0.0,0.0,0.0,0.0,0.0,4.0,64.0,20.0,8.0,0.07201179715448269
1.0,1.0,0.0,0.0,0.0,0.0,0.0,1.0,128.0,20.0,8.0,0.06829787815068689
1.0,1.0,0.0,0.0,0.0,0.0,0.0,2.0,128.0,20.0,8.0,0.04912750211638772
1.0,1.0,0.0,0.0,0.0,0.0,0.0,3.0,128.0,20.0,8.0,0.062481225593271295
1.0,1.0,0.0,0.0,0.0,0.0,0.0,4.0,128.0,20.0,8.0,0.047830361287856116
1.0,1.0,0.0,0.0,0.0,0.0,0.0,1.0,0.0,32.0,8.0,0.03098118463092936
1.0,1.0,0.0,0.0,0.0,0.0,0.0,2.0,0.0,32.0,8.0,0.031172342226712946
1.0,1.0,0.0,0.0,0.0,0.0,0.0,3.0,0.0,32.0,8.0,0.02991616374013495
1.0,1.0,0.0,0.0,0.0,0.0,0.0,4.0,0.0,32.0,8.0,0.029137879243015974
1.0,1.0,0.0,0.0,0.0,0.0,0.0,1.0,8.0,32.0,8.0,0.27556732843605786
1.0,1.0,0.0,0.0,0.0,0.0,0.0,2.0,8.0,32.0,8.0,0.27719216800021856
1.0,1.0,0.0,0.0,0.0,0.0,0.0,3.0,8.0,32.0,8.0,0.2751850132444907
1.0,1.0,0.0,0.0,0.0,0.0,0.0,4.0,8.0,32.0,8.0,0.2671290859936099
1.0,1.0,0.0,0.0,0.0,0.0,0.0,1.0,10.0,32.0,8.0,0.24847756629072343
1.0,1.0,0.0,0.0,0.0,0.0,0.0,2.0,10.0,32.0,8.0,0.24507769190857215
1.0,1.0,0.0,0.0,0.0,0.0,0.0,3.0,10.0,32.0,8.0,0.19902236543870672
1.0,1.0,0.0,0.0,0.0,0.0,0.0,4.0,10.0,32.0,8.0,0.23820967257434672
1.0,1.0,0.0,0.0,0.0,0.0,0.0,1.0,16.0,32.0,8.0,0.17195991152134144
1.0,1.0,0.0,0.0,0.0,0.0,0.0,2.0,16.0,32.0,8.0,0.11667440399792461
1.0,1.0,0.0,0.0,0.0,0.0,0.0,3.0,16.0,32.0,8.0,0.14502034462983698
1.0,1.0,0.0,0.0,0.0,0.0,0.0,4.0,16.0,32.0,8.0,0.11758922963488905
1.0,1.0,0.0,0.0,0.0,0.0,0.0,1.0,20.0,32.0,8.0,0.1617466342609028
1.0,1.0,0.0,0.0,0.0,0.0,0.0,2.0,20.0,32.0,8.0,0.10154564570305041
1.0,1.0,0.0,0.0,0.0,0.0,0.0,3.0,20.0,32.0,8.0,0.13634998224965184
1.0,1.0,0.0,0.0,0.0,0.0,0.0,4.0,20.0,32.0,8.0,0.10209181026243214
1.0,1.0,0.0,0.0,0.0,0.0,0.0,1.0,32.0,32.0,8.0,0.14200278543925288
1.0,1.0,0.0,0.0,0.0,0.0,0.0,2.0,32.0,32.0,8.0,0.08761844943881597
1.0,1.0,0.0,0.0,0.0,0.0,0.0,3.0,32.0,32.0,8.0,0.1165924793140174
1.0,1.0,0.0,0.0,0.0,0.0,0.0,4.0,32.0,32.0,8.0,0.085583986455119
1.0,1.0,0.0,0.0,0.0,0.0,0.0,1.0,64.0,32.0,8.0,0.12234086130151017
1.0,1.0,0.0,0.0,0.0,0.0,0.0,2.0,64.0,32.0,8.0,0.061443512930445976
1.0,1.0,0.0,0.0,0.0,0.0,0.0,3.0,64.0,32.0,8.0,0.10090390234577684
1.0,1.0,0.0,0.0,0.0,0.0,0.0,4.0,64.0,32.0,8.0,0.06619514459706716
1.0,1.0,0.0,0.0,0.0,0.0,0.0,1.0,128.0,32.0,8.0,0.062057948059750456
1.0,1.0,0.0,0.0,0.0,0.0,0.0,2.0,128.0,32.0,8.0,0.04531800431470007
1.0,1.0,0.0,0.0,0.0,0.0,0.0,3.0,128.0,32.0,8.0,0.06046041672355884
1.0,1.0,0.0,0.0,0.0,0.0,0.0,4.0,128.0,32.0,8.0,0.04578224419017457
1.0,1.0,0.0,0.0,0.0,0.0,0.0,1.0,0.0,64.0,8.0,0.04526338785876188
1.0,1.0,0.0,0.0,0.0,0.0,0.0,2.0,0.0,64.0,8.0,0.04477183975531834
1.0,1.0,0.0,0.0,0.0,0.0,0.0,3.0,0.0,64.0,8.0,0.03840902263852103
1.0,1.0,0.0,0.0,0.0,0.0,0.0,4.0,0.0,64.0,8.0,0.03821786504273744
1.0,1.0,0.0,0.0,0.0,0.0,0.0,1.0,8.0,64.0,8.0,0.20873044048171724
1.0,1.0,0.0,0.0,0.0,0.0,0.0,2.0,8.0,64.0,8.0,0.20720117971544832
1.0,1.0,0.0,0.0,0.0,0.0,0.0,3.0,8.0,64.0,8.0,0.20733772085529373
1.0,1.0,0.0,0.0,0.0,0.0,0.0,4.0,8.0,64.0,8.0,0.19752041290040695
1.0,1.0,0.0,0.0,0.0,0.0,0.0,1.0,10.0,64.0,8.0,0.19691963188508704
1.0,1.0,0.0,0.0,0.0,0.0,0.0,2.0,10.0,64.0,8.0,0.1891231327999126
1.0,1.0,0.0,0.0,0.0,0.0,0.0,3.0,10.0,64.0,8.0,0.14375051202927447
1.0,1.0,0.0,0.0,0.0,0.0,0.0,4.0,10.0,64.0,8.0,0.18165433245036738
1.0,1.0,0.0,0.0,0.0,0.0,0.0,1.0,16.0,64.0,8.0,0.1370190338348945
1.0,1.0,0.0,0.0,0.0,0.0,0.0,2.0,16.0,64.0,8.0,0.08187006745132314
1.0,1.0,0.0,0.0,0.0,0.0,0.0,3.0,16.0,64.0,8.0,0.11065293973074092
1.0,1.0,0.0,0.0,0.0,0.0,0.0,4.0,16.0,64.0,8.0,0.0821158415030449
1.0,1.0,0.0,0.0,0.0,0.0,0.0,1.0,20.0,64.0,8.0,0.1335508888828204
1.0,1.0,0.0,0.0,0.0,0.0,0.0,2.0,20.0,64.0,8.0,0.0744968458996696
1.0,1.0,0.0,0.0,0.0,0.0,0.0,3.0,20.0,64.0,8.0,0.10887790491275029
1.0,1.0,0.0,0.0,0.0,0.0,0.0,4.0,20.0,64.0,8.0,0.07403260602419515
1.0,1.0,0.0,0.0,0.0,0.0,0.0,1.0,32.0,64.0,8.0,0.1256724651137388
1.0,1.0,0.0,0.0,0.0,0.0,0.0,2.0,32.0,64.0,8.0,0.06952674840929579
1.0,1.0,0.0,0.0,0.0,0.0,0.0,3.0,32.0,64.0,8.0,0.09929271689560071
1.0,1.0,0.0,0.0,0.0,0.0,0.0,4.0,32.0,64.0,8.0,0.06719189491793881
1.0,1.0,0.0,0.0,0.0,0.0,0.0,1.0,64.0,64.0,8.0,0.12113929927087042
1.0,1.0,0.0,0.0,0.0,0.0,0.0,2.0,64.0,64.0,8.0,0.05154428029165192
1.0,1.0,0.0,0.0,0.0,0.0,0.0,3.0,64.0,64.0,8.0,0.09933367923755432
1.0,1.0,0.0,0.0,0.0,0.0,0.0,4.0,64.0,64.0,8.0,0.054684726508096915
1.0,1.0,0.0,0.0,0.0,0.0,0.0,1.0,128.0,64.0,8.0,0.07083754335181197
1.0,1.0,0.0,0.0,0.0,0.0,0.0,2.0,128.0,64.0,8.0,0.0510663863021929
1.0,1.0,0.0,0.0,0.0,0.0,0.0,3.0,128.0,64.0,8.0,0.06939020726945033
1.0,1.0,0.0,0.0,0.0,0.0,0.0,4.0,128.0,64.0,8.0,0.050779649908517466
1.0,1.0,0.0,0.0,0.0,0.0,0.0,1.0,0.0,128.0,8.0,0.15445533739315664
1.0,1.0,0.0,0.0,0.0,0.0,0.0,2.0,0.0,128.0,8.0,0.1546328408749557
1.0,1.0,0.0,0.0,0.0,0.0,0.0,3.0,0.0,128.0,8.0,0.14175701138753116
1.0,1.0,0.0,0.0,0.0,0.0,0.0,4.0,0.0,128.0,8.0,0.14268549113848006
1.0,1.0,0.0,0.0,0.0,0.0,0.0,1.0,8.0,128.0,8.0,0.1746224637483274
1.0,1.0,0.0,0.0,0.0,0.0,0.0,2.0,8.0,128.0,8.0,0.1724378055108005
1.0,1.0,0.0,0.0,0.0,0.0,0.0,3.0,8.0,128.0,8.0,0.17327070646385762
1.0,1.0,0.0,0.0,0.0,0.0,0.0,4.0,8.0,128.0,8.0,0.1674677080204266
1.0,1.0,0.0,0.0,0.0,0.0,0.0,1.0,10.0,128.0,8.0,0.16529670389688417
1.0,1.0,0.0,0.0,0.0,0.0,0.0,2.0,10.0,128.0,8.0,0.16145989786722742
1.0,1.0,0.0,0.0,0.0,0.0,0.0,3.0,10.0,128.0,8.0,0.11675632868183189
1.0,1.0,0.0,0.0,0.0,0.0,0.0,4.0,10.0,128.0,8.0,0.15535650891613656
1.0,1.0,0.0,0.0,0.0,0.0,0.0,1.0,16.0,128.0,8.0,0.11859963406974522
1.0,1.0,0.0,0.0,0.0,0.0,0.0,2.0,16.0,128.0,8.0,0.06510281547830366
1.0,1.0,0.0,0.0,0.0,0.0,0.0,3.0,16.0,128.0,8.0,0.09387203364373692
1.0,1.0,0.0,0.0,0.0,0.0,0.0,4.0,16.0,128.0,8.0,0.06726016548786151
1.0,1.0,0.0,0.0,0.0,0.0,0.0,1.0,20.0,128.0,8.0,0.11890002457740523
1.0,1.0,0.0,0.0,0.0,0.0,0.0,2.0,20.0,128.0,8.0,0.06159370818427595
1.0,1.0,0.0,0.0,0.0,0.0,0.0,3.0,20.0,128.0,8.0,0.09645266118681561
1.0,1.0,0.0,0.0,0.0,0.0,0.0,4.0,20.0,128.0,8.0,0.061661978754198654
1.0,1.0,0.0,0.0,0.0,0.0,0.0,1.0,32.0,128.0,8.0,0.11716595210136815
1.0,1.0,0.0,0.0,0.0,0.0,0.0,2.0,32.0,128.0,8.0,0.06211256451568864
1.0,1.0,0.0,0.0,0.0,0.0,0.0,3.0,32.0,128.0,8.0,0.09287528332286527
1.0,1.0,0.0,0.0,0.0,0.0,0.0,4.0,32.0,128.0,8.0,0.06179851989404411
1.0,1.0,0.0,0.0,0.0,0.0,0.0,1.0,64.0,128.0,8.0,0.12782981512329672
1.0,1.0,0.0,0.0,0.0,0.0,0.0,2.0,64.0,128.0,8.0,0.05841229962587735
1.0,1.0,0.0,0.0,0.0,0.0,0.0,3.0,64.0,128.0,8.0,0.11053005270488003
1.0,1.0,0.0,0.0,0.0,0.0,0.0,4.0,64.0,128.0,8.0,0.05842595373986187
1.0,1.0,0.0,0.0,0.0,0.0,0.0,1.0,128.0,128.0,8.0,0.11481744449602671
1.0,1.0,0.0,0.0,0.0,0.0,0.0,2.0,128.0,128.0,8.0,0.07848384718315637
1.0,1.0,0.0,0.0,0.0,0.0,0.0,3.0,128.0,128.0,8.0,0.10583303749419704
1.0,1.0,0.0,0.0,0.0,0.0,0.0,4.0,128.0,128.0,8.0,0.07725497692454741
1.0,1.0,0.0,0.0,0.0,0.0,0.0,1.0,0.0,0.0,10.0,0.1967967448592262
1.0,1.0,0.0,0.0,0.0,0.0,0.0,2.0,0.0,0.0,10.0,0.1966602037193807
1.0,1.0,0.0,0.0,0.0,0.0,0.0,3.0,0.0,0.0,10.0,0.18789426254130376
1.0,1.0,0.0,0.0,0.0,0.0,0.0,4.0,0.0,0.0,10.0,0.18770310494552017
1.0,1.0,0.0,0.0,0.0,0.0,0.0,1.0,8.0,0.0,10.0,0.14497938228788343
1.0,1.0,0.0,0.0,0.0,0.0,0.0,2.0,8.0,0.0,10.0,0.15550670416996643
1.0,1.0,0.0,0.0,0.0,0.0,0.0,3.0,8.0,0.0,10.0,0.1393402332122669
1.0,1.0,0.0,0.0,0.0,0.0,0.0,4.0,8.0,0.0,10.0,0.1447882246920998
1.0,1.0,0.0,0.0,0.0,0.0,0.0,1.0,10.0,0.0,10.0,0.14308146044403186
1.0,1.0,0.0,0.0,0.0,0.0,0.0,2.0,10.0,0.0,10.0,0.15679019088451357
1.0,1.0,0.0,0.0,0.0,0.0,0.0,3.0,10.0,0.0,10.0,0.10551899287255256
1.0,1.0,0.0,0.0,0.0,0.0,0.0,4.0,10.0,0.0,10.0,0.14620825254649233
1.0,1.0,0.0,0.0,0.0,0.0,0.0,1.0,16.0,0.0,10.0,0.12331030339441279
1.0,1.0,0.0,0.0,0.0,0.0,0.0,2.0,16.0,0.0,10.0,0.1411971927141648
1.0,1.0,0.0,0.0,0.0,0.0,0.0,3.0,16.0,0.0,10.0,0.113192604931866
1.0,1.0,0.0,0.0,0.0,0.0,0.0,4.0,16.0,0.0,10.0,0.14499303640186795
1.0,1.0,0.0,0.0,0.0,0.0,0.0,1.0,20.0,0.0,10.0,0.12938638411753467
1.0,1.0,0.0,0.0,0.0,0.0,0.0,2.0,20.0,0.0,10.0,0.1352576531308884
1.0,1.0,0.0,0.0,0.0,0.0,0.0,3.0,20.0,0.0,10.0,0.11831289767606984
1.0,1.0,0.0,0.0,0.0,0.0,0.0,4.0,20.0,0.0,10.0,0.1369098009230182
1.0,1.0,0.0,0.0,0.0,0.0,0.0,1.0,32.0,0.0,10.0,0.13787924301592075
1.0,1.0,0.0,0.0,0.0,0.0,0.0,2.0,32.0,0.0,10.0,0.13084737431388083
1.0,1.0,0.0,0.0,0.0,0.0,0.0,3.0,32.0,0.0,10.0,0.12489418061661989
1.0,1.0,0.0,0.0,0.0,0.0,0.0,4.0,32.0,0.0,10.0,0.1273928834757913
1.0,1.0,0.0,0.0,0.0,0.0,0.0,1.0,64.0,0.0,10.0,0.18366148720609526
1.0,1.0,0.0,0.0,0.0,0.0,0.0,2.0,64.0,0.0,10.0,0.23165569786176582
1.0,1.0,0.0,0.0,0.0,0.0,0.0,3.0,64.0,0.0,10.0,0.1643136076899971
1.0,1.0,0.0,0.0,0.0,0.0,0.0,4.0,64.0,0.0,10.0,0.22643982631967013
1.0,1.0,0.0,0.0,0.0,0.0,0.0,1.0,128.0,0.0,10.0,0.2721128375979684
1.0,1.0,0.0,0.0,0.0,0.0,0.0,2.0,128.0,0.0,10.0,0.2642480679428712
1.0,1.0,0.0,0.0,0.0,0.0,0.0,3.0,128.0,0.0,10.0,0.2766596575548214
1.0,1.0,0.0,0.0,0.0,0.0,0.0,4.0,128.0,0.0,10.0,0.2728091974111801
1.0,1.0,0.0,0.0,0.0,0.0,0.0,1.0,0.0,8.0,10.0,0.031554657418280174
1.0,1.0,0.0,0.0,0.0,0.0,0.0,2.0,0.0,8.0,10.0,0.030380403615609397
1.0,1.0,0.0,0.0,0.0,0.0,0.0,3.0,0.0,8.0,10.0,0.030107321335918535
1.0,1.0,0.0,0.0,0.0,0.0,0.0,4.0,0.0,8.0,10.0,0.030052704879980352
1.0,1.0,0.0,0.0,0.0,0.0,0.0,1.0,8.0,8.0,10.0,0.688099074251072
1.0,1.0,0.0,0.0,0.0,0.0,0.0,2.0,8.0,8.0,10.0,0.692523007182064
1.0,1.0,0.0,0.0,0.0,0.0,0.0,3.0,8.0,8.0,10.0,0.6753324776755238
1.0,1.0,0.0,0.0,0.0,0.0,0.0,4.0,8.0,8.0,10.0,0.6795789071247167
1.0,1.0,0.0,0.0,0.0,0.0,0.0,1.0,10.0,8.0,10.0,0.5751658974849123
1.0,1.0,0.0,0.0,0.0,0.0,0.0,2.0,10.0,8.0,10.0,0.5766405417952432
1.0,1.0,0.0,0.0,0.0,0.0,0.0,3.0,10.0,8.0,10.0,0.5729129686774626
1.0,1.0,0.0,0.0,0.0,0.0,0.0,4.0,10.0,8.0,10.0,0.5684207651765478
1.0,1.0,0.0,0.0,0.0,0.0,0.0,1.0,16.0,8.0,10.0,0.380799584914935
1.0,1.0,0.0,0.0,0.0,0.0,0.0,2.0,16.0,8.0,10.0,0.3378300882055764
1.0,1.0,0.0,0.0,0.0,0.0,0.0,3.0,16.0,8.0,10.0,0.35069226357901645
1.0,1.0,0.0,0.0,0.0,0.0,0.0,4.0,16.0,8.0,10.0,0.3328599907152025
1.0,1.0,0.0,0.0,0.0,0.0,0.0,1.0,20.0,8.0,10.0,0.3325869084355117
1.0,1.0,0.0,0.0,0.0,0.0,0.0,2.0,20.0,8.0,10.0,0.2798137578852508
1.0,1.0,0.0,0.0,0.0,0.0,0.0,3.0,20.0,8.0,10.0,0.3009366722193398
1.0,1.0,0.0,0.0,0.0,0.0,0.0,4.0,20.0,8.0,10.0,0.2742428793795572
1.0,1.0,0.0,0.0,0.0,0.0,0.0,1.0,32.0,8.0,10.0,0.24417652038559218
1.0,1.0,0.0,0.0,0.0,0.0,0.0,2.0,32.0,8.0,10.0,0.2036374559654825
1.0,1.0,0.0,0.0,0.0,0.0,0.0,3.0,32.0,8.0,10.0,0.21566673038586542
1.0,1.0,0.0,0.0,0.0,0.0,0.0,4.0,32.0,8.0,10.0,0.19365629864278117
1.0,1.0,0.0,0.0,0.0,0.0,0.0,1.0,64.0,8.0,10.0,0.1663890330156476
1.0,1.0,0.0,0.0,0.0,0.0,0.0,2.0,64.0,8.0,10.0,0.1236789644719955
1.0,1.0,0.0,0.0,0.0,0.0,0.0,3.0,64.0,8.0,10.0,0.1458805538108633
1.0,1.0,0.0,0.0,0.0,0.0,0.0,4.0,64.0,8.0,10.0,0.11545918785330023
1.0,1.0,0.0,0.0,0.0,0.0,0.0,1.0,128.0,8.0,10.0,0.09395395832764414
1.0,1.0,0.0,0.0,0.0,0.0,0.0,2.0,128.0,8.0,10.0,0.07583494907015487
1.0,1.0,0.0,0.0,0.0,0.0,0.0,3.0,128.0,8.0,10.0,0.08177448865343134
1.0,1.0,0.0,0.0,0.0,0.0,0.0,4.0,128.0,8.0,10.0,0.06932193669952763
1.0,1.0,0.0,0.0,0.0,0.0,0.0,1.0,0.0,10.0,10.0,0.049018269204511355
1.0,1.0,0.0,0.0,0.0,0.0,0.0,2.0,0.0,10.0,10.0,0.049031923318495874
1.0,1.0,0.0,0.0,0.0,0.0,0.0,3.0,0.0,10.0,10.0,0.047011114448783475
1.0,1.0,0.0,0.0,0.0,0.0,0.0,4.0,0.0,10.0,10.0,0.04698380622081433
1.0,1.0,0.0,0.0,0.0,0.0,0.0,1.0,8.0,10.0,10.0,0.6190775280592045
1.0,1.0,0.0,0.0,0.0,0.0,0.0,2.0,8.0,10.0,10.0,0.6196236926185861
1.0,1.0,0.0,0.0,0.0,0.0,0.0,3.0,8.0,10.0,10.0,0.6186952128676371
1.0,1.0,0.0,0.0,0.0,0.0,0.0,4.0,8.0,10.0,10.0,0.6055736093284907
1.0,1.0,0.0,0.0,0.0,0.0,0.0,1.0,10.0,10.0,10.0,0.526598214041891
1.0,1.0,0.0,0.0,0.0,0.0,0.0,2.0,10.0,10.0,10.0,0.525847237772741
1.0,1.0,0.0,0.0,0.0,0.0,0.0,3.0,10.0,10.0,10.0,0.5231437232038014
1.0,1.0,0.0,0.0,0.0,0.0,0.0,4.0,10.0,10.0,10.0,0.513285452906961
1.0,1.0,0.0,0.0,0.0,0.0,0.0,1.0,16.0,10.0,10.0,0.361834020590404
1.0,1.0,0.0,0.0,0.0,0.0,0.0,2.0,16.0,10.0,10.0,0.3004587782298808
1.0,1.0,0.0,0.0,0.0,0.0,0.0,3.0,16.0,10.0,10.0,0.3269204511319261
1.0,1.0,0.0,0.0,0.0,0.0,0.0,4.0,16.0,10.0,10.0,0.3007455146235561
1.0,1.0,0.0,0.0,0.0,0.0,0.0,1.0,20.0,10.0,10.0,0.3196564624921489
1.0,1.0,0.0,0.0,0.0,0.0,0.0,2.0,20.0,10.0,10.0,0.25525000682705706
1.0,1.0,0.0,0.0,0.0,0.0,0.0,3.0,20.0,10.0,10.0,0.2857806056964965
1.0,1.0,0.0,0.0,0.0,0.0,0.0,4.0,20.0,10.0,10.0,0.25366612960484997
1.0,1.0,0.0,0.0,0.0,0.0,0.0,1.0,32.0,10.0,10.0,0.2498839400311314
1.0,1.0,0.0,0.0,0.0,0.0,0.0,2.0,32.0,10.0,10.0,0.19376553155465742
1.0,1.0,0.0,0.0,0.0,0.0,0.0,3.0,32.0,10.0,10.0,0.2159534667795407
1.0,1.0,0.0,0.0,0.0,0.0,0.0,4.0,32.0,10.0,10.0,0.18753925557770562
1.0,1.0,0.0,0.0,0.0,0.0,0.0,1.0,64.0,10.0,10.0,0.1815587536524756
1.0,1.0,0.0,0.0,0.0,0.0,0.0,2.0,64.0,10.0,10.0,0.12341953630628916
1.0,1.0,0.0,0.0,0.0,0.0,0.0,3.0,64.0,10.0,10.0,0.15931620197165414
1.0,1.0,0.0,0.0,0.0,0.0,0.0,4.0,64.0,10.0,10.0,0.11661978754198643
1.0,1.0,0.0,0.0,0.0,0.0,0.0,1.0,128.0,10.0,10.0,0.09880116879215711
1.0,1.0,0.0,0.0,0.0,0.0,0.0,2.0,128.0,10.0,10.0,0.08378164340915922
1.0,1.0,0.0,0.0,0.0,0.0,0.0,3.0,128.0,10.0,10.0,0.09013080641197196
1.0,1.0,0.0,0.0,0.0,0.0,0.0,4.0,128.0,10.0,10.0,0.07684535350501115
1.0,1.0,0.0,0.0,0.0,0.0,0.0,1.0,0.0,16.0,10.0,0.02756765613479345
1.0,1.0,0.0,0.0,0.0,0.0,0.0,2.0,0.0,16.0,10.0,0.026475327016029948
1.0,1.0,0.0,0.0,0.0,0.0,0.0,3.0,0.0,16.0,10.0,0.025437614353204685
1.0,1.0,0.0,0.0,0.0,0.0,0.0,4.0,0.0,16.0,10.0,0.025478576695158295
1.0,1.0,0.0,0.0,0.0,0.0,0.0,1.0,8.0,16.0,10.0,0.4060733499003251
1.0,1.0,0.0,0.0,0.0,0.0,0.0,2.0,8.0,16.0,10.0,0.4112755673284361
1.0,1.0,0.0,0.0,0.0,0.0,0.0,3.0,8.0,16.0,10.0,0.40416177394248903
1.0,1.0,0.0,0.0,0.0,0.0,0.0,4.0,8.0,16.0,10.0,0.39996996094923404
1.0,1.0,0.0,0.0,0.0,0.0,0.0,1.0,10.0,16.0,10.0,0.3539829050492915
1.0,1.0,0.0,0.0,0.0,0.0,0.0,2.0,10.0,16.0,10.0,0.3527130724487289
1.0,1.0,0.0,0.0,0.0,0.0,0.0,3.0,10.0,16.0,10.0,0.3098118463092931
1.0,1.0,0.0,0.0,0.0,0.0,0.0,4.0,10.0,16.0,10.0,0.3446298369698792
1.0,1.0,0.0,0.0,0.0,0.0,0.0,1.0,16.0,16.0,10.0,0.23680329883393864
1.0,1.0,0.0,0.0,0.0,0.0,0.0,2.0,16.0,16.0,10.0,0.18528632677025597
1.0,1.0,0.0,0.0,0.0,0.0,0.0,3.0,16.0,16.0,10.0,0.21161145853245594
1.0,1.0,0.0,0.0,0.0,0.0,0.0,4.0,16.0,16.0,10.0,0.18648788880089578
1.0,1.0,0.0,0.0,0.0,0.0,0.0,1.0,20.0,16.0,10.0,0.2146972882929627
1.0,1.0,0.0,0.0,0.0,0.0,0.0,2.0,20.0,16.0,10.0,0.15659903328872998
1.0,1.0,0.0,0.0,0.0,0.0,0.0,3.0,20.0,16.0,10.0,0.18856331412654642
1.0,1.0,0.0,0.0,0.0,0.0,0.0,4.0,20.0,16.0,10.0,0.1556568994237964
1.0,1.0,0.0,0.0,0.0,0.0,0.0,1.0,32.0,16.0,10.0,0.17013026024741257
1.0,1.0,0.0,0.0,0.0,0.0,0.0,2.0,32.0,16.0,10.0,0.12317376225456733
1.0,1.0,0.0,0.0,0.0,0.0,0.0,3.0,32.0,16.0,10.0,0.14537535159343518
1.0,1.0,0.0,0.0,0.0,0.0,0.0,4.0,32.0,16.0,10.0,0.1190502198312352
1.0,1.0,0.0,0.0,0.0,0.0,0.0,1.0,64.0,16.0,10.0,0.127911739807204
1.0,1.0,0.0,0.0,0.0,0.0,0.0,2.0,64.0,16.0,10.0,0.07845653895518723
1.0,1.0,0.0,0.0,0.0,0.0,0.0,3.0,64.0,16.0,10.0,0.1090827166225184
1.0,1.0,0.0,0.0,0.0,0.0,0.0,4.0,64.0,16.0,10.0,0.07519320571288135
1.0,1.0,0.0,0.0,0.0,0.0,0.0,1.0,128.0,16.0,10.0,0.07012752942461564
1.0,1.0,0.0,0.0,0.0,0.0,0.0,2.0,128.0,16.0,10.0,0.05006963598132125
1.0,1.0,0.0,0.0,0.0,0.0,0.0,3.0,128.0,16.0,10.0,0.061812174008028686
1.0,1.0,0.0,0.0,0.0,0.0,0.0,4.0,128.0,16.0,10.0,0.047625549578087956
1.0,1.0,0.0,0.0,0.0,0.0,0.0,1.0,0.0,20.0,10.0,0.029602119118490478
1.0,1.0,0.0,0.0,0.0,0.0,0.0,2.0,0.0,20.0,10.0,0.0253829978972665
1.0,1.0,0.0,0.0,0.0,0.0,0.0,3.0,0.0,20.0,10.0,0.023471421939430415
1.0,1.0,0.0,0.0,0.0,0.0,0.0,4.0,0.0,20.0,10.0,0.023922007700920345
1.0,1.0,0.0,0.0,0.0,0.0,0.0,1.0,8.0,20.0,10.0,0.3565362243644011
1.0,1.0,0.0,0.0,0.0,0.0,0.0,2.0,8.0,20.0,10.0,0.3581474098145773
1.0,1.0,0.0,0.0,0.0,0.0,0.0,3.0,8.0,20.0,10.0,0.35283595947458973
1.0,1.0,0.0,0.0,0.0,0.0,0.0,4.0,8.0,20.0,10.0,0.34580409077254987
1.0,1.0,0.0,0.0,0.0,0.0,0.0,1.0,10.0,20.0,10.0,0.31345749474316625
1.0,1.0,0.0,0.0,0.0,0.0,0.0,2.0,10.0,20.0,10.0,0.310412627324613
1.0,1.0,0.0,0.0,0.0,0.0,0.0,3.0,10.0,20.0,10.0,0.3062344684453426
1.0,1.0,0.0,0.0,0.0,0.0,0.0,4.0,10.0,20.0,10.0,0.30095032633332425
1.0,1.0,0.0,0.0,0.0,0.0,0.0,1.0,16.0,20.0,10.0,0.21395996613779739
1.0,1.0,0.0,0.0,0.0,0.0,0.0,2.0,16.0,20.0,10.0,0.1568174991124826
1.0,1.0,0.0,0.0,0.0,0.0,0.0,3.0,16.0,20.0,10.0,0.18509516917447227
1.0,1.0,0.0,0.0,0.0,0.0,0.0,4.0,16.0,20.0,10.0,0.15573882410770373
1.0,1.0,0.0,0.0,0.0,0.0,0.0,1.0,20.0,20.0,10.0,0.1924820448401104
1.0,1.0,0.0,0.0,0.0,0.0,0.0,2.0,20.0,20.0,10.0,0.13431551926595492
1.0,1.0,0.0,0.0,0.0,0.0,0.0,3.0,20.0,20.0,10.0,0.16487342636336338
1.0,1.0,0.0,0.0,0.0,0.0,0.0,4.0,20.0,20.0,10.0,0.13282722084163967
1.0,1.0,0.0,0.0,0.0,0.0,0.0,1.0,32.0,20.0,10.0,0.16358993964881624
1.0,1.0,0.0,0.0,0.0,0.0,0.0,2.0,32.0,20.0,10.0,0.1083590485813376
1.0,1.0,0.0,0.0,0.0,0.0,0.0,3.0,32.0,20.0,10.0,0.13299107020945417
1.0,1.0,0.0,0.0,0.0,0.0,0.0,4.0,32.0,20.0,10.0,0.10375761216854645
1.0,1.0,0.0,0.0,0.0,0.0,0.0,1.0,64.0,20.0,10.0,0.1253720746060789
1.0,1.0,0.0,0.0,0.0,0.0,0.0,2.0,64.0,20.0,10.0,0.07076927278188927
1.0,1.0,0.0,0.0,0.0,0.0,0.0,3.0,64.0,20.0,10.0,0.10382588273846916
1.0,1.0,0.0,0.0,0.0,0.0,0.0,4.0,64.0,20.0,10.0,0.06829787815068689
1.0,1.0,0.0,0.0,0.0,0.0,0.0,1.0,128.0,20.0,10.0,0.06396952401758654
1.0,1.0,0.0,0.0,0.0,0.0,0.0,2.0,128.0,20.0,10.0,0.046109942925803615
1.0,1.0,0.0,0.0,0.0,0.0,0.0,3.0,128.0,20.0,10.0,0.05843960785384639
1.0,1.0,0.0,0.0,0.0,0.0,0.0,4.0,128.0,20.0,10.0,0.04438952456375106
1.0,1.0,0.0,0.0,0.0,0.0,0.0,1.0,0.0,32.0,10.0,0.025997433026570926
1.0,1.0,0.0,0.0,0.0,0.0,0.0,2.0,0.0,32.0,10.0,0.02539665201125102
1.0,1.0,0.0,0.0,0.0,0.0,0.0,3.0,0.0,32.0,10.0,0.025246456757421043
1.0,1.0,0.0,0.0,0.0,0.0,0.0,4.0,0.0,32.0,10.0,0.025232802643436525
1.0,1.0,0.0,0.0,0.0,0.0,0.0,1.0,8.0,32.0,10.0,0.27324612905868545
1.0,1.0,0.0,0.0,0.0,0.0,0.0,2.0,8.0,32.0,10.0,0.27357382779431444
1.0,1.0,0.0,0.0,0.0,0.0,0.0,3.0,8.0,32.0,10.0,0.27246784456156653
1.0,1.0,0.0,0.0,0.0,0.0,0.0,4.0,8.0,32.0,10.0,0.26348343755973685
1.0,1.0,0.0,0.0,0.0,0.0,0.0,1.0,10.0,32.0,10.0,0.2458423222917066
1.0,1.0,0.0,0.0,0.0,0.0,0.0,2.0,10.0,32.0,10.0,0.24221032797181802
1.0,1.0,0.0,0.0,0.0,0.0,0.0,3.0,10.0,32.0,10.0,0.19469401130560643
1.0,1.0,0.0,0.0,0.0,0.0,0.0,4.0,10.0,32.0,10.0,0.2362707883885415
1.0,1.0,0.0,0.0,0.0,0.0,0.0,1.0,16.0,32.0,10.0,0.1683006089734837
1.0,1.0,0.0,0.0,0.0,0.0,0.0,2.0,16.0,32.0,10.0,0.11398454354296955
1.0,1.0,0.0,0.0,0.0,0.0,0.0,3.0,16.0,32.0,10.0,0.14152489144979385
1.0,1.0,0.0,0.0,0.0,0.0,0.0,4.0,16.0,32.0,10.0,0.11459897867227403
1.0,1.0,0.0,0.0,0.0,0.0,0.0,1.0,20.0,32.0,10.0,0.15841503044867428
1.0,1.0,0.0,0.0,0.0,0.0,0.0,2.0,20.0,32.0,10.0,0.09888309347606444
1.0,1.0,0.0,0.0,0.0,0.0,0.0,3.0,20.0,32.0,10.0,0.13226740216827337
1.0,1.0,0.0,0.0,0.0,0.0,0.0,4.0,20.0,32.0,10.0,0.09947022037739978
1.0,1.0,0.0,0.0,0.0,0.0,0.0,1.0,32.0,32.0,10.0,0.1386302192850707
1.0,1.0,0.0,0.0,0.0,0.0,0.0,2.0,32.0,32.0,10.0,0.0838362598650974
1.0,1.0,0.0,0.0,0.0,0.0,0.0,3.0,32.0,32.0,10.0,0.11204565935716432
1.0,1.0,0.0,0.0,0.0,0.0,0.0,4.0,32.0,32.0,10.0,0.08251181080859671
1.0,1.0,0.0,0.0,0.0,0.0,0.0,1.0,64.0,32.0,10.0,0.11787596602856448
1.0,1.0,0.0,0.0,0.0,0.0,0.0,2.0,64.0,32.0,10.0,0.05712881291133021
1.0,1.0,0.0,0.0,0.0,0.0,0.0,3.0,64.0,32.0,10.0,0.09714902100002737
1.0,1.0,0.0,0.0,0.0,0.0,0.0,4.0,64.0,32.0,10.0,0.0598323274802699
1.0,1.0,0.0,0.0,0.0,0.0,0.0,1.0,128.0,32.0,10.0,0.059572899314563554
1.0,1.0,0.0,0.0,0.0,0.0,0.0,2.0,128.0,32.0,10.0,0.04206832518637865
1.0,1.0,0.0,0.0,0.0,0.0,0.0,3.0,128.0,32.0,10.0,0.05625494961631944
1.0,1.0,0.0,0.0,0.0,0.0,0.0,4.0,128.0,32.0,10.0,0.04281930145552859
1.0,1.0,0.0,0.0,0.0,0.0,0.0,1.0,0.0,64.0,10.0,0.04101695840956887
1.0,1.0,0.0,0.0,0.0,0.0,0.0,2.0,0.0,64.0,10.0,0.03951500587126905
1.0,1.0,0.0,0.0,0.0,0.0,0.0,3.0,0.0,64.0,10.0,0.03276987356290456
1.0,1.0,0.0,0.0,0.0,0.0,0.0,4.0,0.0,64.0,10.0,0.030749064693192107
1.0,1.0,0.0,0.0,0.0,0.0,0.0,1.0,8.0,64.0,10.0,0.20345995248368337
1.0,1.0,0.0,0.0,0.0,0.0,0.0,2.0,8.0,64.0,10.0,0.20163030120975461
1.0,1.0,0.0,0.0,0.0,0.0,0.0,3.0,8.0,64.0,10.0,0.2021491575411672
1.0,1.0,0.0,0.0,0.0,0.0,0.0,4.0,8.0,64.0,10.0,0.1917310685709605
1.0,1.0,0.0,0.0,0.0,0.0,0.0,1.0,10.0,64.0,10.0,0.18781233785739654
1.0,1.0,0.0,0.0,0.0,0.0,0.0,2.0,10.0,64.0,10.0,0.18334744258445074
1.0,1.0,0.0,0.0,0.0,0.0,0.0,3.0,10.0,64.0,10.0,0.13968158606188047
1.0,1.0,0.0,0.0,0.0,0.0,0.0,4.0,10.0,64.0,10.0,0.1769436631256998
1.0,1.0,0.0,0.0,0.0,0.0,0.0,1.0,16.0,64.0,10.0,0.13168027526693799
1.0,1.0,0.0,0.0,0.0,0.0,0.0,2.0,16.0,64.0,10.0,0.07736420983642373
1.0,1.0,0.0,0.0,0.0,0.0,0.0,3.0,16.0,64.0,10.0,0.1054780305305989
1.0,1.0,0.0,0.0,0.0,0.0,0.0,4.0,16.0,64.0,10.0,0.07842923072721814
1.0,1.0,0.0,0.0,0.0,0.0,0.0,1.0,20.0,64.0,10.0,0.12813020563095667
1.0,1.0,0.0,0.0,0.0,0.0,0.0,2.0,20.0,64.0,10.0,0.0703323411343838
1.0,1.0,0.0,0.0,0.0,0.0,0.0,3.0,20.0,64.0,10.0,0.10209181026243214
1.0,1.0,0.0,0.0,0.0,0.0,0.0,4.0,20.0,64.0,10.0,0.06989540948687845
1.0,1.0,0.0,0.0,0.0,0.0,0.0,1.0,32.0,64.0,10.0,0.11991042901226145
1.0,1.0,0.0,0.0,0.0,0.0,0.0,2.0,32.0,64.0,10.0,0.06388759933367927
1.0,1.0,0.0,0.0,0.0,0.0,0.0,3.0,32.0,64.0,10.0,0.09302547857669524
1.0,1.0,0.0,0.0,0.0,0.0,0.0,4.0,32.0,64.0,10.0,0.061361588246538756
1.0,1.0,0.0,0.0,0.0,0.0,0.0,1.0,64.0,64.0,10.0,0.13289549141156237
1.0,1.0,0.0,0.0,0.0,0.0,0.0,2.0,64.0,64.0,10.0,0.04690188153690711
1.0,1.0,0.0,0.0,0.0,0.0,0.0,3.0,64.0,64.0,10.0,0.09286162920888064
1.0,1.0,0.0,0.0,0.0,0.0,0.0,4.0,64.0,64.0,10.0,0.0486496081269287
1.0,1.0,0.0,0.0,0.0,0.0,0.0,1.0,128.0,64.0,10.0,0.07011387531063112
1.0,1.0,0.0,0.0,0.0,0.0,0.0,2.0,128.0,64.0,10.0,0.05024713946312026
1.0,1.0,0.0,0.0,0.0,0.0,0.0,3.0,128.0,64.0,10.0,0.06846172751850138
1.0,1.0,0.0,0.0,0.0,0.0,0.0,4.0,128.0,64.0,10.0,0.05056118408476479
1.0,1.0,0.0,0.0,0.0,0.0,0.0,1.0,0.0,128.0,10.0,0.15292607662688773
1.0,1.0,0.0,0.0,0.0,0.0,0.0,2.0,0.0,128.0,10.0,0.15362243644009943
1.0,1.0,0.0,0.0,0.0,0.0,0.0,3.0,0.0,128.0,10.0,0.14067833638275218
1.0,1.0,0.0,0.0,0.0,0.0,0.0,4.0,0.0,128.0,10.0,0.13955869903601958
1.0,1.0,0.0,0.0,0.0,0.0,0.0,1.0,8.0,128.0,10.0,0.1686283077091128
1.0,1.0,0.0,0.0,0.0,0.0,0.0,2.0,8.0,128.0,10.0,0.16856003713919004
1.0,1.0,0.0,0.0,0.0,0.0,0.0,3.0,8.0,128.0,10.0,0.16734482099456566
1.0,1.0,0.0,0.0,0.0,0.0,0.0,4.0,8.0,128.0,10.0,0.15814194816898336
1.0,1.0,0.0,0.0,0.0,0.0,0.0,1.0,10.0,128.0,10.0,0.15920696905977777
1.0,1.0,0.0,0.0,0.0,0.0,0.0,2.0,10.0,128.0,10.0,0.15572516999371916
1.0,1.0,0.0,0.0,0.0,0.0,0.0,3.0,10.0,128.0,10.0,0.11446243753242857
1.0,1.0,0.0,0.0,0.0,0.0,0.0,4.0,10.0,128.0,10.0,0.14947158578879827
1.0,1.0,0.0,0.0,0.0,0.0,0.0,1.0,16.0,128.0,10.0,0.11300144733608242
1.0,1.0,0.0,0.0,0.0,0.0,0.0,2.0,16.0,128.0,10.0,0.0612250471066933
1.0,1.0,0.0,0.0,0.0,0.0,0.0,3.0,16.0,128.0,10.0,0.08786422349053774
1.0,1.0,0.0,0.0,0.0,0.0,0.0,4.0,16.0,128.0,10.0,0.06327316420437484
1.0,1.0,0.0,0.0,0.0,0.0,0.0,1.0,20.0,128.0,10.0,0.11332914607171146
1.0,1.0,0.0,0.0,0.0,0.0,0.0,2.0,20.0,128.0,10.0,0.05667822714984028
1.0,1.0,0.0,0.0,0.0,0.0,0.0,3.0,20.0,128.0,10.0,0.08857423741773401
1.0,1.0,0.0,0.0,0.0,0.0,0.0,4.0,20.0,128.0,10.0,0.0572926622791447
1.0,1.0,0.0,0.0,0.0,0.0,0.0,1.0,32.0,128.0,10.0,0.11152680302575174
1.0,1.0,0.0,0.0,0.0,0.0,0.0,2.0,32.0,128.0,10.0,0.056992271771484804
1.0,1.0,0.0,0.0,0.0,0.0,0.0,3.0,32.0,128.0,10.0,0.08592533930473256
1.0,1.0,0.0,0.0,0.0,0.0,0.0,4.0,32.0,128.0,10.0,0.056295911958273104
1.0,1.0,0.0,0.0,0.0,0.0,0.0,1.0,64.0,128.0,10.0,0.12316010814058281
1.0,1.0,0.0,0.0,0.0,0.0,0.0,2.0,64.0,128.0,10.0,0.0583167208279855
1.0,1.0,0.0,0.0,0.0,0.0,0.0,3.0,64.0,128.0,10.0,0.100480624812256
1.0,1.0,0.0,0.0,0.0,0.0,0.0,4.0,64.0,128.0,10.0,0.05456183948223603
1.0,1.0,0.0,0.0,0.0,0.0,0.0,1.0,128.0,128.0,10.0,0.11212758404107165
1.0,1.0,0.0,0.0,0.0,0.0,0.0,2.0,128.0,128.0,10.0,0.07583494907015487
1.0,1.0,0.0,0.0,0.0,0.0,0.0,3.0,128.0,128.0,10.0,0.10196892323657125
1.0,1.0,0.0,0.0,0.0,0.0,0.0,4.0,128.0,128.0,10.0,0.07444222944373147
1.0,1.0,0.0,0.0,0.0,0.0,0.0,1.0,0.0,0.0,16.0,0.19741117998853058
1.0,1.0,0.0,0.0,0.0,0.0,0.0,2.0,0.0,0.0,16.0,0.19691963188508704
1.0,1.0,0.0,0.0,0.0,0.0,0.0,3.0,0.0,0.0,16.0,0.1880171495671646
1.0,1.0,0.0,0.0,0.0,0.0,0.0,4.0,0.0,0.0,16.0,0.18770310494552017
1.0,1.0,0.0,0.0,0.0,0.0,0.0,1.0,8.0,0.0,16.0,0.14784674622463756
1.0,1.0,0.0,0.0,0.0,0.0,0.0,2.0,8.0,0.0,16.0,0.17540074824544644
1.0,1.0,0.0,0.0,0.0,0.0,0.0,3.0,8.0,0.0,16.0,0.14258991234058827
1.0,1.0,0.0,0.0,0.0,0.0,0.0,4.0,8.0,0.0,16.0,0.16432726180398155
1.0,1.0,0.0,0.0,0.0,0.0,0.0,1.0,10.0,0.0,16.0,0.14544362216335788
1.0,1.0,0.0,0.0,0.0,0.0,0.0,2.0,10.0,0.0,16.0,0.17665692673202443
1.0,1.0,0.0,0.0,0.0,0.0,0.0,3.0,10.0,0.0,16.0,0.1273928834757913
1.0,1.0,0.0,0.0,0.0,0.0,0.0,4.0,10.0,0.0,16.0,0.16364455610475442
1.0,1.0,0.0,0.0,0.0,0.0,0.0,1.0,16.0,0.0,16.0,0.13301837843742326
1.0,1.0,0.0,0.0,0.0,0.0,0.0,2.0,16.0,0.0,16.0,0.16556978617657508
1.0,1.0,0.0,0.0,0.0,0.0,0.0,3.0,16.0,0.0,16.0,0.1335372347688359
1.0,1.0,0.0,0.0,0.0,0.0,0.0,4.0,16.0,0.0,16.0,0.16739943745050384
1.0,1.0,0.0,0.0,0.0,0.0,0.0,1.0,20.0,0.0,16.0,0.13391954996040312
1.0,1.0,0.0,0.0,0.0,0.0,0.0,2.0,20.0,0.0,16.0,0.14258991234058827
1.0,1.0,0.0,0.0,0.0,0.0,0.0,3.0,20.0,0.0,16.0,0.12957754171331826
1.0,1.0,0.0,0.0,0.0,0.0,0.0,4.0,20.0,0.0,16.0,0.14305415221606277
1.0,1.0,0.0,0.0,0.0,0.0,0.0,1.0,32.0,0.0,16.0,0.13282722084163967
1.0,1.0,0.0,0.0,0.0,0.0,0.0,2.0,32.0,0.0,16.0,0.12228624484557199
1.0,1.0,0.0,0.0,0.0,0.0,0.0,3.0,32.0,0.0,16.0,0.12350146099019638
1.0,1.0,0.0,0.0,0.0,0.0,0.0,4.0,32.0,0.0,16.0,0.11525437614353207
1.0,1.0,0.0,0.0,0.0,0.0,0.0,1.0,64.0,0.0,16.0,0.17546901881536908
1.0,1.0,0.0,0.0,0.0,0.0,0.0,2.0,64.0,0.0,16.0,0.2236270788388542
1.0,1.0,0.0,0.0,0.0,0.0,0.0,3.0,64.0,0.0,16.0,0.15405936808760484
1.0,1.0,0.0,0.0,0.0,0.0,0.0,4.0,64.0,0.0,16.0,0.21371419208607562
1.0,1.0,0.0,0.0,0.0,0.0,0.0,1.0,128.0,0.0,16.0,0.26166744039979256
1.0,1.0,0.0,0.0,0.0,0.0,0.0,2.0,128.0,0.0,16.0,0.25994702203773995
1.0,1.0,0.0,0.0,0.0,0.0,0.0,3.0,128.0,0.0,16.0,0.26449384199459297
1.0,1.0,0.0,0.0,0.0,0.0,0.0,4.0,128.0,0.0,16.0,0.26882219612769326
1.0,1.0,0.0,0.0,0.0,0.0,0.0,1.0,0.0,8.0,16.0,0.022024085857068776
1.0,1.0,0.0,0.0,0.0,0.0,0.0,2.0,0.0,8.0,16.0,0.02052213331876901
1.0,1.0,0.0,0.0,0.0,0.0,0.0,3.0,0.0,8.0,16.0,0.02128676370190341
1.0,1.0,0.0,0.0,0.0,0.0,0.0,4.0,0.0,8.0,16.0,0.021163876676042526
1.0,1.0,0.0,0.0,0.0,0.0,0.0,1.0,8.0,8.0,16.0,0.6828695485949918
1.0,1.0,0.0,0.0,0.0,0.0,0.0,2.0,8.0,8.0,16.0,0.6914716404052541
1.0,1.0,0.0,0.0,0.0,0.0,0.0,3.0,8.0,8.0,16.0,0.6748955460280184
1.0,1.0,0.0,0.0,0.0,0.0,0.0,4.0,8.0,8.0,16.0,0.6798246811764386
1.0,1.0,0.0,0.0,0.0,0.0,0.0,1.0,10.0,8.0,16.0,0.5719708348125292
1.0,1.0,0.0,0.0,0.0,0.0,0.0,2.0,10.0,8.0,16.0,0.5737322155165352
1.0,1.0,0.0,0.0,0.0,0.0,0.0,3.0,10.0,8.0,16.0,0.5711242797454874
1.0,1.0,0.0,0.0,0.0,0.0,0.0,4.0,10.0,8.0,16.0,0.5683934569485787
1.0,1.0,0.0,0.0,0.0,0.0,0.0,1.0,16.0,8.0,16.0,0.3742319560883695
1.0,1.0,0.0,0.0,0.0,0.0,0.0,2.0,16.0,8.0,16.0,0.33452579262131693
1.0,1.0,0.0,0.0,0.0,0.0,0.0,3.0,16.0,8.0,16.0,0.3464048717878698
1.0,1.0,0.0,0.0,0.0,0.0,0.0,4.0,16.0,8.0,16.0,0.33060706190775285
1.0,1.0,0.0,0.0,0.0,0.0,0.0,1.0,20.0,8.0,16.0,0.3278489308828751
1.0,1.0,0.0,0.0,0.0,0.0,0.0,2.0,20.0,8.0,16.0,0.27581310248777974
1.0,1.0,0.0,0.0,0.0,0.0,0.0,3.0,20.0,8.0,16.0,0.29723640732952844
1.0,1.0,0.0,0.0,0.0,0.0,0.0,4.0,20.0,8.0,16.0,0.26975067587864227
1.0,1.0,0.0,0.0,0.0,0.0,0.0,1.0,32.0,8.0,16.0,0.2403943308118736
1.0,1.0,0.0,0.0,0.0,0.0,0.0,2.0,32.0,8.0,16.0,0.19877659138698495
1.0,1.0,0.0,0.0,0.0,0.0,0.0,3.0,32.0,8.0,16.0,0.21143395505065682
1.0,1.0,0.0,0.0,0.0,0.0,0.0,4.0,32.0,8.0,16.0,0.18845408121467006
1.0,1.0,0.0,0.0,0.0,0.0,0.0,1.0,64.0,8.0,16.0,0.1601627570386958
1.0,1.0,0.0,0.0,0.0,0.0,0.0,2.0,64.0,8.0,16.0,0.1177257707747345
1.0,1.0,0.0,0.0,0.0,0.0,0.0,3.0,64.0,8.0,16.0,0.14246702531472738
1.0,1.0,0.0,0.0,0.0,0.0,0.0,4.0,64.0,8.0,16.0,0.10800404161773947
1.0,1.0,0.0,0.0,0.0,0.0,0.0,1.0,128.0,8.0,16.0,0.08699036019552692
1.0,1.0,0.0,0.0,0.0,0.0,0.0,2.0,128.0,8.0,16.0,0.06929462847155854
1.0,1.0,0.0,0.0,0.0,0.0,0.0,3.0,128.0,8.0,16.0,0.07512493514295865
1.0,1.0,0.0,0.0,0.0,0.0,0.0,4.0,128.0,8.0,16.0,0.06401048635954021
1.0,1.0,0.0,0.0,0.0,0.0,0.0,1.0,0.0,10.0,16.0,0.04103061252355339
1.0,1.0,0.0,0.0,0.0,0.0,0.0,2.0,0.0,10.0,16.0,0.039965591632759034
1.0,1.0,0.0,0.0,0.0,0.0,0.0,3.0,0.0,10.0,16.0,0.039050765995794545
1.0,1.0,0.0,0.0,0.0,0.0,0.0,4.0,0.0,10.0,16.0,0.038764029602119165
1.0,1.0,0.0,0.0,0.0,0.0,0.0,1.0,8.0,10.0,16.0,0.6149266774079032
1.0,1.0,0.0,0.0,0.0,0.0,0.0,2.0,8.0,10.0,16.0,0.6155820748791612
1.0,1.0,0.0,0.0,0.0,0.0,0.0,3.0,8.0,10.0,16.0,0.6141074305688305
1.0,1.0,0.0,0.0,0.0,0.0,0.0,4.0,8.0,10.0,16.0,0.6050137906551245
1.0,1.0,0.0,0.0,0.0,0.0,0.0,1.0,10.0,10.0,16.0,0.5246593298560858
1.0,1.0,0.0,0.0,0.0,0.0,0.0,2.0,10.0,10.0,16.0,0.5238946994729514
1.0,1.0,0.0,0.0,0.0,0.0,0.0,3.0,10.0,10.0,16.0,0.5211911849040116
1.0,1.0,0.0,0.0,0.0,0.0,0.0,4.0,10.0,10.0,16.0,0.5159889674759006
1.0,1.0,0.0,0.0,0.0,0.0,0.0,1.0,16.0,10.0,16.0,0.35762855348316464
1.0,1.0,0.0,0.0,0.0,0.0,0.0,2.0,16.0,10.0,16.0,0.29895682569158105
1.0,1.0,0.0,0.0,0.0,0.0,0.0,3.0,16.0,10.0,16.0,0.3225511346568722
1.0,1.0,0.0,0.0,0.0,0.0,0.0,4.0,16.0,10.0,16.0,0.29592561238701226
1.0,1.0,0.0,0.0,0.0,0.0,0.0,1.0,20.0,10.0,16.0,0.31605177640022947
1.0,1.0,0.0,0.0,0.0,0.0,0.0,2.0,20.0,10.0,16.0,0.2510991561757559
1.0,1.0,0.0,0.0,0.0,0.0,0.0,3.0,20.0,10.0,16.0,0.2822851525164533
1.0,1.0,0.0,0.0,0.0,0.0,0.0,4.0,20.0,10.0,16.0,0.248491220404708
1.0,1.0,0.0,0.0,0.0,0.0,0.0,1.0,32.0,10.0,16.0,0.2457467434938147
1.0,1.0,0.0,0.0,0.0,0.0,0.0,2.0,32.0,10.0,16.0,0.18846773532865463
1.0,1.0,0.0,0.0,0.0,0.0,0.0,3.0,32.0,10.0,16.0,0.21176165378628592
1.0,1.0,0.0,0.0,0.0,0.0,0.0,4.0,32.0,10.0,16.0,0.18147682896856826
1.0,1.0,0.0,0.0,0.0,0.0,0.0,1.0,64.0,10.0,16.0,0.175564597613261
1.0,1.0,0.0,0.0,0.0,0.0,0.0,2.0,64.0,10.0,16.0,0.1181217400802862
1.0,1.0,0.0,0.0,0.0,0.0,0.0,3.0,64.0,10.0,16.0,0.15582074879161095
1.0,1.0,0.0,0.0,0.0,0.0,0.0,4.0,64.0,10.0,16.0,0.11216854638302526
1.0,1.0,0.0,0.0,0.0,0.0,0.0,1.0,128.0,10.0,16.0,0.0927387421830198
1.0,1.0,0.0,0.0,0.0,0.0,0.0,2.0,128.0,10.0,16.0,0.07597149021000033
1.0,1.0,0.0,0.0,0.0,0.0,0.0,3.0,128.0,10.0,16.0,0.08417761271471097
1.0,1.0,0.0,0.0,0.0,0.0,0.0,4.0,128.0,10.0,16.0,0.0714519784811164
1.0,1.0,0.0,0.0,0.0,0.0,0.0,1.0,0.0,16.0,16.0,0.019347879516098287
1.0,1.0,0.0,0.0,0.0,0.0,0.0,2.0,0.0,16.0,16.0,0.019757502935634552
1.0,1.0,0.0,0.0,0.0,0.0,0.0,3.0,0.0,16.0,16.0,0.018856331412654637
1.0,1.0,0.0,0.0,0.0,0.0,0.0,4.0,0.0,16.0,16.0,0.018651519702886477
1.0,1.0,0.0,0.0,0.0,0.0,0.0,1.0,8.0,16.0,16.0,0.40722029547502675
1.0,1.0,0.0,0.0,0.0,0.0,0.0,2.0,8.0,16.0,16.0,0.4172833774816353
1.0,1.0,0.0,0.0,0.0,0.0,0.0,3.0,8.0,16.0,16.0,0.404967366667577
1.0,1.0,0.0,0.0,0.0,0.0,0.0,4.0,8.0,16.0,16.0,0.4036975340670144
1.0,1.0,0.0,0.0,0.0,0.0,0.0,1.0,10.0,16.0,16.0,0.3557442857532976
1.0,1.0,0.0,0.0,0.0,0.0,0.0,2.0,10.0,16.0,16.0,0.3569458477839374
1.0,1.0,0.0,0.0,0.0,0.0,0.0,3.0,10.0,16.0,16.0,0.30947049345967953
1.0,1.0,0.0,0.0,0.0,0.0,0.0,4.0,10.0,16.0,16.0,0.34869876293727303
1.0,1.0,0.0,0.0,0.0,0.0,0.0,1.0,16.0,16.0,16.0,0.2372811928233977
1.0,1.0,0.0,0.0,0.0,0.0,0.0,2.0,16.0,16.0,16.0,0.1854092137961168
1.0,1.0,0.0,0.0,0.0,0.0,0.0,3.0,16.0,16.0,16.0,0.21258090062535845
1.0,1.0,0.0,0.0,0.0,0.0,0.0,4.0,16.0,16.0,16.0,0.1864742346869112
1.0,1.0,0.0,0.0,0.0,0.0,0.0,1.0,20.0,16.0,16.0,0.21527076108031357
1.0,1.0,0.0,0.0,0.0,0.0,0.0,2.0,20.0,16.0,16.0,0.15516535132035286
1.0,1.0,0.0,0.0,0.0,0.0,0.0,3.0,20.0,16.0,16.0,0.18886370463420638
1.0,1.0,0.0,0.0,0.0,0.0,0.0,4.0,20.0,16.0,16.0,0.15385455637783674
1.0,1.0,0.0,0.0,0.0,0.0,0.0,1.0,32.0,16.0,16.0,0.16993910265162898
1.0,1.0,0.0,0.0,0.0,0.0,0.0,2.0,32.0,16.0,16.0,0.12042928534367409
1.0,1.0,0.0,0.0,0.0,0.0,0.0,3.0,32.0,16.0,16.0,0.14451514241240893
1.0,1.0,0.0,0.0,0.0,0.0,0.0,4.0,32.0,16.0,16.0,0.11715229798738364
1.0,1.0,0.0,0.0,0.0,0.0,0.0,1.0,64.0,16.0,16.0,0.12658729075070324
1.0,1.0,0.0,0.0,0.0,0.0,0.0,2.0,64.0,16.0,16.0,0.075561866790464
1.0,1.0,0.0,0.0,0.0,0.0,0.0,3.0,64.0,16.0,16.0,0.10962888118190017
1.0,1.0,0.0,0.0,0.0,0.0,0.0,4.0,64.0,16.0,16.0,0.07366394494661244
1.0,1.0,0.0,0.0,0.0,0.0,0.0,1.0,128.0,16.0,16.0,0.06639995630683532
1.0,1.0,0.0,0.0,0.0,0.0,0.0,2.0,128.0,16.0,16.0,0.04606898058384995
1.0,1.0,0.0,0.0,0.0,0.0,0.0,3.0,128.0,16.0,16.0,0.05843960785384639
1.0,1.0,0.0,0.0,0.0,0.0,0.0,4.0,128.0,16.0,16.0,0.04376143532046206
1.0,1.0,0.0,0.0,0.0,0.0,0.0,1.0,0.0,20.0,16.0,0.019470766541959117
1.0,1.0,0.0,0.0,0.0,0.0,0.0,2.0,0.0,20.0,16.0,0.01941615008602099
1.0,1.0,0.0,0.0,0.0,0.0,0.0,3.0,0.0,20.0,16.0,0.018815369070701082
1.0,1.0,0.0,0.0,0.0,0.0,0.0,4.0,0.0,20.0,16.0,0.018747098500778325
1.0,1.0,0.0,0.0,0.0,0.0,0.0,1.0,8.0,20.0,16.0,0.35915781424943344
1.0,1.0,0.0,0.0,0.0,0.0,0.0,2.0,8.0,20.0,16.0,0.3589530025396653
1.0,1.0,0.0,0.0,0.0,0.0,0.0,3.0,8.0,20.0,16.0,0.3541604085310905
1.0,1.0,0.0,0.0,0.0,0.0,0.0,4.0,8.0,20.0,16.0,0.3469510363472516
1.0,1.0,0.0,0.0,0.0,0.0,0.0,1.0,10.0,20.0,16.0,0.312924984297769
1.0,1.0,0.0,0.0,0.0,0.0,0.0,2.0,10.0,20.0,16.0,0.3114776482154074
1.0,1.0,0.0,0.0,0.0,0.0,0.0,3.0,10.0,20.0,16.0,0.3089652912422513
1.0,1.0,0.0,0.0,0.0,0.0,0.0,4.0,10.0,20.0,16.0,0.30332614216663495
1.0,1.0,0.0,0.0,0.0,0.0,0.0,1.0,16.0,20.0,16.0,0.21335918512247748
1.0,1.0,0.0,0.0,0.0,0.0,0.0,2.0,16.0,20.0,16.0,0.15725443075998807
1.0,1.0,0.0,0.0,0.0,0.0,0.0,3.0,16.0,20.0,16.0,0.1835522542942189
1.0,1.0,0.0,0.0,0.0,0.0,0.0,4.0,16.0,20.0,16.0,0.15568420765176555
1.0,1.0,0.0,0.0,0.0,0.0,0.0,1.0,20.0,20.0,16.0,0.1932193669952757
1.0,1.0,0.0,0.0,0.0,0.0,0.0,2.0,20.0,20.0,16.0,0.13610420819793012
1.0,1.0,0.0,0.0,0.0,0.0,0.0,3.0,20.0,20.0,16.0,0.1644501488298425
1.0,1.0,0.0,0.0,0.0,0.0,0.0,4.0,20.0,20.0,16.0,0.132608755017887
1.0,1.0,0.0,0.0,0.0,0.0,0.0,1.0,32.0,20.0,16.0,0.15924793140173138
1.0,1.0,0.0,0.0,0.0,0.0,0.0,2.0,32.0,20.0,16.0,0.1066386302192851
1.0,1.0,0.0,0.0,0.0,0.0,0.0,3.0,32.0,20.0,16.0,0.1309975695677108
1.0,1.0,0.0,0.0,0.0,0.0,0.0,4.0,32.0,20.0,16.0,0.1028564406455666
1.0,1.0,0.0,0.0,0.0,0.0,0.0,1.0,64.0,20.0,16.0,0.12498975941451163
1.0,1.0,0.0,0.0,0.0,0.0,0.0,2.0,64.0,20.0,16.0,0.06918539555968223
1.0,1.0,0.0,0.0,0.0,0.0,0.0,3.0,64.0,20.0,16.0,0.1057101504683362
1.0,1.0,0.0,0.0,0.0,0.0,0.0,4.0,64.0,20.0,16.0,0.06807941232693415
1.0,1.0,0.0,0.0,0.0,0.0,0.0,1.0,128.0,20.0,16.0,0.06177121166607502
1.0,1.0,0.0,0.0,0.0,0.0,0.0,2.0,128.0,20.0,16.0,0.04239602392200775
1.0,1.0,0.0,0.0,0.0,0.0,0.0,3.0,128.0,20.0,16.0,0.05644610721210308
1.0,1.0,0.0,0.0,0.0,0.0,0.0,4.0,128.0,20.0,16.0,0.04055271853409437
1.0,1.0,0.0,0.0,0.0,0.0,0.0,1.0,0.0,32.0,16.0,0.017340724760370352
1.0,1.0,0.0,0.0,0.0,0.0,0.0,2.0,0.0,32.0,16.0,0.017695731723968433
1.0,1.0,0.0,0.0,0.0,0.0,0.0,3.0,0.0,32.0,16.0,0.018651519702886477
1.0,1.0,0.0,0.0,0.0,0.0,0.0,4.0,0.0,32.0,16.0,0.017395341216308535
1.0,1.0,0.0,0.0,0.0,0.0,0.0,1.0,8.0,32.0,16.0,0.2695868265108278
1.0,1.0,0.0,0.0,0.0,0.0,0.0,2.0,8.0,32.0,16.0,0.26961413473879686
1.0,1.0,0.0,0.0,0.0,0.0,0.0,3.0,8.0,32.0,16.0,0.2682623774543271
1.0,1.0,0.0,0.0,0.0,0.0,0.0,4.0,8.0,32.0,16.0,0.2610393511565035
1.0,1.0,0.0,0.0,0.0,0.0,0.0,1.0,10.0,32.0,16.0,0.24211474917392622
1.0,1.0,0.0,0.0,0.0,0.0,0.0,2.0,10.0,32.0,16.0,0.2382233266883313
1.0,1.0,0.0,0.0,0.0,0.0,0.0,3.0,10.0,32.0,16.0,0.19301455528550754
1.0,1.0,0.0,0.0,0.0,0.0,0.0,4.0,10.0,32.0,16.0,0.23235205767497752
1.0,1.0,0.0,0.0,0.0,0.0,0.0,1.0,16.0,32.0,16.0,0.16423168300608976
1.0,1.0,0.0,0.0,0.0,0.0,0.0,2.0,16.0,32.0,16.0,0.11237335809279342
1.0,1.0,0.0,0.0,0.0,0.0,0.0,3.0,16.0,32.0,16.0,0.13714192086075538
1.0,1.0,0.0,0.0,0.0,0.0,0.0,4.0,16.0,32.0,16.0,0.11324722138780419
1.0,1.0,0.0,0.0,0.0,0.0,0.0,1.0,20.0,32.0,16.0,0.15490592315464652
1.0,1.0,0.0,0.0,0.0,0.0,0.0,2.0,20.0,32.0,16.0,0.09708075043010461
1.0,1.0,0.0,0.0,0.0,0.0,0.0,3.0,20.0,32.0,16.0,0.12864906196236936
1.0,1.0,0.0,0.0,0.0,0.0,0.0,4.0,20.0,32.0,16.0,0.09702613397416643
1.0,1.0,0.0,0.0,0.0,0.0,0.0,1.0,32.0,32.0,16.0,0.13435648160790853
1.0,1.0,0.0,0.0,0.0,0.0,0.0,2.0,32.0,32.0,16.0,0.07967175509981161
1.0,1.0,0.0,0.0,0.0,0.0,0.0,3.0,32.0,32.0,16.0,0.10800404161773947
1.0,1.0,0.0,0.0,0.0,0.0,0.0,4.0,32.0,32.0,16.0,0.07752805920423828
1.0,1.0,0.0,0.0,0.0,0.0,0.0,1.0,64.0,32.0,16.0,0.11342472486960331
1.0,1.0,0.0,0.0,0.0,0.0,0.0,2.0,64.0,32.0,16.0,0.053701630301209835
1.0,1.0,0.0,0.0,0.0,0.0,0.0,3.0,64.0,32.0,16.0,0.0932302902864634
1.0,1.0,0.0,0.0,0.0,0.0,0.0,4.0,64.0,32.0,16.0,0.0553674322073241
1.0,1.0,0.0,0.0,0.0,0.0,0.0,1.0,128.0,32.0,16.0,0.058780960703460006
1.0,1.0,0.0,0.0,0.0,0.0,0.0,2.0,128.0,32.0,16.0,0.04191812993254873
1.0,1.0,0.0,0.0,0.0,0.0,0.0,3.0,128.0,32.0,16.0,0.05669188126382485
1.0,1.0,0.0,0.0,0.0,0.0,0.0,4.0,128.0,32.0,16.0,0.042013708730440524
1.0,1.0,0.0,0.0,0.0,0.0,0.0,1.0,0.0,64.0,16.0,0.030680794123269406
1.0,1.0,0.0,0.0,0.0,0.0,0.0,2.0,0.0,64.0,16.0,0.0308446434910839
1.0,1.0,0.0,0.0,0.0,0.0,0.0,3.0,0.0,64.0,16.0,0.023812774789043978
1.0,1.0,0.0,0.0,0.0,0.0,0.0,4.0,0.0,64.0,16.0,0.022652175100357774
1.0,1.0,0.0,0.0,0.0,0.0,0.0,1.0,8.0,64.0,16.0,0.19595018979218443
1.0,1.0,0.0,0.0,0.0,0.0,0.0,2.0,8.0,64.0,16.0,0.1953630628908491
1.0,1.0,0.0,0.0,0.0,0.0,0.0,3.0,8.0,64.0,16.0,0.1940659220623175
1.0,1.0,0.0,0.0,0.0,0.0,0.0,4.0,8.0,64.0,16.0,0.184057456511647
1.0,1.0,0.0,0.0,0.0,0.0,0.0,1.0,10.0,64.0,16.0,0.18083508561129474
1.0,1.0,0.0,0.0,0.0,0.0,0.0,2.0,10.0,64.0,16.0,0.1752232447636473
1.0,1.0,0.0,0.0,0.0,0.0,0.0,3.0,10.0,64.0,16.0,0.13352358065485137
1.0,1.0,0.0,0.0,0.0,0.0,0.0,4.0,10.0,64.0,16.0,0.16820503017559202
1.0,1.0,0.0,0.0,0.0,0.0,0.0,1.0,16.0,64.0,16.0,0.12385646795379451
1.0,1.0,0.0,0.0,0.0,0.0,0.0,2.0,16.0,64.0,16.0,0.07343182500887524
1.0,1.0,0.0,0.0,0.0,0.0,0.0,3.0,16.0,64.0,16.0,0.0980638466369918
1.0,1.0,0.0,0.0,0.0,0.0,0.0,4.0,16.0,64.0,16.0,0.07344547912285976
1.0,1.0,0.0,0.0,0.0,0.0,0.0,1.0,20.0,64.0,16.0,0.12118026161282397
1.0,1.0,0.0,0.0,0.0,0.0,0.0,2.0,20.0,64.0,16.0,0.06458395914689097
1.0,1.0,0.0,0.0,0.0,0.0,0.0,3.0,20.0,64.0,16.0,0.09529206149812947
1.0,1.0,0.0,0.0,0.0,0.0,0.0,4.0,20.0,64.0,16.0,0.06282257844288486
1.0,1.0,0.0,0.0,0.0,0.0,0.0,1.0,32.0,64.0,16.0,0.11171796062153533
1.0,1.0,0.0,0.0,0.0,0.0,0.0,2.0,32.0,64.0,16.0,0.05592725088069039
1.0,1.0,0.0,0.0,0.0,0.0,0.0,3.0,32.0,64.0,16.0,0.08394549277697377
1.0,1.0,0.0,0.0,0.0,0.0,0.0,4.0,32.0,64.0,16.0,0.053332969223627125
1.0,1.0,0.0,0.0,0.0,0.0,0.0,1.0,64.0,64.0,16.0,0.10840001092329127
1.0,1.0,0.0,0.0,0.0,0.0,0.0,2.0,64.0,64.0,16.0,0.0445806821595347
1.0,1.0,0.0,0.0,0.0,0.0,0.0,3.0,64.0,64.0,16.0,0.08483301018596912
1.0,1.0,0.0,0.0,0.0,0.0,0.0,4.0,64.0,64.0,16.0,0.04223217455419326
1.0,1.0,0.0,0.0,0.0,0.0,0.0,1.0,128.0,64.0,16.0,0.07351374969278246
1.0,1.0,0.0,0.0,0.0,0.0,0.0,2.0,128.0,64.0,16.0,0.053783554985117055
1.0,1.0,0.0,0.0,0.0,0.0,0.0,3.0,128.0,64.0,16.0,0.0718479477866682
1.0,1.0,0.0,0.0,0.0,0.0,0.0,4.0,128.0,64.0,16.0,0.05415221606269971
1.0,1.0,0.0,0.0,0.0,0.0,0.0,1.0,0.0,128.0,16.0,0.15147874054452615
1.0,1.0,0.0,0.0,0.0,0.0,0.0,2.0,0.0,128.0,16.0,0.15222971681367603
1.0,1.0,0.0,0.0,0.0,0.0,0.0,3.0,0.0,128.0,16.0,0.13766077719216807
1.0,1.0,0.0,0.0,0.0,0.0,0.0,4.0,0.0,128.0,16.0,0.1373194243425545
1.0,1.0,0.0,0.0,0.0,0.0,0.0,1.0,8.0,128.0,16.0,0.16051776400229395
1.0,1.0,0.0,0.0,0.0,0.0,0.0,2.0,8.0,128.0,16.0,0.16050410988830938
1.0,1.0,0.0,0.0,0.0,0.0,0.0,3.0,8.0,128.0,16.0,0.1588656162101642
1.0,1.0,0.0,0.0,0.0,0.0,0.0,4.0,8.0,128.0,16.0,0.15074141838936078
1.0,1.0,0.0,0.0,0.0,0.0,0.0,1.0,10.0,128.0,16.0,0.15120565826483523
1.0,1.0,0.0,0.0,0.0,0.0,0.0,2.0,10.0,128.0,16.0,0.14713673229744123
1.0,1.0,0.0,0.0,0.0,0.0,0.0,3.0,10.0,128.0,16.0,0.10396242387831461
1.0,1.0,0.0,0.0,0.0,0.0,0.0,4.0,10.0,128.0,16.0,0.1404871787869686
1.0,1.0,0.0,0.0,0.0,0.0,0.0,1.0,16.0,128.0,16.0,0.10483628717332538
1.0,1.0,0.0,0.0,0.0,0.0,0.0,2.0,16.0,128.0,16.0,0.055681476828968623
1.0,1.0,0.0,0.0,0.0,0.0,0.0,3.0,16.0,128.0,16.0,0.08139217346186406
1.0,1.0,0.0,0.0,0.0,0.0,0.0,4.0,16.0,128.0,16.0,0.05856249487970733
1.0,1.0,0.0,0.0,0.0,0.0,0.0,1.0,20.0,128.0,16.0,0.10621535268576426
1.0,1.0,0.0,0.0,0.0,0.0,0.0,2.0,20.0,128.0,16.0,0.0507386875665638
1.0,1.0,0.0,0.0,0.0,0.0,0.0,3.0,20.0,128.0,16.0,0.08062754307872966
1.0,1.0,0.0,0.0,0.0,0.0,0.0,4.0,20.0,128.0,16.0,0.05142139326579098
1.0,1.0,0.0,0.0,0.0,0.0,0.0,1.0,32.0,128.0,16.0,0.10448128020972725
1.0,1.0,0.0,0.0,0.0,0.0,0.0,2.0,32.0,128.0,16.0,0.05103907807422381
1.0,1.0,0.0,0.0,0.0,0.0,0.0,3.0,32.0,128.0,16.0,0.07948059750402797
1.0,1.0,0.0,0.0,0.0,0.0,0.0,4.0,32.0,128.0,16.0,0.0506021464267184
1.0,1.0,0.0,0.0,0.0,0.0,0.0,1.0,64.0,128.0,16.0,0.12007427838007595
1.0,1.0,0.0,0.0,0.0,0.0,0.0,2.0,64.0,128.0,16.0,0.062276413883503134
1.0,1.0,0.0,0.0,0.0,0.0,0.0,3.0,64.0,128.0,16.0,0.09676670580846014
1.0,1.0,0.0,0.0,0.0,0.0,0.0,4.0,64.0,128.0,16.0,0.054466260684344237
1.0,1.0,0.0,0.0,0.0,0.0,0.0,1.0,128.0,128.0,16.0,0.10745787705835774
1.0,1.0,0.0,0.0,0.0,0.0,0.0,2.0,128.0,128.0,16.0,0.06888500505202222
1.0,1.0,0.0,0.0,0.0,0.0,0.0,3.0,128.0,128.0,16.0,0.09586553428548023
1.0,1.0,0.0,0.0,0.0,0.0,0.0,4.0,128.0,128.0,16.0,0.067246511373877
1.0,1.0,0.0,0.0,0.0,0.0,0.0,1.0,0.0,0.0,20.0,0.1967011660613343
1.0,1.0,0.0,0.0,0.0,0.0,0.0,2.0,0.0,0.0,20.0,0.1973156011906388
1.0,1.0,0.0,0.0,0.0,0.0,0.0,3.0,0.0,0.0,20.0,0.1879625331112264
1.0,1.0,0.0,0.0,0.0,0.0,0.0,4.0,0.0,0.0,20.0,0.18794887899724194
1.0,1.0,0.0,0.0,0.0,0.0,0.0,1.0,8.0,0.0,20.0,0.1561211392992709
1.0,1.0,0.0,0.0,0.0,0.0,0.0,2.0,8.0,0.0,20.0,0.19263224009394037
1.0,1.0,0.0,0.0,0.0,0.0,0.0,3.0,8.0,0.0,20.0,0.15138316174663435
1.0,1.0,0.0,0.0,0.0,0.0,0.0,4.0,8.0,0.0,20.0,0.18344302138234253
1.0,1.0,0.0,0.0,0.0,0.0,0.0,1.0,10.0,0.0,20.0,0.15235260383953692
1.0,1.0,0.0,0.0,0.0,0.0,0.0,2.0,10.0,0.0,20.0,0.19065239356618152
1.0,1.0,0.0,0.0,0.0,0.0,0.0,3.0,10.0,0.0,20.0,0.14448783418443983
1.0,1.0,0.0,0.0,0.0,0.0,0.0,4.0,10.0,0.0,20.0,0.17821349572626238
1.0,1.0,0.0,0.0,0.0,0.0,0.0,1.0,16.0,0.0,20.0,0.13839809934733338
1.0,1.0,0.0,0.0,0.0,0.0,0.0,2.0,16.0,0.0,20.0,0.16384936781452258
1.0,1.0,0.0,0.0,0.0,0.0,0.0,3.0,16.0,0.0,20.0,0.14253529588465008
1.0,1.0,0.0,0.0,0.0,0.0,0.0,4.0,16.0,0.0,20.0,0.1654195909227451
1.0,1.0,0.0,0.0,0.0,0.0,0.0,1.0,20.0,0.0,20.0,0.1358720882601928
1.0,1.0,0.0,0.0,0.0,0.0,0.0,2.0,20.0,0.0,20.0,0.13893060979273059
1.0,1.0,0.0,0.0,0.0,0.0,0.0,3.0,20.0,0.0,20.0,0.13334607717305225
1.0,1.0,0.0,0.0,0.0,0.0,0.0,4.0,20.0,0.0,20.0,0.13973620251781865
1.0,1.0,0.0,0.0,0.0,0.0,0.0,1.0,32.0,0.0,20.0,0.1304650591223136
1.0,1.0,0.0,0.0,0.0,0.0,0.0,2.0,32.0,0.0,20.0,0.11754826729293544
1.0,1.0,0.0,0.0,0.0,0.0,0.0,3.0,32.0,0.0,20.0,0.12184931319806663
1.0,1.0,0.0,0.0,0.0,0.0,0.0,4.0,32.0,0.0,20.0,0.10987465523362194
1.0,1.0,0.0,0.0,0.0,0.0,0.0,1.0,64.0,0.0,20.0,0.1721647232311096
1.0,1.0,0.0,0.0,0.0,0.0,0.0,2.0,64.0,0.0,20.0,0.2209781807258528
1.0,1.0,0.0,0.0,0.0,0.0,0.0,3.0,64.0,0.0,20.0,0.1522706791556297
1.0,1.0,0.0,0.0,0.0,0.0,0.0,4.0,64.0,0.0,20.0,0.20662770692809757
1.0,1.0,0.0,0.0,0.0,0.0,0.0,1.0,128.0,0.0,20.0,0.2554684726508098
1.0,1.0,0.0,0.0,0.0,0.0,0.0,2.0,128.0,0.0,20.0,0.25646522297168134
1.0,1.0,0.0,0.0,0.0,0.0,0.0,3.0,128.0,0.0,20.0,0.25925066222452836
1.0,1.0,0.0,0.0,0.0,0.0,0.0,4.0,128.0,0.0,20.0,0.26632349326852195
1.0,1.0,0.0,0.0,0.0,0.0,0.0,1.0,0.0,8.0,20.0,0.018460362107102946
1.0,1.0,0.0,0.0,0.0,0.0,0.0,2.0,0.0,8.0,20.0,0.017695731723968433
1.0,1.0,0.0,0.0,0.0,0.0,0.0,3.0,0.0,8.0,20.0,0.018255550397334785
1.0,1.0,0.0,0.0,0.0,0.0,0.0,4.0,0.0,8.0,20.0,0.01841939976514928
1.0,1.0,0.0,0.0,0.0,0.0,0.0,1.0,8.0,8.0,20.0,0.6852590185422869
1.0,1.0,0.0,0.0,0.0,0.0,0.0,2.0,8.0,8.0,20.0,0.6902018078046916
1.0,1.0,0.0,0.0,0.0,0.0,0.0,3.0,8.0,8.0,20.0,0.6777902181927415
1.0,1.0,0.0,0.0,0.0,0.0,0.0,4.0,8.0,8.0,20.0,0.6854501761380705
1.0,1.0,0.0,0.0,0.0,0.0,0.0,1.0,10.0,8.0,20.0,0.5756984079303096
1.0,1.0,0.0,0.0,0.0,0.0,0.0,2.0,10.0,8.0,20.0,0.5776509462300992
1.0,1.0,0.0,0.0,0.0,0.0,0.0,3.0,10.0,8.0,20.0,0.5743466506458397
1.0,1.0,0.0,0.0,0.0,0.0,0.0,4.0,10.0,8.0,20.0,0.5712881291133021
1.0,1.0,0.0,0.0,0.0,0.0,0.0,1.0,16.0,8.0,20.0,0.37603429913432934
1.0,1.0,0.0,0.0,0.0,0.0,0.0,2.0,16.0,8.0,20.0,0.33418443977170337
1.0,1.0,0.0,0.0,0.0,0.0,0.0,3.0,16.0,8.0,20.0,0.34999590376580464
1.0,1.0,0.0,0.0,0.0,0.0,0.0,4.0,16.0,8.0,20.0,0.33004724323438667
1.0,1.0,0.0,0.0,0.0,0.0,0.0,1.0,20.0,8.0,20.0,0.32950107867500494
1.0,1.0,0.0,0.0,0.0,0.0,0.0,2.0,20.0,8.0,20.0,0.2744886534312789
1.0,1.0,0.0,0.0,0.0,0.0,0.0,3.0,20.0,8.0,20.0,0.2987383598678282
1.0,1.0,0.0,0.0,0.0,0.0,0.0,4.0,20.0,8.0,20.0,0.2709385837952975
1.0,1.0,0.0,0.0,0.0,0.0,0.0,1.0,32.0,8.0,20.0,0.24129550233485358
1.0,1.0,0.0,0.0,0.0,0.0,0.0,2.0,32.0,8.0,20.0,0.19681039897321068
1.0,1.0,0.0,0.0,0.0,0.0,0.0,3.0,32.0,8.0,20.0,0.21589885032360262
1.0,1.0,0.0,0.0,0.0,0.0,0.0,4.0,32.0,8.0,20.0,0.19085720527594968
1.0,1.0,0.0,0.0,0.0,0.0,0.0,1.0,64.0,8.0,20.0,0.15987602064502043
1.0,1.0,0.0,0.0,0.0,0.0,0.0,2.0,64.0,8.0,20.0,0.11668805811190913
1.0,1.0,0.0,0.0,0.0,0.0,0.0,3.0,64.0,8.0,20.0,0.14313607689997004
1.0,1.0,0.0,0.0,0.0,0.0,0.0,4.0,64.0,8.0,20.0,0.10696632895491415
1.0,1.0,0.0,0.0,0.0,0.0,0.0,1.0,128.0,8.0,20.0,0.0856522570250417
1.0,1.0,0.0,0.0,0.0,0.0,0.0,2.0,128.0,8.0,20.0,0.06829787815068689
1.0,1.0,0.0,0.0,0.0,0.0,0.0,3.0,128.0,8.0,20.0,0.07396433545427245
1.0,1.0,0.0,0.0,0.0,0.0,0.0,4.0,128.0,8.0,20.0,0.0616892869821678
1.0,1.0,0.0,0.0,0.0,0.0,0.0,1.0,0.0,10.0,20.0,0.03999289986072807
1.0,1.0,0.0,0.0,0.0,0.0,0.0,2.0,0.0,10.0,20.0,0.03883230017204187
1.0,1.0,0.0,0.0,0.0,0.0,0.0,3.0,0.0,10.0,20.0,0.03741227231764932
1.0,1.0,0.0,0.0,0.0,0.0,0.0,4.0,0.0,10.0,20.0,0.036756874846391285
1.0,1.0,0.0,0.0,0.0,0.0,0.0,1.0,8.0,10.0,20.0,0.6184357847019308
1.0,1.0,0.0,0.0,0.0,0.0,0.0,2.0,8.0,10.0,20.0,0.621030066358994
1.0,1.0,0.0,0.0,0.0,0.0,0.0,3.0,8.0,10.0,20.0,0.6173707638111365
1.0,1.0,0.0,0.0,0.0,0.0,0.0,4.0,8.0,10.0,20.0,0.6089734837106422
1.0,1.0,0.0,0.0,0.0,0.0,0.0,1.0,10.0,10.0,20.0,0.5285097899997271
1.0,1.0,0.0,0.0,0.0,0.0,0.0,2.0,10.0,10.0,20.0,0.5266664846118136
1.0,1.0,0.0,0.0,0.0,0.0,0.0,3.0,10.0,10.0,20.0,0.5287009475955107
1.0,1.0,0.0,0.0,0.0,0.0,0.0,4.0,10.0,10.0,20.0,0.5197848111636036
1.0,1.0,0.0,0.0,0.0,0.0,0.0,1.0,16.0,10.0,20.0,0.3582976050684072
1.0,1.0,0.0,0.0,0.0,0.0,0.0,2.0,16.0,10.0,20.0,0.2992162538572873
1.0,1.0,0.0,0.0,0.0,0.0,0.0,3.0,16.0,10.0,20.0,0.328272208416396
1.0,1.0,0.0,0.0,0.0,0.0,0.0,4.0,16.0,10.0,20.0,0.2967585133400695
1.0,1.0,0.0,0.0,0.0,0.0,0.0,1.0,20.0,10.0,20.0,0.31941068844042714
1.0,1.0,0.0,0.0,0.0,0.0,0.0,2.0,20.0,10.0,20.0,0.2529014992217156
1.0,1.0,0.0,0.0,0.0,0.0,0.0,3.0,20.0,10.0,20.0,0.28434692372811937
1.0,1.0,0.0,0.0,0.0,0.0,0.0,4.0,20.0,10.0,20.0,0.24910565553401248
1.0,1.0,0.0,0.0,0.0,0.0,0.0,1.0,32.0,10.0,20.0,0.24814986755509444
1.0,1.0,0.0,0.0,0.0,0.0,0.0,2.0,32.0,10.0,20.0,0.18942352330757267
1.0,1.0,0.0,0.0,0.0,0.0,0.0,3.0,32.0,10.0,20.0,0.21471094240694738
1.0,1.0,0.0,0.0,0.0,0.0,0.0,4.0,32.0,10.0,20.0,0.18412572708156977
1.0,1.0,0.0,0.0,0.0,0.0,0.0,1.0,64.0,10.0,20.0,0.17850023211993776
1.0,1.0,0.0,0.0,0.0,0.0,0.0,2.0,64.0,10.0,20.0,0.11913214451514248
1.0,1.0,0.0,0.0,0.0,0.0,0.0,3.0,64.0,10.0,20.0,0.15879734564024145
1.0,1.0,0.0,0.0,0.0,0.0,0.0,4.0,64.0,10.0,20.0,0.1137524236052323
1.0,1.0,0.0,0.0,0.0,0.0,0.0,1.0,128.0,10.0,20.0,0.09161910483628721
1.0,1.0,0.0,0.0,0.0,0.0,0.0,2.0,128.0,10.0,20.0,0.07508397280100498
1.0,1.0,0.0,0.0,0.0,0.0,0.0,3.0,128.0,10.0,20.0,0.0833037494197002
1.0,1.0,0.0,0.0,0.0,0.0,0.0,4.0,128.0,10.0,20.0,0.07020945410852297
1.0,1.0,0.0,0.0,0.0,0.0,0.0,1.0,0.0,16.0,20.0,0.019798465277588162
1.0,1.0,0.0,0.0,0.0,0.0,0.0,2.0,0.0,16.0,20.0,0.01880171495671651
1.0,1.0,0.0,0.0,0.0,0.0,0.0,3.0,0.0,16.0,20.0,0.021327726043857076
1.0,1.0,0.0,0.0,0.0,0.0,0.0,4.0,0.0,16.0,20.0,0.018446707993118316
1.0,1.0,0.0,0.0,0.0,0.0,0.0,1.0,8.0,16.0,20.0,0.4111936426445289
1.0,1.0,0.0,0.0,0.0,0.0,0.0,2.0,8.0,16.0,20.0,0.4173789562795271
1.0,1.0,0.0,0.0,0.0,0.0,0.0,3.0,8.0,16.0,20.0,0.4070154837652586
1.0,1.0,0.0,0.0,0.0,0.0,0.0,4.0,8.0,16.0,20.0,0.40739779895682576
1.0,1.0,0.0,0.0,0.0,0.0,0.0,1.0,10.0,16.0,20.0,0.35873453671591254
1.0,1.0,0.0,0.0,0.0,0.0,0.0,2.0,10.0,16.0,20.0,0.3590349272235726
1.0,1.0,0.0,0.0,0.0,0.0,0.0,3.0,10.0,16.0,20.0,0.3108359048581339
1.0,1.0,0.0,0.0,0.0,0.0,0.0,4.0,10.0,16.0,20.0,0.3514568939621509
1.0,1.0,0.0,0.0,0.0,0.0,0.0,1.0,16.0,16.0,20.0,0.24009394030421377
1.0,1.0,0.0,0.0,0.0,0.0,0.0,2.0,16.0,16.0,20.0,0.18767579671755102
1.0,1.0,0.0,0.0,0.0,0.0,0.0,3.0,16.0,16.0,20.0,0.21451978481116368
1.0,1.0,0.0,0.0,0.0,0.0,0.0,4.0,16.0,16.0,20.0,0.18939621507960352
1.0,1.0,0.0,0.0,0.0,0.0,0.0,1.0,20.0,16.0,20.0,0.2180425462191759
1.0,1.0,0.0,0.0,0.0,0.0,0.0,2.0,20.0,16.0,20.0,0.15642152980693086
1.0,1.0,0.0,0.0,0.0,0.0,0.0,3.0,20.0,16.0,20.0,0.19209972964854322
1.0,1.0,0.0,0.0,0.0,0.0,0.0,4.0,20.0,16.0,20.0,0.15651710860482265
1.0,1.0,0.0,0.0,0.0,0.0,0.0,1.0,32.0,16.0,20.0,0.1724924219667387
1.0,1.0,0.0,0.0,0.0,0.0,0.0,2.0,32.0,16.0,20.0,0.12093448756110226
1.0,1.0,0.0,0.0,0.0,0.0,0.0,3.0,32.0,16.0,20.0,0.1465496053961059
1.0,1.0,0.0,0.0,0.0,0.0,0.0,4.0,32.0,16.0,20.0,0.12032005243179777
1.0,1.0,0.0,0.0,0.0,0.0,0.0,1.0,64.0,16.0,20.0,0.12933176766159654
1.0,1.0,0.0,0.0,0.0,0.0,0.0,2.0,64.0,16.0,20.0,0.07638111362953665
1.0,1.0,0.0,0.0,0.0,0.0,0.0,3.0,64.0,16.0,20.0,0.11343837898358783
1.0,1.0,0.0,0.0,0.0,0.0,0.0,4.0,64.0,16.0,20.0,0.07636745951555207
1.0,1.0,0.0,0.0,0.0,0.0,0.0,1.0,128.0,16.0,20.0,0.06642726453480435
1.0,1.0,0.0,0.0,0.0,0.0,0.0,2.0,128.0,16.0,20.0,0.04485376443922556
1.0,1.0,0.0,0.0,0.0,0.0,0.0,3.0,128.0,16.0,20.0,0.059245200578934454
1.0,1.0,0.0,0.0,0.0,0.0,0.0,4.0,128.0,16.0,20.0,0.043160654305142154
1.0,1.0,0.0,0.0,0.0,0.0,0.0,1.0,0.0,20.0,20.0,0.0184330538791338
1.0,1.0,0.0,0.0,0.0,0.0,0.0,2.0,0.0,20.0,20.0,0.018392091537180244
1.0,1.0,0.0,0.0,0.0,0.0,0.0,3.0,0.0,20.0,20.0,0.018651519702886477
1.0,1.0,0.0,0.0,0.0,0.0,0.0,4.0,0.0,20.0,20.0,0.018610557360932922
1.0,1.0,0.0,0.0,0.0,0.0,0.0,1.0,8.0,20.0,20.0,0.3612332395750841
1.0,1.0,0.0,0.0,0.0,0.0,0.0,2.0,8.0,20.0,20.0,0.3646604221852045
1.0,1.0,0.0,0.0,0.0,0.0,0.0,3.0,8.0,20.0,20.0,0.35674103607416924
1.0,1.0,0.0,0.0,0.0,0.0,0.0,4.0,8.0,20.0,20.0,0.3506786094650319
1.0,1.0,0.0,0.0,0.0,0.0,0.0,1.0,10.0,20.0,20.0,0.31568311532264687
1.0,1.0,0.0,0.0,0.0,0.0,0.0,2.0,10.0,20.0,20.0,0.31308883366558354
1.0,1.0,0.0,0.0,0.0,0.0,0.0,3.0,10.0,20.0,20.0,0.3095660722575713
1.0,1.0,0.0,0.0,0.0,0.0,0.0,4.0,10.0,20.0,20.0,0.3048280947049347
1.0,1.0,0.0,0.0,0.0,0.0,0.0,1.0,16.0,20.0,20.0,0.21486113766077725
1.0,1.0,0.0,0.0,0.0,0.0,0.0,2.0,16.0,20.0,20.0,0.1591523526038396
1.0,1.0,0.0,0.0,0.0,0.0,0.0,3.0,16.0,20.0,20.0,0.18538190556814776
1.0,1.0,0.0,0.0,0.0,0.0,0.0,4.0,16.0,20.0,20.0,0.1583604139927361
1.0,1.0,0.0,0.0,0.0,0.0,0.0,1.0,20.0,20.0,20.0,0.19338321636309025
1.0,1.0,0.0,0.0,0.0,0.0,0.0,2.0,20.0,20.0,20.0,0.13589939648816196
1.0,1.0,0.0,0.0,0.0,0.0,0.0,3.0,20.0,20.0,20.0,0.16595210136814226
1.0,1.0,0.0,0.0,0.0,0.0,0.0,4.0,20.0,20.0,20.0,0.1346295638875994
1.0,1.0,0.0,0.0,0.0,0.0,0.0,1.0,32.0,20.0,20.0,0.16005352412681945
1.0,1.0,0.0,0.0,0.0,0.0,0.0,2.0,32.0,20.0,20.0,0.10661132199131607
1.0,1.0,0.0,0.0,0.0,0.0,0.0,3.0,32.0,20.0,20.0,0.1320762445724898
1.0,1.0,0.0,0.0,0.0,0.0,0.0,4.0,32.0,20.0,20.0,0.1043174308419127
1.0,1.0,0.0,0.0,0.0,0.0,0.0,1.0,64.0,20.0,20.0,0.12574073568366156
1.0,1.0,0.0,0.0,0.0,0.0,0.0,2.0,64.0,20.0,20.0,0.06947213195335761
1.0,1.0,0.0,0.0,0.0,0.0,0.0,3.0,64.0,20.0,20.0,0.10685709604303778
1.0,1.0,0.0,0.0,0.0,0.0,0.0,4.0,64.0,20.0,20.0,0.06990906360086296
1.0,1.0,0.0,0.0,0.0,0.0,0.0,1.0,128.0,20.0,20.0,0.06297277369671489
1.0,1.0,0.0,0.0,0.0,0.0,0.0,2.0,128.0,20.0,20.0,0.041972746388486915
1.0,1.0,0.0,0.0,0.0,0.0,0.0,3.0,128.0,20.0,20.0,0.057265354051175665
1.0,1.0,0.0,0.0,0.0,0.0,0.0,4.0,128.0,20.0,20.0,0.04104426663753791
1.0,1.0,0.0,0.0,0.0,0.0,0.0,1.0,0.0,32.0,20.0,0.0137360386684508
1.0,1.0,0.0,0.0,0.0,0.0,0.0,2.0,0.0,32.0,20.0,0.013886233922280833
1.0,1.0,0.0,0.0,0.0,0.0,0.0,3.0,0.0,32.0,20.0,0.015729539310194218
1.0,1.0,0.0,0.0,0.0,0.0,0.0,4.0,0.0,32.0,20.0,0.015497419372456966
1.0,1.0,0.0,0.0,0.0,0.0,0.0,1.0,8.0,32.0,20.0,0.26809852808651263
1.0,1.0,0.0,0.0,0.0,0.0,0.0,2.0,8.0,32.0,20.0,0.2680575657445589
1.0,1.0,0.0,0.0,0.0,0.0,0.0,3.0,8.0,32.0,20.0,0.2670335071957182
1.0,1.0,0.0,0.0,0.0,0.0,0.0,4.0,8.0,32.0,20.0,0.2592779704524974
1.0,1.0,0.0,0.0,0.0,0.0,0.0,1.0,10.0,32.0,20.0,0.23994374505038368
1.0,1.0,0.0,0.0,0.0,0.0,0.0,2.0,10.0,32.0,20.0,0.23670772003604695
1.0,1.0,0.0,0.0,0.0,0.0,0.0,3.0,10.0,32.0,20.0,0.19087085938993426
1.0,1.0,0.0,0.0,0.0,0.0,0.0,4.0,10.0,32.0,20.0,0.22983970070182153
1.0,1.0,0.0,0.0,0.0,0.0,0.0,1.0,16.0,32.0,20.0,0.16304377508943452
1.0,1.0,0.0,0.0,0.0,0.0,0.0,2.0,16.0,32.0,20.0,0.1124279745487316
1.0,1.0,0.0,0.0,0.0,0.0,0.0,3.0,16.0,32.0,20.0,0.13572189300636284
1.0,1.0,0.0,0.0,0.0,0.0,0.0,4.0,16.0,32.0,20.0,0.11145853245582898
1.0,1.0,0.0,0.0,0.0,0.0,0.0,1.0,20.0,32.0,20.0,0.15255741554930508
1.0,1.0,0.0,0.0,0.0,0.0,0.0,2.0,20.0,32.0,20.0,0.09541494852399035
1.0,1.0,0.0,0.0,0.0,0.0,0.0,3.0,20.0,32.0,20.0,0.126833064802425
1.0,1.0,0.0,0.0,0.0,0.0,0.0,4.0,20.0,32.0,20.0,0.09587918839946485
1.0,1.0,0.0,0.0,0.0,0.0,0.0,1.0,32.0,32.0,20.0,0.13293645375351598
1.0,1.0,0.0,0.0,0.0,0.0,0.0,2.0,32.0,32.0,20.0,0.07718670635462471
1.0,1.0,0.0,0.0,0.0,0.0,0.0,3.0,32.0,32.0,20.0,0.10599688686201159
1.0,1.0,0.0,0.0,0.0,0.0,0.0,4.0,32.0,32.0,20.0,0.07575302438624765
1.0,1.0,0.0,0.0,0.0,0.0,0.0,1.0,64.0,32.0,20.0,0.11300144733608242
1.0,1.0,0.0,0.0,0.0,0.0,0.0,2.0,64.0,32.0,20.0,0.053087195171905355
1.0,1.0,0.0,0.0,0.0,0.0,0.0,3.0,64.0,32.0,20.0,0.09114121084682819
1.0,1.0,0.0,0.0,0.0,0.0,0.0,4.0,64.0,32.0,20.0,0.05363335973128708
1.0,1.0,0.0,0.0,0.0,0.0,0.0,1.0,128.0,32.0,20.0,0.06022829678582159
1.0,1.0,0.0,0.0,0.0,0.0,0.0,2.0,128.0,32.0,20.0,0.04328354133100304
1.0,1.0,0.0,0.0,0.0,0.0,0.0,3.0,128.0,32.0,20.0,0.05793440563641833
1.0,1.0,0.0,0.0,0.0,0.0,0.0,4.0,128.0,32.0,20.0,0.044252983423905656
1.0,1.0,0.0,0.0,0.0,0.0,0.0,1.0,0.0,64.0,20.0,0.027745159616592574
1.0,1.0,0.0,0.0,0.0,0.0,0.0,2.0,0.0,64.0,20.0,0.026229552964308178
1.0,1.0,0.0,0.0,0.0,0.0,0.0,3.0,0.0,64.0,20.0,0.020057893443294506
1.0,1.0,0.0,0.0,0.0,0.0,0.0,4.0,0.0,64.0,20.0,0.01960730768180452
1.0,1.0,0.0,0.0,0.0,0.0,0.0,1.0,8.0,64.0,20.0,0.19319205876730666
1.0,1.0,0.0,0.0,0.0,0.0,0.0,2.0,8.0,64.0,20.0,0.19184030148283687
1.0,1.0,0.0,0.0,0.0,0.0,0.0,3.0,8.0,64.0,20.0,0.19100740052977966
1.0,1.0,0.0,0.0,0.0,0.0,0.0,4.0,8.0,64.0,20.0,0.1823370381495945
1.0,1.0,0.0,0.0,0.0,0.0,0.0,1.0,10.0,64.0,20.0,0.17739424888718985
1.0,1.0,0.0,0.0,0.0,0.0,0.0,2.0,10.0,64.0,20.0,0.17294300772822851
1.0,1.0,0.0,0.0,0.0,0.0,0.0,3.0,10.0,64.0,20.0,0.1308337201998963
1.0,1.0,0.0,0.0,0.0,0.0,0.0,4.0,10.0,64.0,20.0,0.16585652257025046
1.0,1.0,0.0,0.0,0.0,0.0,0.0,1.0,16.0,64.0,20.0,0.12063409705344225
1.0,1.0,0.0,0.0,0.0,0.0,0.0,2.0,16.0,64.0,20.0,0.07201179715448269
1.0,1.0,0.0,0.0,0.0,0.0,0.0,3.0,16.0,64.0,20.0,0.09556514377782033
1.0,1.0,0.0,0.0,0.0,0.0,0.0,4.0,16.0,64.0,20.0,0.07160217373494637
1.0,1.0,0.0,0.0,0.0,0.0,0.0,1.0,20.0,64.0,20.0,0.11888637046342071
1.0,1.0,0.0,0.0,0.0,0.0,0.0,2.0,20.0,64.0,20.0,0.06279527021491582
1.0,1.0,0.0,0.0,0.0,0.0,0.0,3.0,20.0,64.0,20.0,0.0920696905977772
1.0,1.0,0.0,0.0,0.0,0.0,0.0,4.0,20.0,64.0,20.0,0.061375242360523274
1.0,1.0,0.0,0.0,0.0,0.0,0.0,1.0,32.0,64.0,20.0,0.10845462737922945
1.0,1.0,0.0,0.0,0.0,0.0,0.0,2.0,32.0,64.0,20.0,0.05351047270542619
1.0,1.0,0.0,0.0,0.0,0.0,0.0,3.0,32.0,64.0,20.0,0.08099620415631237
1.0,1.0,0.0,0.0,0.0,0.0,0.0,4.0,32.0,64.0,20.0,0.05103907807422381
1.0,1.0,0.0,0.0,0.0,0.0,0.0,1.0,64.0,64.0,20.0,0.10729402769054325
1.0,1.0,0.0,0.0,0.0,0.0,0.0,2.0,64.0,64.0,20.0,0.04474453152734925
1.0,1.0,0.0,0.0,0.0,0.0,0.0,3.0,64.0,64.0,20.0,0.08312624593790113
1.0,1.0,0.0,0.0,0.0,0.0,0.0,4.0,64.0,64.0,20.0,0.041972746388486915
1.0,1.0,0.0,0.0,0.0,0.0,0.0,1.0,128.0,64.0,20.0,0.07415549305005603
1.0,1.0,0.0,0.0,0.0,0.0,0.0,2.0,128.0,64.0,20.0,0.05376990087113254
1.0,1.0,0.0,0.0,0.0,0.0,0.0,3.0,128.0,64.0,20.0,0.07224391709221989
1.0,1.0,0.0,0.0,0.0,0.0,0.0,4.0,128.0,64.0,20.0,0.05412490783473067
1.0,1.0,0.0,0.0,0.0,0.0,0.0,1.0,0.0,128.0,20.0,0.14990851743630362
1.0,1.0,0.0,0.0,0.0,0.0,0.0,2.0,0.0,128.0,20.0,0.1492667740790301
1.0,1.0,0.0,0.0,0.0,0.0,0.0,3.0,0.0,128.0,20.0,0.13596766705808466
1.0,1.0,0.0,0.0,0.0,0.0,0.0,4.0,0.0,128.0,20.0,0.13542150249870294
1.0,1.0,0.0,0.0,0.0,0.0,0.0,1.0,8.0,128.0,20.0,0.1576640541795244
1.0,1.0,0.0,0.0,0.0,0.0,0.0,2.0,8.0,128.0,20.0,0.15782790354733883
1.0,1.0,0.0,0.0,0.0,0.0,0.0,3.0,8.0,128.0,20.0,0.15618940986919366
1.0,1.0,0.0,0.0,0.0,0.0,0.0,4.0,8.0,128.0,20.0,0.14790136268057574
1.0,1.0,0.0,0.0,0.0,0.0,0.0,1.0,10.0,128.0,20.0,0.14796963325049844
1.0,1.0,0.0,0.0,0.0,0.0,0.0,2.0,10.0,128.0,20.0,0.14429667658865625
1.0,1.0,0.0,0.0,0.0,0.0,0.0,3.0,10.0,128.0,20.0,0.10095851880171502
1.0,1.0,0.0,0.0,0.0,0.0,0.0,4.0,10.0,128.0,20.0,0.1388077227668697
1.0,1.0,0.0,0.0,0.0,0.0,0.0,1.0,16.0,128.0,20.0,0.10247412545399931
1.0,1.0,0.0,0.0,0.0,0.0,0.0,2.0,16.0,128.0,20.0,0.05413856194871519
1.0,1.0,0.0,0.0,0.0,0.0,0.0,3.0,16.0,128.0,20.0,0.07816980256151185
1.0,1.0,0.0,0.0,0.0,0.0,0.0,4.0,16.0,128.0,20.0,0.058821923045413615
1.0,1.0,0.0,0.0,0.0,0.0,0.0,1.0,20.0,128.0,20.0,0.10434473906988184
1.0,1.0,0.0,0.0,0.0,0.0,0.0,2.0,20.0,128.0,20.0,0.0504382970589039
1.0,1.0,0.0,0.0,0.0,0.0,0.0,3.0,20.0,128.0,20.0,0.08053196428083786
1.0,1.0,0.0,0.0,0.0,0.0,0.0,4.0,20.0,128.0,20.0,0.05142139326579098
1.0,1.0,0.0,0.0,0.0,0.0,0.0,1.0,32.0,128.0,20.0,0.10266528304978295
1.0,1.0,0.0,0.0,0.0,0.0,0.0,2.0,32.0,128.0,20.0,0.05221333187689453
1.0,1.0,0.0,0.0,0.0,0.0,0.0,3.0,32.0,128.0,20.0,0.07893443294464625
1.0,1.0,0.0,0.0,0.0,0.0,0.0,4.0,32.0,128.0,20.0,0.055585898031076775
1.0,1.0,0.0,0.0,0.0,0.0,0.0,1.0,64.0,128.0,20.0,0.11896829514732798
1.0,1.0,0.0,0.0,0.0,0.0,0.0,2.0,64.0,128.0,20.0,0.06474780851470557
1.0,1.0,0.0,0.0,0.0,0.0,0.0,3.0,64.0,128.0,20.0,0.09676670580846014
1.0,1.0,0.0,0.0,0.0,0.0,0.0,4.0,64.0,128.0,20.0,0.05594090499467497
1.0,1.0,0.0,0.0,0.0,0.0,0.0,1.0,128.0,128.0,20.0,0.10584669160818161
1.0,1.0,0.0,0.0,0.0,0.0,0.0,2.0,128.0,128.0,20.0,0.06604494934323718
1.0,1.0,0.0,0.0,0.0,0.0,0.0,3.0,128.0,128.0,20.0,0.09122313553073541
1.0,1.0,0.0,0.0,0.0,0.0,0.0,4.0,128.0,128.0,20.0,0.06372374996586477
1.0,1.0,0.0,0.0,0.0,0.0,0.0,1.0,0.0,0.0,32.0,0.1971654059368088
1.0,1.0,0.0,0.0,0.0,0.0,0.0,2.0,0.0,0.0,32.0,0.19678309074524164
1.0,1.0,0.0,0.0,0.0,0.0,0.0,3.0,0.0,0.0,32.0,0.1877850296294274
1.0,1.0,0.0,0.0,0.0,0.0,0.0,4.0,0.0,0.0,32.0,0.187825991971381
1.0,1.0,0.0,0.0,0.0,0.0,0.0,1.0,8.0,0.0,32.0,0.18312897676069811
1.0,1.0,0.0,0.0,0.0,0.0,0.0,2.0,8.0,0.0,32.0,0.22282148611376612
1.0,1.0,0.0,0.0,0.0,0.0,0.0,3.0,8.0,0.0,32.0,0.18337475081241988
1.0,1.0,0.0,0.0,0.0,0.0,0.0,4.0,8.0,0.0,32.0,0.21826101204292864
1.0,1.0,0.0,0.0,0.0,0.0,0.0,1.0,10.0,0.0,32.0,0.17195991152134144
1.0,1.0,0.0,0.0,0.0,0.0,0.0,2.0,10.0,0.0,32.0,0.2054534531254268
1.0,1.0,0.0,0.0,0.0,0.0,0.0,3.0,10.0,0.0,32.0,0.17994756820229946
1.0,1.0,0.0,0.0,0.0,0.0,0.0,4.0,10.0,0.0,32.0,0.19705617302493256
1.0,1.0,0.0,0.0,0.0,0.0,0.0,1.0,16.0,0.0,32.0,0.14631748545836865
1.0,1.0,0.0,0.0,0.0,0.0,0.0,2.0,16.0,0.0,32.0,0.15587536524754914
1.0,1.0,0.0,0.0,0.0,0.0,0.0,3.0,16.0,0.0,32.0,0.1525164532073514
1.0,1.0,0.0,0.0,0.0,0.0,0.0,4.0,16.0,0.0,32.0,0.1572817389879571
1.0,1.0,0.0,0.0,0.0,0.0,0.0,1.0,20.0,0.0,32.0,0.13774270187607535
1.0,1.0,0.0,0.0,0.0,0.0,0.0,2.0,20.0,0.0,32.0,0.13064256260411267
1.0,1.0,0.0,0.0,0.0,0.0,0.0,3.0,20.0,0.0,32.0,0.1379475135858435
1.0,1.0,0.0,0.0,0.0,0.0,0.0,4.0,20.0,0.0,32.0,0.13020563095660725
1.0,1.0,0.0,0.0,0.0,0.0,0.0,1.0,32.0,0.0,32.0,0.12666921543461052
1.0,1.0,0.0,0.0,0.0,0.0,0.0,2.0,32.0,0.0,32.0,0.1087823261148585
1.0,1.0,0.0,0.0,0.0,0.0,0.0,3.0,32.0,0.0,32.0,0.11854501761380715
1.0,1.0,0.0,0.0,0.0,0.0,0.0,4.0,32.0,0.0,32.0,0.10237854665610757
1.0,1.0,0.0,0.0,0.0,0.0,0.0,1.0,64.0,0.0,32.0,0.16703077637292124
1.0,1.0,0.0,0.0,0.0,0.0,0.0,2.0,64.0,0.0,32.0,0.21531172342226718
1.0,1.0,0.0,0.0,0.0,0.0,0.0,3.0,64.0,0.0,32.0,0.14590786203883233
1.0,1.0,0.0,0.0,0.0,0.0,0.0,4.0,64.0,0.0,32.0,0.20021027335536207
1.0,1.0,0.0,0.0,0.0,0.0,0.0,1.0,128.0,0.0,32.0,0.2492831590158116
1.0,1.0,0.0,0.0,0.0,0.0,0.0,2.0,128.0,0.0,32.0,0.25265572516999385
1.0,1.0,0.0,0.0,0.0,0.0,0.0,3.0,128.0,0.0,32.0,0.25279226630983925
1.0,1.0,0.0,0.0,0.0,0.0,0.0,4.0,128.0,0.0,32.0,0.2616401321718235
1.0,1.0,0.0,0.0,0.0,0.0,0.0,1.0,0.0,8.0,32.0,0.018692482044840142
1.0,1.0,0.0,0.0,0.0,0.0,0.0,2.0,0.0,8.0,32.0,0.01880171495671651
1.0,1.0,0.0,0.0,0.0,0.0,0.0,3.0,0.0,8.0,32.0,0.019443458313990025
1.0,1.0,0.0,0.0,0.0,0.0,0.0,4.0,0.0,8.0,32.0,0.01907479723640737
1.0,1.0,0.0,0.0,0.0,0.0,0.0,1.0,8.0,8.0,32.0,0.7061498129386385
1.0,1.0,0.0,0.0,0.0,0.0,0.0,2.0,8.0,8.0,32.0,0.7164040525410307
1.0,1.0,0.0,0.0,0.0,0.0,0.0,3.0,8.0,8.0,32.0,0.701589338867801
1.0,1.0,0.0,0.0,0.0,0.0,0.0,4.0,8.0,8.0,32.0,0.7087440945957018
1.0,1.0,0.0,0.0,0.0,0.0,0.0,1.0,10.0,8.0,32.0,0.5959884213113413
1.0,1.0,0.0,0.0,0.0,0.0,0.0,2.0,10.0,8.0,32.0,0.6000163849367817
1.0,1.0,0.0,0.0,0.0,0.0,0.0,3.0,10.0,8.0,32.0,0.5950189792184386
1.0,1.0,0.0,0.0,0.0,0.0,0.0,4.0,10.0,8.0,32.0,0.5947185887107787
1.0,1.0,0.0,0.0,0.0,0.0,0.0,1.0,16.0,8.0,32.0,0.3953002539665202
1.0,1.0,0.0,0.0,0.0,0.0,0.0,2.0,16.0,8.0,32.0,0.3417078565771868
1.0,1.0,0.0,0.0,0.0,0.0,0.0,3.0,16.0,8.0,32.0,0.3659166006717825
1.0,1.0,0.0,0.0,0.0,0.0,0.0,4.0,16.0,8.0,32.0,0.3404789863185778
1.0,1.0,0.0,0.0,0.0,0.0,0.0,1.0,20.0,8.0,32.0,0.3456538955187199
1.0,1.0,0.0,0.0,0.0,0.0,0.0,2.0,20.0,8.0,32.0,0.2818209126409788
1.0,1.0,0.0,0.0,0.0,0.0,0.0,3.0,20.0,8.0,32.0,0.3144542450640379
1.0,1.0,0.0,0.0,0.0,0.0,0.0,4.0,20.0,8.0,32.0,0.2840055708785058
1.0,1.0,0.0,0.0,0.0,0.0,0.0,1.0,32.0,8.0,32.0,0.25809006253584216
1.0,1.0,0.0,0.0,0.0,0.0,0.0,2.0,32.0,8.0,32.0,0.2075834949070156
1.0,1.0,0.0,0.0,0.0,0.0,0.0,3.0,32.0,8.0,32.0,0.22926622791447065
1.0,1.0,0.0,0.0,0.0,0.0,0.0,4.0,32.0,8.0,32.0,0.20235396925093535
1.0,1.0,0.0,0.0,0.0,0.0,0.0,1.0,64.0,8.0,32.0,0.17735328654523613
1.0,1.0,0.0,0.0,0.0,0.0,0.0,2.0,64.0,8.0,32.0,0.12021081951992141
1.0,1.0,0.0,0.0,0.0,0.0,0.0,3.0,64.0,8.0,32.0,0.16199240831262468
1.0,1.0,0.0,0.0,0.0,0.0,0.0,4.0,64.0,8.0,32.0,0.11694748627761548
1.0,1.0,0.0,0.0,0.0,0.0,0.0,1.0,128.0,8.0,32.0,0.09033561812174012
1.0,1.0,0.0,0.0,0.0,0.0,0.0,2.0,128.0,8.0,32.0,0.06906250853382129
1.0,1.0,0.0,0.0,0.0,0.0,0.0,3.0,128.0,8.0,32.0,0.07736420983642373
1.0,1.0,0.0,0.0,0.0,0.0,0.0,4.0,128.0,8.0,32.0,0.06360086294000389
1.0,1.0,0.0,0.0,0.0,0.0,0.0,1.0,0.0,10.0,32.0,0.04473087741336468
1.0,1.0,0.0,0.0,0.0,0.0,0.0,2.0,0.0,10.0,32.0,0.043447390698817645
1.0,1.0,0.0,0.0,0.0,0.0,0.0,3.0,0.0,10.0,32.0,0.04481280209727195
1.0,1.0,0.0,0.0,0.0,0.0,0.0,4.0,0.0,10.0,32.0,0.04430759987984384
1.0,1.0,0.0,0.0,0.0,0.0,0.0,1.0,8.0,10.0,32.0,0.6377563559900599
1.0,1.0,0.0,0.0,0.0,0.0,0.0,2.0,8.0,10.0,32.0,0.6417297031595621
1.0,1.0,0.0,0.0,0.0,0.0,0.0,3.0,8.0,10.0,32.0,0.6342335945820476
1.0,1.0,0.0,0.0,0.0,0.0,0.0,4.0,8.0,10.0,32.0,0.6287582948742458
1.0,1.0,0.0,0.0,0.0,0.0,0.0,1.0,10.0,10.0,32.0,0.5478167071738715
1.0,1.0,0.0,0.0,0.0,0.0,0.0,2.0,10.0,10.0,32.0,0.5496053961058469
1.0,1.0,0.0,0.0,0.0,0.0,0.0,3.0,10.0,10.0,32.0,0.544512411589612
1.0,1.0,0.0,0.0,0.0,0.0,0.0,4.0,10.0,10.0,32.0,0.5391736530216555
1.0,1.0,0.0,0.0,0.0,0.0,0.0,1.0,16.0,10.0,32.0,0.3768262377454327
1.0,1.0,0.0,0.0,0.0,0.0,0.0,2.0,16.0,10.0,32.0,0.3102624320707829
1.0,1.0,0.0,0.0,0.0,0.0,0.0,3.0,16.0,10.0,32.0,0.34064283568639236
1.0,1.0,0.0,0.0,0.0,0.0,0.0,4.0,16.0,10.0,32.0,0.3088833665583441
1.0,1.0,0.0,0.0,0.0,0.0,0.0,1.0,20.0,10.0,32.0,0.33530407711843585
1.0,1.0,0.0,0.0,0.0,0.0,0.0,2.0,20.0,10.0,32.0,0.26307381414020053
1.0,1.0,0.0,0.0,0.0,0.0,0.0,3.0,20.0,10.0,32.0,0.30048608645784985
1.0,1.0,0.0,0.0,0.0,0.0,0.0,4.0,20.0,10.0,32.0,0.26194052267948337
1.0,1.0,0.0,0.0,0.0,0.0,0.0,1.0,32.0,10.0,32.0,0.2649580818700676
1.0,1.0,0.0,0.0,0.0,0.0,0.0,2.0,32.0,10.0,32.0,0.20291378792430165
1.0,1.0,0.0,0.0,0.0,0.0,0.0,3.0,32.0,10.0,32.0,0.2310139545044923
1.0,1.0,0.0,0.0,0.0,0.0,0.0,4.0,32.0,10.0,32.0,0.19932275594636667
1.0,1.0,0.0,0.0,0.0,0.0,0.0,1.0,64.0,10.0,32.0,0.1968923236571179
1.0,1.0,0.0,0.0,0.0,0.0,0.0,2.0,64.0,10.0,32.0,0.13042409678036
1.0,1.0,0.0,0.0,0.0,0.0,0.0,3.0,64.0,10.0,32.0,0.1780223381304788
1.0,1.0,0.0,0.0,0.0,0.0,0.0,4.0,64.0,10.0,32.0,0.1287446407602611
1.0,1.0,0.0,0.0,0.0,0.0,0.0,1.0,128.0,10.0,32.0,0.09850077828449716
1.0,1.0,0.0,0.0,0.0,0.0,0.0,2.0,128.0,10.0,32.0,0.07785575793986738
1.0,1.0,0.0,0.0,0.0,0.0,0.0,3.0,128.0,10.0,32.0,0.09032196400775555
1.0,1.0,0.0,0.0,0.0,0.0,0.0,4.0,128.0,10.0,32.0,0.0744012671017778
1.0,1.0,0.0,0.0,0.0,0.0,0.0,1.0,0.0,16.0,32.0,0.020822523826428907
1.0,1.0,0.0,0.0,0.0,0.0,0.0,2.0,0.0,16.0,32.0,0.020221742811109
1.0,1.0,0.0,0.0,0.0,0.0,0.0,3.0,0.0,16.0,32.0,0.023075452633878613
1.0,1.0,0.0,0.0,0.0,0.0,0.0,4.0,0.0,16.0,32.0,0.022065048199022386
1.0,1.0,0.0,0.0,0.0,0.0,0.0,1.0,8.0,16.0,32.0,0.4207651765476939
1.0,1.0,0.0,0.0,0.0,0.0,0.0,2.0,8.0,16.0,32.0,0.42633605505338773
1.0,1.0,0.0,0.0,0.0,0.0,0.0,3.0,8.0,16.0,32.0,0.41489390753434013
1.0,1.0,0.0,0.0,0.0,0.0,0.0,4.0,8.0,16.0,32.0,0.4139790818973758
1.0,1.0,0.0,0.0,0.0,0.0,0.0,1.0,10.0,16.0,32.0,0.36627160763538064
1.0,1.0,0.0,0.0,0.0,0.0,0.0,2.0,10.0,16.0,32.0,0.3653567819984162
1.0,1.0,0.0,0.0,0.0,0.0,0.0,3.0,10.0,16.0,32.0,0.31624293399601305
1.0,1.0,0.0,0.0,0.0,0.0,0.0,4.0,10.0,16.0,32.0,0.3576831699391027
1.0,1.0,0.0,0.0,0.0,0.0,0.0,1.0,16.0,16.0,32.0,0.24632021628116568
1.0,1.0,0.0,0.0,0.0,0.0,0.0,2.0,16.0,16.0,32.0,0.1936426445287966
1.0,1.0,0.0,0.0,0.0,0.0,0.0,3.0,16.0,16.0,32.0,0.22070509844616187
1.0,1.0,0.0,0.0,0.0,0.0,0.0,4.0,16.0,16.0,32.0,0.1956907616264782
1.0,1.0,0.0,0.0,0.0,0.0,0.0,1.0,20.0,16.0,32.0,0.22410497282831315
1.0,1.0,0.0,0.0,0.0,0.0,0.0,2.0,20.0,16.0,32.0,0.16285261749365093
1.0,1.0,0.0,0.0,0.0,0.0,0.0,3.0,20.0,16.0,32.0,0.19682405308719525
1.0,1.0,0.0,0.0,0.0,0.0,0.0,4.0,20.0,16.0,32.0,0.16364455610475442
1.0,1.0,0.0,0.0,0.0,0.0,0.0,1.0,32.0,16.0,32.0,0.17776290996477245
1.0,1.0,0.0,0.0,0.0,0.0,0.0,2.0,32.0,16.0,32.0,0.12687402714437868
1.0,1.0,0.0,0.0,0.0,0.0,0.0,3.0,32.0,16.0,32.0,0.15261203200524326
1.0,1.0,0.0,0.0,0.0,0.0,0.0,4.0,32.0,16.0,32.0,0.12642344138288875
1.0,1.0,0.0,0.0,0.0,0.0,0.0,1.0,64.0,16.0,32.0,0.13705999617684816
1.0,1.0,0.0,0.0,0.0,0.0,0.0,2.0,64.0,16.0,32.0,0.08230699909882855
1.0,1.0,0.0,0.0,0.0,0.0,0.0,3.0,64.0,16.0,32.0,0.12070236762336495
1.0,1.0,0.0,0.0,0.0,0.0,0.0,4.0,64.0,16.0,32.0,0.08395914689095829
1.0,1.0,0.0,0.0,0.0,0.0,0.0,1.0,128.0,16.0,32.0,0.07446953767170056
1.0,1.0,0.0,0.0,0.0,0.0,0.0,2.0,128.0,16.0,32.0,0.049223080914279516
1.0,1.0,0.0,0.0,0.0,0.0,0.0,3.0,128.0,16.0,32.0,0.06713727846200068
1.0,1.0,0.0,0.0,0.0,0.0,0.0,4.0,128.0,16.0,32.0,0.0487178786968514
1.0,1.0,0.0,0.0,0.0,0.0,0.0,1.0,0.0,20.0,32.0,0.016289357983560515
1.0,1.0,0.0,0.0,0.0,0.0,0.0,2.0,0.0,20.0,32.0,0.016262049755591368
1.0,1.0,0.0,0.0,0.0,0.0,0.0,3.0,0.0,20.0,32.0,0.017996122231628442
1.0,1.0,0.0,0.0,0.0,0.0,0.0,4.0,0.0,20.0,32.0,0.017586498812092122
1.0,1.0,0.0,0.0,0.0,0.0,0.0,1.0,8.0,20.0,32.0,0.3647013845271582
1.0,1.0,0.0,0.0,0.0,0.0,0.0,2.0,8.0,20.0,32.0,0.3640459870559
1.0,1.0,0.0,0.0,0.0,0.0,0.0,3.0,8.0,20.0,32.0,0.3586253038040363
1.0,1.0,0.0,0.0,0.0,0.0,0.0,4.0,8.0,20.0,32.0,0.3517709385837953
1.0,1.0,0.0,0.0,0.0,0.0,0.0,1.0,10.0,20.0,32.0,0.3178541194461892
1.0,1.0,0.0,0.0,0.0,0.0,0.0,2.0,10.0,20.0,32.0,0.31512329664928046
1.0,1.0,0.0,0.0,0.0,0.0,0.0,3.0,10.0,20.0,32.0,0.3119555422048665
1.0,1.0,0.0,0.0,0.0,0.0,0.0,4.0,10.0,20.0,32.0,0.3063300472432345
1.0,1.0,0.0,0.0,0.0,0.0,0.0,1.0,16.0,20.0,32.0,0.2161855867172779
1.0,1.0,0.0,0.0,0.0,0.0,0.0,2.0,16.0,20.0,32.0,0.1622108741363773
1.0,1.0,0.0,0.0,0.0,0.0,0.0,3.0,16.0,20.0,32.0,0.18628307709112762
1.0,1.0,0.0,0.0,0.0,0.0,0.0,4.0,16.0,20.0,32.0,0.16167836369098015
1.0,1.0,0.0,0.0,0.0,0.0,0.0,1.0,20.0,20.0,32.0,0.19458477839373006
1.0,1.0,0.0,0.0,0.0,0.0,0.0,2.0,20.0,20.0,32.0,0.13816597940959618
1.0,1.0,0.0,0.0,0.0,0.0,0.0,3.0,20.0,20.0,32.0,0.16774079030011751
1.0,1.0,0.0,0.0,0.0,0.0,0.0,4.0,20.0,20.0,32.0,0.1388759933367924
1.0,1.0,0.0,0.0,0.0,0.0,0.0,1.0,32.0,20.0,32.0,0.1606816133701085
1.0,1.0,0.0,0.0,0.0,0.0,0.0,2.0,32.0,20.0,32.0,0.1076626887681259
1.0,1.0,0.0,0.0,0.0,0.0,0.0,3.0,32.0,20.0,32.0,0.13357819711078955
1.0,1.0,0.0,0.0,0.0,0.0,0.0,4.0,32.0,20.0,32.0,0.10551899287255256
1.0,1.0,0.0,0.0,0.0,0.0,0.0,1.0,64.0,20.0,32.0,0.12803462683306488
1.0,1.0,0.0,0.0,0.0,0.0,0.0,2.0,64.0,20.0,32.0,0.07141101613916279
1.0,1.0,0.0,0.0,0.0,0.0,0.0,3.0,64.0,20.0,32.0,0.10953330238400838
1.0,1.0,0.0,0.0,0.0,0.0,0.0,4.0,64.0,20.0,32.0,0.07306316393129253
1.0,1.0,0.0,0.0,0.0,0.0,0.0,1.0,128.0,20.0,32.0,0.07027772467844567
1.0,1.0,0.0,0.0,0.0,0.0,0.0,2.0,128.0,20.0,32.0,0.04647860400338627
1.0,1.0,0.0,0.0,0.0,0.0,0.0,3.0,128.0,20.0,32.0,0.06272699964499306
1.0,1.0,0.0,0.0,0.0,0.0,0.0,4.0,128.0,20.0,32.0,0.04591878533001997
1.0,1.0,0.0,0.0,0.0,0.0,0.0,1.0,0.0,32.0,32.0,0.008957098773860583
1.0,1.0,0.0,0.0,0.0,0.0,0.0,2.0,0.0,32.0,32.0,0.009052677571752432
1.0,1.0,0.0,0.0,0.0,0.0,0.0,3.0,0.0,32.0,32.0,0.01116906523935668
1.0,1.0,0.0,0.0,0.0,0.0,0.0,4.0,0.0,32.0,32.0,0.010117698462546787
1.0,1.0,0.0,0.0,0.0,0.0,0.0,1.0,8.0,32.0,32.0,0.26599579453289285
1.0,1.0,0.0,0.0,0.0,0.0,0.0,2.0,8.0,32.0,32.0,0.2662142603566456
1.0,1.0,0.0,0.0,0.0,0.0,0.0,3.0,8.0,32.0,32.0,0.26488981130014483
1.0,1.0,0.0,0.0,0.0,0.0,0.0,4.0,8.0,32.0,32.0,0.2563969524017587
1.0,1.0,0.0,0.0,0.0,0.0,0.0,1.0,10.0,32.0,32.0,0.23730850105136686
1.0,1.0,0.0,0.0,0.0,0.0,0.0,2.0,10.0,32.0,32.0,0.23415440072093724
1.0,1.0,0.0,0.0,0.0,0.0,0.0,3.0,10.0,32.0,32.0,0.1899696878669544
1.0,1.0,0.0,0.0,0.0,0.0,0.0,4.0,10.0,32.0,32.0,0.2271088779049128
1.0,1.0,0.0,0.0,0.0,0.0,0.0,1.0,16.0,32.0,32.0,0.16062699691417032
1.0,1.0,0.0,0.0,0.0,0.0,0.0,2.0,16.0,32.0,32.0,0.11144487834184447
1.0,1.0,0.0,0.0,0.0,0.0,0.0,3.0,16.0,32.0,32.0,0.13370108413665044
1.0,1.0,0.0,0.0,0.0,0.0,0.0,4.0,16.0,32.0,32.0,0.11164969005161263
1.0,1.0,0.0,0.0,0.0,0.0,0.0,1.0,20.0,32.0,32.0,0.150495644337639
1.0,1.0,0.0,0.0,0.0,0.0,0.0,2.0,20.0,32.0,32.0,0.09493705453453133
1.0,1.0,0.0,0.0,0.0,0.0,0.0,3.0,20.0,32.0,32.0,0.1250034135284962
1.0,1.0,0.0,0.0,0.0,0.0,0.0,4.0,20.0,32.0,32.0,0.09485512985062405
1.0,1.0,0.0,0.0,0.0,0.0,0.0,1.0,32.0,32.0,32.0,0.12929080531964288
1.0,1.0,0.0,0.0,0.0,0.0,0.0,2.0,32.0,32.0,32.0,0.07475627406537594
1.0,1.0,0.0,0.0,0.0,0.0,0.0,3.0,32.0,32.0,32.0,0.10297932767142748
1.0,1.0,0.0,0.0,0.0,0.0,0.0,4.0,32.0,32.0,32.0,0.07334990032496796
1.0,1.0,0.0,0.0,0.0,0.0,0.0,1.0,64.0,32.0,32.0,0.11178623119145809
1.0,1.0,0.0,0.0,0.0,0.0,0.0,2.0,64.0,32.0,32.0,0.05363335973128708
1.0,1.0,0.0,0.0,0.0,0.0,0.0,3.0,64.0,32.0,32.0,0.08932521368688395
1.0,1.0,0.0,0.0,0.0,0.0,0.0,4.0,64.0,32.0,32.0,0.053401239793549826
1.0,1.0,0.0,0.0,0.0,0.0,0.0,1.0,128.0,32.0,32.0,0.07094677626368828
1.0,1.0,0.0,0.0,0.0,0.0,0.0,2.0,128.0,32.0,32.0,0.056077446134520426
1.0,1.0,0.0,0.0,0.0,0.0,0.0,3.0,128.0,32.0,32.0,0.067546901881537
1.0,1.0,0.0,0.0,0.0,0.0,0.0,4.0,128.0,32.0,32.0,0.05442529834239057
1.0,1.0,0.0,0.0,0.0,0.0,0.0,1.0,0.0,64.0,32.0,0.021532537753625236
1.0,1.0,0.0,0.0,0.0,0.0,0.0,2.0,0.0,64.0,32.0,0.023157377317785888
1.0,1.0,0.0,0.0,0.0,0.0,0.0,3.0,0.0,64.0,32.0,0.015278953548704288
1.0,1.0,0.0,0.0,0.0,0.0,0.0,4.0,0.0,64.0,32.0,0.015101450066905164
1.0,1.0,0.0,0.0,0.0,0.0,0.0,1.0,8.0,64.0,32.0,0.1906660476801661
1.0,1.0,0.0,0.0,0.0,0.0,0.0,2.0,8.0,64.0,32.0,0.19007892077883065
1.0,1.0,0.0,0.0,0.0,0.0,0.0,3.0,8.0,64.0,32.0,0.18830388596084008
1.0,1.0,0.0,0.0,0.0,0.0,0.0,4.0,8.0,64.0,32.0,0.1799202599743303
1.0,1.0,0.0,0.0,0.0,0.0,0.0,1.0,10.0,64.0,32.0,0.17478631311614196
1.0,1.0,0.0,0.0,0.0,0.0,0.0,2.0,10.0,64.0,32.0,0.17041699664108795
1.0,1.0,0.0,0.0,0.0,0.0,0.0,3.0,10.0,64.0,32.0,0.1285534831644775
1.0,1.0,0.0,0.0,0.0,0.0,0.0,4.0,10.0,64.0,32.0,0.1633305114831099
1.0,1.0,0.0,0.0,0.0,0.0,0.0,1.0,16.0,64.0,32.0,0.1190775280592043
1.0,1.0,0.0,0.0,0.0,0.0,0.0,2.0,16.0,64.0,32.0,0.07059176930009015
1.0,1.0,0.0,0.0,0.0,0.0,0.0,3.0,16.0,64.0,32.0,0.09245200578934437
1.0,1.0,0.0,0.0,0.0,0.0,0.0,4.0,16.0,64.0,32.0,0.07165679019088456
1.0,1.0,0.0,0.0,0.0,0.0,0.0,1.0,20.0,64.0,32.0,0.11566399956306839
1.0,1.0,0.0,0.0,0.0,0.0,0.0,2.0,20.0,64.0,32.0,0.061293317676616
1.0,1.0,0.0,0.0,0.0,0.0,0.0,3.0,20.0,64.0,32.0,0.08991234058821929
1.0,1.0,0.0,0.0,0.0,0.0,0.0,4.0,20.0,64.0,32.0,0.0636418252819575
1.0,1.0,0.0,0.0,0.0,0.0,0.0,1.0,32.0,64.0,32.0,0.1060378492039652
1.0,1.0,0.0,0.0,0.0,0.0,0.0,2.0,32.0,64.0,32.0,0.052663917638384516
1.0,1.0,0.0,0.0,0.0,0.0,0.0,3.0,32.0,64.0,32.0,0.07999945383544066
1.0,1.0,0.0,0.0,0.0,0.0,0.0,4.0,32.0,64.0,32.0,0.05046560528687294
1.0,1.0,0.0,0.0,0.0,0.0,0.0,1.0,64.0,64.0,32.0,0.1095469564979929
1.0,1.0,0.0,0.0,0.0,0.0,0.0,2.0,64.0,64.0,32.0,0.05321008219776624
1.0,1.0,0.0,0.0,0.0,0.0,0.0,3.0,64.0,64.0,32.0,0.08578879816488716
1.0,1.0,0.0,0.0,0.0,0.0,0.0,4.0,64.0,64.0,32.0,0.0474890084382425
1.0,1.0,0.0,0.0,0.0,0.0,0.0,1.0,128.0,64.0,32.0,0.0726125781698026
1.0,1.0,0.0,0.0,0.0,0.0,0.0,2.0,128.0,64.0,32.0,0.05300527048799808
1.0,1.0,0.0,0.0,0.0,0.0,0.0,3.0,128.0,64.0,32.0,0.06928097435757397
1.0,1.0,0.0,0.0,0.0,0.0,0.0,4.0,128.0,64.0,32.0,0.0516944755454819
1.0,1.0,0.0,0.0,0.0,0.0,0.0,1.0,0.0,128.0,32.0,0.14751904748900851
1.0,1.0,0.0,0.0,0.0,0.0,0.0,2.0,0.0,128.0,32.0,0.14784674622463756
1.0,1.0,0.0,0.0,0.0,0.0,0.0,3.0,0.0,128.0,32.0,0.13452033097572308
1.0,1.0,0.0,0.0,0.0,0.0,0.0,4.0,0.0,128.0,32.0,0.13411070755618676
1.0,1.0,0.0,0.0,0.0,0.0,0.0,1.0,8.0,128.0,32.0,0.15461918676097114
1.0,1.0,0.0,0.0,0.0,0.0,0.0,2.0,8.0,128.0,32.0,0.15449629973511025
1.0,1.0,0.0,0.0,0.0,0.0,0.0,3.0,8.0,128.0,32.0,0.15276222725907324
1.0,1.0,0.0,0.0,0.0,0.0,0.0,4.0,8.0,128.0,32.0,0.14866599306371014
1.0,1.0,0.0,0.0,0.0,0.0,0.0,1.0,10.0,128.0,32.0,0.14551189273328063
1.0,1.0,0.0,0.0,0.0,0.0,0.0,2.0,10.0,128.0,32.0,0.14174335727354653
1.0,1.0,0.0,0.0,0.0,0.0,0.0,3.0,10.0,128.0,32.0,0.10169584095688039
1.0,1.0,0.0,0.0,0.0,0.0,0.0,4.0,10.0,128.0,32.0,0.1382342499795189
1.0,1.0,0.0,0.0,0.0,0.0,0.0,1.0,16.0,128.0,32.0,0.1053824517327071
1.0,1.0,0.0,0.0,0.0,0.0,0.0,2.0,16.0,128.0,32.0,0.06656380567464981
1.0,1.0,0.0,0.0,0.0,0.0,0.0,3.0,16.0,128.0,32.0,0.08951637128266748
1.0,1.0,0.0,0.0,0.0,0.0,0.0,4.0,16.0,128.0,32.0,0.07298123924738525
1.0,1.0,0.0,0.0,0.0,0.0,0.0,1.0,20.0,128.0,32.0,0.10831808623938399
1.0,1.0,0.0,0.0,0.0,0.0,0.0,2.0,20.0,128.0,32.0,0.06478877085665913
1.0,1.0,0.0,0.0,0.0,0.0,0.0,3.0,20.0,128.0,32.0,0.09013080641197196
1.0,1.0,0.0,0.0,0.0,0.0,0.0,4.0,20.0,128.0,32.0,0.06812037466888776
1.0,1.0,0.0,0.0,0.0,0.0,0.0,1.0,32.0,128.0,32.0,0.10763538054015681
1.0,1.0,0.0,0.0,0.0,0.0,0.0,2.0,32.0,128.0,32.0,0.06760151833747513
1.0,1.0,0.0,0.0,0.0,0.0,0.0,3.0,32.0,128.0,32.0,0.09013080641197196
1.0,1.0,0.0,0.0,0.0,0.0,0.0,4.0,32.0,128.0,32.0,0.06810672055490324
1.0,1.0,0.0,0.0,0.0,0.0,0.0,1.0,64.0,128.0,32.0,0.11985581255632327
1.0,1.0,0.0,0.0,0.0,0.0,0.0,2.0,64.0,128.0,32.0,0.06563532592370086
1.0,1.0,0.0,0.0,0.0,0.0,0.0,3.0,64.0,128.0,32.0,0.09821404189082178
1.0,1.0,0.0,0.0,0.0,0.0,0.0,4.0,64.0,128.0,32.0,0.05827575848603189
1.0,1.0,0.0,0.0,0.0,0.0,0.0,1.0,128.0,128.0,32.0,0.09987984379693604
1.0,1.0,0.0,0.0,0.0,0.0,0.0,2.0,128.0,128.0,32.0,0.06110216008083241
1.0,1.0,0.0,0.0,0.0,0.0,0.0,3.0,128.0,128.0,32.0,0.08623938392637703
1.0,1.0,0.0,0.0,0.0,0.0,0.0,4.0,128.0,128.0,32.0,0.05822114203009371
1.0,1.0,0.0,0.0,0.0,0.0,0.0,1.0,0.0,0.0,64.0,0.19676943663125707
1.0,1.0,0.0,0.0,0.0,0.0,0.0,2.0,0.0,0.0,64.0,0.19711078948087063
1.0,1.0,0.0,0.0,0.0,0.0,0.0,3.0,0.0,0.0,64.0,0.18876812583631458
1.0,1.0,0.0,0.0,0.0,0.0,0.0,4.0,0.0,0.0,64.0,0.18781233785739654
1.0,1.0,0.0,0.0,0.0,0.0,0.0,1.0,8.0,0.0,64.0,0.20627269996449943
1.0,1.0,0.0,0.0,0.0,0.0,0.0,2.0,8.0,0.0,64.0,0.2203637455965483
1.0,1.0,0.0,0.0,0.0,0.0,0.0,3.0,8.0,0.0,64.0,0.21188454081214675
1.0,1.0,0.0,0.0,0.0,0.0,0.0,4.0,8.0,0.0,64.0,0.21649963133892242
1.0,1.0,0.0,0.0,0.0,0.0,0.0,1.0,10.0,0.0,64.0,0.18543652202408595
1.0,1.0,0.0,0.0,0.0,0.0,0.0,2.0,10.0,0.0,64.0,0.20085201671263558
1.0,1.0,0.0,0.0,0.0,0.0,0.0,3.0,10.0,0.0,64.0,0.1996777629099648
1.0,1.0,0.0,0.0,0.0,0.0,0.0,4.0,10.0,0.0,64.0,0.19324667522324485
1.0,1.0,0.0,0.0,0.0,0.0,0.0,1.0,16.0,0.0,64.0,0.14740981457713215
1.0,1.0,0.0,0.0,0.0,0.0,0.0,2.0,16.0,0.0,64.0,0.1478740544526066
1.0,1.0,0.0,0.0,0.0,0.0,0.0,3.0,16.0,0.0,64.0,0.1551516972063684
1.0,1.0,0.0,0.0,0.0,0.0,0.0,4.0,16.0,0.0,64.0,0.1499631338922418
1.0,1.0,0.0,0.0,0.0,0.0,0.0,1.0,20.0,0.0,64.0,0.13566727655042465
1.0,1.0,0.0,0.0,0.0,0.0,0.0,2.0,20.0,0.0,64.0,0.12369261858598002
1.0,1.0,0.0,0.0,0.0,0.0,0.0,3.0,20.0,0.0,64.0,0.13630901990769828
1.0,1.0,0.0,0.0,0.0,0.0,0.0,4.0,20.0,0.0,64.0,0.12243644009940202
1.0,1.0,0.0,0.0,0.0,0.0,0.0,1.0,32.0,0.0,64.0,0.12236816952947932
1.0,1.0,0.0,0.0,0.0,0.0,0.0,2.0,32.0,0.0,64.0,0.1022693137442312
1.0,1.0,0.0,0.0,0.0,0.0,0.0,3.0,32.0,0.0,64.0,0.1135885742374178
1.0,1.0,0.0,0.0,0.0,0.0,0.0,4.0,32.0,0.0,64.0,0.09579726371555752
1.0,1.0,0.0,0.0,0.0,0.0,0.0,1.0,64.0,0.0,64.0,0.1629208880635737
1.0,1.0,0.0,0.0,0.0,0.0,0.0,2.0,64.0,0.0,64.0,0.20818427592233552
1.0,1.0,0.0,0.0,0.0,0.0,0.0,3.0,64.0,0.0,64.0,0.14186624429940747
1.0,1.0,0.0,0.0,0.0,0.0,0.0,4.0,64.0,0.0,64.0,0.1967557825172725
1.0,1.0,0.0,0.0,0.0,0.0,0.0,1.0,128.0,0.0,64.0,0.24457248969114403
1.0,1.0,0.0,0.0,0.0,0.0,0.0,2.0,128.0,0.0,64.0,0.24675714792867104
1.0,1.0,0.0,0.0,0.0,0.0,0.0,3.0,128.0,0.0,64.0,0.249747398891286
1.0,1.0,0.0,0.0,0.0,0.0,0.0,4.0,128.0,0.0,64.0,0.2545263387858762
1.0,1.0,0.0,0.0,0.0,0.0,0.0,1.0,0.0,8.0,64.0,0.03128157513858926
1.0,1.0,0.0,0.0,0.0,0.0,0.0,2.0,0.0,8.0,64.0,0.03133619159452744
1.0,1.0,0.0,0.0,0.0,0.0,0.0,3.0,0.0,8.0,64.0,0.0372620770638194
1.0,1.0,0.0,0.0,0.0,0.0,0.0,4.0,0.0,8.0,64.0,0.0369343783281903
1.0,1.0,0.0,0.0,0.0,0.0,0.0,1.0,8.0,8.0,64.0,0.7348917228761027
1.0,1.0,0.0,0.0,0.0,0.0,0.0,2.0,8.0,8.0,64.0,0.7478767852754036
1.0,1.0,0.0,0.0,0.0,0.0,0.0,3.0,8.0,8.0,64.0,0.7242688221961278
1.0,1.0,0.0,0.0,0.0,0.0,0.0,4.0,8.0,8.0,64.0,0.7341817089489064
1.0,1.0,0.0,0.0,0.0,0.0,0.0,1.0,10.0,8.0,64.0,0.6249078347306045
1.0,1.0,0.0,0.0,0.0,0.0,0.0,2.0,10.0,8.0,64.0,0.6303831344384063
1.0,1.0,0.0,0.0,0.0,0.0,0.0,3.0,10.0,8.0,64.0,0.6200333160381224
1.0,1.0,0.0,0.0,0.0,0.0,0.0,4.0,10.0,8.0,64.0,0.6211802616128241
1.0,1.0,0.0,0.0,0.0,0.0,0.0,1.0,16.0,8.0,64.0,0.4225811737076382
1.0,1.0,0.0,0.0,0.0,0.0,0.0,2.0,16.0,8.0,64.0,0.3650700456047408
1.0,1.0,0.0,0.0,0.0,0.0,0.0,3.0,16.0,8.0,64.0,0.3890739779895684
1.0,1.0,0.0,0.0,0.0,0.0,0.0,4.0,16.0,8.0,64.0,0.3648379256670036
1.0,1.0,0.0,0.0,0.0,0.0,0.0,1.0,20.0,8.0,64.0,0.3718697943690435
1.0,1.0,0.0,0.0,0.0,0.0,0.0,2.0,20.0,8.0,64.0,0.30709467762636883
1.0,1.0,0.0,0.0,0.0,0.0,0.0,3.0,20.0,8.0,64.0,0.3389087632103553
1.0,1.0,0.0,0.0,0.0,0.0,0.0,4.0,20.0,8.0,64.0,0.30833720199896236
1.0,1.0,0.0,0.0,0.0,0.0,0.0,1.0,32.0,8.0,64.0,0.285166170567192
1.0,1.0,0.0,0.0,0.0,0.0,0.0,2.0,32.0,8.0,64.0,0.23108222507441495
1.0,1.0,0.0,0.0,0.0,0.0,0.0,3.0,32.0,8.0,64.0,0.2549632704333816
1.0,1.0,0.0,0.0,0.0,0.0,0.0,4.0,32.0,8.0,64.0,0.22917064911657886
1.0,1.0,0.0,0.0,0.0,0.0,0.0,1.0,64.0,8.0,64.0,0.20388323001720426
1.0,1.0,0.0,0.0,0.0,0.0,0.0,2.0,64.0,8.0,64.0,0.13970889428984962
1.0,1.0,0.0,0.0,0.0,0.0,0.0,3.0,64.0,8.0,64.0,0.18743002266582925
1.0,1.0,0.0,0.0,0.0,0.0,0.0,4.0,64.0,8.0,64.0,0.14306780633004734
1.0,1.0,0.0,0.0,0.0,0.0,0.0,1.0,128.0,8.0,64.0,0.11169065239356624
1.0,1.0,0.0,0.0,0.0,0.0,0.0,2.0,128.0,8.0,64.0,0.08532455828941266
1.0,1.0,0.0,0.0,0.0,0.0,0.0,3.0,128.0,8.0,64.0,0.10211911849040123
1.0,1.0,0.0,0.0,0.0,0.0,0.0,4.0,128.0,8.0,64.0,0.08365875638329834
1.0,1.0,0.0,0.0,0.0,0.0,0.0,1.0,0.0,10.0,64.0,0.05129850623993015
1.0,1.0,0.0,0.0,0.0,0.0,0.0,2.0,0.0,10.0,64.0,0.05084792047844022
1.0,1.0,0.0,0.0,0.0,0.0,0.0,3.0,0.0,10.0,64.0,0.05494415467380326
1.0,1.0,0.0,0.0,0.0,0.0,0.0,4.0,0.0,10.0,64.0,0.054602801824189695
1.0,1.0,0.0,0.0,0.0,0.0,0.0,1.0,8.0,10.0,64.0,0.6522979873835988
1.0,1.0,0.0,0.0,0.0,0.0,0.0,2.0,8.0,10.0,64.0,0.6582648351948444
1.0,1.0,0.0,0.0,0.0,0.0,0.0,3.0,8.0,10.0,64.0,0.6489936917993393
1.0,1.0,0.0,0.0,0.0,0.0,0.0,4.0,8.0,10.0,64.0,0.642057401895191
1.0,1.0,0.0,0.0,0.0,0.0,0.0,1.0,10.0,10.0,64.0,0.5632731642043749
1.0,1.0,0.0,0.0,0.0,0.0,0.0,2.0,10.0,10.0,64.0,0.5636691335099266
1.0,1.0,0.0,0.0,0.0,0.0,0.0,3.0,10.0,10.0,64.0,0.5581119091182174
1.0,1.0,0.0,0.0,0.0,0.0,0.0,4.0,10.0,10.0,64.0,0.556241295502335
1.0,1.0,0.0,0.0,0.0,0.0,0.0,1.0,16.0,10.0,64.0,0.3901253447663782
1.0,1.0,0.0,0.0,0.0,0.0,0.0,2.0,16.0,10.0,64.0,0.32281056282257853
1.0,1.0,0.0,0.0,0.0,0.0,0.0,3.0,16.0,10.0,64.0,0.3548431142303176
1.0,1.0,0.0,0.0,0.0,0.0,0.0,4.0,16.0,10.0,64.0,0.3241213577650947
1.0,1.0,0.0,0.0,0.0,0.0,0.0,1.0,20.0,10.0,64.0,0.3474016221087414
1.0,1.0,0.0,0.0,0.0,0.0,0.0,2.0,20.0,10.0,64.0,0.2775335208498321
1.0,1.0,0.0,0.0,0.0,0.0,0.0,3.0,20.0,10.0,64.0,0.31457713208989874
1.0,1.0,0.0,0.0,0.0,0.0,0.0,4.0,20.0,10.0,64.0,0.277028318632404
1.0,1.0,0.0,0.0,0.0,0.0,0.0,1.0,32.0,10.0,64.0,0.27858488762664196
1.0,1.0,0.0,0.0,0.0,0.0,0.0,2.0,32.0,10.0,64.0,0.21577596329774168
1.0,1.0,0.0,0.0,0.0,0.0,0.0,3.0,32.0,10.0,64.0,0.24555558589803111
1.0,1.0,0.0,0.0,0.0,0.0,0.0,4.0,32.0,10.0,64.0,0.21294956170294116
1.0,1.0,0.0,0.0,0.0,0.0,0.0,1.0,64.0,10.0,64.0,0.21540730222015897
1.0,1.0,0.0,0.0,0.0,0.0,0.0,2.0,64.0,10.0,64.0,0.1472732734372867
1.0,1.0,0.0,0.0,0.0,0.0,0.0,3.0,64.0,10.0,64.0,0.19241377427018774
1.0,1.0,0.0,0.0,0.0,0.0,0.0,4.0,64.0,10.0,64.0,0.1442693683606871
1.0,1.0,0.0,0.0,0.0,0.0,0.0,1.0,128.0,10.0,64.0,0.12511264644037257
1.0,1.0,0.0,0.0,0.0,0.0,0.0,2.0,128.0,10.0,64.0,0.09830962068871357
1.0,1.0,0.0,0.0,0.0,0.0,0.0,3.0,128.0,10.0,64.0,0.1183538600180235
1.0,1.0,0.0,0.0,0.0,0.0,0.0,4.0,128.0,10.0,64.0,0.09723094568393459
1.0,1.0,0.0,0.0,0.0,0.0,0.0,1.0,0.0,16.0,64.0,0.01765476938201488
1.0,1.0,0.0,0.0,0.0,0.0,0.0,2.0,0.0,16.0,64.0,0.018023430459597534
1.0,1.0,0.0,0.0,0.0,0.0,0.0,3.0,0.0,16.0,64.0,0.020972719080258884
1.0,1.0,0.0,0.0,0.0,0.0,0.0,4.0,0.0,16.0,64.0,0.019511728883912782
1.0,1.0,0.0,0.0,0.0,0.0,0.0,1.0,8.0,16.0,64.0,0.4197547721128377
1.0,1.0,0.0,0.0,0.0,0.0,0.0,2.0,8.0,16.0,64.0,0.4275103088560585
1.0,1.0,0.0,0.0,0.0,0.0,0.0,3.0,8.0,16.0,64.0,0.4158360413992737
1.0,1.0,0.0,0.0,0.0,0.0,0.0,4.0,8.0,16.0,64.0,0.413282722084164
1.0,1.0,0.0,0.0,0.0,0.0,0.0,1.0,10.0,16.0,64.0,0.3663944946612416
1.0,1.0,0.0,0.0,0.0,0.0,0.0,2.0,10.0,16.0,64.0,0.36625795352139606
1.0,1.0,0.0,0.0,0.0,0.0,0.0,3.0,10.0,16.0,64.0,0.3179906605860347
1.0,1.0,0.0,0.0,0.0,0.0,0.0,4.0,10.0,16.0,64.0,0.35716431360769
1.0,1.0,0.0,0.0,0.0,0.0,0.0,1.0,16.0,16.0,64.0,0.24636117862311918
1.0,1.0,0.0,0.0,0.0,0.0,0.0,2.0,16.0,16.0,64.0,0.19584095688030817
1.0,1.0,0.0,0.0,0.0,0.0,0.0,3.0,16.0,16.0,64.0,0.22066413610420826
1.0,1.0,0.0,0.0,0.0,0.0,0.0,4.0,16.0,16.0,64.0,0.198148502143696
1.0,1.0,0.0,0.0,0.0,0.0,0.0,1.0,20.0,16.0,64.0,0.22328572598924062
1.0,1.0,0.0,0.0,0.0,0.0,0.0,2.0,20.0,16.0,64.0,0.16457303585570343
1.0,1.0,0.0,0.0,0.0,0.0,0.0,3.0,20.0,16.0,64.0,0.19641442966765893
1.0,1.0,0.0,0.0,0.0,0.0,0.0,4.0,20.0,16.0,64.0,0.16494169693328603
1.0,1.0,0.0,0.0,0.0,0.0,0.0,1.0,32.0,16.0,64.0,0.1773669406592207
1.0,1.0,0.0,0.0,0.0,0.0,0.0,2.0,32.0,16.0,64.0,0.12680575657445597
1.0,1.0,0.0,0.0,0.0,0.0,0.0,3.0,32.0,16.0,64.0,0.1525710696632896
1.0,1.0,0.0,0.0,0.0,0.0,0.0,4.0,32.0,16.0,64.0,0.1271607635380541
1.0,1.0,0.0,0.0,0.0,0.0,0.0,1.0,64.0,16.0,64.0,0.14332723449575363
1.0,1.0,0.0,0.0,0.0,0.0,0.0,2.0,64.0,16.0,64.0,0.09044485103361649
1.0,1.0,0.0,0.0,0.0,0.0,0.0,3.0,64.0,16.0,64.0,0.12456648188099079
1.0,1.0,0.0,0.0,0.0,0.0,0.0,4.0,64.0,16.0,64.0,0.09110024850487458
1.0,1.0,0.0,0.0,0.0,0.0,0.0,1.0,128.0,16.0,64.0,0.08906578552117761
1.0,1.0,0.0,0.0,0.0,0.0,0.0,2.0,128.0,16.0,64.0,0.06403779458750924
1.0,1.0,0.0,0.0,0.0,0.0,0.0,3.0,128.0,16.0,64.0,0.0827029684043803
1.0,1.0,0.0,0.0,0.0,0.0,0.0,4.0,128.0,16.0,64.0,0.06548513066987088
1.0,1.0,0.0,0.0,0.0,0.0,0.0,1.0,0.0,20.0,64.0,0.0123433190420274
1.0,1.0,0.0,0.0,0.0,0.0,0.0,2.0,0.0,20.0,64.0,0.01213850733225924
1.0,1.0,0.0,0.0,0.0,0.0,0.0,3.0,0.0,20.0,64.0,0.01452797727955435
1.0,1.0,0.0,0.0,0.0,0.0,0.0,4.0,0.0,20.0,64.0,0.014091045632048993
1.0,1.0,0.0,0.0,0.0,0.0,0.0,1.0,8.0,20.0,64.0,0.3629809661651056
1.0,1.0,0.0,0.0,0.0,0.0,0.0,2.0,8.0,20.0,64.0,0.3626532674294766
1.0,1.0,0.0,0.0,0.0,0.0,0.0,3.0,8.0,20.0,64.0,0.35678199841612296
1.0,1.0,0.0,0.0,0.0,0.0,0.0,4.0,8.0,20.0,64.0,0.34949070154837664
1.0,1.0,0.0,0.0,0.0,0.0,0.0,1.0,10.0,20.0,64.0,0.31541003304295595
1.0,1.0,0.0,0.0,0.0,0.0,0.0,2.0,10.0,20.0,64.0,0.31378519347879524
1.0,1.0,0.0,0.0,0.0,0.0,0.0,3.0,10.0,20.0,64.0,0.31177803872306736
1.0,1.0,0.0,0.0,0.0,0.0,0.0,4.0,10.0,20.0,64.0,0.3045959747671974
1.0,1.0,0.0,0.0,0.0,0.0,0.0,1.0,16.0,20.0,64.0,0.21412381550561194
1.0,1.0,0.0,0.0,0.0,0.0,0.0,2.0,16.0,20.0,64.0,0.16341243616701723
1.0,1.0,0.0,0.0,0.0,0.0,0.0,3.0,16.0,20.0,64.0,0.18538190556814776
1.0,1.0,0.0,0.0,0.0,0.0,0.0,4.0,16.0,20.0,64.0,0.162907233949589
1.0,1.0,0.0,0.0,0.0,0.0,0.0,1.0,20.0,20.0,64.0,0.19463939484966825
1.0,1.0,0.0,0.0,0.0,0.0,0.0,2.0,20.0,20.0,64.0,0.13888964745077698
1.0,1.0,0.0,0.0,0.0,0.0,0.0,3.0,20.0,20.0,64.0,0.16589748491220407
1.0,1.0,0.0,0.0,0.0,0.0,0.0,4.0,20.0,20.0,64.0,0.13772904776209083
1.0,1.0,0.0,0.0,0.0,0.0,0.0,1.0,32.0,20.0,64.0,0.15856522570250425
1.0,1.0,0.0,0.0,0.0,0.0,0.0,2.0,32.0,20.0,64.0,0.10706190775280594
1.0,1.0,0.0,0.0,0.0,0.0,0.0,3.0,32.0,20.0,64.0,0.1327589502717169
1.0,1.0,0.0,0.0,0.0,0.0,0.0,4.0,32.0,20.0,64.0,0.1059422704060734
1.0,1.0,0.0,0.0,0.0,0.0,0.0,1.0,64.0,20.0,64.0,0.1334416559709441
1.0,1.0,0.0,0.0,0.0,0.0,0.0,2.0,64.0,20.0,64.0,0.07912559054042989
1.0,1.0,0.0,0.0,0.0,0.0,0.0,3.0,64.0,20.0,64.0,0.11276932739834516
1.0,1.0,0.0,0.0,0.0,0.0,0.0,4.0,64.0,20.0,64.0,0.07980829623965707
1.0,1.0,0.0,0.0,0.0,0.0,0.0,1.0,128.0,20.0,64.0,0.08252546492258123
1.0,1.0,0.0,0.0,0.0,0.0,0.0,2.0,128.0,20.0,64.0,0.06088369425707968
1.0,1.0,0.0,0.0,0.0,0.0,0.0,3.0,128.0,20.0,64.0,0.07526147628280411
1.0,1.0,0.0,0.0,0.0,0.0,0.0,4.0,128.0,20.0,64.0,0.06022829678582159
1.0,1.0,0.0,0.0,0.0,0.0,0.0,1.0,0.0,32.0,64.0,0.004150850651301274
1.0,1.0,0.0,0.0,0.0,0.0,0.0,2.0,0.0,32.0,64.0,0.004273737677162159
1.0,1.0,0.0,0.0,0.0,0.0,0.0,3.0,0.0,32.0,64.0,0.0066632076244573235
1.0,1.0,0.0,0.0,0.0,0.0,0.0,4.0,0.0,32.0,64.0,0.005884923127338293
1.0,1.0,0.0,0.0,0.0,0.0,0.0,1.0,8.0,32.0,64.0,0.2639749856631804
1.0,1.0,0.0,0.0,0.0,0.0,0.0,2.0,8.0,32.0,64.0,0.26591386984898563
1.0,1.0,0.0,0.0,0.0,0.0,0.0,3.0,8.0,32.0,64.0,0.2631284305961387
1.0,1.0,0.0,0.0,0.0,0.0,0.0,4.0,8.0,32.0,64.0,0.2552363527130725
1.0,1.0,0.0,0.0,0.0,0.0,0.0,1.0,10.0,32.0,64.0,0.23494633933204084
1.0,1.0,0.0,0.0,0.0,0.0,0.0,2.0,10.0,32.0,64.0,0.23289822223435935
1.0,1.0,0.0,0.0,0.0,0.0,0.0,3.0,10.0,32.0,64.0,0.18942352330757267
1.0,1.0,0.0,0.0,0.0,0.0,0.0,4.0,10.0,32.0,64.0,0.2270679155629592
1.0,1.0,0.0,0.0,0.0,0.0,0.0,1.0,16.0,32.0,64.0,0.1595619760233759
1.0,1.0,0.0,0.0,0.0,0.0,0.0,2.0,16.0,32.0,64.0,0.11143122422785989
1.0,1.0,0.0,0.0,0.0,0.0,0.0,3.0,16.0,32.0,64.0,0.13363281356672774
1.0,1.0,0.0,0.0,0.0,0.0,0.0,4.0,16.0,32.0,64.0,0.11433955050656769
1.0,1.0,0.0,0.0,0.0,0.0,0.0,1.0,20.0,32.0,64.0,0.14925311996504548
1.0,1.0,0.0,0.0,0.0,0.0,0.0,2.0,20.0,32.0,64.0,0.09505994156039221
1.0,1.0,0.0,0.0,0.0,0.0,0.0,3.0,20.0,32.0,64.0,0.12425243725934626
1.0,1.0,0.0,0.0,0.0,0.0,0.0,4.0,20.0,32.0,64.0,0.09594745896938756
1.0,1.0,0.0,0.0,0.0,0.0,0.0,1.0,32.0,32.0,64.0,0.1287036784183075
1.0,1.0,0.0,0.0,0.0,0.0,0.0,2.0,32.0,32.0,64.0,0.07571206204429398
1.0,1.0,0.0,0.0,0.0,0.0,0.0,3.0,32.0,32.0,64.0,0.10347087577487102
1.0,1.0,0.0,0.0,0.0,0.0,0.0,4.0,32.0,32.0,64.0,0.07546628799257221
1.0,1.0,0.0,0.0,0.0,0.0,0.0,1.0,64.0,32.0,64.0,0.11769846254676536
1.0,1.0,0.0,0.0,0.0,0.0,0.0,2.0,64.0,32.0,64.0,0.06567628826565447
1.0,1.0,0.0,0.0,0.0,0.0,0.0,3.0,64.0,32.0,64.0,0.0970670963161201
1.0,1.0,0.0,0.0,0.0,0.0,0.0,4.0,64.0,32.0,64.0,0.06358720882601937
1.0,1.0,0.0,0.0,0.0,0.0,0.0,1.0,128.0,32.0,64.0,0.07621726426172215
1.0,1.0,0.0,0.0,0.0,0.0,0.0,2.0,128.0,32.0,64.0,0.056596302465933
1.0,1.0,0.0,0.0,0.0,0.0,0.0,3.0,128.0,32.0,64.0,0.07167044430486913
1.0,1.0,0.0,0.0,0.0,0.0,0.0,4.0,128.0,32.0,64.0,0.0582484502580628
1.0,1.0,0.0,0.0,0.0,0.0,0.0,1.0,0.0,64.0,64.0,0.01735437887435487
1.0,1.0,0.0,0.0,0.0,0.0,0.0,2.0,0.0,64.0,64.0,0.01721783773450941
1.0,1.0,0.0,0.0,0.0,0.0,0.0,3.0,0.0,64.0,64.0,0.011046178213495794
1.0,1.0,0.0,0.0,0.0,0.0,0.0,4.0,0.0,64.0,64.0,0.009626150359103247
1.0,1.0,0.0,0.0,0.0,0.0,0.0,1.0,8.0,64.0,64.0,0.18909582457194357
1.0,1.0,0.0,0.0,0.0,0.0,0.0,2.0,8.0,64.0,64.0,0.19330129167918303
1.0,1.0,0.0,0.0,0.0,0.0,0.0,3.0,8.0,64.0,64.0,0.18650154291488036
1.0,1.0,0.0,0.0,0.0,0.0,0.0,4.0,8.0,64.0,64.0,0.18267839099920807
1.0,1.0,0.0,0.0,0.0,0.0,0.0,1.0,10.0,64.0,64.0,0.17327070646385762
1.0,1.0,0.0,0.0,0.0,0.0,0.0,2.0,10.0,64.0,64.0,0.16973429094186082
1.0,1.0,0.0,0.0,0.0,0.0,0.0,3.0,10.0,64.0,64.0,0.13069717906005085
1.0,1.0,0.0,0.0,0.0,0.0,0.0,4.0,10.0,64.0,64.0,0.16563805674649773
1.0,1.0,0.0,0.0,0.0,0.0,0.0,1.0,16.0,64.0,64.0,0.12268221415112379
1.0,1.0,0.0,0.0,0.0,0.0,0.0,2.0,16.0,64.0,64.0,0.08301701302602477
1.0,1.0,0.0,0.0,0.0,0.0,0.0,3.0,16.0,64.0,64.0,0.10513667768098534
1.0,1.0,0.0,0.0,0.0,0.0,0.0,4.0,16.0,64.0,64.0,0.08897020672328576
1.0,1.0,0.0,0.0,0.0,0.0,0.0,1.0,20.0,64.0,64.0,0.12164450148829847
1.0,1.0,0.0,0.0,0.0,0.0,0.0,2.0,20.0,64.0,64.0,0.07838826838526453
1.0,1.0,0.0,0.0,0.0,0.0,0.0,3.0,20.0,64.0,64.0,0.10287009475955111
1.0,1.0,0.0,0.0,0.0,0.0,0.0,4.0,20.0,64.0,64.0,0.07826538135940364
1.0,1.0,0.0,0.0,0.0,0.0,0.0,1.0,32.0,64.0,64.0,0.11439416696250587
1.0,1.0,0.0,0.0,0.0,0.0,0.0,2.0,32.0,64.0,64.0,0.07126082088533281
1.0,1.0,0.0,0.0,0.0,0.0,0.0,3.0,32.0,64.0,64.0,0.096411698844862
1.0,1.0,0.0,0.0,0.0,0.0,0.0,4.0,32.0,64.0,64.0,0.07295393101941622
1.0,1.0,0.0,0.0,0.0,0.0,0.0,1.0,64.0,64.0,64.0,0.11495398563587217
1.0,1.0,0.0,0.0,0.0,0.0,0.0,2.0,64.0,64.0,64.0,0.06087004014309516
1.0,1.0,0.0,0.0,0.0,0.0,0.0,3.0,64.0,64.0,64.0,0.0928343209809116
1.0,1.0,0.0,0.0,0.0,0.0,0.0,4.0,64.0,64.0,64.0,0.05625494961631944
1.0,1.0,0.0,0.0,0.0,0.0,0.0,1.0,128.0,64.0,64.0,0.06902154619186762
1.0,1.0,0.0,0.0,0.0,0.0,0.0,2.0,128.0,64.0,64.0,0.04847210464512963
1.0,1.0,0.0,0.0,0.0,0.0,0.0,3.0,128.0,64.0,64.0,0.06484338731259731
1.0,1.0,0.0,0.0,0.0,0.0,0.0,4.0,128.0,64.0,64.0,0.04793959419973243
1.0,1.0,0.0,0.0,0.0,0.0,0.0,1.0,0.0,128.0,64.0,0.146877304131735
1.0,1.0,0.0,0.0,0.0,0.0,0.0,2.0,0.0,128.0,64.0,0.14597613260875503
1.0,1.0,0.0,0.0,0.0,0.0,0.0,3.0,0.0,128.0,64.0,0.13213086102842797
1.0,1.0,0.0,0.0,0.0,0.0,0.0,4.0,0.0,128.0,64.0,0.13243125153608787
1.0,1.0,0.0,0.0,0.0,0.0,0.0,1.0,8.0,128.0,64.0,0.16697615991698306
1.0,1.0,0.0,0.0,0.0,0.0,0.0,2.0,8.0,128.0,64.0,0.16798656435183928
1.0,1.0,0.0,0.0,0.0,0.0,0.0,3.0,8.0,128.0,64.0,0.16567901908845145
1.0,1.0,0.0,0.0,0.0,0.0,0.0,4.0,8.0,128.0,64.0,0.1888090881782682
1.0,1.0,0.0,0.0,0.0,0.0,0.0,1.0,10.0,128.0,64.0,0.15773232474944715
1.0,1.0,0.0,0.0,0.0,0.0,0.0,2.0,10.0,128.0,64.0,0.15848330101859703
1.0,1.0,0.0,0.0,0.0,0.0,0.0,3.0,10.0,128.0,64.0,0.14391436139708896
1.0,1.0,0.0,0.0,0.0,0.0,0.0,4.0,10.0,128.0,64.0,0.17033507195718073
1.0,1.0,0.0,0.0,0.0,0.0,0.0,1.0,16.0,128.0,64.0,0.13521669078893478
1.0,1.0,0.0,0.0,0.0,0.0,0.0,2.0,16.0,128.0,64.0,0.12171277205822117
1.0,1.0,0.0,0.0,0.0,0.0,0.0,3.0,16.0,128.0,64.0,0.1357901635762856
1.0,1.0,0.0,0.0,0.0,0.0,0.0,4.0,16.0,128.0,64.0,0.12709249296813135
1.0,1.0,0.0,0.0,0.0,0.0,0.0,1.0,20.0,128.0,64.0,0.12922253474972017
1.0,1.0,0.0,0.0,0.0,0.0,0.0,2.0,20.0,128.0,64.0,0.10599688686201159
1.0,1.0,0.0,0.0,0.0,0.0,0.0,3.0,20.0,128.0,64.0,0.12575438979764608
1.0,1.0,0.0,0.0,0.0,0.0,0.0,4.0,20.0,128.0,64.0,0.10693902072694511
1.0,1.0,0.0,0.0,0.0,0.0,0.0,1.0,32.0,128.0,64.0,0.1160326606406511
1.0,1.0,0.0,0.0,0.0,0.0,0.0,2.0,32.0,128.0,64.0,0.08136486523389502
1.0,1.0,0.0,0.0,0.0,0.0,0.0,3.0,32.0,128.0,64.0,0.10509571533903173
1.0,1.0,0.0,0.0,0.0,0.0,0.0,4.0,32.0,128.0,64.0,0.08075043010459054
1.0,1.0,0.0,0.0,0.0,0.0,0.0,1.0,64.0,128.0,64.0,0.11709768153144545
1.0,1.0,0.0,0.0,0.0,0.0,0.0,2.0,64.0,128.0,64.0,0.06278161610093125
1.0,1.0,0.0,0.0,0.0,0.0,0.0,3.0,64.0,128.0,64.0,0.096411698844862
1.0,1.0,0.0,0.0,0.0,0.0,0.0,4.0,64.0,128.0,64.0,0.055708785056937715
1.0,1.0,0.0,0.0,0.0,0.0,0.0,1.0,128.0,128.0,64.0,0.09534667795406765
1.0,1.0,0.0,0.0,0.0,0.0,0.0,2.0,128.0,128.0,64.0,0.05919058412299627
1.0,1.0,0.0,0.0,0.0,0.0,0.0,3.0,128.0,128.0,64.0,0.08361779404134473
1.0,1.0,0.0,0.0,0.0,0.0,0.0,4.0,128.0,128.0,64.0,0.05407029137879249
1.0,1.0,0.0,0.0,0.0,0.0,0.0,1.0,0.0,0.0,128.0,0.19757502935634513
1.0,1.0,0.0,0.0,0.0,0.0,0.0,2.0,0.0,0.0,128.0,0.19664654960539624
1.0,1.0,0.0,0.0,0.0,0.0,0.0,3.0,0.0,0.0,128.0,0.18845408121467006
1.0,1.0,0.0,0.0,0.0,0.0,0.0,4.0,0.0,0.0,128.0,0.18794887899724194
1.0,1.0,0.0,0.0,0.0,0.0,0.0,1.0,8.0,0.0,128.0,0.21066932466752236
1.0,1.0,0.0,0.0,0.0,0.0,0.0,2.0,8.0,0.0,128.0,0.21671809716267526
1.0,1.0,0.0,0.0,0.0,0.0,0.0,3.0,8.0,0.0,128.0,0.21737349463393335
1.0,1.0,0.0,0.0,0.0,0.0,0.0,4.0,8.0,0.0,128.0,0.21236243480160583
1.0,1.0,0.0,0.0,0.0,0.0,0.0,1.0,10.0,0.0,128.0,0.18714328627215387
1.0,1.0,0.0,0.0,0.0,0.0,0.0,2.0,10.0,0.0,128.0,0.1971654059368088
1.0,1.0,0.0,0.0,0.0,0.0,0.0,3.0,10.0,0.0,128.0,0.20154837652584728
1.0,1.0,0.0,0.0,0.0,0.0,0.0,4.0,10.0,0.0,128.0,0.18946448564952628
1.0,1.0,0.0,0.0,0.0,0.0,0.0,1.0,16.0,0.0,128.0,0.14545727627734245
1.0,1.0,0.0,0.0,0.0,0.0,0.0,2.0,16.0,0.0,128.0,0.14431033070264077
1.0,1.0,0.0,0.0,0.0,0.0,0.0,3.0,16.0,0.0,128.0,0.1531991589065786
1.0,1.0,0.0,0.0,0.0,0.0,0.0,4.0,16.0,0.0,128.0,0.14443321772850165
1.0,1.0,0.0,0.0,0.0,0.0,0.0,1.0,20.0,0.0,128.0,0.13382397116251132
1.0,1.0,0.0,0.0,0.0,0.0,0.0,2.0,20.0,0.0,128.0,0.12016985717796774
1.0,1.0,0.0,0.0,0.0,0.0,0.0,3.0,20.0,0.0,128.0,0.1345339850897076
1.0,1.0,0.0,0.0,0.0,0.0,0.0,4.0,20.0,0.0,128.0,0.11943253502280243
1.0,1.0,0.0,0.0,0.0,0.0,0.0,1.0,32.0,0.0,128.0,0.11941888090881786
1.0,1.0,0.0,0.0,0.0,0.0,0.0,2.0,32.0,0.0,128.0,0.0991561757557553
1.0,1.0,0.0,0.0,0.0,0.0,0.0,3.0,32.0,0.0,128.0,0.1111991042901227
1.0,1.0,0.0,0.0,0.0,0.0,0.0,4.0,32.0,0.0,128.0,0.09182391654605537
1.0,1.0,0.0,0.0,0.0,0.0,0.0,1.0,64.0,0.0,128.0,0.1622654905923155
1.0,1.0,0.0,0.0,0.0,0.0,0.0,2.0,64.0,0.0,128.0,0.20853928288593365
1.0,1.0,0.0,0.0,0.0,0.0,0.0,3.0,64.0,0.0,128.0,0.13931292498429781
1.0,1.0,0.0,0.0,0.0,0.0,0.0,4.0,64.0,0.0,128.0,0.1954996040306945
1.0,1.0,0.0,0.0,0.0,0.0,0.0,1.0,128.0,0.0,128.0,0.2424014855676015
1.0,1.0,0.0,0.0,0.0,0.0,0.0,2.0,128.0,0.0,128.0,0.24830006280892442
1.0,1.0,0.0,0.0,0.0,0.0,0.0,3.0,128.0,0.0,128.0,0.24671618558671732
1.0,1.0,0.0,0.0,0.0,0.0,0.0,4.0,128.0,0.0,128.0,0.2554275103088562
1.0,1.0,0.0,0.0,0.0,0.0,0.0,1.0,0.0,8.0,128.0,0.0319369726098474
1.0,1.0,0.0,0.0,0.0,0.0,0.0,2.0,0.0,8.0,128.0,0.03184139381195561
1.0,1.0,0.0,0.0,0.0,0.0,0.0,3.0,0.0,8.0,128.0,0.037794587509216604
1.0,1.0,0.0,0.0,0.0,0.0,0.0,4.0,0.0,8.0,128.0,0.03752150522952569
1.0,1.0,0.0,0.0,0.0,0.0,0.0,1.0,8.0,8.0,128.0,0.7382642890302848
1.0,1.0,0.0,0.0,0.0,0.0,0.0,2.0,8.0,8.0,128.0,0.7497200906633168
1.0,1.0,0.0,0.0,0.0,0.0,0.0,3.0,8.0,8.0,128.0,0.7252246101750459
1.0,1.0,0.0,0.0,0.0,0.0,0.0,4.0,8.0,8.0,128.0,0.7348371064201644
1.0,1.0,0.0,0.0,0.0,0.0,0.0,1.0,10.0,8.0,128.0,0.6291679182937819
1.0,1.0,0.0,0.0,0.0,0.0,0.0,2.0,10.0,8.0,128.0,0.6330866490073461
1.0,1.0,0.0,0.0,0.0,0.0,0.0,3.0,10.0,8.0,128.0,0.6212348780687622
1.0,1.0,0.0,0.0,0.0,0.0,0.0,4.0,10.0,8.0,128.0,0.6232420328244901
1.0,1.0,0.0,0.0,0.0,0.0,0.0,1.0,16.0,8.0,128.0,0.42665009967503226
1.0,1.0,0.0,0.0,0.0,0.0,0.0,2.0,16.0,8.0,128.0,0.3698626396133155
1.0,1.0,0.0,0.0,0.0,0.0,0.0,3.0,16.0,8.0,128.0,0.39206422895218335
1.0,1.0,0.0,0.0,0.0,0.0,0.0,4.0,16.0,8.0,128.0,0.3692755127119803
1.0,1.0,0.0,0.0,0.0,0.0,0.0,1.0,20.0,8.0,128.0,0.3755973674868239
1.0,1.0,0.0,0.0,0.0,0.0,0.0,2.0,20.0,8.0,128.0,0.3098664627652313
1.0,1.0,0.0,0.0,0.0,0.0,0.0,3.0,20.0,8.0,128.0,0.341639586007264
1.0,1.0,0.0,0.0,0.0,0.0,0.0,4.0,20.0,8.0,128.0,0.31317075834949076
1.0,1.0,0.0,0.0,0.0,0.0,0.0,1.0,32.0,8.0,128.0,0.2881427674158224
1.0,1.0,0.0,0.0,0.0,0.0,0.0,2.0,32.0,8.0,128.0,0.23558808268931436
1.0,1.0,0.0,0.0,0.0,0.0,0.0,3.0,32.0,8.0,128.0,0.2584314153854557
1.0,1.0,0.0,0.0,0.0,0.0,0.0,4.0,32.0,8.0,128.0,0.23429094186078275
1.0,1.0,0.0,0.0,0.0,0.0,0.0,1.0,64.0,8.0,128.0,0.2158578879816489
1.0,1.0,0.0,0.0,0.0,0.0,0.0,2.0,64.0,8.0,128.0,0.15875638329828784
1.0,1.0,0.0,0.0,0.0,0.0,0.0,3.0,64.0,8.0,128.0,0.1958682651082772
1.0,1.0,0.0,0.0,0.0,0.0,0.0,4.0,64.0,8.0,128.0,0.1559436358174719
1.0,1.0,0.0,0.0,0.0,0.0,0.0,1.0,128.0,8.0,128.0,0.14201643955323745
1.0,1.0,0.0,0.0,0.0,0.0,0.0,2.0,128.0,8.0,128.0,0.11518610557360937
1.0,1.0,0.0,0.0,0.0,0.0,0.0,3.0,128.0,8.0,128.0,0.13531226958682657
1.0,1.0,0.0,0.0,0.0,0.0,0.0,4.0,128.0,8.0,128.0,0.11386165651710867
1.0,1.0,0.0,0.0,0.0,0.0,0.0,1.0,0.0,10.0,128.0,0.049878478385537606
1.0,1.0,0.0,0.0,0.0,0.0,0.0,2.0,0.0,10.0,128.0,0.04929135148420222
1.0,1.0,0.0,0.0,0.0,0.0,0.0,3.0,0.0,10.0,128.0,0.05412490783473067
1.0,1.0,0.0,0.0,0.0,0.0,0.0,4.0,0.0,10.0,128.0,0.053401239793549826
1.0,1.0,0.0,0.0,0.0,0.0,0.0,1.0,8.0,10.0,128.0,0.6889183210901446
1.0,1.0,0.0,0.0,0.0,0.0,0.0,2.0,8.0,10.0,128.0,0.6604494934323712
1.0,1.0,0.0,0.0,0.0,0.0,0.0,3.0,8.0,10.0,128.0,0.6487069554056639
1.0,1.0,0.0,0.0,0.0,0.0,0.0,4.0,8.0,10.0,128.0,0.6424943335426967
1.0,1.0,0.0,0.0,0.0,0.0,0.0,1.0,10.0,10.0,128.0,0.5650755072503346
1.0,1.0,0.0,0.0,0.0,0.0,0.0,2.0,10.0,10.0,128.0,0.5661814904830826
1.0,1.0,0.0,0.0,0.0,0.0,0.0,3.0,10.0,10.0,128.0,0.5602419508998062
1.0,1.0,0.0,0.0,0.0,0.0,0.0,4.0,10.0,10.0,128.0,0.5552308910674788
1.0,1.0,0.0,0.0,0.0,0.0,0.0,1.0,16.0,10.0,128.0,0.39146344793686355
1.0,1.0,0.0,0.0,0.0,0.0,0.0,2.0,16.0,10.0,128.0,0.3269750675878644
1.0,1.0,0.0,0.0,0.0,0.0,0.0,3.0,16.0,10.0,128.0,0.3567683443021383
1.0,1.0,0.0,0.0,0.0,0.0,0.0,4.0,16.0,10.0,128.0,0.32675660176411164
1.0,1.0,0.0,0.0,0.0,0.0,0.0,1.0,20.0,10.0,128.0,0.34991397908189753
1.0,1.0,0.0,0.0,0.0,0.0,0.0,2.0,20.0,10.0,128.0,0.28003222370900355
1.0,1.0,0.0,0.0,0.0,0.0,0.0,3.0,20.0,10.0,128.0,0.3166525574155494
1.0,1.0,0.0,0.0,0.0,0.0,0.0,4.0,20.0,10.0,128.0,0.28063300472432345
1.0,1.0,0.0,0.0,0.0,0.0,0.0,1.0,32.0,10.0,128.0,0.2799093366831427
1.0,1.0,0.0,0.0,0.0,0.0,0.0,2.0,32.0,10.0,128.0,0.21867063546246496
1.0,1.0,0.0,0.0,0.0,0.0,0.0,3.0,32.0,10.0,128.0,0.2483546792648626
1.0,1.0,0.0,0.0,0.0,0.0,0.0,4.0,32.0,10.0,128.0,0.21735984051994878
1.0,1.0,0.0,0.0,0.0,0.0,0.0,1.0,64.0,10.0,128.0,0.22645348043365482
1.0,1.0,0.0,0.0,0.0,0.0,0.0,2.0,64.0,10.0,128.0,0.16294819629154272
1.0,1.0,0.0,0.0,0.0,0.0,0.0,3.0,64.0,10.0,128.0,0.20208088697124454
1.0,1.0,0.0,0.0,0.0,0.0,0.0,4.0,64.0,10.0,128.0,0.15893388678008685
1.0,1.0,0.0,0.0,0.0,0.0,0.0,1.0,128.0,10.0,128.0,0.15408667631557393
1.0,1.0,0.0,0.0,0.0,0.0,0.0,2.0,128.0,10.0,128.0,0.12105737458696308
1.0,1.0,0.0,0.0,0.0,0.0,0.0,3.0,128.0,10.0,128.0,0.1439689778530272
1.0,1.0,0.0,0.0,0.0,0.0,0.0,4.0,128.0,10.0,128.0,0.12108468281493223
1.0,1.0,0.0,0.0,0.0,0.0,0.0,1.0,0.0,16.0,128.0,0.015592998170348815
1.0,1.0,0.0,0.0,0.0,0.0,0.0,2.0,0.0,16.0,128.0,0.015592998170348815
1.0,1.0,0.0,0.0,0.0,0.0,0.0,3.0,0.0,16.0,128.0,0.019061143122422797
1.0,1.0,0.0,0.0,0.0,0.0,0.0,4.0,0.0,16.0,128.0,0.018296512739288395
1.0,1.0,0.0,0.0,0.0,0.0,0.0,1.0,8.0,16.0,128.0,0.4204511319260494
1.0,1.0,0.0,0.0,0.0,0.0,0.0,2.0,8.0,16.0,128.0,0.42864360031677545
1.0,1.0,0.0,0.0,0.0,0.0,0.0,3.0,8.0,16.0,128.0,0.41642316830060905
1.0,1.0,0.0,0.0,0.0,0.0,0.0,4.0,8.0,16.0,128.0,0.41605450722302634
1.0,1.0,0.0,0.0,0.0,0.0,0.0,1.0,10.0,16.0,128.0,0.3660941041535816
1.0,1.0,0.0,0.0,0.0,0.0,0.0,2.0,10.0,16.0,128.0,0.36579371364592167
1.0,1.0,0.0,0.0,0.0,0.0,0.0,3.0,10.0,16.0,128.0,0.31893279445096806
1.0,1.0,0.0,0.0,0.0,0.0,0.0,4.0,10.0,16.0,128.0,0.36198421584423396
1.0,1.0,0.0,0.0,0.0,0.0,0.0,1.0,16.0,16.0,128.0,0.2455146235560775
1.0,1.0,0.0,0.0,0.0,0.0,0.0,2.0,16.0,16.0,128.0,0.1983806220814332
1.0,1.0,0.0,0.0,0.0,0.0,0.0,3.0,16.0,16.0,128.0,0.22298533548158067
1.0,1.0,0.0,0.0,0.0,0.0,0.0,4.0,16.0,16.0,128.0,0.20213550342718273
1.0,1.0,0.0,0.0,0.0,0.0,0.0,1.0,20.0,16.0,128.0,0.22444632567792683
1.0,1.0,0.0,0.0,0.0,0.0,0.0,2.0,20.0,16.0,128.0,0.1678909855539475
1.0,1.0,0.0,0.0,0.0,0.0,0.0,3.0,20.0,16.0,128.0,0.19835331385346416
1.0,1.0,0.0,0.0,0.0,0.0,0.0,4.0,20.0,16.0,128.0,0.16911985581255634
1.0,1.0,0.0,0.0,0.0,0.0,0.0,1.0,32.0,16.0,128.0,0.18174991124825918
1.0,1.0,0.0,0.0,0.0,0.0,0.0,2.0,32.0,16.0,128.0,0.13045140500832908
1.0,1.0,0.0,0.0,0.0,0.0,0.0,3.0,32.0,16.0,128.0,0.1563122968950546
1.0,1.0,0.0,0.0,0.0,0.0,0.0,4.0,32.0,16.0,128.0,0.13301837843742326
1.0,1.0,0.0,0.0,0.0,0.0,0.0,1.0,64.0,16.0,128.0,0.15571151587973459
1.0,1.0,0.0,0.0,0.0,0.0,0.0,2.0,64.0,16.0,128.0,0.10824981566946129
1.0,1.0,0.0,0.0,0.0,0.0,0.0,3.0,64.0,16.0,128.0,0.13787924301592075
1.0,1.0,0.0,0.0,0.0,0.0,0.0,4.0,64.0,16.0,128.0,0.10796307927578586
1.0,1.0,0.0,0.0,0.0,0.0,0.0,1.0,128.0,16.0,128.0,0.09802288429503814
1.0,1.0,0.0,0.0,0.0,0.0,0.0,2.0,128.0,16.0,128.0,0.07322701329910708
1.0,1.0,0.0,0.0,0.0,0.0,0.0,3.0,128.0,16.0,128.0,0.08989868647423471
1.0,1.0,0.0,0.0,0.0,0.0,0.0,4.0,128.0,16.0,128.0,0.07427838007591692
1.0,1.0,0.0,0.0,0.0,0.0,0.0,1.0,0.0,20.0,128.0,0.010022119664654994
1.0,1.0,0.0,0.0,0.0,0.0,0.0,2.0,0.0,20.0,128.0,0.010622900679974956
1.0,1.0,0.0,0.0,0.0,0.0,0.0,3.0,0.0,20.0,128.0,0.01252082252382647
1.0,1.0,0.0,0.0,0.0,0.0,0.0,4.0,0.0,20.0,128.0,0.012288702586089217
1.0,1.0,0.0,0.0,0.0,0.0,0.0,1.0,8.0,20.0,128.0,0.36161555476665125
1.0,1.0,0.0,0.0,0.0,0.0,0.0,2.0,8.0,20.0,128.0,0.36235287692181656
1.0,1.0,0.0,0.0,0.0,0.0,0.0,3.0,8.0,20.0,128.0,0.35510254239602407
1.0,1.0,0.0,0.0,0.0,0.0,0.0,4.0,8.0,20.0,128.0,0.3525765313088835
1.0,1.0,0.0,0.0,0.0,0.0,0.0,1.0,10.0,20.0,128.0,0.3143723203801306
1.0,1.0,0.0,0.0,0.0,0.0,0.0,2.0,10.0,20.0,128.0,0.31326633714738256
1.0,1.0,0.0,0.0,0.0,0.0,0.0,3.0,10.0,20.0,128.0,0.3097026133974167
1.0,1.0,0.0,0.0,0.0,0.0,0.0,4.0,10.0,20.0,128.0,0.3071083317403535
1.0,1.0,0.0,0.0,0.0,0.0,0.0,1.0,16.0,20.0,128.0,0.21487479177476182
1.0,1.0,0.0,0.0,0.0,0.0,0.0,2.0,16.0,20.0,128.0,0.16633441655970954
1.0,1.0,0.0,0.0,0.0,0.0,0.0,3.0,16.0,20.0,128.0,0.1879215707692729
1.0,1.0,0.0,0.0,0.0,0.0,0.0,4.0,16.0,20.0,128.0,0.16846445834129836
1.0,1.0,0.0,0.0,0.0,0.0,0.0,1.0,20.0,20.0,128.0,0.1937791856686421
1.0,1.0,0.0,0.0,0.0,0.0,0.0,2.0,20.0,20.0,128.0,0.14316338512793908
1.0,1.0,0.0,0.0,0.0,0.0,0.0,3.0,20.0,20.0,128.0,0.1688194653048964
1.0,1.0,0.0,0.0,0.0,0.0,0.0,4.0,20.0,20.0,128.0,0.14324530981184636
1.0,1.0,0.0,0.0,0.0,0.0,0.0,1.0,32.0,20.0,128.0,0.16229279882028463
1.0,1.0,0.0,0.0,0.0,0.0,0.0,2.0,32.0,20.0,128.0,0.11429858816461402
1.0,1.0,0.0,0.0,0.0,0.0,0.0,3.0,32.0,20.0,128.0,0.1388350309948388
1.0,1.0,0.0,0.0,0.0,0.0,0.0,4.0,32.0,20.0,128.0,0.11515879734564027
1.0,1.0,0.0,0.0,0.0,0.0,0.0,1.0,64.0,20.0,128.0,0.1439689778530272
1.0,1.0,0.0,0.0,0.0,0.0,0.0,2.0,64.0,20.0,128.0,0.09592015074141841
1.0,1.0,0.0,0.0,0.0,0.0,0.0,3.0,64.0,20.0,128.0,0.12519457112427979
1.0,1.0,0.0,0.0,0.0,0.0,0.0,4.0,64.0,20.0,128.0,0.09459570168491771
1.0,1.0,0.0,0.0,0.0,0.0,0.0,1.0,128.0,20.0,128.0,0.08613015101450072
1.0,1.0,0.0,0.0,0.0,0.0,0.0,2.0,128.0,20.0,128.0,0.06470684617275191
1.0,1.0,0.0,0.0,0.0,0.0,0.0,3.0,128.0,20.0,128.0,0.07808787787760457
1.0,1.0,0.0,0.0,0.0,0.0,0.0,4.0,128.0,20.0,128.0,0.06421529806930837
1.0,1.0,0.0,0.0,0.0,0.0,0.0,1.0,0.0,32.0,128.0,0.001856959501897959
1.0,1.0,0.0,0.0,0.0,0.0,0.0,2.0,0.0,32.0,128.0,0.002089079439635211
1.0,1.0,0.0,0.0,0.0,0.0,0.0,3.0,0.0,32.0,128.0,0.0046833610966984796
1.0,1.0,0.0,0.0,0.0,0.0,0.0,4.0,0.0,32.0,128.0,0.003741227231764954
1.0,1.0,0.0,0.0,0.0,0.0,0.0,1.0,8.0,32.0,128.0,0.2638930609792732
1.0,1.0,0.0,0.0,0.0,0.0,0.0,2.0,8.0,32.0,128.0,0.2659548321909391
1.0,1.0,0.0,0.0,0.0,0.0,0.0,3.0,8.0,32.0,128.0,0.2627734236325406
1.0,1.0,0.0,0.0,0.0,0.0,0.0,4.0,8.0,32.0,128.0,0.261326087550179
1.0,1.0,0.0,0.0,0.0,0.0,0.0,1.0,10.0,32.0,128.0,0.23639367541440243
1.0,1.0,0.0,0.0,0.0,0.0,0.0,2.0,10.0,32.0,128.0,0.23414074660695267
1.0,1.0,0.0,0.0,0.0,0.0,0.0,3.0,10.0,32.0,128.0,0.19483055244545183
1.0,1.0,0.0,0.0,0.0,0.0,0.0,4.0,10.0,32.0,128.0,0.2301810535514351
1.0,1.0,0.0,0.0,0.0,0.0,0.0,1.0,16.0,32.0,128.0,0.16513285452906962
1.0,1.0,0.0,0.0,0.0,0.0,0.0,2.0,16.0,32.0,128.0,0.12520822523826436
1.0,1.0,0.0,0.0,0.0,0.0,0.0,3.0,16.0,32.0,128.0,0.14753270160299303
1.0,1.0,0.0,0.0,0.0,0.0,0.0,4.0,16.0,32.0,128.0,0.13263606324585603
1.0,1.0,0.0,0.0,0.0,0.0,0.0,1.0,20.0,32.0,128.0,0.15743193424178709
1.0,1.0,0.0,0.0,0.0,0.0,0.0,2.0,20.0,32.0,128.0,0.11159507359567444
1.0,1.0,0.0,0.0,0.0,0.0,0.0,3.0,20.0,32.0,128.0,0.13938119555422057
1.0,1.0,0.0,0.0,0.0,0.0,0.0,4.0,20.0,32.0,128.0,0.11297413910811333
1.0,1.0,0.0,0.0,0.0,0.0,0.0,1.0,32.0,32.0,128.0,0.14022775062126225
1.0,1.0,0.0,0.0,0.0,0.0,0.0,2.0,32.0,32.0,128.0,0.09570168491766573
1.0,1.0,0.0,0.0,0.0,0.0,0.0,3.0,32.0,32.0,128.0,0.12352876921816552
1.0,1.0,0.0,0.0,0.0,0.0,0.0,4.0,32.0,32.0,128.0,0.09593380485540298
1.0,1.0,0.0,0.0,0.0,0.0,0.0,1.0,64.0,32.0,128.0,0.12426609137333083
1.0,1.0,0.0,0.0,0.0,0.0,0.0,2.0,64.0,32.0,128.0,0.07543897976460312
1.0,1.0,0.0,0.0,0.0,0.0,0.0,3.0,64.0,32.0,128.0,0.10558726344247527
1.0,1.0,0.0,0.0,0.0,0.0,0.0,4.0,64.0,32.0,128.0,0.07378683197247338
1.0,1.0,0.0,0.0,0.0,0.0,0.0,1.0,128.0,32.0,128.0,0.0747972364073296
1.0,1.0,0.0,0.0,0.0,0.0,0.0,2.0,128.0,32.0,128.0,0.0558316720827986
1.0,1.0,0.0,0.0,0.0,0.0,0.0,3.0,128.0,32.0,128.0,0.07012752942461564
1.0,1.0,0.0,0.0,0.0,0.0,0.0,4.0,128.0,32.0,128.0,0.057442857532974734
1.0,1.0,0.0,0.0,0.0,0.0,0.0,1.0,0.0,64.0,128.0,0.015743193424178736
1.0,1.0,0.0,0.0,0.0,0.0,0.0,2.0,0.0,64.0,128.0,0.016262049755591368
1.0,1.0,0.0,0.0,0.0,0.0,0.0,3.0,0.0,64.0,128.0,0.010049427892624085
1.0,1.0,0.0,0.0,0.0,0.0,0.0,4.0,0.0,64.0,128.0,0.008533821240339745
1.0,1.0,0.0,0.0,0.0,0.0,0.0,1.0,8.0,64.0,128.0,0.20522133318768948
1.0,1.0,0.0,0.0,0.0,0.0,0.0,2.0,8.0,64.0,128.0,0.20285917146836346
1.0,1.0,0.0,0.0,0.0,0.0,0.0,3.0,8.0,64.0,128.0,0.20283186324039443
1.0,1.0,0.0,0.0,0.0,0.0,0.0,4.0,8.0,64.0,128.0,0.22261667440399796
1.0,1.0,0.0,0.0,0.0,0.0,0.0,1.0,10.0,64.0,128.0,0.1879625331112264
1.0,1.0,0.0,0.0,0.0,0.0,0.0,2.0,10.0,64.0,128.0,0.18603730303940585
1.0,1.0,0.0,0.0,0.0,0.0,0.0,3.0,10.0,64.0,128.0,0.1790463966793196
1.0,1.0,0.0,0.0,0.0,0.0,0.0,4.0,10.0,64.0,128.0,0.19831235151151044
1.0,1.0,0.0,0.0,0.0,0.0,0.0,1.0,16.0,64.0,128.0,0.1560255605013791
1.0,1.0,0.0,0.0,0.0,0.0,0.0,2.0,16.0,64.0,128.0,0.13853464048717884
1.0,1.0,0.0,0.0,0.0,0.0,0.0,3.0,16.0,64.0,128.0,0.1579371364592152
1.0,1.0,0.0,0.0,0.0,0.0,0.0,4.0,16.0,64.0,128.0,0.14116988448619577
1.0,1.0,0.0,0.0,0.0,0.0,0.0,1.0,20.0,64.0,128.0,0.1466588383079822
1.0,1.0,0.0,0.0,0.0,0.0,0.0,2.0,20.0,64.0,128.0,0.11869521286763707
1.0,1.0,0.0,0.0,0.0,0.0,0.0,3.0,20.0,64.0,128.0,0.14133373385401027
1.0,1.0,0.0,0.0,0.0,0.0,0.0,4.0,20.0,64.0,128.0,0.11753461317895086
1.0,1.0,0.0,0.0,0.0,0.0,0.0,1.0,32.0,64.0,128.0,0.12475763947677443
1.0,1.0,0.0,0.0,0.0,0.0,0.0,2.0,32.0,64.0,128.0,0.08735902127310963
1.0,1.0,0.0,0.0,0.0,0.0,0.0,3.0,32.0,64.0,128.0,0.113820694175155
1.0,1.0,0.0,0.0,0.0,0.0,0.0,4.0,32.0,64.0,128.0,0.08555667822714985
1.0,1.0,0.0,0.0,0.0,0.0,0.0,1.0,64.0,64.0,128.0,0.11309702613397421
1.0,1.0,0.0,0.0,0.0,0.0,0.0,2.0,64.0,64.0,128.0,0.05969578634042444
1.0,1.0,0.0,0.0,0.0,0.0,0.0,3.0,64.0,64.0,128.0,0.09198776591386992
1.0,1.0,0.0,0.0,0.0,0.0,0.0,4.0,64.0,64.0,128.0,0.05490319233184959
1.0,1.0,0.0,0.0,0.0,0.0,0.0,1.0,128.0,64.0,128.0,0.06590840820339178
1.0,1.0,0.0,0.0,0.0,0.0,0.0,2.0,128.0,64.0,128.0,0.04598705589994273
1.0,1.0,0.0,0.0,0.0,0.0,0.0,3.0,128.0,64.0,128.0,0.061784865780059595
1.0,1.0,0.0,0.0,0.0,0.0,0.0,4.0,128.0,64.0,128.0,0.04531800431470007
1.0,1.0,0.0,0.0,0.0,0.0,0.0,1.0,0.0,128.0,128.0,0.14492476583194525
1.0,1.0,0.0,0.0,0.0,0.0,0.0,2.0,0.0,128.0,128.0,0.1447882246920998
1.0,1.0,0.0,0.0,0.0,0.0,0.0,3.0,0.0,128.0,128.0,0.13345531008492867
1.0,1.0,0.0,0.0,0.0,0.0,0.0,4.0,0.0,128.0,128.0,0.1297686993091019
1.0,1.0,0.0,0.0,0.0,0.0,0.0,1.0,8.0,128.0,128.0,0.2106966328954915
1.0,1.0,0.0,0.0,0.0,0.0,0.0,2.0,8.0,128.0,128.0,0.21305879461481753
1.0,1.0,0.0,0.0,0.0,0.0,0.0,3.0,8.0,128.0,128.0,0.2170184876703351
1.0,1.0,0.0,0.0,0.0,0.0,0.0,4.0,8.0,128.0,128.0,0.21626751140118522
1.0,1.0,0.0,0.0,0.0,0.0,0.0,1.0,10.0,128.0,128.0,0.19110297932767145
1.0,1.0,0.0,0.0,0.0,0.0,0.0,2.0,10.0,128.0,128.0,0.19399765149239473
1.0,1.0,0.0,0.0,0.0,0.0,0.0,3.0,10.0,128.0,128.0,0.20366476419345153
1.0,1.0,0.0,0.0,0.0,0.0,0.0,4.0,10.0,128.0,128.0,0.19218165433245044
1.0,1.0,0.0,0.0,0.0,0.0,0.0,1.0,16.0,128.0,128.0,0.1498948633223191
1.0,1.0,0.0,0.0,0.0,0.0,0.0,2.0,16.0,128.0,128.0,0.13879406865288518
1.0,1.0,0.0,0.0,0.0,0.0,0.0,3.0,16.0,128.0,128.0,0.15642152980693086
1.0,1.0,0.0,0.0,0.0,0.0,0.0,4.0,16.0,128.0,128.0,0.142180288921052
1.0,1.0,0.0,0.0,0.0,0.0,0.0,1.0,20.0,128.0,128.0,0.13663671864332733
1.0,1.0,0.0,0.0,0.0,0.0,0.0,2.0,20.0,128.0,128.0,0.11488571506594941
1.0,1.0,0.0,0.0,0.0,0.0,0.0,3.0,20.0,128.0,128.0,0.13634998224965184
1.0,1.0,0.0,0.0,0.0,0.0,0.0,4.0,20.0,128.0,128.0,0.1148720609519649
1.0,1.0,0.0,0.0,0.0,0.0,0.0,1.0,32.0,128.0,128.0,0.11713864387339912
1.0,1.0,0.0,0.0,0.0,0.0,0.0,2.0,32.0,128.0,128.0,0.08249815669461213
1.0,1.0,0.0,0.0,0.0,0.0,0.0,3.0,32.0,128.0,128.0,0.10822250744149214
1.0,1.0,0.0,0.0,0.0,0.0,0.0,4.0,32.0,128.0,128.0,0.08184275922335404
1.0,1.0,0.0,0.0,0.0,0.0,0.0,1.0,64.0,128.0,128.0,0.11604631475463562
1.0,1.0,0.0,0.0,0.0,0.0,0.0,2.0,64.0,128.0,128.0,0.06085638602911064
1.0,1.0,0.0,0.0,0.0,0.0,0.0,3.0,64.0,128.0,128.0,0.0945547393429641
1.0,1.0,0.0,0.0,0.0,0.0,0.0,4.0,64.0,128.0,128.0,0.05371528441519435
1.0,1.0,0.0,0.0,0.0,0.0,0.0,1.0,128.0,128.0,128.0,0.09100466970698273
1.0,1.0,0.0,0.0,0.0,0.0,0.0,2.0,128.0,128.0,128.0,0.05367432207324069
1.0,1.0,0.0,0.0,0.0,0.0,0.0,3.0,128.0,128.0,128.0,0.07799229907971278
1.0,1.0,0.0,0.0,0.0,0.0,0.0,4.0,128.0,128.0,128.0,0.05146235560774465
